........................................................................ [  1%]
........................................................................ [  2%]
........................................................................ [  3%]
........................................................................ [  4%]
........................................................................ [  6%]
........................................................................ [  7%]
........................................................................ [  8%]
........................................................................ [  9%]
........................................................................ [ 11%]
........................................................................ [ 12%]
........................................................................ [ 13%]
........................................................................ [ 14%]
........................................................................ [ 15%]
........................................................................ [ 17%]
........................................................................ [ 18%]
........................................................................ [ 19%]
........................................................................ [ 20%]
........................................................................ [ 22%]
................................................F....................... [ 23%]
............................................F........................... [ 24%]
........................................................................ [ 25%]
........................................................................ [ 26%]
........................................................................ [ 28%]
........................................................................ [ 29%]
........................................................................ [ 30%]
........................................................................ [ 31%]
........................................................................ [ 33%]
........................................................................ [ 34%]
........................................................................ [ 35%]
........................................................................ [ 36%]
........................................................................ [ 37%]
........................................................................ [ 39%]
........................................................................ [ 40%]
....................F.....................F............................. [ 41%]
........................................................................ [ 42%]
........................................................................ [ 44%]
........................................................................ [ 45%]
...................................FF................................... [ 46%]
........................................................................ [ 47%]
........................................................................ [ 48%]
........................................................................ [ 50%]
........................................................................ [ 51%]
......................................................................F. [ 52%]
FF............F......................................................... [ 53%]
.................................F..............................F....... [ 55%]
..............................EEEEEEEEEEEEEEEEEEEEEEEEEEEEEEEEEEEEEEEEEE [ 56%]
EEEEEEEEEEEEE............F.............................................. [ 57%]
......................FFFFFFFF....EEEEEEEEEEEEEEEEEEEEE.........EEEEEEEE [ 58%]
EEEEEEEEEEEEEEEEEEEEEEEEEE.................................F............ [ 59%]
........................................................................ [ 61%]
........................................................................ [ 62%]
........................................................................ [ 63%]
........................................................................ [ 64%]
........................................................................ [ 66%]
........................................................................ [ 67%]
........................................................................ [ 68%]
........................................................................ [ 69%]
........................................................................ [ 70%]
.....................................................................EEE [ 72%]
EEEEEEE................................................................. [ 73%]
........................................................................ [ 74%]
........................................................................ [ 75%]
........................................................................ [ 77%]
........................................................................ [ 78%]
........................................................................ [ 79%]
........................................................................ [ 80%]
........................................................................ [ 81%]
........................................................................ [ 83%]
........................................................................ [ 84%]
........................................................................ [ 85%]
........................................................................ [ 86%]
........................................................................ [ 88%]
........................................................................ [ 89%]
.............................F.......................................... [ 90%]
........................................................................ [ 91%]
........................................................................ [ 92%]
........................................................................ [ 94%]
........................................................................ [ 95%]
........................................................................ [ 96%]
........................................................................ [ 97%]
........................................................................ [ 99%]
..........................................................               [100%]
==================================== ERRORS ====================================
_ ERROR at setup of test_full_frozen_payload_source_bundle_image_and_native_host_receipts_are_verified _

tmp_path = PosixPath('/workspace/scratch/porota-governed311-9a9b/pytest-private/test_full_frozen_payload_sourc0')

    @pytest.fixture
    def candidate(tmp_path):
        repo = tmp_path / "candidate"
        repo.mkdir()
        for rel, content in {
            "Dockerfile": b"FROM scratch\nCOPY . /app\n",
            ".dockerignore": b"docs/\n*.pdf\n__pycache__/\n*.py[cod]\n",
            "app.py": b"import worker\nVALUE = 7\n",
            "worker.py": b"VALUE = 10\n",
            "ops/policy/paper.json": b'{"mode":"PAPER","real_orders_sent":0}\n',
            "assets/new.runtime.asset": b"automatic enumeration: unknown suffix\n",
            "scripts/run": b"#!/bin/sh\nexit 0\n",
            "tests/test_fixture.py": b"def test_case(): pass\n",
            ".github/workflows/build.yml": b"name: test\n",
            "docs/audit.md": b"Documentation excluded by versioned Docker policy\n",
            "README.md": b"Source includes documentation bytes\n",
        }.items():
            write(repo, rel, content)
        (repo / "scripts/run").chmod(0o755)
        git(repo, "init", "-q")
        git(repo, "config", "user.email", "fixture@example.invalid")
        git(repo, "config", "user.name", "Offline Provenance Test")
        git(repo, "add", ".")
        git(repo, "commit", "-qm", "offline fixture source")
>       manifest = create_source_manifest(repo)
                   ^^^^^^^^^^^^^^^^^^^^^^^^^^^^

tests/test_issue465_provenance.py:64: 
_ _ _ _ _ _ _ _ _ _ _ _ _ _ _ _ _ _ _ _ _ _ _ _ _ _ _ _ _ _ _ _ _ _ _ _ _ _ _ _ 

repo_root = PosixPath('/workspace/scratch/porota-governed311-9a9b/pytest-private/test_full_frozen_payload_sourc0/candidate')
candidate_sha = None, candidate_tree_sha = None

    def create_source_manifest(
        repo_root: Path,
        candidate_sha: str | None = None,
        candidate_tree_sha: str | None = None,
    ) -> dict:
        repo_root = repo_root.resolve()
        head = _git(repo_root, "rev-parse", "HEAD").decode().strip()
        tree = _git(repo_root, "rev-parse", "HEAD^{tree}").decode().strip()
        if candidate_sha is not None and candidate_sha != head:
            raise ProvenanceError("CANDIDATE_SHA_MISMATCH")
        if candidate_tree_sha is not None and candidate_tree_sha != tree:
            raise ProvenanceError("CANDIDATE_TREE_MISMATCH")
        entries = _git(repo_root, "ls-tree", "-rz", "--full-tree", head).split(b"\0")
        source: list[tuple[str, str, str]] = []
        for entry in entries:
            if not entry:
                continue
            meta, name = entry.split(b"\t", 1)
            mode, kind, oid = meta.decode().split()
            path = safe_path(name.decode("utf-8"))
            if path in {SOURCE_MANIFEST_NAME, BUNDLE_MANIFEST_NAME}:
                raise ProvenanceError("RESERVED_GENERATED_METADATA_TRACKED:" + path)
            if kind != "blob" or mode not in {"100644", "100755"}:
                raise ProvenanceError("NON_REGULAR_GIT_SOURCE:" + path)
            source.append((path, mode, oid))
        source.sort()
        if not source or len(source) > MAX_SOURCE_FILES:
            raise ProvenanceError("SOURCE_FILE_COUNT_LIMIT")
    
        object_format = _git(repo_root, "rev-parse", "--show-object-format").decode().strip()
        if object_format not in {"sha1", "sha256"}:
            raise ProvenanceError("UNSUPPORTED_GIT_OBJECT_FORMAT")
        dockerignore_oid = next((oid for path, _, oid in source if path == ".dockerignore"), None)
        dockerignore = _git(repo_root, "cat-file", "blob", dockerignore_oid).decode() if dockerignore_oid else ""
        try:
            from scripts.porota_validate_deploy_artifact import is_runtime_relevant
        except ModuleNotFoundError:
            from porota_validate_deploy_artifact import is_runtime_relevant
        rows = []
        for path, mode, oid in source:
            src = repo_root / path
            for parent in src.parents:
                if parent == repo_root:
                    break
                if parent.is_symlink():
                    raise ProvenanceError("CHECKOUT_SOURCE_PARENT_SYMLINK:" + path)
            try:
                info = src.lstat()
            except OSError as exc:
                raise ProvenanceError("CHECKOUT_SOURCE_UNREADABLE:" + path) from exc
            if not stat.S_ISREG(info.st_mode) or info.st_nlink != 1:
                raise ProvenanceError("NON_REGULAR_CHECKOUT_SOURCE:" + path)
            # Hash the SHA256 and Git blob identity from the same opened bytes.
            # No filters, symlink reads or hash/read TOCTOU gap can authorize bytes.
            raw_sha256 = hashlib.sha256()
            blob_digest = hashlib.new(object_format)
            blob_digest.update(b"blob " + str(info.st_size).encode() + b"\0")
            count = 0
            descriptor = os.open(src, os.O_RDONLY | getattr(os, "O_NOFOLLOW", 0))
            with os.fdopen(descriptor, "rb") as handle:
                opened = os.fstat(handle.fileno())
                if (opened.st_dev, opened.st_ino) != (info.st_dev, info.st_ino):
                    raise ProvenanceError("CHECKOUT_SOURCE_REPLACED:" + path)
                for block in iter(lambda: handle.read(1024 * 1024), b""):
                    raw_sha256.update(block)
                    blob_digest.update(block)
                    count += len(block)
            if count != info.st_size or blob_digest.hexdigest() != oid:
                raise ProvenanceError("CHECKOUT_BYTE_MISMATCH:" + path)
            if stat.S_IMODE(info.st_mode) != canonical_file_mode(mode):
>               raise ProvenanceError("CHECKOUT_MODE_MISMATCH:" + path)
E               scripts.porota_artifact_provenance.ProvenanceError: CHECKOUT_MODE_MISMATCH:.dockerignore

scripts/porota_artifact_provenance.py:252: ProvenanceError
_ ERROR at setup of test_self_asserted_green_final_fip_must_recompute_actual_original_git_closure _

tmp_path = PosixPath('/workspace/scratch/porota-governed311-9a9b/pytest-private/test_self_asserted_green_final0')

    @pytest.fixture
    def candidate(tmp_path):
        repo = tmp_path / "candidate"
        repo.mkdir()
        for rel, content in {
            "Dockerfile": b"FROM scratch\nCOPY . /app\n",
            ".dockerignore": b"docs/\n*.pdf\n__pycache__/\n*.py[cod]\n",
            "app.py": b"import worker\nVALUE = 7\n",
            "worker.py": b"VALUE = 10\n",
            "ops/policy/paper.json": b'{"mode":"PAPER","real_orders_sent":0}\n',
            "assets/new.runtime.asset": b"automatic enumeration: unknown suffix\n",
            "scripts/run": b"#!/bin/sh\nexit 0\n",
            "tests/test_fixture.py": b"def test_case(): pass\n",
            ".github/workflows/build.yml": b"name: test\n",
            "docs/audit.md": b"Documentation excluded by versioned Docker policy\n",
            "README.md": b"Source includes documentation bytes\n",
        }.items():
            write(repo, rel, content)
        (repo / "scripts/run").chmod(0o755)
        git(repo, "init", "-q")
        git(repo, "config", "user.email", "fixture@example.invalid")
        git(repo, "config", "user.name", "Offline Provenance Test")
        git(repo, "add", ".")
        git(repo, "commit", "-qm", "offline fixture source")
>       manifest = create_source_manifest(repo)
                   ^^^^^^^^^^^^^^^^^^^^^^^^^^^^

tests/test_issue465_provenance.py:64: 
_ _ _ _ _ _ _ _ _ _ _ _ _ _ _ _ _ _ _ _ _ _ _ _ _ _ _ _ _ _ _ _ _ _ _ _ _ _ _ _ 

repo_root = PosixPath('/workspace/scratch/porota-governed311-9a9b/pytest-private/test_self_asserted_green_final0/candidate')
candidate_sha = None, candidate_tree_sha = None

    def create_source_manifest(
        repo_root: Path,
        candidate_sha: str | None = None,
        candidate_tree_sha: str | None = None,
    ) -> dict:
        repo_root = repo_root.resolve()
        head = _git(repo_root, "rev-parse", "HEAD").decode().strip()
        tree = _git(repo_root, "rev-parse", "HEAD^{tree}").decode().strip()
        if candidate_sha is not None and candidate_sha != head:
            raise ProvenanceError("CANDIDATE_SHA_MISMATCH")
        if candidate_tree_sha is not None and candidate_tree_sha != tree:
            raise ProvenanceError("CANDIDATE_TREE_MISMATCH")
        entries = _git(repo_root, "ls-tree", "-rz", "--full-tree", head).split(b"\0")
        source: list[tuple[str, str, str]] = []
        for entry in entries:
            if not entry:
                continue
            meta, name = entry.split(b"\t", 1)
            mode, kind, oid = meta.decode().split()
            path = safe_path(name.decode("utf-8"))
            if path in {SOURCE_MANIFEST_NAME, BUNDLE_MANIFEST_NAME}:
                raise ProvenanceError("RESERVED_GENERATED_METADATA_TRACKED:" + path)
            if kind != "blob" or mode not in {"100644", "100755"}:
                raise ProvenanceError("NON_REGULAR_GIT_SOURCE:" + path)
            source.append((path, mode, oid))
        source.sort()
        if not source or len(source) > MAX_SOURCE_FILES:
            raise ProvenanceError("SOURCE_FILE_COUNT_LIMIT")
    
        object_format = _git(repo_root, "rev-parse", "--show-object-format").decode().strip()
        if object_format not in {"sha1", "sha256"}:
            raise ProvenanceError("UNSUPPORTED_GIT_OBJECT_FORMAT")
        dockerignore_oid = next((oid for path, _, oid in source if path == ".dockerignore"), None)
        dockerignore = _git(repo_root, "cat-file", "blob", dockerignore_oid).decode() if dockerignore_oid else ""
        try:
            from scripts.porota_validate_deploy_artifact import is_runtime_relevant
        except ModuleNotFoundError:
            from porota_validate_deploy_artifact import is_runtime_relevant
        rows = []
        for path, mode, oid in source:
            src = repo_root / path
            for parent in src.parents:
                if parent == repo_root:
                    break
                if parent.is_symlink():
                    raise ProvenanceError("CHECKOUT_SOURCE_PARENT_SYMLINK:" + path)
            try:
                info = src.lstat()
            except OSError as exc:
                raise ProvenanceError("CHECKOUT_SOURCE_UNREADABLE:" + path) from exc
            if not stat.S_ISREG(info.st_mode) or info.st_nlink != 1:
                raise ProvenanceError("NON_REGULAR_CHECKOUT_SOURCE:" + path)
            # Hash the SHA256 and Git blob identity from the same opened bytes.
            # No filters, symlink reads or hash/read TOCTOU gap can authorize bytes.
            raw_sha256 = hashlib.sha256()
            blob_digest = hashlib.new(object_format)
            blob_digest.update(b"blob " + str(info.st_size).encode() + b"\0")
            count = 0
            descriptor = os.open(src, os.O_RDONLY | getattr(os, "O_NOFOLLOW", 0))
            with os.fdopen(descriptor, "rb") as handle:
                opened = os.fstat(handle.fileno())
                if (opened.st_dev, opened.st_ino) != (info.st_dev, info.st_ino):
                    raise ProvenanceError("CHECKOUT_SOURCE_REPLACED:" + path)
                for block in iter(lambda: handle.read(1024 * 1024), b""):
                    raw_sha256.update(block)
                    blob_digest.update(block)
                    count += len(block)
            if count != info.st_size or blob_digest.hexdigest() != oid:
                raise ProvenanceError("CHECKOUT_BYTE_MISMATCH:" + path)
            if stat.S_IMODE(info.st_mode) != canonical_file_mode(mode):
>               raise ProvenanceError("CHECKOUT_MODE_MISMATCH:" + path)
E               scripts.porota_artifact_provenance.ProvenanceError: CHECKOUT_MODE_MISMATCH:.dockerignore

scripts/porota_artifact_provenance.py:252: ProvenanceError
_ ERROR at setup of test_governed_exclusion_control_uses_exact_original_git_blob_and_ignores_evolved_candidate_policy _

tmp_path = PosixPath('/workspace/scratch/porota-governed311-9a9b/pytest-private/test_governed_exclusion_contro0')

    @pytest.fixture
    def candidate(tmp_path):
        repo = tmp_path / "candidate"
        repo.mkdir()
        for rel, content in {
            "Dockerfile": b"FROM scratch\nCOPY . /app\n",
            ".dockerignore": b"docs/\n*.pdf\n__pycache__/\n*.py[cod]\n",
            "app.py": b"import worker\nVALUE = 7\n",
            "worker.py": b"VALUE = 10\n",
            "ops/policy/paper.json": b'{"mode":"PAPER","real_orders_sent":0}\n',
            "assets/new.runtime.asset": b"automatic enumeration: unknown suffix\n",
            "scripts/run": b"#!/bin/sh\nexit 0\n",
            "tests/test_fixture.py": b"def test_case(): pass\n",
            ".github/workflows/build.yml": b"name: test\n",
            "docs/audit.md": b"Documentation excluded by versioned Docker policy\n",
            "README.md": b"Source includes documentation bytes\n",
        }.items():
            write(repo, rel, content)
        (repo / "scripts/run").chmod(0o755)
        git(repo, "init", "-q")
        git(repo, "config", "user.email", "fixture@example.invalid")
        git(repo, "config", "user.name", "Offline Provenance Test")
        git(repo, "add", ".")
        git(repo, "commit", "-qm", "offline fixture source")
>       manifest = create_source_manifest(repo)
                   ^^^^^^^^^^^^^^^^^^^^^^^^^^^^

tests/test_issue465_provenance.py:64: 
_ _ _ _ _ _ _ _ _ _ _ _ _ _ _ _ _ _ _ _ _ _ _ _ _ _ _ _ _ _ _ _ _ _ _ _ _ _ _ _ 

repo_root = PosixPath('/workspace/scratch/porota-governed311-9a9b/pytest-private/test_governed_exclusion_contro0/candidate')
candidate_sha = None, candidate_tree_sha = None

    def create_source_manifest(
        repo_root: Path,
        candidate_sha: str | None = None,
        candidate_tree_sha: str | None = None,
    ) -> dict:
        repo_root = repo_root.resolve()
        head = _git(repo_root, "rev-parse", "HEAD").decode().strip()
        tree = _git(repo_root, "rev-parse", "HEAD^{tree}").decode().strip()
        if candidate_sha is not None and candidate_sha != head:
            raise ProvenanceError("CANDIDATE_SHA_MISMATCH")
        if candidate_tree_sha is not None and candidate_tree_sha != tree:
            raise ProvenanceError("CANDIDATE_TREE_MISMATCH")
        entries = _git(repo_root, "ls-tree", "-rz", "--full-tree", head).split(b"\0")
        source: list[tuple[str, str, str]] = []
        for entry in entries:
            if not entry:
                continue
            meta, name = entry.split(b"\t", 1)
            mode, kind, oid = meta.decode().split()
            path = safe_path(name.decode("utf-8"))
            if path in {SOURCE_MANIFEST_NAME, BUNDLE_MANIFEST_NAME}:
                raise ProvenanceError("RESERVED_GENERATED_METADATA_TRACKED:" + path)
            if kind != "blob" or mode not in {"100644", "100755"}:
                raise ProvenanceError("NON_REGULAR_GIT_SOURCE:" + path)
            source.append((path, mode, oid))
        source.sort()
        if not source or len(source) > MAX_SOURCE_FILES:
            raise ProvenanceError("SOURCE_FILE_COUNT_LIMIT")
    
        object_format = _git(repo_root, "rev-parse", "--show-object-format").decode().strip()
        if object_format not in {"sha1", "sha256"}:
            raise ProvenanceError("UNSUPPORTED_GIT_OBJECT_FORMAT")
        dockerignore_oid = next((oid for path, _, oid in source if path == ".dockerignore"), None)
        dockerignore = _git(repo_root, "cat-file", "blob", dockerignore_oid).decode() if dockerignore_oid else ""
        try:
            from scripts.porota_validate_deploy_artifact import is_runtime_relevant
        except ModuleNotFoundError:
            from porota_validate_deploy_artifact import is_runtime_relevant
        rows = []
        for path, mode, oid in source:
            src = repo_root / path
            for parent in src.parents:
                if parent == repo_root:
                    break
                if parent.is_symlink():
                    raise ProvenanceError("CHECKOUT_SOURCE_PARENT_SYMLINK:" + path)
            try:
                info = src.lstat()
            except OSError as exc:
                raise ProvenanceError("CHECKOUT_SOURCE_UNREADABLE:" + path) from exc
            if not stat.S_ISREG(info.st_mode) or info.st_nlink != 1:
                raise ProvenanceError("NON_REGULAR_CHECKOUT_SOURCE:" + path)
            # Hash the SHA256 and Git blob identity from the same opened bytes.
            # No filters, symlink reads or hash/read TOCTOU gap can authorize bytes.
            raw_sha256 = hashlib.sha256()
            blob_digest = hashlib.new(object_format)
            blob_digest.update(b"blob " + str(info.st_size).encode() + b"\0")
            count = 0
            descriptor = os.open(src, os.O_RDONLY | getattr(os, "O_NOFOLLOW", 0))
            with os.fdopen(descriptor, "rb") as handle:
                opened = os.fstat(handle.fileno())
                if (opened.st_dev, opened.st_ino) != (info.st_dev, info.st_ino):
                    raise ProvenanceError("CHECKOUT_SOURCE_REPLACED:" + path)
                for block in iter(lambda: handle.read(1024 * 1024), b""):
                    raw_sha256.update(block)
                    blob_digest.update(block)
                    count += len(block)
            if count != info.st_size or blob_digest.hexdigest() != oid:
                raise ProvenanceError("CHECKOUT_BYTE_MISMATCH:" + path)
            if stat.S_IMODE(info.st_mode) != canonical_file_mode(mode):
>               raise ProvenanceError("CHECKOUT_MODE_MISMATCH:" + path)
E               scripts.porota_artifact_provenance.ProvenanceError: CHECKOUT_MODE_MISMATCH:.dockerignore

scripts/porota_artifact_provenance.py:252: ProvenanceError
_ ERROR at setup of test_governed_exclusion_drift_rejects_when_raw_fip_and_junit_stay_unchanged[empty] _

tmp_path = PosixPath('/workspace/scratch/porota-governed311-9a9b/pytest-private/test_governed_exclusion_drift_0')

    @pytest.fixture
    def candidate(tmp_path):
        repo = tmp_path / "candidate"
        repo.mkdir()
        for rel, content in {
            "Dockerfile": b"FROM scratch\nCOPY . /app\n",
            ".dockerignore": b"docs/\n*.pdf\n__pycache__/\n*.py[cod]\n",
            "app.py": b"import worker\nVALUE = 7\n",
            "worker.py": b"VALUE = 10\n",
            "ops/policy/paper.json": b'{"mode":"PAPER","real_orders_sent":0}\n',
            "assets/new.runtime.asset": b"automatic enumeration: unknown suffix\n",
            "scripts/run": b"#!/bin/sh\nexit 0\n",
            "tests/test_fixture.py": b"def test_case(): pass\n",
            ".github/workflows/build.yml": b"name: test\n",
            "docs/audit.md": b"Documentation excluded by versioned Docker policy\n",
            "README.md": b"Source includes documentation bytes\n",
        }.items():
            write(repo, rel, content)
        (repo / "scripts/run").chmod(0o755)
        git(repo, "init", "-q")
        git(repo, "config", "user.email", "fixture@example.invalid")
        git(repo, "config", "user.name", "Offline Provenance Test")
        git(repo, "add", ".")
        git(repo, "commit", "-qm", "offline fixture source")
>       manifest = create_source_manifest(repo)
                   ^^^^^^^^^^^^^^^^^^^^^^^^^^^^

tests/test_issue465_provenance.py:64: 
_ _ _ _ _ _ _ _ _ _ _ _ _ _ _ _ _ _ _ _ _ _ _ _ _ _ _ _ _ _ _ _ _ _ _ _ _ _ _ _ 

repo_root = PosixPath('/workspace/scratch/porota-governed311-9a9b/pytest-private/test_governed_exclusion_drift_0/candidate')
candidate_sha = None, candidate_tree_sha = None

    def create_source_manifest(
        repo_root: Path,
        candidate_sha: str | None = None,
        candidate_tree_sha: str | None = None,
    ) -> dict:
        repo_root = repo_root.resolve()
        head = _git(repo_root, "rev-parse", "HEAD").decode().strip()
        tree = _git(repo_root, "rev-parse", "HEAD^{tree}").decode().strip()
        if candidate_sha is not None and candidate_sha != head:
            raise ProvenanceError("CANDIDATE_SHA_MISMATCH")
        if candidate_tree_sha is not None and candidate_tree_sha != tree:
            raise ProvenanceError("CANDIDATE_TREE_MISMATCH")
        entries = _git(repo_root, "ls-tree", "-rz", "--full-tree", head).split(b"\0")
        source: list[tuple[str, str, str]] = []
        for entry in entries:
            if not entry:
                continue
            meta, name = entry.split(b"\t", 1)
            mode, kind, oid = meta.decode().split()
            path = safe_path(name.decode("utf-8"))
            if path in {SOURCE_MANIFEST_NAME, BUNDLE_MANIFEST_NAME}:
                raise ProvenanceError("RESERVED_GENERATED_METADATA_TRACKED:" + path)
            if kind != "blob" or mode not in {"100644", "100755"}:
                raise ProvenanceError("NON_REGULAR_GIT_SOURCE:" + path)
            source.append((path, mode, oid))
        source.sort()
        if not source or len(source) > MAX_SOURCE_FILES:
            raise ProvenanceError("SOURCE_FILE_COUNT_LIMIT")
    
        object_format = _git(repo_root, "rev-parse", "--show-object-format").decode().strip()
        if object_format not in {"sha1", "sha256"}:
            raise ProvenanceError("UNSUPPORTED_GIT_OBJECT_FORMAT")
        dockerignore_oid = next((oid for path, _, oid in source if path == ".dockerignore"), None)
        dockerignore = _git(repo_root, "cat-file", "blob", dockerignore_oid).decode() if dockerignore_oid else ""
        try:
            from scripts.porota_validate_deploy_artifact import is_runtime_relevant
        except ModuleNotFoundError:
            from porota_validate_deploy_artifact import is_runtime_relevant
        rows = []
        for path, mode, oid in source:
            src = repo_root / path
            for parent in src.parents:
                if parent == repo_root:
                    break
                if parent.is_symlink():
                    raise ProvenanceError("CHECKOUT_SOURCE_PARENT_SYMLINK:" + path)
            try:
                info = src.lstat()
            except OSError as exc:
                raise ProvenanceError("CHECKOUT_SOURCE_UNREADABLE:" + path) from exc
            if not stat.S_ISREG(info.st_mode) or info.st_nlink != 1:
                raise ProvenanceError("NON_REGULAR_CHECKOUT_SOURCE:" + path)
            # Hash the SHA256 and Git blob identity from the same opened bytes.
            # No filters, symlink reads or hash/read TOCTOU gap can authorize bytes.
            raw_sha256 = hashlib.sha256()
            blob_digest = hashlib.new(object_format)
            blob_digest.update(b"blob " + str(info.st_size).encode() + b"\0")
            count = 0
            descriptor = os.open(src, os.O_RDONLY | getattr(os, "O_NOFOLLOW", 0))
            with os.fdopen(descriptor, "rb") as handle:
                opened = os.fstat(handle.fileno())
                if (opened.st_dev, opened.st_ino) != (info.st_dev, info.st_ino):
                    raise ProvenanceError("CHECKOUT_SOURCE_REPLACED:" + path)
                for block in iter(lambda: handle.read(1024 * 1024), b""):
                    raw_sha256.update(block)
                    blob_digest.update(block)
                    count += len(block)
            if count != info.st_size or blob_digest.hexdigest() != oid:
                raise ProvenanceError("CHECKOUT_BYTE_MISMATCH:" + path)
            if stat.S_IMODE(info.st_mode) != canonical_file_mode(mode):
>               raise ProvenanceError("CHECKOUT_MODE_MISMATCH:" + path)
E               scripts.porota_artifact_provenance.ProvenanceError: CHECKOUT_MODE_MISMATCH:.dockerignore

scripts/porota_artifact_provenance.py:252: ProvenanceError
_ ERROR at setup of test_governed_exclusion_drift_rejects_when_raw_fip_and_junit_stay_unchanged[extra] _

tmp_path = PosixPath('/workspace/scratch/porota-governed311-9a9b/pytest-private/test_governed_exclusion_drift_1')

    @pytest.fixture
    def candidate(tmp_path):
        repo = tmp_path / "candidate"
        repo.mkdir()
        for rel, content in {
            "Dockerfile": b"FROM scratch\nCOPY . /app\n",
            ".dockerignore": b"docs/\n*.pdf\n__pycache__/\n*.py[cod]\n",
            "app.py": b"import worker\nVALUE = 7\n",
            "worker.py": b"VALUE = 10\n",
            "ops/policy/paper.json": b'{"mode":"PAPER","real_orders_sent":0}\n',
            "assets/new.runtime.asset": b"automatic enumeration: unknown suffix\n",
            "scripts/run": b"#!/bin/sh\nexit 0\n",
            "tests/test_fixture.py": b"def test_case(): pass\n",
            ".github/workflows/build.yml": b"name: test\n",
            "docs/audit.md": b"Documentation excluded by versioned Docker policy\n",
            "README.md": b"Source includes documentation bytes\n",
        }.items():
            write(repo, rel, content)
        (repo / "scripts/run").chmod(0o755)
        git(repo, "init", "-q")
        git(repo, "config", "user.email", "fixture@example.invalid")
        git(repo, "config", "user.name", "Offline Provenance Test")
        git(repo, "add", ".")
        git(repo, "commit", "-qm", "offline fixture source")
>       manifest = create_source_manifest(repo)
                   ^^^^^^^^^^^^^^^^^^^^^^^^^^^^

tests/test_issue465_provenance.py:64: 
_ _ _ _ _ _ _ _ _ _ _ _ _ _ _ _ _ _ _ _ _ _ _ _ _ _ _ _ _ _ _ _ _ _ _ _ _ _ _ _ 

repo_root = PosixPath('/workspace/scratch/porota-governed311-9a9b/pytest-private/test_governed_exclusion_drift_1/candidate')
candidate_sha = None, candidate_tree_sha = None

    def create_source_manifest(
        repo_root: Path,
        candidate_sha: str | None = None,
        candidate_tree_sha: str | None = None,
    ) -> dict:
        repo_root = repo_root.resolve()
        head = _git(repo_root, "rev-parse", "HEAD").decode().strip()
        tree = _git(repo_root, "rev-parse", "HEAD^{tree}").decode().strip()
        if candidate_sha is not None and candidate_sha != head:
            raise ProvenanceError("CANDIDATE_SHA_MISMATCH")
        if candidate_tree_sha is not None and candidate_tree_sha != tree:
            raise ProvenanceError("CANDIDATE_TREE_MISMATCH")
        entries = _git(repo_root, "ls-tree", "-rz", "--full-tree", head).split(b"\0")
        source: list[tuple[str, str, str]] = []
        for entry in entries:
            if not entry:
                continue
            meta, name = entry.split(b"\t", 1)
            mode, kind, oid = meta.decode().split()
            path = safe_path(name.decode("utf-8"))
            if path in {SOURCE_MANIFEST_NAME, BUNDLE_MANIFEST_NAME}:
                raise ProvenanceError("RESERVED_GENERATED_METADATA_TRACKED:" + path)
            if kind != "blob" or mode not in {"100644", "100755"}:
                raise ProvenanceError("NON_REGULAR_GIT_SOURCE:" + path)
            source.append((path, mode, oid))
        source.sort()
        if not source or len(source) > MAX_SOURCE_FILES:
            raise ProvenanceError("SOURCE_FILE_COUNT_LIMIT")
    
        object_format = _git(repo_root, "rev-parse", "--show-object-format").decode().strip()
        if object_format not in {"sha1", "sha256"}:
            raise ProvenanceError("UNSUPPORTED_GIT_OBJECT_FORMAT")
        dockerignore_oid = next((oid for path, _, oid in source if path == ".dockerignore"), None)
        dockerignore = _git(repo_root, "cat-file", "blob", dockerignore_oid).decode() if dockerignore_oid else ""
        try:
            from scripts.porota_validate_deploy_artifact import is_runtime_relevant
        except ModuleNotFoundError:
            from porota_validate_deploy_artifact import is_runtime_relevant
        rows = []
        for path, mode, oid in source:
            src = repo_root / path
            for parent in src.parents:
                if parent == repo_root:
                    break
                if parent.is_symlink():
                    raise ProvenanceError("CHECKOUT_SOURCE_PARENT_SYMLINK:" + path)
            try:
                info = src.lstat()
            except OSError as exc:
                raise ProvenanceError("CHECKOUT_SOURCE_UNREADABLE:" + path) from exc
            if not stat.S_ISREG(info.st_mode) or info.st_nlink != 1:
                raise ProvenanceError("NON_REGULAR_CHECKOUT_SOURCE:" + path)
            # Hash the SHA256 and Git blob identity from the same opened bytes.
            # No filters, symlink reads or hash/read TOCTOU gap can authorize bytes.
            raw_sha256 = hashlib.sha256()
            blob_digest = hashlib.new(object_format)
            blob_digest.update(b"blob " + str(info.st_size).encode() + b"\0")
            count = 0
            descriptor = os.open(src, os.O_RDONLY | getattr(os, "O_NOFOLLOW", 0))
            with os.fdopen(descriptor, "rb") as handle:
                opened = os.fstat(handle.fileno())
                if (opened.st_dev, opened.st_ino) != (info.st_dev, info.st_ino):
                    raise ProvenanceError("CHECKOUT_SOURCE_REPLACED:" + path)
                for block in iter(lambda: handle.read(1024 * 1024), b""):
                    raw_sha256.update(block)
                    blob_digest.update(block)
                    count += len(block)
            if count != info.st_size or blob_digest.hexdigest() != oid:
                raise ProvenanceError("CHECKOUT_BYTE_MISMATCH:" + path)
            if stat.S_IMODE(info.st_mode) != canonical_file_mode(mode):
>               raise ProvenanceError("CHECKOUT_MODE_MISMATCH:" + path)
E               scripts.porota_artifact_provenance.ProvenanceError: CHECKOUT_MODE_MISMATCH:.dockerignore

scripts/porota_artifact_provenance.py:252: ProvenanceError
_ ERROR at setup of test_governed_exclusion_drift_rejects_when_raw_fip_and_junit_stay_unchanged[different_path] _

tmp_path = PosixPath('/workspace/scratch/porota-governed311-9a9b/pytest-private/test_governed_exclusion_drift_2')

    @pytest.fixture
    def candidate(tmp_path):
        repo = tmp_path / "candidate"
        repo.mkdir()
        for rel, content in {
            "Dockerfile": b"FROM scratch\nCOPY . /app\n",
            ".dockerignore": b"docs/\n*.pdf\n__pycache__/\n*.py[cod]\n",
            "app.py": b"import worker\nVALUE = 7\n",
            "worker.py": b"VALUE = 10\n",
            "ops/policy/paper.json": b'{"mode":"PAPER","real_orders_sent":0}\n',
            "assets/new.runtime.asset": b"automatic enumeration: unknown suffix\n",
            "scripts/run": b"#!/bin/sh\nexit 0\n",
            "tests/test_fixture.py": b"def test_case(): pass\n",
            ".github/workflows/build.yml": b"name: test\n",
            "docs/audit.md": b"Documentation excluded by versioned Docker policy\n",
            "README.md": b"Source includes documentation bytes\n",
        }.items():
            write(repo, rel, content)
        (repo / "scripts/run").chmod(0o755)
        git(repo, "init", "-q")
        git(repo, "config", "user.email", "fixture@example.invalid")
        git(repo, "config", "user.name", "Offline Provenance Test")
        git(repo, "add", ".")
        git(repo, "commit", "-qm", "offline fixture source")
>       manifest = create_source_manifest(repo)
                   ^^^^^^^^^^^^^^^^^^^^^^^^^^^^

tests/test_issue465_provenance.py:64: 
_ _ _ _ _ _ _ _ _ _ _ _ _ _ _ _ _ _ _ _ _ _ _ _ _ _ _ _ _ _ _ _ _ _ _ _ _ _ _ _ 

repo_root = PosixPath('/workspace/scratch/porota-governed311-9a9b/pytest-private/test_governed_exclusion_drift_2/candidate')
candidate_sha = None, candidate_tree_sha = None

    def create_source_manifest(
        repo_root: Path,
        candidate_sha: str | None = None,
        candidate_tree_sha: str | None = None,
    ) -> dict:
        repo_root = repo_root.resolve()
        head = _git(repo_root, "rev-parse", "HEAD").decode().strip()
        tree = _git(repo_root, "rev-parse", "HEAD^{tree}").decode().strip()
        if candidate_sha is not None and candidate_sha != head:
            raise ProvenanceError("CANDIDATE_SHA_MISMATCH")
        if candidate_tree_sha is not None and candidate_tree_sha != tree:
            raise ProvenanceError("CANDIDATE_TREE_MISMATCH")
        entries = _git(repo_root, "ls-tree", "-rz", "--full-tree", head).split(b"\0")
        source: list[tuple[str, str, str]] = []
        for entry in entries:
            if not entry:
                continue
            meta, name = entry.split(b"\t", 1)
            mode, kind, oid = meta.decode().split()
            path = safe_path(name.decode("utf-8"))
            if path in {SOURCE_MANIFEST_NAME, BUNDLE_MANIFEST_NAME}:
                raise ProvenanceError("RESERVED_GENERATED_METADATA_TRACKED:" + path)
            if kind != "blob" or mode not in {"100644", "100755"}:
                raise ProvenanceError("NON_REGULAR_GIT_SOURCE:" + path)
            source.append((path, mode, oid))
        source.sort()
        if not source or len(source) > MAX_SOURCE_FILES:
            raise ProvenanceError("SOURCE_FILE_COUNT_LIMIT")
    
        object_format = _git(repo_root, "rev-parse", "--show-object-format").decode().strip()
        if object_format not in {"sha1", "sha256"}:
            raise ProvenanceError("UNSUPPORTED_GIT_OBJECT_FORMAT")
        dockerignore_oid = next((oid for path, _, oid in source if path == ".dockerignore"), None)
        dockerignore = _git(repo_root, "cat-file", "blob", dockerignore_oid).decode() if dockerignore_oid else ""
        try:
            from scripts.porota_validate_deploy_artifact import is_runtime_relevant
        except ModuleNotFoundError:
            from porota_validate_deploy_artifact import is_runtime_relevant
        rows = []
        for path, mode, oid in source:
            src = repo_root / path
            for parent in src.parents:
                if parent == repo_root:
                    break
                if parent.is_symlink():
                    raise ProvenanceError("CHECKOUT_SOURCE_PARENT_SYMLINK:" + path)
            try:
                info = src.lstat()
            except OSError as exc:
                raise ProvenanceError("CHECKOUT_SOURCE_UNREADABLE:" + path) from exc
            if not stat.S_ISREG(info.st_mode) or info.st_nlink != 1:
                raise ProvenanceError("NON_REGULAR_CHECKOUT_SOURCE:" + path)
            # Hash the SHA256 and Git blob identity from the same opened bytes.
            # No filters, symlink reads or hash/read TOCTOU gap can authorize bytes.
            raw_sha256 = hashlib.sha256()
            blob_digest = hashlib.new(object_format)
            blob_digest.update(b"blob " + str(info.st_size).encode() + b"\0")
            count = 0
            descriptor = os.open(src, os.O_RDONLY | getattr(os, "O_NOFOLLOW", 0))
            with os.fdopen(descriptor, "rb") as handle:
                opened = os.fstat(handle.fileno())
                if (opened.st_dev, opened.st_ino) != (info.st_dev, info.st_ino):
                    raise ProvenanceError("CHECKOUT_SOURCE_REPLACED:" + path)
                for block in iter(lambda: handle.read(1024 * 1024), b""):
                    raw_sha256.update(block)
                    blob_digest.update(block)
                    count += len(block)
            if count != info.st_size or blob_digest.hexdigest() != oid:
                raise ProvenanceError("CHECKOUT_BYTE_MISMATCH:" + path)
            if stat.S_IMODE(info.st_mode) != canonical_file_mode(mode):
>               raise ProvenanceError("CHECKOUT_MODE_MISMATCH:" + path)
E               scripts.porota_artifact_provenance.ProvenanceError: CHECKOUT_MODE_MISMATCH:.dockerignore

scripts/porota_artifact_provenance.py:252: ProvenanceError
_ ERROR at setup of test_governed_exclusion_drift_rejects_when_raw_fip_and_junit_stay_unchanged[duplicate] _

tmp_path = PosixPath('/workspace/scratch/porota-governed311-9a9b/pytest-private/test_governed_exclusion_drift_3')

    @pytest.fixture
    def candidate(tmp_path):
        repo = tmp_path / "candidate"
        repo.mkdir()
        for rel, content in {
            "Dockerfile": b"FROM scratch\nCOPY . /app\n",
            ".dockerignore": b"docs/\n*.pdf\n__pycache__/\n*.py[cod]\n",
            "app.py": b"import worker\nVALUE = 7\n",
            "worker.py": b"VALUE = 10\n",
            "ops/policy/paper.json": b'{"mode":"PAPER","real_orders_sent":0}\n',
            "assets/new.runtime.asset": b"automatic enumeration: unknown suffix\n",
            "scripts/run": b"#!/bin/sh\nexit 0\n",
            "tests/test_fixture.py": b"def test_case(): pass\n",
            ".github/workflows/build.yml": b"name: test\n",
            "docs/audit.md": b"Documentation excluded by versioned Docker policy\n",
            "README.md": b"Source includes documentation bytes\n",
        }.items():
            write(repo, rel, content)
        (repo / "scripts/run").chmod(0o755)
        git(repo, "init", "-q")
        git(repo, "config", "user.email", "fixture@example.invalid")
        git(repo, "config", "user.name", "Offline Provenance Test")
        git(repo, "add", ".")
        git(repo, "commit", "-qm", "offline fixture source")
>       manifest = create_source_manifest(repo)
                   ^^^^^^^^^^^^^^^^^^^^^^^^^^^^

tests/test_issue465_provenance.py:64: 
_ _ _ _ _ _ _ _ _ _ _ _ _ _ _ _ _ _ _ _ _ _ _ _ _ _ _ _ _ _ _ _ _ _ _ _ _ _ _ _ 

repo_root = PosixPath('/workspace/scratch/porota-governed311-9a9b/pytest-private/test_governed_exclusion_drift_3/candidate')
candidate_sha = None, candidate_tree_sha = None

    def create_source_manifest(
        repo_root: Path,
        candidate_sha: str | None = None,
        candidate_tree_sha: str | None = None,
    ) -> dict:
        repo_root = repo_root.resolve()
        head = _git(repo_root, "rev-parse", "HEAD").decode().strip()
        tree = _git(repo_root, "rev-parse", "HEAD^{tree}").decode().strip()
        if candidate_sha is not None and candidate_sha != head:
            raise ProvenanceError("CANDIDATE_SHA_MISMATCH")
        if candidate_tree_sha is not None and candidate_tree_sha != tree:
            raise ProvenanceError("CANDIDATE_TREE_MISMATCH")
        entries = _git(repo_root, "ls-tree", "-rz", "--full-tree", head).split(b"\0")
        source: list[tuple[str, str, str]] = []
        for entry in entries:
            if not entry:
                continue
            meta, name = entry.split(b"\t", 1)
            mode, kind, oid = meta.decode().split()
            path = safe_path(name.decode("utf-8"))
            if path in {SOURCE_MANIFEST_NAME, BUNDLE_MANIFEST_NAME}:
                raise ProvenanceError("RESERVED_GENERATED_METADATA_TRACKED:" + path)
            if kind != "blob" or mode not in {"100644", "100755"}:
                raise ProvenanceError("NON_REGULAR_GIT_SOURCE:" + path)
            source.append((path, mode, oid))
        source.sort()
        if not source or len(source) > MAX_SOURCE_FILES:
            raise ProvenanceError("SOURCE_FILE_COUNT_LIMIT")
    
        object_format = _git(repo_root, "rev-parse", "--show-object-format").decode().strip()
        if object_format not in {"sha1", "sha256"}:
            raise ProvenanceError("UNSUPPORTED_GIT_OBJECT_FORMAT")
        dockerignore_oid = next((oid for path, _, oid in source if path == ".dockerignore"), None)
        dockerignore = _git(repo_root, "cat-file", "blob", dockerignore_oid).decode() if dockerignore_oid else ""
        try:
            from scripts.porota_validate_deploy_artifact import is_runtime_relevant
        except ModuleNotFoundError:
            from porota_validate_deploy_artifact import is_runtime_relevant
        rows = []
        for path, mode, oid in source:
            src = repo_root / path
            for parent in src.parents:
                if parent == repo_root:
                    break
                if parent.is_symlink():
                    raise ProvenanceError("CHECKOUT_SOURCE_PARENT_SYMLINK:" + path)
            try:
                info = src.lstat()
            except OSError as exc:
                raise ProvenanceError("CHECKOUT_SOURCE_UNREADABLE:" + path) from exc
            if not stat.S_ISREG(info.st_mode) or info.st_nlink != 1:
                raise ProvenanceError("NON_REGULAR_CHECKOUT_SOURCE:" + path)
            # Hash the SHA256 and Git blob identity from the same opened bytes.
            # No filters, symlink reads or hash/read TOCTOU gap can authorize bytes.
            raw_sha256 = hashlib.sha256()
            blob_digest = hashlib.new(object_format)
            blob_digest.update(b"blob " + str(info.st_size).encode() + b"\0")
            count = 0
            descriptor = os.open(src, os.O_RDONLY | getattr(os, "O_NOFOLLOW", 0))
            with os.fdopen(descriptor, "rb") as handle:
                opened = os.fstat(handle.fileno())
                if (opened.st_dev, opened.st_ino) != (info.st_dev, info.st_ino):
                    raise ProvenanceError("CHECKOUT_SOURCE_REPLACED:" + path)
                for block in iter(lambda: handle.read(1024 * 1024), b""):
                    raw_sha256.update(block)
                    blob_digest.update(block)
                    count += len(block)
            if count != info.st_size or blob_digest.hexdigest() != oid:
                raise ProvenanceError("CHECKOUT_BYTE_MISMATCH:" + path)
            if stat.S_IMODE(info.st_mode) != canonical_file_mode(mode):
>               raise ProvenanceError("CHECKOUT_MODE_MISMATCH:" + path)
E               scripts.porota_artifact_provenance.ProvenanceError: CHECKOUT_MODE_MISMATCH:.dockerignore

scripts/porota_artifact_provenance.py:252: ProvenanceError
_ ERROR at setup of test_governed_exclusion_authority_cannot_be_rebound_to_another_original_source[wrong_source_digest] _

tmp_path = PosixPath('/workspace/scratch/porota-governed311-9a9b/pytest-private/test_governed_exclusion_author0')

    @pytest.fixture
    def candidate(tmp_path):
        repo = tmp_path / "candidate"
        repo.mkdir()
        for rel, content in {
            "Dockerfile": b"FROM scratch\nCOPY . /app\n",
            ".dockerignore": b"docs/\n*.pdf\n__pycache__/\n*.py[cod]\n",
            "app.py": b"import worker\nVALUE = 7\n",
            "worker.py": b"VALUE = 10\n",
            "ops/policy/paper.json": b'{"mode":"PAPER","real_orders_sent":0}\n',
            "assets/new.runtime.asset": b"automatic enumeration: unknown suffix\n",
            "scripts/run": b"#!/bin/sh\nexit 0\n",
            "tests/test_fixture.py": b"def test_case(): pass\n",
            ".github/workflows/build.yml": b"name: test\n",
            "docs/audit.md": b"Documentation excluded by versioned Docker policy\n",
            "README.md": b"Source includes documentation bytes\n",
        }.items():
            write(repo, rel, content)
        (repo / "scripts/run").chmod(0o755)
        git(repo, "init", "-q")
        git(repo, "config", "user.email", "fixture@example.invalid")
        git(repo, "config", "user.name", "Offline Provenance Test")
        git(repo, "add", ".")
        git(repo, "commit", "-qm", "offline fixture source")
>       manifest = create_source_manifest(repo)
                   ^^^^^^^^^^^^^^^^^^^^^^^^^^^^

tests/test_issue465_provenance.py:64: 
_ _ _ _ _ _ _ _ _ _ _ _ _ _ _ _ _ _ _ _ _ _ _ _ _ _ _ _ _ _ _ _ _ _ _ _ _ _ _ _ 

repo_root = PosixPath('/workspace/scratch/porota-governed311-9a9b/pytest-private/test_governed_exclusion_author0/candidate')
candidate_sha = None, candidate_tree_sha = None

    def create_source_manifest(
        repo_root: Path,
        candidate_sha: str | None = None,
        candidate_tree_sha: str | None = None,
    ) -> dict:
        repo_root = repo_root.resolve()
        head = _git(repo_root, "rev-parse", "HEAD").decode().strip()
        tree = _git(repo_root, "rev-parse", "HEAD^{tree}").decode().strip()
        if candidate_sha is not None and candidate_sha != head:
            raise ProvenanceError("CANDIDATE_SHA_MISMATCH")
        if candidate_tree_sha is not None and candidate_tree_sha != tree:
            raise ProvenanceError("CANDIDATE_TREE_MISMATCH")
        entries = _git(repo_root, "ls-tree", "-rz", "--full-tree", head).split(b"\0")
        source: list[tuple[str, str, str]] = []
        for entry in entries:
            if not entry:
                continue
            meta, name = entry.split(b"\t", 1)
            mode, kind, oid = meta.decode().split()
            path = safe_path(name.decode("utf-8"))
            if path in {SOURCE_MANIFEST_NAME, BUNDLE_MANIFEST_NAME}:
                raise ProvenanceError("RESERVED_GENERATED_METADATA_TRACKED:" + path)
            if kind != "blob" or mode not in {"100644", "100755"}:
                raise ProvenanceError("NON_REGULAR_GIT_SOURCE:" + path)
            source.append((path, mode, oid))
        source.sort()
        if not source or len(source) > MAX_SOURCE_FILES:
            raise ProvenanceError("SOURCE_FILE_COUNT_LIMIT")
    
        object_format = _git(repo_root, "rev-parse", "--show-object-format").decode().strip()
        if object_format not in {"sha1", "sha256"}:
            raise ProvenanceError("UNSUPPORTED_GIT_OBJECT_FORMAT")
        dockerignore_oid = next((oid for path, _, oid in source if path == ".dockerignore"), None)
        dockerignore = _git(repo_root, "cat-file", "blob", dockerignore_oid).decode() if dockerignore_oid else ""
        try:
            from scripts.porota_validate_deploy_artifact import is_runtime_relevant
        except ModuleNotFoundError:
            from porota_validate_deploy_artifact import is_runtime_relevant
        rows = []
        for path, mode, oid in source:
            src = repo_root / path
            for parent in src.parents:
                if parent == repo_root:
                    break
                if parent.is_symlink():
                    raise ProvenanceError("CHECKOUT_SOURCE_PARENT_SYMLINK:" + path)
            try:
                info = src.lstat()
            except OSError as exc:
                raise ProvenanceError("CHECKOUT_SOURCE_UNREADABLE:" + path) from exc
            if not stat.S_ISREG(info.st_mode) or info.st_nlink != 1:
                raise ProvenanceError("NON_REGULAR_CHECKOUT_SOURCE:" + path)
            # Hash the SHA256 and Git blob identity from the same opened bytes.
            # No filters, symlink reads or hash/read TOCTOU gap can authorize bytes.
            raw_sha256 = hashlib.sha256()
            blob_digest = hashlib.new(object_format)
            blob_digest.update(b"blob " + str(info.st_size).encode() + b"\0")
            count = 0
            descriptor = os.open(src, os.O_RDONLY | getattr(os, "O_NOFOLLOW", 0))
            with os.fdopen(descriptor, "rb") as handle:
                opened = os.fstat(handle.fileno())
                if (opened.st_dev, opened.st_ino) != (info.st_dev, info.st_ino):
                    raise ProvenanceError("CHECKOUT_SOURCE_REPLACED:" + path)
                for block in iter(lambda: handle.read(1024 * 1024), b""):
                    raw_sha256.update(block)
                    blob_digest.update(block)
                    count += len(block)
            if count != info.st_size or blob_digest.hexdigest() != oid:
                raise ProvenanceError("CHECKOUT_BYTE_MISMATCH:" + path)
            if stat.S_IMODE(info.st_mode) != canonical_file_mode(mode):
>               raise ProvenanceError("CHECKOUT_MODE_MISMATCH:" + path)
E               scripts.porota_artifact_provenance.ProvenanceError: CHECKOUT_MODE_MISMATCH:.dockerignore

scripts/porota_artifact_provenance.py:252: ProvenanceError
_ ERROR at setup of test_governed_exclusion_authority_cannot_be_rebound_to_another_original_source[rebound_handoff] _

tmp_path = PosixPath('/workspace/scratch/porota-governed311-9a9b/pytest-private/test_governed_exclusion_author1')

    @pytest.fixture
    def candidate(tmp_path):
        repo = tmp_path / "candidate"
        repo.mkdir()
        for rel, content in {
            "Dockerfile": b"FROM scratch\nCOPY . /app\n",
            ".dockerignore": b"docs/\n*.pdf\n__pycache__/\n*.py[cod]\n",
            "app.py": b"import worker\nVALUE = 7\n",
            "worker.py": b"VALUE = 10\n",
            "ops/policy/paper.json": b'{"mode":"PAPER","real_orders_sent":0}\n',
            "assets/new.runtime.asset": b"automatic enumeration: unknown suffix\n",
            "scripts/run": b"#!/bin/sh\nexit 0\n",
            "tests/test_fixture.py": b"def test_case(): pass\n",
            ".github/workflows/build.yml": b"name: test\n",
            "docs/audit.md": b"Documentation excluded by versioned Docker policy\n",
            "README.md": b"Source includes documentation bytes\n",
        }.items():
            write(repo, rel, content)
        (repo / "scripts/run").chmod(0o755)
        git(repo, "init", "-q")
        git(repo, "config", "user.email", "fixture@example.invalid")
        git(repo, "config", "user.name", "Offline Provenance Test")
        git(repo, "add", ".")
        git(repo, "commit", "-qm", "offline fixture source")
>       manifest = create_source_manifest(repo)
                   ^^^^^^^^^^^^^^^^^^^^^^^^^^^^

tests/test_issue465_provenance.py:64: 
_ _ _ _ _ _ _ _ _ _ _ _ _ _ _ _ _ _ _ _ _ _ _ _ _ _ _ _ _ _ _ _ _ _ _ _ _ _ _ _ 

repo_root = PosixPath('/workspace/scratch/porota-governed311-9a9b/pytest-private/test_governed_exclusion_author1/candidate')
candidate_sha = None, candidate_tree_sha = None

    def create_source_manifest(
        repo_root: Path,
        candidate_sha: str | None = None,
        candidate_tree_sha: str | None = None,
    ) -> dict:
        repo_root = repo_root.resolve()
        head = _git(repo_root, "rev-parse", "HEAD").decode().strip()
        tree = _git(repo_root, "rev-parse", "HEAD^{tree}").decode().strip()
        if candidate_sha is not None and candidate_sha != head:
            raise ProvenanceError("CANDIDATE_SHA_MISMATCH")
        if candidate_tree_sha is not None and candidate_tree_sha != tree:
            raise ProvenanceError("CANDIDATE_TREE_MISMATCH")
        entries = _git(repo_root, "ls-tree", "-rz", "--full-tree", head).split(b"\0")
        source: list[tuple[str, str, str]] = []
        for entry in entries:
            if not entry:
                continue
            meta, name = entry.split(b"\t", 1)
            mode, kind, oid = meta.decode().split()
            path = safe_path(name.decode("utf-8"))
            if path in {SOURCE_MANIFEST_NAME, BUNDLE_MANIFEST_NAME}:
                raise ProvenanceError("RESERVED_GENERATED_METADATA_TRACKED:" + path)
            if kind != "blob" or mode not in {"100644", "100755"}:
                raise ProvenanceError("NON_REGULAR_GIT_SOURCE:" + path)
            source.append((path, mode, oid))
        source.sort()
        if not source or len(source) > MAX_SOURCE_FILES:
            raise ProvenanceError("SOURCE_FILE_COUNT_LIMIT")
    
        object_format = _git(repo_root, "rev-parse", "--show-object-format").decode().strip()
        if object_format not in {"sha1", "sha256"}:
            raise ProvenanceError("UNSUPPORTED_GIT_OBJECT_FORMAT")
        dockerignore_oid = next((oid for path, _, oid in source if path == ".dockerignore"), None)
        dockerignore = _git(repo_root, "cat-file", "blob", dockerignore_oid).decode() if dockerignore_oid else ""
        try:
            from scripts.porota_validate_deploy_artifact import is_runtime_relevant
        except ModuleNotFoundError:
            from porota_validate_deploy_artifact import is_runtime_relevant
        rows = []
        for path, mode, oid in source:
            src = repo_root / path
            for parent in src.parents:
                if parent == repo_root:
                    break
                if parent.is_symlink():
                    raise ProvenanceError("CHECKOUT_SOURCE_PARENT_SYMLINK:" + path)
            try:
                info = src.lstat()
            except OSError as exc:
                raise ProvenanceError("CHECKOUT_SOURCE_UNREADABLE:" + path) from exc
            if not stat.S_ISREG(info.st_mode) or info.st_nlink != 1:
                raise ProvenanceError("NON_REGULAR_CHECKOUT_SOURCE:" + path)
            # Hash the SHA256 and Git blob identity from the same opened bytes.
            # No filters, symlink reads or hash/read TOCTOU gap can authorize bytes.
            raw_sha256 = hashlib.sha256()
            blob_digest = hashlib.new(object_format)
            blob_digest.update(b"blob " + str(info.st_size).encode() + b"\0")
            count = 0
            descriptor = os.open(src, os.O_RDONLY | getattr(os, "O_NOFOLLOW", 0))
            with os.fdopen(descriptor, "rb") as handle:
                opened = os.fstat(handle.fileno())
                if (opened.st_dev, opened.st_ino) != (info.st_dev, info.st_ino):
                    raise ProvenanceError("CHECKOUT_SOURCE_REPLACED:" + path)
                for block in iter(lambda: handle.read(1024 * 1024), b""):
                    raw_sha256.update(block)
                    blob_digest.update(block)
                    count += len(block)
            if count != info.st_size or blob_digest.hexdigest() != oid:
                raise ProvenanceError("CHECKOUT_BYTE_MISMATCH:" + path)
            if stat.S_IMODE(info.st_mode) != canonical_file_mode(mode):
>               raise ProvenanceError("CHECKOUT_MODE_MISMATCH:" + path)
E               scripts.porota_artifact_provenance.ProvenanceError: CHECKOUT_MODE_MISMATCH:.dockerignore

scripts/porota_artifact_provenance.py:252: ProvenanceError
_ ERROR at setup of test_governed_exclusion_authority_cannot_be_rebound_to_another_original_source[replacement_ref] _

tmp_path = PosixPath('/workspace/scratch/porota-governed311-9a9b/pytest-private/test_governed_exclusion_author2')

    @pytest.fixture
    def candidate(tmp_path):
        repo = tmp_path / "candidate"
        repo.mkdir()
        for rel, content in {
            "Dockerfile": b"FROM scratch\nCOPY . /app\n",
            ".dockerignore": b"docs/\n*.pdf\n__pycache__/\n*.py[cod]\n",
            "app.py": b"import worker\nVALUE = 7\n",
            "worker.py": b"VALUE = 10\n",
            "ops/policy/paper.json": b'{"mode":"PAPER","real_orders_sent":0}\n',
            "assets/new.runtime.asset": b"automatic enumeration: unknown suffix\n",
            "scripts/run": b"#!/bin/sh\nexit 0\n",
            "tests/test_fixture.py": b"def test_case(): pass\n",
            ".github/workflows/build.yml": b"name: test\n",
            "docs/audit.md": b"Documentation excluded by versioned Docker policy\n",
            "README.md": b"Source includes documentation bytes\n",
        }.items():
            write(repo, rel, content)
        (repo / "scripts/run").chmod(0o755)
        git(repo, "init", "-q")
        git(repo, "config", "user.email", "fixture@example.invalid")
        git(repo, "config", "user.name", "Offline Provenance Test")
        git(repo, "add", ".")
        git(repo, "commit", "-qm", "offline fixture source")
>       manifest = create_source_manifest(repo)
                   ^^^^^^^^^^^^^^^^^^^^^^^^^^^^

tests/test_issue465_provenance.py:64: 
_ _ _ _ _ _ _ _ _ _ _ _ _ _ _ _ _ _ _ _ _ _ _ _ _ _ _ _ _ _ _ _ _ _ _ _ _ _ _ _ 

repo_root = PosixPath('/workspace/scratch/porota-governed311-9a9b/pytest-private/test_governed_exclusion_author2/candidate')
candidate_sha = None, candidate_tree_sha = None

    def create_source_manifest(
        repo_root: Path,
        candidate_sha: str | None = None,
        candidate_tree_sha: str | None = None,
    ) -> dict:
        repo_root = repo_root.resolve()
        head = _git(repo_root, "rev-parse", "HEAD").decode().strip()
        tree = _git(repo_root, "rev-parse", "HEAD^{tree}").decode().strip()
        if candidate_sha is not None and candidate_sha != head:
            raise ProvenanceError("CANDIDATE_SHA_MISMATCH")
        if candidate_tree_sha is not None and candidate_tree_sha != tree:
            raise ProvenanceError("CANDIDATE_TREE_MISMATCH")
        entries = _git(repo_root, "ls-tree", "-rz", "--full-tree", head).split(b"\0")
        source: list[tuple[str, str, str]] = []
        for entry in entries:
            if not entry:
                continue
            meta, name = entry.split(b"\t", 1)
            mode, kind, oid = meta.decode().split()
            path = safe_path(name.decode("utf-8"))
            if path in {SOURCE_MANIFEST_NAME, BUNDLE_MANIFEST_NAME}:
                raise ProvenanceError("RESERVED_GENERATED_METADATA_TRACKED:" + path)
            if kind != "blob" or mode not in {"100644", "100755"}:
                raise ProvenanceError("NON_REGULAR_GIT_SOURCE:" + path)
            source.append((path, mode, oid))
        source.sort()
        if not source or len(source) > MAX_SOURCE_FILES:
            raise ProvenanceError("SOURCE_FILE_COUNT_LIMIT")
    
        object_format = _git(repo_root, "rev-parse", "--show-object-format").decode().strip()
        if object_format not in {"sha1", "sha256"}:
            raise ProvenanceError("UNSUPPORTED_GIT_OBJECT_FORMAT")
        dockerignore_oid = next((oid for path, _, oid in source if path == ".dockerignore"), None)
        dockerignore = _git(repo_root, "cat-file", "blob", dockerignore_oid).decode() if dockerignore_oid else ""
        try:
            from scripts.porota_validate_deploy_artifact import is_runtime_relevant
        except ModuleNotFoundError:
            from porota_validate_deploy_artifact import is_runtime_relevant
        rows = []
        for path, mode, oid in source:
            src = repo_root / path
            for parent in src.parents:
                if parent == repo_root:
                    break
                if parent.is_symlink():
                    raise ProvenanceError("CHECKOUT_SOURCE_PARENT_SYMLINK:" + path)
            try:
                info = src.lstat()
            except OSError as exc:
                raise ProvenanceError("CHECKOUT_SOURCE_UNREADABLE:" + path) from exc
            if not stat.S_ISREG(info.st_mode) or info.st_nlink != 1:
                raise ProvenanceError("NON_REGULAR_CHECKOUT_SOURCE:" + path)
            # Hash the SHA256 and Git blob identity from the same opened bytes.
            # No filters, symlink reads or hash/read TOCTOU gap can authorize bytes.
            raw_sha256 = hashlib.sha256()
            blob_digest = hashlib.new(object_format)
            blob_digest.update(b"blob " + str(info.st_size).encode() + b"\0")
            count = 0
            descriptor = os.open(src, os.O_RDONLY | getattr(os, "O_NOFOLLOW", 0))
            with os.fdopen(descriptor, "rb") as handle:
                opened = os.fstat(handle.fileno())
                if (opened.st_dev, opened.st_ino) != (info.st_dev, info.st_ino):
                    raise ProvenanceError("CHECKOUT_SOURCE_REPLACED:" + path)
                for block in iter(lambda: handle.read(1024 * 1024), b""):
                    raw_sha256.update(block)
                    blob_digest.update(block)
                    count += len(block)
            if count != info.st_size or blob_digest.hexdigest() != oid:
                raise ProvenanceError("CHECKOUT_BYTE_MISMATCH:" + path)
            if stat.S_IMODE(info.st_mode) != canonical_file_mode(mode):
>               raise ProvenanceError("CHECKOUT_MODE_MISMATCH:" + path)
E               scripts.porota_artifact_provenance.ProvenanceError: CHECKOUT_MODE_MISMATCH:.dockerignore

scripts/porota_artifact_provenance.py:252: ProvenanceError
_ ERROR at setup of test_final_release_barrier_rejects_pending_wrong_head_and_forged_raw_governed_receipts[raw_hash-DIGEST_MISMATCH] _

tmp_path = PosixPath('/workspace/scratch/porota-governed311-9a9b/pytest-private/test_final_release_barrier_rej0')

    @pytest.fixture
    def candidate(tmp_path):
        repo = tmp_path / "candidate"
        repo.mkdir()
        for rel, content in {
            "Dockerfile": b"FROM scratch\nCOPY . /app\n",
            ".dockerignore": b"docs/\n*.pdf\n__pycache__/\n*.py[cod]\n",
            "app.py": b"import worker\nVALUE = 7\n",
            "worker.py": b"VALUE = 10\n",
            "ops/policy/paper.json": b'{"mode":"PAPER","real_orders_sent":0}\n',
            "assets/new.runtime.asset": b"automatic enumeration: unknown suffix\n",
            "scripts/run": b"#!/bin/sh\nexit 0\n",
            "tests/test_fixture.py": b"def test_case(): pass\n",
            ".github/workflows/build.yml": b"name: test\n",
            "docs/audit.md": b"Documentation excluded by versioned Docker policy\n",
            "README.md": b"Source includes documentation bytes\n",
        }.items():
            write(repo, rel, content)
        (repo / "scripts/run").chmod(0o755)
        git(repo, "init", "-q")
        git(repo, "config", "user.email", "fixture@example.invalid")
        git(repo, "config", "user.name", "Offline Provenance Test")
        git(repo, "add", ".")
        git(repo, "commit", "-qm", "offline fixture source")
>       manifest = create_source_manifest(repo)
                   ^^^^^^^^^^^^^^^^^^^^^^^^^^^^

tests/test_issue465_provenance.py:64: 
_ _ _ _ _ _ _ _ _ _ _ _ _ _ _ _ _ _ _ _ _ _ _ _ _ _ _ _ _ _ _ _ _ _ _ _ _ _ _ _ 

repo_root = PosixPath('/workspace/scratch/porota-governed311-9a9b/pytest-private/test_final_release_barrier_rej0/candidate')
candidate_sha = None, candidate_tree_sha = None

    def create_source_manifest(
        repo_root: Path,
        candidate_sha: str | None = None,
        candidate_tree_sha: str | None = None,
    ) -> dict:
        repo_root = repo_root.resolve()
        head = _git(repo_root, "rev-parse", "HEAD").decode().strip()
        tree = _git(repo_root, "rev-parse", "HEAD^{tree}").decode().strip()
        if candidate_sha is not None and candidate_sha != head:
            raise ProvenanceError("CANDIDATE_SHA_MISMATCH")
        if candidate_tree_sha is not None and candidate_tree_sha != tree:
            raise ProvenanceError("CANDIDATE_TREE_MISMATCH")
        entries = _git(repo_root, "ls-tree", "-rz", "--full-tree", head).split(b"\0")
        source: list[tuple[str, str, str]] = []
        for entry in entries:
            if not entry:
                continue
            meta, name = entry.split(b"\t", 1)
            mode, kind, oid = meta.decode().split()
            path = safe_path(name.decode("utf-8"))
            if path in {SOURCE_MANIFEST_NAME, BUNDLE_MANIFEST_NAME}:
                raise ProvenanceError("RESERVED_GENERATED_METADATA_TRACKED:" + path)
            if kind != "blob" or mode not in {"100644", "100755"}:
                raise ProvenanceError("NON_REGULAR_GIT_SOURCE:" + path)
            source.append((path, mode, oid))
        source.sort()
        if not source or len(source) > MAX_SOURCE_FILES:
            raise ProvenanceError("SOURCE_FILE_COUNT_LIMIT")
    
        object_format = _git(repo_root, "rev-parse", "--show-object-format").decode().strip()
        if object_format not in {"sha1", "sha256"}:
            raise ProvenanceError("UNSUPPORTED_GIT_OBJECT_FORMAT")
        dockerignore_oid = next((oid for path, _, oid in source if path == ".dockerignore"), None)
        dockerignore = _git(repo_root, "cat-file", "blob", dockerignore_oid).decode() if dockerignore_oid else ""
        try:
            from scripts.porota_validate_deploy_artifact import is_runtime_relevant
        except ModuleNotFoundError:
            from porota_validate_deploy_artifact import is_runtime_relevant
        rows = []
        for path, mode, oid in source:
            src = repo_root / path
            for parent in src.parents:
                if parent == repo_root:
                    break
                if parent.is_symlink():
                    raise ProvenanceError("CHECKOUT_SOURCE_PARENT_SYMLINK:" + path)
            try:
                info = src.lstat()
            except OSError as exc:
                raise ProvenanceError("CHECKOUT_SOURCE_UNREADABLE:" + path) from exc
            if not stat.S_ISREG(info.st_mode) or info.st_nlink != 1:
                raise ProvenanceError("NON_REGULAR_CHECKOUT_SOURCE:" + path)
            # Hash the SHA256 and Git blob identity from the same opened bytes.
            # No filters, symlink reads or hash/read TOCTOU gap can authorize bytes.
            raw_sha256 = hashlib.sha256()
            blob_digest = hashlib.new(object_format)
            blob_digest.update(b"blob " + str(info.st_size).encode() + b"\0")
            count = 0
            descriptor = os.open(src, os.O_RDONLY | getattr(os, "O_NOFOLLOW", 0))
            with os.fdopen(descriptor, "rb") as handle:
                opened = os.fstat(handle.fileno())
                if (opened.st_dev, opened.st_ino) != (info.st_dev, info.st_ino):
                    raise ProvenanceError("CHECKOUT_SOURCE_REPLACED:" + path)
                for block in iter(lambda: handle.read(1024 * 1024), b""):
                    raw_sha256.update(block)
                    blob_digest.update(block)
                    count += len(block)
            if count != info.st_size or blob_digest.hexdigest() != oid:
                raise ProvenanceError("CHECKOUT_BYTE_MISMATCH:" + path)
            if stat.S_IMODE(info.st_mode) != canonical_file_mode(mode):
>               raise ProvenanceError("CHECKOUT_MODE_MISMATCH:" + path)
E               scripts.porota_artifact_provenance.ProvenanceError: CHECKOUT_MODE_MISMATCH:.dockerignore

scripts/porota_artifact_provenance.py:252: ProvenanceError
_ ERROR at setup of test_final_release_barrier_rejects_pending_wrong_head_and_forged_raw_governed_receipts[candidate-CANDIDATE_MISMATCH] _

tmp_path = PosixPath('/workspace/scratch/porota-governed311-9a9b/pytest-private/test_final_release_barrier_rej1')

    @pytest.fixture
    def candidate(tmp_path):
        repo = tmp_path / "candidate"
        repo.mkdir()
        for rel, content in {
            "Dockerfile": b"FROM scratch\nCOPY . /app\n",
            ".dockerignore": b"docs/\n*.pdf\n__pycache__/\n*.py[cod]\n",
            "app.py": b"import worker\nVALUE = 7\n",
            "worker.py": b"VALUE = 10\n",
            "ops/policy/paper.json": b'{"mode":"PAPER","real_orders_sent":0}\n',
            "assets/new.runtime.asset": b"automatic enumeration: unknown suffix\n",
            "scripts/run": b"#!/bin/sh\nexit 0\n",
            "tests/test_fixture.py": b"def test_case(): pass\n",
            ".github/workflows/build.yml": b"name: test\n",
            "docs/audit.md": b"Documentation excluded by versioned Docker policy\n",
            "README.md": b"Source includes documentation bytes\n",
        }.items():
            write(repo, rel, content)
        (repo / "scripts/run").chmod(0o755)
        git(repo, "init", "-q")
        git(repo, "config", "user.email", "fixture@example.invalid")
        git(repo, "config", "user.name", "Offline Provenance Test")
        git(repo, "add", ".")
        git(repo, "commit", "-qm", "offline fixture source")
>       manifest = create_source_manifest(repo)
                   ^^^^^^^^^^^^^^^^^^^^^^^^^^^^

tests/test_issue465_provenance.py:64: 
_ _ _ _ _ _ _ _ _ _ _ _ _ _ _ _ _ _ _ _ _ _ _ _ _ _ _ _ _ _ _ _ _ _ _ _ _ _ _ _ 

repo_root = PosixPath('/workspace/scratch/porota-governed311-9a9b/pytest-private/test_final_release_barrier_rej1/candidate')
candidate_sha = None, candidate_tree_sha = None

    def create_source_manifest(
        repo_root: Path,
        candidate_sha: str | None = None,
        candidate_tree_sha: str | None = None,
    ) -> dict:
        repo_root = repo_root.resolve()
        head = _git(repo_root, "rev-parse", "HEAD").decode().strip()
        tree = _git(repo_root, "rev-parse", "HEAD^{tree}").decode().strip()
        if candidate_sha is not None and candidate_sha != head:
            raise ProvenanceError("CANDIDATE_SHA_MISMATCH")
        if candidate_tree_sha is not None and candidate_tree_sha != tree:
            raise ProvenanceError("CANDIDATE_TREE_MISMATCH")
        entries = _git(repo_root, "ls-tree", "-rz", "--full-tree", head).split(b"\0")
        source: list[tuple[str, str, str]] = []
        for entry in entries:
            if not entry:
                continue
            meta, name = entry.split(b"\t", 1)
            mode, kind, oid = meta.decode().split()
            path = safe_path(name.decode("utf-8"))
            if path in {SOURCE_MANIFEST_NAME, BUNDLE_MANIFEST_NAME}:
                raise ProvenanceError("RESERVED_GENERATED_METADATA_TRACKED:" + path)
            if kind != "blob" or mode not in {"100644", "100755"}:
                raise ProvenanceError("NON_REGULAR_GIT_SOURCE:" + path)
            source.append((path, mode, oid))
        source.sort()
        if not source or len(source) > MAX_SOURCE_FILES:
            raise ProvenanceError("SOURCE_FILE_COUNT_LIMIT")
    
        object_format = _git(repo_root, "rev-parse", "--show-object-format").decode().strip()
        if object_format not in {"sha1", "sha256"}:
            raise ProvenanceError("UNSUPPORTED_GIT_OBJECT_FORMAT")
        dockerignore_oid = next((oid for path, _, oid in source if path == ".dockerignore"), None)
        dockerignore = _git(repo_root, "cat-file", "blob", dockerignore_oid).decode() if dockerignore_oid else ""
        try:
            from scripts.porota_validate_deploy_artifact import is_runtime_relevant
        except ModuleNotFoundError:
            from porota_validate_deploy_artifact import is_runtime_relevant
        rows = []
        for path, mode, oid in source:
            src = repo_root / path
            for parent in src.parents:
                if parent == repo_root:
                    break
                if parent.is_symlink():
                    raise ProvenanceError("CHECKOUT_SOURCE_PARENT_SYMLINK:" + path)
            try:
                info = src.lstat()
            except OSError as exc:
                raise ProvenanceError("CHECKOUT_SOURCE_UNREADABLE:" + path) from exc
            if not stat.S_ISREG(info.st_mode) or info.st_nlink != 1:
                raise ProvenanceError("NON_REGULAR_CHECKOUT_SOURCE:" + path)
            # Hash the SHA256 and Git blob identity from the same opened bytes.
            # No filters, symlink reads or hash/read TOCTOU gap can authorize bytes.
            raw_sha256 = hashlib.sha256()
            blob_digest = hashlib.new(object_format)
            blob_digest.update(b"blob " + str(info.st_size).encode() + b"\0")
            count = 0
            descriptor = os.open(src, os.O_RDONLY | getattr(os, "O_NOFOLLOW", 0))
            with os.fdopen(descriptor, "rb") as handle:
                opened = os.fstat(handle.fileno())
                if (opened.st_dev, opened.st_ino) != (info.st_dev, info.st_ino):
                    raise ProvenanceError("CHECKOUT_SOURCE_REPLACED:" + path)
                for block in iter(lambda: handle.read(1024 * 1024), b""):
                    raw_sha256.update(block)
                    blob_digest.update(block)
                    count += len(block)
            if count != info.st_size or blob_digest.hexdigest() != oid:
                raise ProvenanceError("CHECKOUT_BYTE_MISMATCH:" + path)
            if stat.S_IMODE(info.st_mode) != canonical_file_mode(mode):
>               raise ProvenanceError("CHECKOUT_MODE_MISMATCH:" + path)
E               scripts.porota_artifact_provenance.ProvenanceError: CHECKOUT_MODE_MISMATCH:.dockerignore

scripts/porota_artifact_provenance.py:252: ProvenanceError
_ ERROR at setup of test_final_release_barrier_rejects_pending_wrong_head_and_forged_raw_governed_receipts[tree-CANDIDATE_MISMATCH] _

tmp_path = PosixPath('/workspace/scratch/porota-governed311-9a9b/pytest-private/test_final_release_barrier_rej2')

    @pytest.fixture
    def candidate(tmp_path):
        repo = tmp_path / "candidate"
        repo.mkdir()
        for rel, content in {
            "Dockerfile": b"FROM scratch\nCOPY . /app\n",
            ".dockerignore": b"docs/\n*.pdf\n__pycache__/\n*.py[cod]\n",
            "app.py": b"import worker\nVALUE = 7\n",
            "worker.py": b"VALUE = 10\n",
            "ops/policy/paper.json": b'{"mode":"PAPER","real_orders_sent":0}\n',
            "assets/new.runtime.asset": b"automatic enumeration: unknown suffix\n",
            "scripts/run": b"#!/bin/sh\nexit 0\n",
            "tests/test_fixture.py": b"def test_case(): pass\n",
            ".github/workflows/build.yml": b"name: test\n",
            "docs/audit.md": b"Documentation excluded by versioned Docker policy\n",
            "README.md": b"Source includes documentation bytes\n",
        }.items():
            write(repo, rel, content)
        (repo / "scripts/run").chmod(0o755)
        git(repo, "init", "-q")
        git(repo, "config", "user.email", "fixture@example.invalid")
        git(repo, "config", "user.name", "Offline Provenance Test")
        git(repo, "add", ".")
        git(repo, "commit", "-qm", "offline fixture source")
>       manifest = create_source_manifest(repo)
                   ^^^^^^^^^^^^^^^^^^^^^^^^^^^^

tests/test_issue465_provenance.py:64: 
_ _ _ _ _ _ _ _ _ _ _ _ _ _ _ _ _ _ _ _ _ _ _ _ _ _ _ _ _ _ _ _ _ _ _ _ _ _ _ _ 

repo_root = PosixPath('/workspace/scratch/porota-governed311-9a9b/pytest-private/test_final_release_barrier_rej2/candidate')
candidate_sha = None, candidate_tree_sha = None

    def create_source_manifest(
        repo_root: Path,
        candidate_sha: str | None = None,
        candidate_tree_sha: str | None = None,
    ) -> dict:
        repo_root = repo_root.resolve()
        head = _git(repo_root, "rev-parse", "HEAD").decode().strip()
        tree = _git(repo_root, "rev-parse", "HEAD^{tree}").decode().strip()
        if candidate_sha is not None and candidate_sha != head:
            raise ProvenanceError("CANDIDATE_SHA_MISMATCH")
        if candidate_tree_sha is not None and candidate_tree_sha != tree:
            raise ProvenanceError("CANDIDATE_TREE_MISMATCH")
        entries = _git(repo_root, "ls-tree", "-rz", "--full-tree", head).split(b"\0")
        source: list[tuple[str, str, str]] = []
        for entry in entries:
            if not entry:
                continue
            meta, name = entry.split(b"\t", 1)
            mode, kind, oid = meta.decode().split()
            path = safe_path(name.decode("utf-8"))
            if path in {SOURCE_MANIFEST_NAME, BUNDLE_MANIFEST_NAME}:
                raise ProvenanceError("RESERVED_GENERATED_METADATA_TRACKED:" + path)
            if kind != "blob" or mode not in {"100644", "100755"}:
                raise ProvenanceError("NON_REGULAR_GIT_SOURCE:" + path)
            source.append((path, mode, oid))
        source.sort()
        if not source or len(source) > MAX_SOURCE_FILES:
            raise ProvenanceError("SOURCE_FILE_COUNT_LIMIT")
    
        object_format = _git(repo_root, "rev-parse", "--show-object-format").decode().strip()
        if object_format not in {"sha1", "sha256"}:
            raise ProvenanceError("UNSUPPORTED_GIT_OBJECT_FORMAT")
        dockerignore_oid = next((oid for path, _, oid in source if path == ".dockerignore"), None)
        dockerignore = _git(repo_root, "cat-file", "blob", dockerignore_oid).decode() if dockerignore_oid else ""
        try:
            from scripts.porota_validate_deploy_artifact import is_runtime_relevant
        except ModuleNotFoundError:
            from porota_validate_deploy_artifact import is_runtime_relevant
        rows = []
        for path, mode, oid in source:
            src = repo_root / path
            for parent in src.parents:
                if parent == repo_root:
                    break
                if parent.is_symlink():
                    raise ProvenanceError("CHECKOUT_SOURCE_PARENT_SYMLINK:" + path)
            try:
                info = src.lstat()
            except OSError as exc:
                raise ProvenanceError("CHECKOUT_SOURCE_UNREADABLE:" + path) from exc
            if not stat.S_ISREG(info.st_mode) or info.st_nlink != 1:
                raise ProvenanceError("NON_REGULAR_CHECKOUT_SOURCE:" + path)
            # Hash the SHA256 and Git blob identity from the same opened bytes.
            # No filters, symlink reads or hash/read TOCTOU gap can authorize bytes.
            raw_sha256 = hashlib.sha256()
            blob_digest = hashlib.new(object_format)
            blob_digest.update(b"blob " + str(info.st_size).encode() + b"\0")
            count = 0
            descriptor = os.open(src, os.O_RDONLY | getattr(os, "O_NOFOLLOW", 0))
            with os.fdopen(descriptor, "rb") as handle:
                opened = os.fstat(handle.fileno())
                if (opened.st_dev, opened.st_ino) != (info.st_dev, info.st_ino):
                    raise ProvenanceError("CHECKOUT_SOURCE_REPLACED:" + path)
                for block in iter(lambda: handle.read(1024 * 1024), b""):
                    raw_sha256.update(block)
                    blob_digest.update(block)
                    count += len(block)
            if count != info.st_size or blob_digest.hexdigest() != oid:
                raise ProvenanceError("CHECKOUT_BYTE_MISMATCH:" + path)
            if stat.S_IMODE(info.st_mode) != canonical_file_mode(mode):
>               raise ProvenanceError("CHECKOUT_MODE_MISMATCH:" + path)
E               scripts.porota_artifact_provenance.ProvenanceError: CHECKOUT_MODE_MISMATCH:.dockerignore

scripts/porota_artifact_provenance.py:252: ProvenanceError
_ ERROR at setup of test_final_release_barrier_rejects_pending_wrong_head_and_forged_raw_governed_receipts[inventory-CANDIDATE_MISMATCH] _

tmp_path = PosixPath('/workspace/scratch/porota-governed311-9a9b/pytest-private/test_final_release_barrier_rej3')

    @pytest.fixture
    def candidate(tmp_path):
        repo = tmp_path / "candidate"
        repo.mkdir()
        for rel, content in {
            "Dockerfile": b"FROM scratch\nCOPY . /app\n",
            ".dockerignore": b"docs/\n*.pdf\n__pycache__/\n*.py[cod]\n",
            "app.py": b"import worker\nVALUE = 7\n",
            "worker.py": b"VALUE = 10\n",
            "ops/policy/paper.json": b'{"mode":"PAPER","real_orders_sent":0}\n',
            "assets/new.runtime.asset": b"automatic enumeration: unknown suffix\n",
            "scripts/run": b"#!/bin/sh\nexit 0\n",
            "tests/test_fixture.py": b"def test_case(): pass\n",
            ".github/workflows/build.yml": b"name: test\n",
            "docs/audit.md": b"Documentation excluded by versioned Docker policy\n",
            "README.md": b"Source includes documentation bytes\n",
        }.items():
            write(repo, rel, content)
        (repo / "scripts/run").chmod(0o755)
        git(repo, "init", "-q")
        git(repo, "config", "user.email", "fixture@example.invalid")
        git(repo, "config", "user.name", "Offline Provenance Test")
        git(repo, "add", ".")
        git(repo, "commit", "-qm", "offline fixture source")
>       manifest = create_source_manifest(repo)
                   ^^^^^^^^^^^^^^^^^^^^^^^^^^^^

tests/test_issue465_provenance.py:64: 
_ _ _ _ _ _ _ _ _ _ _ _ _ _ _ _ _ _ _ _ _ _ _ _ _ _ _ _ _ _ _ _ _ _ _ _ _ _ _ _ 

repo_root = PosixPath('/workspace/scratch/porota-governed311-9a9b/pytest-private/test_final_release_barrier_rej3/candidate')
candidate_sha = None, candidate_tree_sha = None

    def create_source_manifest(
        repo_root: Path,
        candidate_sha: str | None = None,
        candidate_tree_sha: str | None = None,
    ) -> dict:
        repo_root = repo_root.resolve()
        head = _git(repo_root, "rev-parse", "HEAD").decode().strip()
        tree = _git(repo_root, "rev-parse", "HEAD^{tree}").decode().strip()
        if candidate_sha is not None and candidate_sha != head:
            raise ProvenanceError("CANDIDATE_SHA_MISMATCH")
        if candidate_tree_sha is not None and candidate_tree_sha != tree:
            raise ProvenanceError("CANDIDATE_TREE_MISMATCH")
        entries = _git(repo_root, "ls-tree", "-rz", "--full-tree", head).split(b"\0")
        source: list[tuple[str, str, str]] = []
        for entry in entries:
            if not entry:
                continue
            meta, name = entry.split(b"\t", 1)
            mode, kind, oid = meta.decode().split()
            path = safe_path(name.decode("utf-8"))
            if path in {SOURCE_MANIFEST_NAME, BUNDLE_MANIFEST_NAME}:
                raise ProvenanceError("RESERVED_GENERATED_METADATA_TRACKED:" + path)
            if kind != "blob" or mode not in {"100644", "100755"}:
                raise ProvenanceError("NON_REGULAR_GIT_SOURCE:" + path)
            source.append((path, mode, oid))
        source.sort()
        if not source or len(source) > MAX_SOURCE_FILES:
            raise ProvenanceError("SOURCE_FILE_COUNT_LIMIT")
    
        object_format = _git(repo_root, "rev-parse", "--show-object-format").decode().strip()
        if object_format not in {"sha1", "sha256"}:
            raise ProvenanceError("UNSUPPORTED_GIT_OBJECT_FORMAT")
        dockerignore_oid = next((oid for path, _, oid in source if path == ".dockerignore"), None)
        dockerignore = _git(repo_root, "cat-file", "blob", dockerignore_oid).decode() if dockerignore_oid else ""
        try:
            from scripts.porota_validate_deploy_artifact import is_runtime_relevant
        except ModuleNotFoundError:
            from porota_validate_deploy_artifact import is_runtime_relevant
        rows = []
        for path, mode, oid in source:
            src = repo_root / path
            for parent in src.parents:
                if parent == repo_root:
                    break
                if parent.is_symlink():
                    raise ProvenanceError("CHECKOUT_SOURCE_PARENT_SYMLINK:" + path)
            try:
                info = src.lstat()
            except OSError as exc:
                raise ProvenanceError("CHECKOUT_SOURCE_UNREADABLE:" + path) from exc
            if not stat.S_ISREG(info.st_mode) or info.st_nlink != 1:
                raise ProvenanceError("NON_REGULAR_CHECKOUT_SOURCE:" + path)
            # Hash the SHA256 and Git blob identity from the same opened bytes.
            # No filters, symlink reads or hash/read TOCTOU gap can authorize bytes.
            raw_sha256 = hashlib.sha256()
            blob_digest = hashlib.new(object_format)
            blob_digest.update(b"blob " + str(info.st_size).encode() + b"\0")
            count = 0
            descriptor = os.open(src, os.O_RDONLY | getattr(os, "O_NOFOLLOW", 0))
            with os.fdopen(descriptor, "rb") as handle:
                opened = os.fstat(handle.fileno())
                if (opened.st_dev, opened.st_ino) != (info.st_dev, info.st_ino):
                    raise ProvenanceError("CHECKOUT_SOURCE_REPLACED:" + path)
                for block in iter(lambda: handle.read(1024 * 1024), b""):
                    raw_sha256.update(block)
                    blob_digest.update(block)
                    count += len(block)
            if count != info.st_size or blob_digest.hexdigest() != oid:
                raise ProvenanceError("CHECKOUT_BYTE_MISMATCH:" + path)
            if stat.S_IMODE(info.st_mode) != canonical_file_mode(mode):
>               raise ProvenanceError("CHECKOUT_MODE_MISMATCH:" + path)
E               scripts.porota_artifact_provenance.ProvenanceError: CHECKOUT_MODE_MISMATCH:.dockerignore

scripts/porota_artifact_provenance.py:252: ProvenanceError
_ ERROR at setup of test_final_release_barrier_rejects_pending_wrong_head_and_forged_raw_governed_receipts[eligible_false-MATERIAL_GATES_OPEN] _

tmp_path = PosixPath('/workspace/scratch/porota-governed311-9a9b/pytest-private/test_final_release_barrier_rej4')

    @pytest.fixture
    def candidate(tmp_path):
        repo = tmp_path / "candidate"
        repo.mkdir()
        for rel, content in {
            "Dockerfile": b"FROM scratch\nCOPY . /app\n",
            ".dockerignore": b"docs/\n*.pdf\n__pycache__/\n*.py[cod]\n",
            "app.py": b"import worker\nVALUE = 7\n",
            "worker.py": b"VALUE = 10\n",
            "ops/policy/paper.json": b'{"mode":"PAPER","real_orders_sent":0}\n',
            "assets/new.runtime.asset": b"automatic enumeration: unknown suffix\n",
            "scripts/run": b"#!/bin/sh\nexit 0\n",
            "tests/test_fixture.py": b"def test_case(): pass\n",
            ".github/workflows/build.yml": b"name: test\n",
            "docs/audit.md": b"Documentation excluded by versioned Docker policy\n",
            "README.md": b"Source includes documentation bytes\n",
        }.items():
            write(repo, rel, content)
        (repo / "scripts/run").chmod(0o755)
        git(repo, "init", "-q")
        git(repo, "config", "user.email", "fixture@example.invalid")
        git(repo, "config", "user.name", "Offline Provenance Test")
        git(repo, "add", ".")
        git(repo, "commit", "-qm", "offline fixture source")
>       manifest = create_source_manifest(repo)
                   ^^^^^^^^^^^^^^^^^^^^^^^^^^^^

tests/test_issue465_provenance.py:64: 
_ _ _ _ _ _ _ _ _ _ _ _ _ _ _ _ _ _ _ _ _ _ _ _ _ _ _ _ _ _ _ _ _ _ _ _ _ _ _ _ 

repo_root = PosixPath('/workspace/scratch/porota-governed311-9a9b/pytest-private/test_final_release_barrier_rej4/candidate')
candidate_sha = None, candidate_tree_sha = None

    def create_source_manifest(
        repo_root: Path,
        candidate_sha: str | None = None,
        candidate_tree_sha: str | None = None,
    ) -> dict:
        repo_root = repo_root.resolve()
        head = _git(repo_root, "rev-parse", "HEAD").decode().strip()
        tree = _git(repo_root, "rev-parse", "HEAD^{tree}").decode().strip()
        if candidate_sha is not None and candidate_sha != head:
            raise ProvenanceError("CANDIDATE_SHA_MISMATCH")
        if candidate_tree_sha is not None and candidate_tree_sha != tree:
            raise ProvenanceError("CANDIDATE_TREE_MISMATCH")
        entries = _git(repo_root, "ls-tree", "-rz", "--full-tree", head).split(b"\0")
        source: list[tuple[str, str, str]] = []
        for entry in entries:
            if not entry:
                continue
            meta, name = entry.split(b"\t", 1)
            mode, kind, oid = meta.decode().split()
            path = safe_path(name.decode("utf-8"))
            if path in {SOURCE_MANIFEST_NAME, BUNDLE_MANIFEST_NAME}:
                raise ProvenanceError("RESERVED_GENERATED_METADATA_TRACKED:" + path)
            if kind != "blob" or mode not in {"100644", "100755"}:
                raise ProvenanceError("NON_REGULAR_GIT_SOURCE:" + path)
            source.append((path, mode, oid))
        source.sort()
        if not source or len(source) > MAX_SOURCE_FILES:
            raise ProvenanceError("SOURCE_FILE_COUNT_LIMIT")
    
        object_format = _git(repo_root, "rev-parse", "--show-object-format").decode().strip()
        if object_format not in {"sha1", "sha256"}:
            raise ProvenanceError("UNSUPPORTED_GIT_OBJECT_FORMAT")
        dockerignore_oid = next((oid for path, _, oid in source if path == ".dockerignore"), None)
        dockerignore = _git(repo_root, "cat-file", "blob", dockerignore_oid).decode() if dockerignore_oid else ""
        try:
            from scripts.porota_validate_deploy_artifact import is_runtime_relevant
        except ModuleNotFoundError:
            from porota_validate_deploy_artifact import is_runtime_relevant
        rows = []
        for path, mode, oid in source:
            src = repo_root / path
            for parent in src.parents:
                if parent == repo_root:
                    break
                if parent.is_symlink():
                    raise ProvenanceError("CHECKOUT_SOURCE_PARENT_SYMLINK:" + path)
            try:
                info = src.lstat()
            except OSError as exc:
                raise ProvenanceError("CHECKOUT_SOURCE_UNREADABLE:" + path) from exc
            if not stat.S_ISREG(info.st_mode) or info.st_nlink != 1:
                raise ProvenanceError("NON_REGULAR_CHECKOUT_SOURCE:" + path)
            # Hash the SHA256 and Git blob identity from the same opened bytes.
            # No filters, symlink reads or hash/read TOCTOU gap can authorize bytes.
            raw_sha256 = hashlib.sha256()
            blob_digest = hashlib.new(object_format)
            blob_digest.update(b"blob " + str(info.st_size).encode() + b"\0")
            count = 0
            descriptor = os.open(src, os.O_RDONLY | getattr(os, "O_NOFOLLOW", 0))
            with os.fdopen(descriptor, "rb") as handle:
                opened = os.fstat(handle.fileno())
                if (opened.st_dev, opened.st_ino) != (info.st_dev, info.st_ino):
                    raise ProvenanceError("CHECKOUT_SOURCE_REPLACED:" + path)
                for block in iter(lambda: handle.read(1024 * 1024), b""):
                    raw_sha256.update(block)
                    blob_digest.update(block)
                    count += len(block)
            if count != info.st_size or blob_digest.hexdigest() != oid:
                raise ProvenanceError("CHECKOUT_BYTE_MISMATCH:" + path)
            if stat.S_IMODE(info.st_mode) != canonical_file_mode(mode):
>               raise ProvenanceError("CHECKOUT_MODE_MISMATCH:" + path)
E               scripts.porota_artifact_provenance.ProvenanceError: CHECKOUT_MODE_MISMATCH:.dockerignore

scripts/porota_artifact_provenance.py:252: ProvenanceError
_ ERROR at setup of test_final_release_barrier_rejects_pending_wrong_head_and_forged_raw_governed_receipts[eligible_integer-MATERIAL_GATES_OPEN] _

tmp_path = PosixPath('/workspace/scratch/porota-governed311-9a9b/pytest-private/test_final_release_barrier_rej5')

    @pytest.fixture
    def candidate(tmp_path):
        repo = tmp_path / "candidate"
        repo.mkdir()
        for rel, content in {
            "Dockerfile": b"FROM scratch\nCOPY . /app\n",
            ".dockerignore": b"docs/\n*.pdf\n__pycache__/\n*.py[cod]\n",
            "app.py": b"import worker\nVALUE = 7\n",
            "worker.py": b"VALUE = 10\n",
            "ops/policy/paper.json": b'{"mode":"PAPER","real_orders_sent":0}\n',
            "assets/new.runtime.asset": b"automatic enumeration: unknown suffix\n",
            "scripts/run": b"#!/bin/sh\nexit 0\n",
            "tests/test_fixture.py": b"def test_case(): pass\n",
            ".github/workflows/build.yml": b"name: test\n",
            "docs/audit.md": b"Documentation excluded by versioned Docker policy\n",
            "README.md": b"Source includes documentation bytes\n",
        }.items():
            write(repo, rel, content)
        (repo / "scripts/run").chmod(0o755)
        git(repo, "init", "-q")
        git(repo, "config", "user.email", "fixture@example.invalid")
        git(repo, "config", "user.name", "Offline Provenance Test")
        git(repo, "add", ".")
        git(repo, "commit", "-qm", "offline fixture source")
>       manifest = create_source_manifest(repo)
                   ^^^^^^^^^^^^^^^^^^^^^^^^^^^^

tests/test_issue465_provenance.py:64: 
_ _ _ _ _ _ _ _ _ _ _ _ _ _ _ _ _ _ _ _ _ _ _ _ _ _ _ _ _ _ _ _ _ _ _ _ _ _ _ _ 

repo_root = PosixPath('/workspace/scratch/porota-governed311-9a9b/pytest-private/test_final_release_barrier_rej5/candidate')
candidate_sha = None, candidate_tree_sha = None

    def create_source_manifest(
        repo_root: Path,
        candidate_sha: str | None = None,
        candidate_tree_sha: str | None = None,
    ) -> dict:
        repo_root = repo_root.resolve()
        head = _git(repo_root, "rev-parse", "HEAD").decode().strip()
        tree = _git(repo_root, "rev-parse", "HEAD^{tree}").decode().strip()
        if candidate_sha is not None and candidate_sha != head:
            raise ProvenanceError("CANDIDATE_SHA_MISMATCH")
        if candidate_tree_sha is not None and candidate_tree_sha != tree:
            raise ProvenanceError("CANDIDATE_TREE_MISMATCH")
        entries = _git(repo_root, "ls-tree", "-rz", "--full-tree", head).split(b"\0")
        source: list[tuple[str, str, str]] = []
        for entry in entries:
            if not entry:
                continue
            meta, name = entry.split(b"\t", 1)
            mode, kind, oid = meta.decode().split()
            path = safe_path(name.decode("utf-8"))
            if path in {SOURCE_MANIFEST_NAME, BUNDLE_MANIFEST_NAME}:
                raise ProvenanceError("RESERVED_GENERATED_METADATA_TRACKED:" + path)
            if kind != "blob" or mode not in {"100644", "100755"}:
                raise ProvenanceError("NON_REGULAR_GIT_SOURCE:" + path)
            source.append((path, mode, oid))
        source.sort()
        if not source or len(source) > MAX_SOURCE_FILES:
            raise ProvenanceError("SOURCE_FILE_COUNT_LIMIT")
    
        object_format = _git(repo_root, "rev-parse", "--show-object-format").decode().strip()
        if object_format not in {"sha1", "sha256"}:
            raise ProvenanceError("UNSUPPORTED_GIT_OBJECT_FORMAT")
        dockerignore_oid = next((oid for path, _, oid in source if path == ".dockerignore"), None)
        dockerignore = _git(repo_root, "cat-file", "blob", dockerignore_oid).decode() if dockerignore_oid else ""
        try:
            from scripts.porota_validate_deploy_artifact import is_runtime_relevant
        except ModuleNotFoundError:
            from porota_validate_deploy_artifact import is_runtime_relevant
        rows = []
        for path, mode, oid in source:
            src = repo_root / path
            for parent in src.parents:
                if parent == repo_root:
                    break
                if parent.is_symlink():
                    raise ProvenanceError("CHECKOUT_SOURCE_PARENT_SYMLINK:" + path)
            try:
                info = src.lstat()
            except OSError as exc:
                raise ProvenanceError("CHECKOUT_SOURCE_UNREADABLE:" + path) from exc
            if not stat.S_ISREG(info.st_mode) or info.st_nlink != 1:
                raise ProvenanceError("NON_REGULAR_CHECKOUT_SOURCE:" + path)
            # Hash the SHA256 and Git blob identity from the same opened bytes.
            # No filters, symlink reads or hash/read TOCTOU gap can authorize bytes.
            raw_sha256 = hashlib.sha256()
            blob_digest = hashlib.new(object_format)
            blob_digest.update(b"blob " + str(info.st_size).encode() + b"\0")
            count = 0
            descriptor = os.open(src, os.O_RDONLY | getattr(os, "O_NOFOLLOW", 0))
            with os.fdopen(descriptor, "rb") as handle:
                opened = os.fstat(handle.fileno())
                if (opened.st_dev, opened.st_ino) != (info.st_dev, info.st_ino):
                    raise ProvenanceError("CHECKOUT_SOURCE_REPLACED:" + path)
                for block in iter(lambda: handle.read(1024 * 1024), b""):
                    raw_sha256.update(block)
                    blob_digest.update(block)
                    count += len(block)
            if count != info.st_size or blob_digest.hexdigest() != oid:
                raise ProvenanceError("CHECKOUT_BYTE_MISMATCH:" + path)
            if stat.S_IMODE(info.st_mode) != canonical_file_mode(mode):
>               raise ProvenanceError("CHECKOUT_MODE_MISMATCH:" + path)
E               scripts.porota_artifact_provenance.ProvenanceError: CHECKOUT_MODE_MISMATCH:.dockerignore

scripts/porota_artifact_provenance.py:252: ProvenanceError
_ ERROR at setup of test_final_release_barrier_rejects_pending_wrong_head_and_forged_raw_governed_receipts[material_false-MATERIAL_GATES_OPEN] _

tmp_path = PosixPath('/workspace/scratch/porota-governed311-9a9b/pytest-private/test_final_release_barrier_rej6')

    @pytest.fixture
    def candidate(tmp_path):
        repo = tmp_path / "candidate"
        repo.mkdir()
        for rel, content in {
            "Dockerfile": b"FROM scratch\nCOPY . /app\n",
            ".dockerignore": b"docs/\n*.pdf\n__pycache__/\n*.py[cod]\n",
            "app.py": b"import worker\nVALUE = 7\n",
            "worker.py": b"VALUE = 10\n",
            "ops/policy/paper.json": b'{"mode":"PAPER","real_orders_sent":0}\n',
            "assets/new.runtime.asset": b"automatic enumeration: unknown suffix\n",
            "scripts/run": b"#!/bin/sh\nexit 0\n",
            "tests/test_fixture.py": b"def test_case(): pass\n",
            ".github/workflows/build.yml": b"name: test\n",
            "docs/audit.md": b"Documentation excluded by versioned Docker policy\n",
            "README.md": b"Source includes documentation bytes\n",
        }.items():
            write(repo, rel, content)
        (repo / "scripts/run").chmod(0o755)
        git(repo, "init", "-q")
        git(repo, "config", "user.email", "fixture@example.invalid")
        git(repo, "config", "user.name", "Offline Provenance Test")
        git(repo, "add", ".")
        git(repo, "commit", "-qm", "offline fixture source")
>       manifest = create_source_manifest(repo)
                   ^^^^^^^^^^^^^^^^^^^^^^^^^^^^

tests/test_issue465_provenance.py:64: 
_ _ _ _ _ _ _ _ _ _ _ _ _ _ _ _ _ _ _ _ _ _ _ _ _ _ _ _ _ _ _ _ _ _ _ _ _ _ _ _ 

repo_root = PosixPath('/workspace/scratch/porota-governed311-9a9b/pytest-private/test_final_release_barrier_rej6/candidate')
candidate_sha = None, candidate_tree_sha = None

    def create_source_manifest(
        repo_root: Path,
        candidate_sha: str | None = None,
        candidate_tree_sha: str | None = None,
    ) -> dict:
        repo_root = repo_root.resolve()
        head = _git(repo_root, "rev-parse", "HEAD").decode().strip()
        tree = _git(repo_root, "rev-parse", "HEAD^{tree}").decode().strip()
        if candidate_sha is not None and candidate_sha != head:
            raise ProvenanceError("CANDIDATE_SHA_MISMATCH")
        if candidate_tree_sha is not None and candidate_tree_sha != tree:
            raise ProvenanceError("CANDIDATE_TREE_MISMATCH")
        entries = _git(repo_root, "ls-tree", "-rz", "--full-tree", head).split(b"\0")
        source: list[tuple[str, str, str]] = []
        for entry in entries:
            if not entry:
                continue
            meta, name = entry.split(b"\t", 1)
            mode, kind, oid = meta.decode().split()
            path = safe_path(name.decode("utf-8"))
            if path in {SOURCE_MANIFEST_NAME, BUNDLE_MANIFEST_NAME}:
                raise ProvenanceError("RESERVED_GENERATED_METADATA_TRACKED:" + path)
            if kind != "blob" or mode not in {"100644", "100755"}:
                raise ProvenanceError("NON_REGULAR_GIT_SOURCE:" + path)
            source.append((path, mode, oid))
        source.sort()
        if not source or len(source) > MAX_SOURCE_FILES:
            raise ProvenanceError("SOURCE_FILE_COUNT_LIMIT")
    
        object_format = _git(repo_root, "rev-parse", "--show-object-format").decode().strip()
        if object_format not in {"sha1", "sha256"}:
            raise ProvenanceError("UNSUPPORTED_GIT_OBJECT_FORMAT")
        dockerignore_oid = next((oid for path, _, oid in source if path == ".dockerignore"), None)
        dockerignore = _git(repo_root, "cat-file", "blob", dockerignore_oid).decode() if dockerignore_oid else ""
        try:
            from scripts.porota_validate_deploy_artifact import is_runtime_relevant
        except ModuleNotFoundError:
            from porota_validate_deploy_artifact import is_runtime_relevant
        rows = []
        for path, mode, oid in source:
            src = repo_root / path
            for parent in src.parents:
                if parent == repo_root:
                    break
                if parent.is_symlink():
                    raise ProvenanceError("CHECKOUT_SOURCE_PARENT_SYMLINK:" + path)
            try:
                info = src.lstat()
            except OSError as exc:
                raise ProvenanceError("CHECKOUT_SOURCE_UNREADABLE:" + path) from exc
            if not stat.S_ISREG(info.st_mode) or info.st_nlink != 1:
                raise ProvenanceError("NON_REGULAR_CHECKOUT_SOURCE:" + path)
            # Hash the SHA256 and Git blob identity from the same opened bytes.
            # No filters, symlink reads or hash/read TOCTOU gap can authorize bytes.
            raw_sha256 = hashlib.sha256()
            blob_digest = hashlib.new(object_format)
            blob_digest.update(b"blob " + str(info.st_size).encode() + b"\0")
            count = 0
            descriptor = os.open(src, os.O_RDONLY | getattr(os, "O_NOFOLLOW", 0))
            with os.fdopen(descriptor, "rb") as handle:
                opened = os.fstat(handle.fileno())
                if (opened.st_dev, opened.st_ino) != (info.st_dev, info.st_ino):
                    raise ProvenanceError("CHECKOUT_SOURCE_REPLACED:" + path)
                for block in iter(lambda: handle.read(1024 * 1024), b""):
                    raw_sha256.update(block)
                    blob_digest.update(block)
                    count += len(block)
            if count != info.st_size or blob_digest.hexdigest() != oid:
                raise ProvenanceError("CHECKOUT_BYTE_MISMATCH:" + path)
            if stat.S_IMODE(info.st_mode) != canonical_file_mode(mode):
>               raise ProvenanceError("CHECKOUT_MODE_MISMATCH:" + path)
E               scripts.porota_artifact_provenance.ProvenanceError: CHECKOUT_MODE_MISMATCH:.dockerignore

scripts/porota_artifact_provenance.py:252: ProvenanceError
_ ERROR at setup of test_final_release_barrier_rejects_pending_wrong_head_and_forged_raw_governed_receipts[pending-MATERIAL_GATES_OPEN] _

tmp_path = PosixPath('/workspace/scratch/porota-governed311-9a9b/pytest-private/test_final_release_barrier_rej7')

    @pytest.fixture
    def candidate(tmp_path):
        repo = tmp_path / "candidate"
        repo.mkdir()
        for rel, content in {
            "Dockerfile": b"FROM scratch\nCOPY . /app\n",
            ".dockerignore": b"docs/\n*.pdf\n__pycache__/\n*.py[cod]\n",
            "app.py": b"import worker\nVALUE = 7\n",
            "worker.py": b"VALUE = 10\n",
            "ops/policy/paper.json": b'{"mode":"PAPER","real_orders_sent":0}\n',
            "assets/new.runtime.asset": b"automatic enumeration: unknown suffix\n",
            "scripts/run": b"#!/bin/sh\nexit 0\n",
            "tests/test_fixture.py": b"def test_case(): pass\n",
            ".github/workflows/build.yml": b"name: test\n",
            "docs/audit.md": b"Documentation excluded by versioned Docker policy\n",
            "README.md": b"Source includes documentation bytes\n",
        }.items():
            write(repo, rel, content)
        (repo / "scripts/run").chmod(0o755)
        git(repo, "init", "-q")
        git(repo, "config", "user.email", "fixture@example.invalid")
        git(repo, "config", "user.name", "Offline Provenance Test")
        git(repo, "add", ".")
        git(repo, "commit", "-qm", "offline fixture source")
>       manifest = create_source_manifest(repo)
                   ^^^^^^^^^^^^^^^^^^^^^^^^^^^^

tests/test_issue465_provenance.py:64: 
_ _ _ _ _ _ _ _ _ _ _ _ _ _ _ _ _ _ _ _ _ _ _ _ _ _ _ _ _ _ _ _ _ _ _ _ _ _ _ _ 

repo_root = PosixPath('/workspace/scratch/porota-governed311-9a9b/pytest-private/test_final_release_barrier_rej7/candidate')
candidate_sha = None, candidate_tree_sha = None

    def create_source_manifest(
        repo_root: Path,
        candidate_sha: str | None = None,
        candidate_tree_sha: str | None = None,
    ) -> dict:
        repo_root = repo_root.resolve()
        head = _git(repo_root, "rev-parse", "HEAD").decode().strip()
        tree = _git(repo_root, "rev-parse", "HEAD^{tree}").decode().strip()
        if candidate_sha is not None and candidate_sha != head:
            raise ProvenanceError("CANDIDATE_SHA_MISMATCH")
        if candidate_tree_sha is not None and candidate_tree_sha != tree:
            raise ProvenanceError("CANDIDATE_TREE_MISMATCH")
        entries = _git(repo_root, "ls-tree", "-rz", "--full-tree", head).split(b"\0")
        source: list[tuple[str, str, str]] = []
        for entry in entries:
            if not entry:
                continue
            meta, name = entry.split(b"\t", 1)
            mode, kind, oid = meta.decode().split()
            path = safe_path(name.decode("utf-8"))
            if path in {SOURCE_MANIFEST_NAME, BUNDLE_MANIFEST_NAME}:
                raise ProvenanceError("RESERVED_GENERATED_METADATA_TRACKED:" + path)
            if kind != "blob" or mode not in {"100644", "100755"}:
                raise ProvenanceError("NON_REGULAR_GIT_SOURCE:" + path)
            source.append((path, mode, oid))
        source.sort()
        if not source or len(source) > MAX_SOURCE_FILES:
            raise ProvenanceError("SOURCE_FILE_COUNT_LIMIT")
    
        object_format = _git(repo_root, "rev-parse", "--show-object-format").decode().strip()
        if object_format not in {"sha1", "sha256"}:
            raise ProvenanceError("UNSUPPORTED_GIT_OBJECT_FORMAT")
        dockerignore_oid = next((oid for path, _, oid in source if path == ".dockerignore"), None)
        dockerignore = _git(repo_root, "cat-file", "blob", dockerignore_oid).decode() if dockerignore_oid else ""
        try:
            from scripts.porota_validate_deploy_artifact import is_runtime_relevant
        except ModuleNotFoundError:
            from porota_validate_deploy_artifact import is_runtime_relevant
        rows = []
        for path, mode, oid in source:
            src = repo_root / path
            for parent in src.parents:
                if parent == repo_root:
                    break
                if parent.is_symlink():
                    raise ProvenanceError("CHECKOUT_SOURCE_PARENT_SYMLINK:" + path)
            try:
                info = src.lstat()
            except OSError as exc:
                raise ProvenanceError("CHECKOUT_SOURCE_UNREADABLE:" + path) from exc
            if not stat.S_ISREG(info.st_mode) or info.st_nlink != 1:
                raise ProvenanceError("NON_REGULAR_CHECKOUT_SOURCE:" + path)
            # Hash the SHA256 and Git blob identity from the same opened bytes.
            # No filters, symlink reads or hash/read TOCTOU gap can authorize bytes.
            raw_sha256 = hashlib.sha256()
            blob_digest = hashlib.new(object_format)
            blob_digest.update(b"blob " + str(info.st_size).encode() + b"\0")
            count = 0
            descriptor = os.open(src, os.O_RDONLY | getattr(os, "O_NOFOLLOW", 0))
            with os.fdopen(descriptor, "rb") as handle:
                opened = os.fstat(handle.fileno())
                if (opened.st_dev, opened.st_ino) != (info.st_dev, info.st_ino):
                    raise ProvenanceError("CHECKOUT_SOURCE_REPLACED:" + path)
                for block in iter(lambda: handle.read(1024 * 1024), b""):
                    raw_sha256.update(block)
                    blob_digest.update(block)
                    count += len(block)
            if count != info.st_size or blob_digest.hexdigest() != oid:
                raise ProvenanceError("CHECKOUT_BYTE_MISMATCH:" + path)
            if stat.S_IMODE(info.st_mode) != canonical_file_mode(mode):
>               raise ProvenanceError("CHECKOUT_MODE_MISMATCH:" + path)
E               scripts.porota_artifact_provenance.ProvenanceError: CHECKOUT_MODE_MISMATCH:.dockerignore

scripts/porota_artifact_provenance.py:252: ProvenanceError
_ ERROR at setup of test_final_release_barrier_rejects_pending_wrong_head_and_forged_raw_governed_receipts[pending_dict-MATERIAL_GATES_OPEN] _

tmp_path = PosixPath('/workspace/scratch/porota-governed311-9a9b/pytest-private/test_final_release_barrier_rej8')

    @pytest.fixture
    def candidate(tmp_path):
        repo = tmp_path / "candidate"
        repo.mkdir()
        for rel, content in {
            "Dockerfile": b"FROM scratch\nCOPY . /app\n",
            ".dockerignore": b"docs/\n*.pdf\n__pycache__/\n*.py[cod]\n",
            "app.py": b"import worker\nVALUE = 7\n",
            "worker.py": b"VALUE = 10\n",
            "ops/policy/paper.json": b'{"mode":"PAPER","real_orders_sent":0}\n',
            "assets/new.runtime.asset": b"automatic enumeration: unknown suffix\n",
            "scripts/run": b"#!/bin/sh\nexit 0\n",
            "tests/test_fixture.py": b"def test_case(): pass\n",
            ".github/workflows/build.yml": b"name: test\n",
            "docs/audit.md": b"Documentation excluded by versioned Docker policy\n",
            "README.md": b"Source includes documentation bytes\n",
        }.items():
            write(repo, rel, content)
        (repo / "scripts/run").chmod(0o755)
        git(repo, "init", "-q")
        git(repo, "config", "user.email", "fixture@example.invalid")
        git(repo, "config", "user.name", "Offline Provenance Test")
        git(repo, "add", ".")
        git(repo, "commit", "-qm", "offline fixture source")
>       manifest = create_source_manifest(repo)
                   ^^^^^^^^^^^^^^^^^^^^^^^^^^^^

tests/test_issue465_provenance.py:64: 
_ _ _ _ _ _ _ _ _ _ _ _ _ _ _ _ _ _ _ _ _ _ _ _ _ _ _ _ _ _ _ _ _ _ _ _ _ _ _ _ 

repo_root = PosixPath('/workspace/scratch/porota-governed311-9a9b/pytest-private/test_final_release_barrier_rej8/candidate')
candidate_sha = None, candidate_tree_sha = None

    def create_source_manifest(
        repo_root: Path,
        candidate_sha: str | None = None,
        candidate_tree_sha: str | None = None,
    ) -> dict:
        repo_root = repo_root.resolve()
        head = _git(repo_root, "rev-parse", "HEAD").decode().strip()
        tree = _git(repo_root, "rev-parse", "HEAD^{tree}").decode().strip()
        if candidate_sha is not None and candidate_sha != head:
            raise ProvenanceError("CANDIDATE_SHA_MISMATCH")
        if candidate_tree_sha is not None and candidate_tree_sha != tree:
            raise ProvenanceError("CANDIDATE_TREE_MISMATCH")
        entries = _git(repo_root, "ls-tree", "-rz", "--full-tree", head).split(b"\0")
        source: list[tuple[str, str, str]] = []
        for entry in entries:
            if not entry:
                continue
            meta, name = entry.split(b"\t", 1)
            mode, kind, oid = meta.decode().split()
            path = safe_path(name.decode("utf-8"))
            if path in {SOURCE_MANIFEST_NAME, BUNDLE_MANIFEST_NAME}:
                raise ProvenanceError("RESERVED_GENERATED_METADATA_TRACKED:" + path)
            if kind != "blob" or mode not in {"100644", "100755"}:
                raise ProvenanceError("NON_REGULAR_GIT_SOURCE:" + path)
            source.append((path, mode, oid))
        source.sort()
        if not source or len(source) > MAX_SOURCE_FILES:
            raise ProvenanceError("SOURCE_FILE_COUNT_LIMIT")
    
        object_format = _git(repo_root, "rev-parse", "--show-object-format").decode().strip()
        if object_format not in {"sha1", "sha256"}:
            raise ProvenanceError("UNSUPPORTED_GIT_OBJECT_FORMAT")
        dockerignore_oid = next((oid for path, _, oid in source if path == ".dockerignore"), None)
        dockerignore = _git(repo_root, "cat-file", "blob", dockerignore_oid).decode() if dockerignore_oid else ""
        try:
            from scripts.porota_validate_deploy_artifact import is_runtime_relevant
        except ModuleNotFoundError:
            from porota_validate_deploy_artifact import is_runtime_relevant
        rows = []
        for path, mode, oid in source:
            src = repo_root / path
            for parent in src.parents:
                if parent == repo_root:
                    break
                if parent.is_symlink():
                    raise ProvenanceError("CHECKOUT_SOURCE_PARENT_SYMLINK:" + path)
            try:
                info = src.lstat()
            except OSError as exc:
                raise ProvenanceError("CHECKOUT_SOURCE_UNREADABLE:" + path) from exc
            if not stat.S_ISREG(info.st_mode) or info.st_nlink != 1:
                raise ProvenanceError("NON_REGULAR_CHECKOUT_SOURCE:" + path)
            # Hash the SHA256 and Git blob identity from the same opened bytes.
            # No filters, symlink reads or hash/read TOCTOU gap can authorize bytes.
            raw_sha256 = hashlib.sha256()
            blob_digest = hashlib.new(object_format)
            blob_digest.update(b"blob " + str(info.st_size).encode() + b"\0")
            count = 0
            descriptor = os.open(src, os.O_RDONLY | getattr(os, "O_NOFOLLOW", 0))
            with os.fdopen(descriptor, "rb") as handle:
                opened = os.fstat(handle.fileno())
                if (opened.st_dev, opened.st_ino) != (info.st_dev, info.st_ino):
                    raise ProvenanceError("CHECKOUT_SOURCE_REPLACED:" + path)
                for block in iter(lambda: handle.read(1024 * 1024), b""):
                    raw_sha256.update(block)
                    blob_digest.update(block)
                    count += len(block)
            if count != info.st_size or blob_digest.hexdigest() != oid:
                raise ProvenanceError("CHECKOUT_BYTE_MISMATCH:" + path)
            if stat.S_IMODE(info.st_mode) != canonical_file_mode(mode):
>               raise ProvenanceError("CHECKOUT_MODE_MISMATCH:" + path)
E               scripts.porota_artifact_provenance.ProvenanceError: CHECKOUT_MODE_MISMATCH:.dockerignore

scripts/porota_artifact_provenance.py:252: ProvenanceError
_ ERROR at setup of test_final_release_barrier_rejects_pending_wrong_head_and_forged_raw_governed_receipts[junit_hash-JUNIT_BINDING_INVALID] _

tmp_path = PosixPath('/workspace/scratch/porota-governed311-9a9b/pytest-private/test_final_release_barrier_rej9')

    @pytest.fixture
    def candidate(tmp_path):
        repo = tmp_path / "candidate"
        repo.mkdir()
        for rel, content in {
            "Dockerfile": b"FROM scratch\nCOPY . /app\n",
            ".dockerignore": b"docs/\n*.pdf\n__pycache__/\n*.py[cod]\n",
            "app.py": b"import worker\nVALUE = 7\n",
            "worker.py": b"VALUE = 10\n",
            "ops/policy/paper.json": b'{"mode":"PAPER","real_orders_sent":0}\n',
            "assets/new.runtime.asset": b"automatic enumeration: unknown suffix\n",
            "scripts/run": b"#!/bin/sh\nexit 0\n",
            "tests/test_fixture.py": b"def test_case(): pass\n",
            ".github/workflows/build.yml": b"name: test\n",
            "docs/audit.md": b"Documentation excluded by versioned Docker policy\n",
            "README.md": b"Source includes documentation bytes\n",
        }.items():
            write(repo, rel, content)
        (repo / "scripts/run").chmod(0o755)
        git(repo, "init", "-q")
        git(repo, "config", "user.email", "fixture@example.invalid")
        git(repo, "config", "user.name", "Offline Provenance Test")
        git(repo, "add", ".")
        git(repo, "commit", "-qm", "offline fixture source")
>       manifest = create_source_manifest(repo)
                   ^^^^^^^^^^^^^^^^^^^^^^^^^^^^

tests/test_issue465_provenance.py:64: 
_ _ _ _ _ _ _ _ _ _ _ _ _ _ _ _ _ _ _ _ _ _ _ _ _ _ _ _ _ _ _ _ _ _ _ _ _ _ _ _ 

repo_root = PosixPath('/workspace/scratch/porota-governed311-9a9b/pytest-private/test_final_release_barrier_rej9/candidate')
candidate_sha = None, candidate_tree_sha = None

    def create_source_manifest(
        repo_root: Path,
        candidate_sha: str | None = None,
        candidate_tree_sha: str | None = None,
    ) -> dict:
        repo_root = repo_root.resolve()
        head = _git(repo_root, "rev-parse", "HEAD").decode().strip()
        tree = _git(repo_root, "rev-parse", "HEAD^{tree}").decode().strip()
        if candidate_sha is not None and candidate_sha != head:
            raise ProvenanceError("CANDIDATE_SHA_MISMATCH")
        if candidate_tree_sha is not None and candidate_tree_sha != tree:
            raise ProvenanceError("CANDIDATE_TREE_MISMATCH")
        entries = _git(repo_root, "ls-tree", "-rz", "--full-tree", head).split(b"\0")
        source: list[tuple[str, str, str]] = []
        for entry in entries:
            if not entry:
                continue
            meta, name = entry.split(b"\t", 1)
            mode, kind, oid = meta.decode().split()
            path = safe_path(name.decode("utf-8"))
            if path in {SOURCE_MANIFEST_NAME, BUNDLE_MANIFEST_NAME}:
                raise ProvenanceError("RESERVED_GENERATED_METADATA_TRACKED:" + path)
            if kind != "blob" or mode not in {"100644", "100755"}:
                raise ProvenanceError("NON_REGULAR_GIT_SOURCE:" + path)
            source.append((path, mode, oid))
        source.sort()
        if not source or len(source) > MAX_SOURCE_FILES:
            raise ProvenanceError("SOURCE_FILE_COUNT_LIMIT")
    
        object_format = _git(repo_root, "rev-parse", "--show-object-format").decode().strip()
        if object_format not in {"sha1", "sha256"}:
            raise ProvenanceError("UNSUPPORTED_GIT_OBJECT_FORMAT")
        dockerignore_oid = next((oid for path, _, oid in source if path == ".dockerignore"), None)
        dockerignore = _git(repo_root, "cat-file", "blob", dockerignore_oid).decode() if dockerignore_oid else ""
        try:
            from scripts.porota_validate_deploy_artifact import is_runtime_relevant
        except ModuleNotFoundError:
            from porota_validate_deploy_artifact import is_runtime_relevant
        rows = []
        for path, mode, oid in source:
            src = repo_root / path
            for parent in src.parents:
                if parent == repo_root:
                    break
                if parent.is_symlink():
                    raise ProvenanceError("CHECKOUT_SOURCE_PARENT_SYMLINK:" + path)
            try:
                info = src.lstat()
            except OSError as exc:
                raise ProvenanceError("CHECKOUT_SOURCE_UNREADABLE:" + path) from exc
            if not stat.S_ISREG(info.st_mode) or info.st_nlink != 1:
                raise ProvenanceError("NON_REGULAR_CHECKOUT_SOURCE:" + path)
            # Hash the SHA256 and Git blob identity from the same opened bytes.
            # No filters, symlink reads or hash/read TOCTOU gap can authorize bytes.
            raw_sha256 = hashlib.sha256()
            blob_digest = hashlib.new(object_format)
            blob_digest.update(b"blob " + str(info.st_size).encode() + b"\0")
            count = 0
            descriptor = os.open(src, os.O_RDONLY | getattr(os, "O_NOFOLLOW", 0))
            with os.fdopen(descriptor, "rb") as handle:
                opened = os.fstat(handle.fileno())
                if (opened.st_dev, opened.st_ino) != (info.st_dev, info.st_ino):
                    raise ProvenanceError("CHECKOUT_SOURCE_REPLACED:" + path)
                for block in iter(lambda: handle.read(1024 * 1024), b""):
                    raw_sha256.update(block)
                    blob_digest.update(block)
                    count += len(block)
            if count != info.st_size or blob_digest.hexdigest() != oid:
                raise ProvenanceError("CHECKOUT_BYTE_MISMATCH:" + path)
            if stat.S_IMODE(info.st_mode) != canonical_file_mode(mode):
>               raise ProvenanceError("CHECKOUT_MODE_MISMATCH:" + path)
E               scripts.porota_artifact_provenance.ProvenanceError: CHECKOUT_MODE_MISMATCH:.dockerignore

scripts/porota_artifact_provenance.py:252: ProvenanceError
_ ERROR at setup of test_final_release_barrier_rejects_pending_wrong_head_and_forged_raw_governed_receipts[gov_boolean_zero-GOVERNED_RECEIPT_BINDING_INVALID] _

tmp_path = PosixPath('/workspace/scratch/porota-governed311-9a9b/pytest-private/test_final_release_barrier_rej10')

    @pytest.fixture
    def candidate(tmp_path):
        repo = tmp_path / "candidate"
        repo.mkdir()
        for rel, content in {
            "Dockerfile": b"FROM scratch\nCOPY . /app\n",
            ".dockerignore": b"docs/\n*.pdf\n__pycache__/\n*.py[cod]\n",
            "app.py": b"import worker\nVALUE = 7\n",
            "worker.py": b"VALUE = 10\n",
            "ops/policy/paper.json": b'{"mode":"PAPER","real_orders_sent":0}\n',
            "assets/new.runtime.asset": b"automatic enumeration: unknown suffix\n",
            "scripts/run": b"#!/bin/sh\nexit 0\n",
            "tests/test_fixture.py": b"def test_case(): pass\n",
            ".github/workflows/build.yml": b"name: test\n",
            "docs/audit.md": b"Documentation excluded by versioned Docker policy\n",
            "README.md": b"Source includes documentation bytes\n",
        }.items():
            write(repo, rel, content)
        (repo / "scripts/run").chmod(0o755)
        git(repo, "init", "-q")
        git(repo, "config", "user.email", "fixture@example.invalid")
        git(repo, "config", "user.name", "Offline Provenance Test")
        git(repo, "add", ".")
        git(repo, "commit", "-qm", "offline fixture source")
>       manifest = create_source_manifest(repo)
                   ^^^^^^^^^^^^^^^^^^^^^^^^^^^^

tests/test_issue465_provenance.py:64: 
_ _ _ _ _ _ _ _ _ _ _ _ _ _ _ _ _ _ _ _ _ _ _ _ _ _ _ _ _ _ _ _ _ _ _ _ _ _ _ _ 

repo_root = PosixPath('/workspace/scratch/porota-governed311-9a9b/pytest-private/test_final_release_barrier_rej10/candidate')
candidate_sha = None, candidate_tree_sha = None

    def create_source_manifest(
        repo_root: Path,
        candidate_sha: str | None = None,
        candidate_tree_sha: str | None = None,
    ) -> dict:
        repo_root = repo_root.resolve()
        head = _git(repo_root, "rev-parse", "HEAD").decode().strip()
        tree = _git(repo_root, "rev-parse", "HEAD^{tree}").decode().strip()
        if candidate_sha is not None and candidate_sha != head:
            raise ProvenanceError("CANDIDATE_SHA_MISMATCH")
        if candidate_tree_sha is not None and candidate_tree_sha != tree:
            raise ProvenanceError("CANDIDATE_TREE_MISMATCH")
        entries = _git(repo_root, "ls-tree", "-rz", "--full-tree", head).split(b"\0")
        source: list[tuple[str, str, str]] = []
        for entry in entries:
            if not entry:
                continue
            meta, name = entry.split(b"\t", 1)
            mode, kind, oid = meta.decode().split()
            path = safe_path(name.decode("utf-8"))
            if path in {SOURCE_MANIFEST_NAME, BUNDLE_MANIFEST_NAME}:
                raise ProvenanceError("RESERVED_GENERATED_METADATA_TRACKED:" + path)
            if kind != "blob" or mode not in {"100644", "100755"}:
                raise ProvenanceError("NON_REGULAR_GIT_SOURCE:" + path)
            source.append((path, mode, oid))
        source.sort()
        if not source or len(source) > MAX_SOURCE_FILES:
            raise ProvenanceError("SOURCE_FILE_COUNT_LIMIT")
    
        object_format = _git(repo_root, "rev-parse", "--show-object-format").decode().strip()
        if object_format not in {"sha1", "sha256"}:
            raise ProvenanceError("UNSUPPORTED_GIT_OBJECT_FORMAT")
        dockerignore_oid = next((oid for path, _, oid in source if path == ".dockerignore"), None)
        dockerignore = _git(repo_root, "cat-file", "blob", dockerignore_oid).decode() if dockerignore_oid else ""
        try:
            from scripts.porota_validate_deploy_artifact import is_runtime_relevant
        except ModuleNotFoundError:
            from porota_validate_deploy_artifact import is_runtime_relevant
        rows = []
        for path, mode, oid in source:
            src = repo_root / path
            for parent in src.parents:
                if parent == repo_root:
                    break
                if parent.is_symlink():
                    raise ProvenanceError("CHECKOUT_SOURCE_PARENT_SYMLINK:" + path)
            try:
                info = src.lstat()
            except OSError as exc:
                raise ProvenanceError("CHECKOUT_SOURCE_UNREADABLE:" + path) from exc
            if not stat.S_ISREG(info.st_mode) or info.st_nlink != 1:
                raise ProvenanceError("NON_REGULAR_CHECKOUT_SOURCE:" + path)
            # Hash the SHA256 and Git blob identity from the same opened bytes.
            # No filters, symlink reads or hash/read TOCTOU gap can authorize bytes.
            raw_sha256 = hashlib.sha256()
            blob_digest = hashlib.new(object_format)
            blob_digest.update(b"blob " + str(info.st_size).encode() + b"\0")
            count = 0
            descriptor = os.open(src, os.O_RDONLY | getattr(os, "O_NOFOLLOW", 0))
            with os.fdopen(descriptor, "rb") as handle:
                opened = os.fstat(handle.fileno())
                if (opened.st_dev, opened.st_ino) != (info.st_dev, info.st_ino):
                    raise ProvenanceError("CHECKOUT_SOURCE_REPLACED:" + path)
                for block in iter(lambda: handle.read(1024 * 1024), b""):
                    raw_sha256.update(block)
                    blob_digest.update(block)
                    count += len(block)
            if count != info.st_size or blob_digest.hexdigest() != oid:
                raise ProvenanceError("CHECKOUT_BYTE_MISMATCH:" + path)
            if stat.S_IMODE(info.st_mode) != canonical_file_mode(mode):
>               raise ProvenanceError("CHECKOUT_MODE_MISMATCH:" + path)
E               scripts.porota_artifact_provenance.ProvenanceError: CHECKOUT_MODE_MISMATCH:.dockerignore

scripts/porota_artifact_provenance.py:252: ProvenanceError
_ ERROR at setup of test_final_release_barrier_rejects_pending_wrong_head_and_forged_raw_governed_receipts[gov_foreign_head-GOVERNED_RECEIPT_BINDING_INVALID] _

tmp_path = PosixPath('/workspace/scratch/porota-governed311-9a9b/pytest-private/test_final_release_barrier_rej11')

    @pytest.fixture
    def candidate(tmp_path):
        repo = tmp_path / "candidate"
        repo.mkdir()
        for rel, content in {
            "Dockerfile": b"FROM scratch\nCOPY . /app\n",
            ".dockerignore": b"docs/\n*.pdf\n__pycache__/\n*.py[cod]\n",
            "app.py": b"import worker\nVALUE = 7\n",
            "worker.py": b"VALUE = 10\n",
            "ops/policy/paper.json": b'{"mode":"PAPER","real_orders_sent":0}\n',
            "assets/new.runtime.asset": b"automatic enumeration: unknown suffix\n",
            "scripts/run": b"#!/bin/sh\nexit 0\n",
            "tests/test_fixture.py": b"def test_case(): pass\n",
            ".github/workflows/build.yml": b"name: test\n",
            "docs/audit.md": b"Documentation excluded by versioned Docker policy\n",
            "README.md": b"Source includes documentation bytes\n",
        }.items():
            write(repo, rel, content)
        (repo / "scripts/run").chmod(0o755)
        git(repo, "init", "-q")
        git(repo, "config", "user.email", "fixture@example.invalid")
        git(repo, "config", "user.name", "Offline Provenance Test")
        git(repo, "add", ".")
        git(repo, "commit", "-qm", "offline fixture source")
>       manifest = create_source_manifest(repo)
                   ^^^^^^^^^^^^^^^^^^^^^^^^^^^^

tests/test_issue465_provenance.py:64: 
_ _ _ _ _ _ _ _ _ _ _ _ _ _ _ _ _ _ _ _ _ _ _ _ _ _ _ _ _ _ _ _ _ _ _ _ _ _ _ _ 

repo_root = PosixPath('/workspace/scratch/porota-governed311-9a9b/pytest-private/test_final_release_barrier_rej11/candidate')
candidate_sha = None, candidate_tree_sha = None

    def create_source_manifest(
        repo_root: Path,
        candidate_sha: str | None = None,
        candidate_tree_sha: str | None = None,
    ) -> dict:
        repo_root = repo_root.resolve()
        head = _git(repo_root, "rev-parse", "HEAD").decode().strip()
        tree = _git(repo_root, "rev-parse", "HEAD^{tree}").decode().strip()
        if candidate_sha is not None and candidate_sha != head:
            raise ProvenanceError("CANDIDATE_SHA_MISMATCH")
        if candidate_tree_sha is not None and candidate_tree_sha != tree:
            raise ProvenanceError("CANDIDATE_TREE_MISMATCH")
        entries = _git(repo_root, "ls-tree", "-rz", "--full-tree", head).split(b"\0")
        source: list[tuple[str, str, str]] = []
        for entry in entries:
            if not entry:
                continue
            meta, name = entry.split(b"\t", 1)
            mode, kind, oid = meta.decode().split()
            path = safe_path(name.decode("utf-8"))
            if path in {SOURCE_MANIFEST_NAME, BUNDLE_MANIFEST_NAME}:
                raise ProvenanceError("RESERVED_GENERATED_METADATA_TRACKED:" + path)
            if kind != "blob" or mode not in {"100644", "100755"}:
                raise ProvenanceError("NON_REGULAR_GIT_SOURCE:" + path)
            source.append((path, mode, oid))
        source.sort()
        if not source or len(source) > MAX_SOURCE_FILES:
            raise ProvenanceError("SOURCE_FILE_COUNT_LIMIT")
    
        object_format = _git(repo_root, "rev-parse", "--show-object-format").decode().strip()
        if object_format not in {"sha1", "sha256"}:
            raise ProvenanceError("UNSUPPORTED_GIT_OBJECT_FORMAT")
        dockerignore_oid = next((oid for path, _, oid in source if path == ".dockerignore"), None)
        dockerignore = _git(repo_root, "cat-file", "blob", dockerignore_oid).decode() if dockerignore_oid else ""
        try:
            from scripts.porota_validate_deploy_artifact import is_runtime_relevant
        except ModuleNotFoundError:
            from porota_validate_deploy_artifact import is_runtime_relevant
        rows = []
        for path, mode, oid in source:
            src = repo_root / path
            for parent in src.parents:
                if parent == repo_root:
                    break
                if parent.is_symlink():
                    raise ProvenanceError("CHECKOUT_SOURCE_PARENT_SYMLINK:" + path)
            try:
                info = src.lstat()
            except OSError as exc:
                raise ProvenanceError("CHECKOUT_SOURCE_UNREADABLE:" + path) from exc
            if not stat.S_ISREG(info.st_mode) or info.st_nlink != 1:
                raise ProvenanceError("NON_REGULAR_CHECKOUT_SOURCE:" + path)
            # Hash the SHA256 and Git blob identity from the same opened bytes.
            # No filters, symlink reads or hash/read TOCTOU gap can authorize bytes.
            raw_sha256 = hashlib.sha256()
            blob_digest = hashlib.new(object_format)
            blob_digest.update(b"blob " + str(info.st_size).encode() + b"\0")
            count = 0
            descriptor = os.open(src, os.O_RDONLY | getattr(os, "O_NOFOLLOW", 0))
            with os.fdopen(descriptor, "rb") as handle:
                opened = os.fstat(handle.fileno())
                if (opened.st_dev, opened.st_ino) != (info.st_dev, info.st_ino):
                    raise ProvenanceError("CHECKOUT_SOURCE_REPLACED:" + path)
                for block in iter(lambda: handle.read(1024 * 1024), b""):
                    raw_sha256.update(block)
                    blob_digest.update(block)
                    count += len(block)
            if count != info.st_size or blob_digest.hexdigest() != oid:
                raise ProvenanceError("CHECKOUT_BYTE_MISMATCH:" + path)
            if stat.S_IMODE(info.st_mode) != canonical_file_mode(mode):
>               raise ProvenanceError("CHECKOUT_MODE_MISMATCH:" + path)
E               scripts.porota_artifact_provenance.ProvenanceError: CHECKOUT_MODE_MISMATCH:.dockerignore

scripts/porota_artifact_provenance.py:252: ProvenanceError
_ ERROR at setup of test_final_release_barrier_rejects_pending_wrong_head_and_forged_raw_governed_receipts[gov_count-GOVERNED_RECEIPT_BINDING_INVALID] _

tmp_path = PosixPath('/workspace/scratch/porota-governed311-9a9b/pytest-private/test_final_release_barrier_rej12')

    @pytest.fixture
    def candidate(tmp_path):
        repo = tmp_path / "candidate"
        repo.mkdir()
        for rel, content in {
            "Dockerfile": b"FROM scratch\nCOPY . /app\n",
            ".dockerignore": b"docs/\n*.pdf\n__pycache__/\n*.py[cod]\n",
            "app.py": b"import worker\nVALUE = 7\n",
            "worker.py": b"VALUE = 10\n",
            "ops/policy/paper.json": b'{"mode":"PAPER","real_orders_sent":0}\n',
            "assets/new.runtime.asset": b"automatic enumeration: unknown suffix\n",
            "scripts/run": b"#!/bin/sh\nexit 0\n",
            "tests/test_fixture.py": b"def test_case(): pass\n",
            ".github/workflows/build.yml": b"name: test\n",
            "docs/audit.md": b"Documentation excluded by versioned Docker policy\n",
            "README.md": b"Source includes documentation bytes\n",
        }.items():
            write(repo, rel, content)
        (repo / "scripts/run").chmod(0o755)
        git(repo, "init", "-q")
        git(repo, "config", "user.email", "fixture@example.invalid")
        git(repo, "config", "user.name", "Offline Provenance Test")
        git(repo, "add", ".")
        git(repo, "commit", "-qm", "offline fixture source")
>       manifest = create_source_manifest(repo)
                   ^^^^^^^^^^^^^^^^^^^^^^^^^^^^

tests/test_issue465_provenance.py:64: 
_ _ _ _ _ _ _ _ _ _ _ _ _ _ _ _ _ _ _ _ _ _ _ _ _ _ _ _ _ _ _ _ _ _ _ _ _ _ _ _ 

repo_root = PosixPath('/workspace/scratch/porota-governed311-9a9b/pytest-private/test_final_release_barrier_rej12/candidate')
candidate_sha = None, candidate_tree_sha = None

    def create_source_manifest(
        repo_root: Path,
        candidate_sha: str | None = None,
        candidate_tree_sha: str | None = None,
    ) -> dict:
        repo_root = repo_root.resolve()
        head = _git(repo_root, "rev-parse", "HEAD").decode().strip()
        tree = _git(repo_root, "rev-parse", "HEAD^{tree}").decode().strip()
        if candidate_sha is not None and candidate_sha != head:
            raise ProvenanceError("CANDIDATE_SHA_MISMATCH")
        if candidate_tree_sha is not None and candidate_tree_sha != tree:
            raise ProvenanceError("CANDIDATE_TREE_MISMATCH")
        entries = _git(repo_root, "ls-tree", "-rz", "--full-tree", head).split(b"\0")
        source: list[tuple[str, str, str]] = []
        for entry in entries:
            if not entry:
                continue
            meta, name = entry.split(b"\t", 1)
            mode, kind, oid = meta.decode().split()
            path = safe_path(name.decode("utf-8"))
            if path in {SOURCE_MANIFEST_NAME, BUNDLE_MANIFEST_NAME}:
                raise ProvenanceError("RESERVED_GENERATED_METADATA_TRACKED:" + path)
            if kind != "blob" or mode not in {"100644", "100755"}:
                raise ProvenanceError("NON_REGULAR_GIT_SOURCE:" + path)
            source.append((path, mode, oid))
        source.sort()
        if not source or len(source) > MAX_SOURCE_FILES:
            raise ProvenanceError("SOURCE_FILE_COUNT_LIMIT")
    
        object_format = _git(repo_root, "rev-parse", "--show-object-format").decode().strip()
        if object_format not in {"sha1", "sha256"}:
            raise ProvenanceError("UNSUPPORTED_GIT_OBJECT_FORMAT")
        dockerignore_oid = next((oid for path, _, oid in source if path == ".dockerignore"), None)
        dockerignore = _git(repo_root, "cat-file", "blob", dockerignore_oid).decode() if dockerignore_oid else ""
        try:
            from scripts.porota_validate_deploy_artifact import is_runtime_relevant
        except ModuleNotFoundError:
            from porota_validate_deploy_artifact import is_runtime_relevant
        rows = []
        for path, mode, oid in source:
            src = repo_root / path
            for parent in src.parents:
                if parent == repo_root:
                    break
                if parent.is_symlink():
                    raise ProvenanceError("CHECKOUT_SOURCE_PARENT_SYMLINK:" + path)
            try:
                info = src.lstat()
            except OSError as exc:
                raise ProvenanceError("CHECKOUT_SOURCE_UNREADABLE:" + path) from exc
            if not stat.S_ISREG(info.st_mode) or info.st_nlink != 1:
                raise ProvenanceError("NON_REGULAR_CHECKOUT_SOURCE:" + path)
            # Hash the SHA256 and Git blob identity from the same opened bytes.
            # No filters, symlink reads or hash/read TOCTOU gap can authorize bytes.
            raw_sha256 = hashlib.sha256()
            blob_digest = hashlib.new(object_format)
            blob_digest.update(b"blob " + str(info.st_size).encode() + b"\0")
            count = 0
            descriptor = os.open(src, os.O_RDONLY | getattr(os, "O_NOFOLLOW", 0))
            with os.fdopen(descriptor, "rb") as handle:
                opened = os.fstat(handle.fileno())
                if (opened.st_dev, opened.st_ino) != (info.st_dev, info.st_ino):
                    raise ProvenanceError("CHECKOUT_SOURCE_REPLACED:" + path)
                for block in iter(lambda: handle.read(1024 * 1024), b""):
                    raw_sha256.update(block)
                    blob_digest.update(block)
                    count += len(block)
            if count != info.st_size or blob_digest.hexdigest() != oid:
                raise ProvenanceError("CHECKOUT_BYTE_MISMATCH:" + path)
            if stat.S_IMODE(info.st_mode) != canonical_file_mode(mode):
>               raise ProvenanceError("CHECKOUT_MODE_MISMATCH:" + path)
E               scripts.porota_artifact_provenance.ProvenanceError: CHECKOUT_MODE_MISMATCH:.dockerignore

scripts/porota_artifact_provenance.py:252: ProvenanceError
_ ERROR at setup of test_final_release_barrier_rejects_pending_wrong_head_and_forged_raw_governed_receipts[duplicate_junit-JUNIT_DUPLICATE_CASE] _

tmp_path = PosixPath('/workspace/scratch/porota-governed311-9a9b/pytest-private/test_final_release_barrier_rej13')

    @pytest.fixture
    def candidate(tmp_path):
        repo = tmp_path / "candidate"
        repo.mkdir()
        for rel, content in {
            "Dockerfile": b"FROM scratch\nCOPY . /app\n",
            ".dockerignore": b"docs/\n*.pdf\n__pycache__/\n*.py[cod]\n",
            "app.py": b"import worker\nVALUE = 7\n",
            "worker.py": b"VALUE = 10\n",
            "ops/policy/paper.json": b'{"mode":"PAPER","real_orders_sent":0}\n',
            "assets/new.runtime.asset": b"automatic enumeration: unknown suffix\n",
            "scripts/run": b"#!/bin/sh\nexit 0\n",
            "tests/test_fixture.py": b"def test_case(): pass\n",
            ".github/workflows/build.yml": b"name: test\n",
            "docs/audit.md": b"Documentation excluded by versioned Docker policy\n",
            "README.md": b"Source includes documentation bytes\n",
        }.items():
            write(repo, rel, content)
        (repo / "scripts/run").chmod(0o755)
        git(repo, "init", "-q")
        git(repo, "config", "user.email", "fixture@example.invalid")
        git(repo, "config", "user.name", "Offline Provenance Test")
        git(repo, "add", ".")
        git(repo, "commit", "-qm", "offline fixture source")
>       manifest = create_source_manifest(repo)
                   ^^^^^^^^^^^^^^^^^^^^^^^^^^^^

tests/test_issue465_provenance.py:64: 
_ _ _ _ _ _ _ _ _ _ _ _ _ _ _ _ _ _ _ _ _ _ _ _ _ _ _ _ _ _ _ _ _ _ _ _ _ _ _ _ 

repo_root = PosixPath('/workspace/scratch/porota-governed311-9a9b/pytest-private/test_final_release_barrier_rej13/candidate')
candidate_sha = None, candidate_tree_sha = None

    def create_source_manifest(
        repo_root: Path,
        candidate_sha: str | None = None,
        candidate_tree_sha: str | None = None,
    ) -> dict:
        repo_root = repo_root.resolve()
        head = _git(repo_root, "rev-parse", "HEAD").decode().strip()
        tree = _git(repo_root, "rev-parse", "HEAD^{tree}").decode().strip()
        if candidate_sha is not None and candidate_sha != head:
            raise ProvenanceError("CANDIDATE_SHA_MISMATCH")
        if candidate_tree_sha is not None and candidate_tree_sha != tree:
            raise ProvenanceError("CANDIDATE_TREE_MISMATCH")
        entries = _git(repo_root, "ls-tree", "-rz", "--full-tree", head).split(b"\0")
        source: list[tuple[str, str, str]] = []
        for entry in entries:
            if not entry:
                continue
            meta, name = entry.split(b"\t", 1)
            mode, kind, oid = meta.decode().split()
            path = safe_path(name.decode("utf-8"))
            if path in {SOURCE_MANIFEST_NAME, BUNDLE_MANIFEST_NAME}:
                raise ProvenanceError("RESERVED_GENERATED_METADATA_TRACKED:" + path)
            if kind != "blob" or mode not in {"100644", "100755"}:
                raise ProvenanceError("NON_REGULAR_GIT_SOURCE:" + path)
            source.append((path, mode, oid))
        source.sort()
        if not source or len(source) > MAX_SOURCE_FILES:
            raise ProvenanceError("SOURCE_FILE_COUNT_LIMIT")
    
        object_format = _git(repo_root, "rev-parse", "--show-object-format").decode().strip()
        if object_format not in {"sha1", "sha256"}:
            raise ProvenanceError("UNSUPPORTED_GIT_OBJECT_FORMAT")
        dockerignore_oid = next((oid for path, _, oid in source if path == ".dockerignore"), None)
        dockerignore = _git(repo_root, "cat-file", "blob", dockerignore_oid).decode() if dockerignore_oid else ""
        try:
            from scripts.porota_validate_deploy_artifact import is_runtime_relevant
        except ModuleNotFoundError:
            from porota_validate_deploy_artifact import is_runtime_relevant
        rows = []
        for path, mode, oid in source:
            src = repo_root / path
            for parent in src.parents:
                if parent == repo_root:
                    break
                if parent.is_symlink():
                    raise ProvenanceError("CHECKOUT_SOURCE_PARENT_SYMLINK:" + path)
            try:
                info = src.lstat()
            except OSError as exc:
                raise ProvenanceError("CHECKOUT_SOURCE_UNREADABLE:" + path) from exc
            if not stat.S_ISREG(info.st_mode) or info.st_nlink != 1:
                raise ProvenanceError("NON_REGULAR_CHECKOUT_SOURCE:" + path)
            # Hash the SHA256 and Git blob identity from the same opened bytes.
            # No filters, symlink reads or hash/read TOCTOU gap can authorize bytes.
            raw_sha256 = hashlib.sha256()
            blob_digest = hashlib.new(object_format)
            blob_digest.update(b"blob " + str(info.st_size).encode() + b"\0")
            count = 0
            descriptor = os.open(src, os.O_RDONLY | getattr(os, "O_NOFOLLOW", 0))
            with os.fdopen(descriptor, "rb") as handle:
                opened = os.fstat(handle.fileno())
                if (opened.st_dev, opened.st_ino) != (info.st_dev, info.st_ino):
                    raise ProvenanceError("CHECKOUT_SOURCE_REPLACED:" + path)
                for block in iter(lambda: handle.read(1024 * 1024), b""):
                    raw_sha256.update(block)
                    blob_digest.update(block)
                    count += len(block)
            if count != info.st_size or blob_digest.hexdigest() != oid:
                raise ProvenanceError("CHECKOUT_BYTE_MISMATCH:" + path)
            if stat.S_IMODE(info.st_mode) != canonical_file_mode(mode):
>               raise ProvenanceError("CHECKOUT_MODE_MISMATCH:" + path)
E               scripts.porota_artifact_provenance.ProvenanceError: CHECKOUT_MODE_MISMATCH:.dockerignore

scripts/porota_artifact_provenance.py:252: ProvenanceError
_ ERROR at setup of test_final_release_barrier_rejects_pending_wrong_head_and_forged_raw_governed_receipts[failed_junit-JUNIT_NONPASS] _

tmp_path = PosixPath('/workspace/scratch/porota-governed311-9a9b/pytest-private/test_final_release_barrier_rej14')

    @pytest.fixture
    def candidate(tmp_path):
        repo = tmp_path / "candidate"
        repo.mkdir()
        for rel, content in {
            "Dockerfile": b"FROM scratch\nCOPY . /app\n",
            ".dockerignore": b"docs/\n*.pdf\n__pycache__/\n*.py[cod]\n",
            "app.py": b"import worker\nVALUE = 7\n",
            "worker.py": b"VALUE = 10\n",
            "ops/policy/paper.json": b'{"mode":"PAPER","real_orders_sent":0}\n',
            "assets/new.runtime.asset": b"automatic enumeration: unknown suffix\n",
            "scripts/run": b"#!/bin/sh\nexit 0\n",
            "tests/test_fixture.py": b"def test_case(): pass\n",
            ".github/workflows/build.yml": b"name: test\n",
            "docs/audit.md": b"Documentation excluded by versioned Docker policy\n",
            "README.md": b"Source includes documentation bytes\n",
        }.items():
            write(repo, rel, content)
        (repo / "scripts/run").chmod(0o755)
        git(repo, "init", "-q")
        git(repo, "config", "user.email", "fixture@example.invalid")
        git(repo, "config", "user.name", "Offline Provenance Test")
        git(repo, "add", ".")
        git(repo, "commit", "-qm", "offline fixture source")
>       manifest = create_source_manifest(repo)
                   ^^^^^^^^^^^^^^^^^^^^^^^^^^^^

tests/test_issue465_provenance.py:64: 
_ _ _ _ _ _ _ _ _ _ _ _ _ _ _ _ _ _ _ _ _ _ _ _ _ _ _ _ _ _ _ _ _ _ _ _ _ _ _ _ 

repo_root = PosixPath('/workspace/scratch/porota-governed311-9a9b/pytest-private/test_final_release_barrier_rej14/candidate')
candidate_sha = None, candidate_tree_sha = None

    def create_source_manifest(
        repo_root: Path,
        candidate_sha: str | None = None,
        candidate_tree_sha: str | None = None,
    ) -> dict:
        repo_root = repo_root.resolve()
        head = _git(repo_root, "rev-parse", "HEAD").decode().strip()
        tree = _git(repo_root, "rev-parse", "HEAD^{tree}").decode().strip()
        if candidate_sha is not None and candidate_sha != head:
            raise ProvenanceError("CANDIDATE_SHA_MISMATCH")
        if candidate_tree_sha is not None and candidate_tree_sha != tree:
            raise ProvenanceError("CANDIDATE_TREE_MISMATCH")
        entries = _git(repo_root, "ls-tree", "-rz", "--full-tree", head).split(b"\0")
        source: list[tuple[str, str, str]] = []
        for entry in entries:
            if not entry:
                continue
            meta, name = entry.split(b"\t", 1)
            mode, kind, oid = meta.decode().split()
            path = safe_path(name.decode("utf-8"))
            if path in {SOURCE_MANIFEST_NAME, BUNDLE_MANIFEST_NAME}:
                raise ProvenanceError("RESERVED_GENERATED_METADATA_TRACKED:" + path)
            if kind != "blob" or mode not in {"100644", "100755"}:
                raise ProvenanceError("NON_REGULAR_GIT_SOURCE:" + path)
            source.append((path, mode, oid))
        source.sort()
        if not source or len(source) > MAX_SOURCE_FILES:
            raise ProvenanceError("SOURCE_FILE_COUNT_LIMIT")
    
        object_format = _git(repo_root, "rev-parse", "--show-object-format").decode().strip()
        if object_format not in {"sha1", "sha256"}:
            raise ProvenanceError("UNSUPPORTED_GIT_OBJECT_FORMAT")
        dockerignore_oid = next((oid for path, _, oid in source if path == ".dockerignore"), None)
        dockerignore = _git(repo_root, "cat-file", "blob", dockerignore_oid).decode() if dockerignore_oid else ""
        try:
            from scripts.porota_validate_deploy_artifact import is_runtime_relevant
        except ModuleNotFoundError:
            from porota_validate_deploy_artifact import is_runtime_relevant
        rows = []
        for path, mode, oid in source:
            src = repo_root / path
            for parent in src.parents:
                if parent == repo_root:
                    break
                if parent.is_symlink():
                    raise ProvenanceError("CHECKOUT_SOURCE_PARENT_SYMLINK:" + path)
            try:
                info = src.lstat()
            except OSError as exc:
                raise ProvenanceError("CHECKOUT_SOURCE_UNREADABLE:" + path) from exc
            if not stat.S_ISREG(info.st_mode) or info.st_nlink != 1:
                raise ProvenanceError("NON_REGULAR_CHECKOUT_SOURCE:" + path)
            # Hash the SHA256 and Git blob identity from the same opened bytes.
            # No filters, symlink reads or hash/read TOCTOU gap can authorize bytes.
            raw_sha256 = hashlib.sha256()
            blob_digest = hashlib.new(object_format)
            blob_digest.update(b"blob " + str(info.st_size).encode() + b"\0")
            count = 0
            descriptor = os.open(src, os.O_RDONLY | getattr(os, "O_NOFOLLOW", 0))
            with os.fdopen(descriptor, "rb") as handle:
                opened = os.fstat(handle.fileno())
                if (opened.st_dev, opened.st_ino) != (info.st_dev, info.st_ino):
                    raise ProvenanceError("CHECKOUT_SOURCE_REPLACED:" + path)
                for block in iter(lambda: handle.read(1024 * 1024), b""):
                    raw_sha256.update(block)
                    blob_digest.update(block)
                    count += len(block)
            if count != info.st_size or blob_digest.hexdigest() != oid:
                raise ProvenanceError("CHECKOUT_BYTE_MISMATCH:" + path)
            if stat.S_IMODE(info.st_mode) != canonical_file_mode(mode):
>               raise ProvenanceError("CHECKOUT_MODE_MISMATCH:" + path)
E               scripts.porota_artifact_provenance.ProvenanceError: CHECKOUT_MODE_MISMATCH:.dockerignore

scripts/porota_artifact_provenance.py:252: ProvenanceError
_ ERROR at setup of test_final_release_barrier_rejects_pending_wrong_head_and_forged_raw_governed_receipts[junit_alias-None] _

tmp_path = PosixPath('/workspace/scratch/porota-governed311-9a9b/pytest-private/test_final_release_barrier_rej15')

    @pytest.fixture
    def candidate(tmp_path):
        repo = tmp_path / "candidate"
        repo.mkdir()
        for rel, content in {
            "Dockerfile": b"FROM scratch\nCOPY . /app\n",
            ".dockerignore": b"docs/\n*.pdf\n__pycache__/\n*.py[cod]\n",
            "app.py": b"import worker\nVALUE = 7\n",
            "worker.py": b"VALUE = 10\n",
            "ops/policy/paper.json": b'{"mode":"PAPER","real_orders_sent":0}\n',
            "assets/new.runtime.asset": b"automatic enumeration: unknown suffix\n",
            "scripts/run": b"#!/bin/sh\nexit 0\n",
            "tests/test_fixture.py": b"def test_case(): pass\n",
            ".github/workflows/build.yml": b"name: test\n",
            "docs/audit.md": b"Documentation excluded by versioned Docker policy\n",
            "README.md": b"Source includes documentation bytes\n",
        }.items():
            write(repo, rel, content)
        (repo / "scripts/run").chmod(0o755)
        git(repo, "init", "-q")
        git(repo, "config", "user.email", "fixture@example.invalid")
        git(repo, "config", "user.name", "Offline Provenance Test")
        git(repo, "add", ".")
        git(repo, "commit", "-qm", "offline fixture source")
>       manifest = create_source_manifest(repo)
                   ^^^^^^^^^^^^^^^^^^^^^^^^^^^^

tests/test_issue465_provenance.py:64: 
_ _ _ _ _ _ _ _ _ _ _ _ _ _ _ _ _ _ _ _ _ _ _ _ _ _ _ _ _ _ _ _ _ _ _ _ _ _ _ _ 

repo_root = PosixPath('/workspace/scratch/porota-governed311-9a9b/pytest-private/test_final_release_barrier_rej15/candidate')
candidate_sha = None, candidate_tree_sha = None

    def create_source_manifest(
        repo_root: Path,
        candidate_sha: str | None = None,
        candidate_tree_sha: str | None = None,
    ) -> dict:
        repo_root = repo_root.resolve()
        head = _git(repo_root, "rev-parse", "HEAD").decode().strip()
        tree = _git(repo_root, "rev-parse", "HEAD^{tree}").decode().strip()
        if candidate_sha is not None and candidate_sha != head:
            raise ProvenanceError("CANDIDATE_SHA_MISMATCH")
        if candidate_tree_sha is not None and candidate_tree_sha != tree:
            raise ProvenanceError("CANDIDATE_TREE_MISMATCH")
        entries = _git(repo_root, "ls-tree", "-rz", "--full-tree", head).split(b"\0")
        source: list[tuple[str, str, str]] = []
        for entry in entries:
            if not entry:
                continue
            meta, name = entry.split(b"\t", 1)
            mode, kind, oid = meta.decode().split()
            path = safe_path(name.decode("utf-8"))
            if path in {SOURCE_MANIFEST_NAME, BUNDLE_MANIFEST_NAME}:
                raise ProvenanceError("RESERVED_GENERATED_METADATA_TRACKED:" + path)
            if kind != "blob" or mode not in {"100644", "100755"}:
                raise ProvenanceError("NON_REGULAR_GIT_SOURCE:" + path)
            source.append((path, mode, oid))
        source.sort()
        if not source or len(source) > MAX_SOURCE_FILES:
            raise ProvenanceError("SOURCE_FILE_COUNT_LIMIT")
    
        object_format = _git(repo_root, "rev-parse", "--show-object-format").decode().strip()
        if object_format not in {"sha1", "sha256"}:
            raise ProvenanceError("UNSUPPORTED_GIT_OBJECT_FORMAT")
        dockerignore_oid = next((oid for path, _, oid in source if path == ".dockerignore"), None)
        dockerignore = _git(repo_root, "cat-file", "blob", dockerignore_oid).decode() if dockerignore_oid else ""
        try:
            from scripts.porota_validate_deploy_artifact import is_runtime_relevant
        except ModuleNotFoundError:
            from porota_validate_deploy_artifact import is_runtime_relevant
        rows = []
        for path, mode, oid in source:
            src = repo_root / path
            for parent in src.parents:
                if parent == repo_root:
                    break
                if parent.is_symlink():
                    raise ProvenanceError("CHECKOUT_SOURCE_PARENT_SYMLINK:" + path)
            try:
                info = src.lstat()
            except OSError as exc:
                raise ProvenanceError("CHECKOUT_SOURCE_UNREADABLE:" + path) from exc
            if not stat.S_ISREG(info.st_mode) or info.st_nlink != 1:
                raise ProvenanceError("NON_REGULAR_CHECKOUT_SOURCE:" + path)
            # Hash the SHA256 and Git blob identity from the same opened bytes.
            # No filters, symlink reads or hash/read TOCTOU gap can authorize bytes.
            raw_sha256 = hashlib.sha256()
            blob_digest = hashlib.new(object_format)
            blob_digest.update(b"blob " + str(info.st_size).encode() + b"\0")
            count = 0
            descriptor = os.open(src, os.O_RDONLY | getattr(os, "O_NOFOLLOW", 0))
            with os.fdopen(descriptor, "rb") as handle:
                opened = os.fstat(handle.fileno())
                if (opened.st_dev, opened.st_ino) != (info.st_dev, info.st_ino):
                    raise ProvenanceError("CHECKOUT_SOURCE_REPLACED:" + path)
                for block in iter(lambda: handle.read(1024 * 1024), b""):
                    raw_sha256.update(block)
                    blob_digest.update(block)
                    count += len(block)
            if count != info.st_size or blob_digest.hexdigest() != oid:
                raise ProvenanceError("CHECKOUT_BYTE_MISMATCH:" + path)
            if stat.S_IMODE(info.st_mode) != canonical_file_mode(mode):
>               raise ProvenanceError("CHECKOUT_MODE_MISMATCH:" + path)
E               scripts.porota_artifact_provenance.ProvenanceError: CHECKOUT_MODE_MISMATCH:.dockerignore

scripts/porota_artifact_provenance.py:252: ProvenanceError
_ ERROR at setup of test_final_release_barrier_rejects_pending_wrong_head_and_forged_raw_governed_receipts[fip_alias-None] _

tmp_path = PosixPath('/workspace/scratch/porota-governed311-9a9b/pytest-private/test_final_release_barrier_rej16')

    @pytest.fixture
    def candidate(tmp_path):
        repo = tmp_path / "candidate"
        repo.mkdir()
        for rel, content in {
            "Dockerfile": b"FROM scratch\nCOPY . /app\n",
            ".dockerignore": b"docs/\n*.pdf\n__pycache__/\n*.py[cod]\n",
            "app.py": b"import worker\nVALUE = 7\n",
            "worker.py": b"VALUE = 10\n",
            "ops/policy/paper.json": b'{"mode":"PAPER","real_orders_sent":0}\n',
            "assets/new.runtime.asset": b"automatic enumeration: unknown suffix\n",
            "scripts/run": b"#!/bin/sh\nexit 0\n",
            "tests/test_fixture.py": b"def test_case(): pass\n",
            ".github/workflows/build.yml": b"name: test\n",
            "docs/audit.md": b"Documentation excluded by versioned Docker policy\n",
            "README.md": b"Source includes documentation bytes\n",
        }.items():
            write(repo, rel, content)
        (repo / "scripts/run").chmod(0o755)
        git(repo, "init", "-q")
        git(repo, "config", "user.email", "fixture@example.invalid")
        git(repo, "config", "user.name", "Offline Provenance Test")
        git(repo, "add", ".")
        git(repo, "commit", "-qm", "offline fixture source")
>       manifest = create_source_manifest(repo)
                   ^^^^^^^^^^^^^^^^^^^^^^^^^^^^

tests/test_issue465_provenance.py:64: 
_ _ _ _ _ _ _ _ _ _ _ _ _ _ _ _ _ _ _ _ _ _ _ _ _ _ _ _ _ _ _ _ _ _ _ _ _ _ _ _ 

repo_root = PosixPath('/workspace/scratch/porota-governed311-9a9b/pytest-private/test_final_release_barrier_rej16/candidate')
candidate_sha = None, candidate_tree_sha = None

    def create_source_manifest(
        repo_root: Path,
        candidate_sha: str | None = None,
        candidate_tree_sha: str | None = None,
    ) -> dict:
        repo_root = repo_root.resolve()
        head = _git(repo_root, "rev-parse", "HEAD").decode().strip()
        tree = _git(repo_root, "rev-parse", "HEAD^{tree}").decode().strip()
        if candidate_sha is not None and candidate_sha != head:
            raise ProvenanceError("CANDIDATE_SHA_MISMATCH")
        if candidate_tree_sha is not None and candidate_tree_sha != tree:
            raise ProvenanceError("CANDIDATE_TREE_MISMATCH")
        entries = _git(repo_root, "ls-tree", "-rz", "--full-tree", head).split(b"\0")
        source: list[tuple[str, str, str]] = []
        for entry in entries:
            if not entry:
                continue
            meta, name = entry.split(b"\t", 1)
            mode, kind, oid = meta.decode().split()
            path = safe_path(name.decode("utf-8"))
            if path in {SOURCE_MANIFEST_NAME, BUNDLE_MANIFEST_NAME}:
                raise ProvenanceError("RESERVED_GENERATED_METADATA_TRACKED:" + path)
            if kind != "blob" or mode not in {"100644", "100755"}:
                raise ProvenanceError("NON_REGULAR_GIT_SOURCE:" + path)
            source.append((path, mode, oid))
        source.sort()
        if not source or len(source) > MAX_SOURCE_FILES:
            raise ProvenanceError("SOURCE_FILE_COUNT_LIMIT")
    
        object_format = _git(repo_root, "rev-parse", "--show-object-format").decode().strip()
        if object_format not in {"sha1", "sha256"}:
            raise ProvenanceError("UNSUPPORTED_GIT_OBJECT_FORMAT")
        dockerignore_oid = next((oid for path, _, oid in source if path == ".dockerignore"), None)
        dockerignore = _git(repo_root, "cat-file", "blob", dockerignore_oid).decode() if dockerignore_oid else ""
        try:
            from scripts.porota_validate_deploy_artifact import is_runtime_relevant
        except ModuleNotFoundError:
            from porota_validate_deploy_artifact import is_runtime_relevant
        rows = []
        for path, mode, oid in source:
            src = repo_root / path
            for parent in src.parents:
                if parent == repo_root:
                    break
                if parent.is_symlink():
                    raise ProvenanceError("CHECKOUT_SOURCE_PARENT_SYMLINK:" + path)
            try:
                info = src.lstat()
            except OSError as exc:
                raise ProvenanceError("CHECKOUT_SOURCE_UNREADABLE:" + path) from exc
            if not stat.S_ISREG(info.st_mode) or info.st_nlink != 1:
                raise ProvenanceError("NON_REGULAR_CHECKOUT_SOURCE:" + path)
            # Hash the SHA256 and Git blob identity from the same opened bytes.
            # No filters, symlink reads or hash/read TOCTOU gap can authorize bytes.
            raw_sha256 = hashlib.sha256()
            blob_digest = hashlib.new(object_format)
            blob_digest.update(b"blob " + str(info.st_size).encode() + b"\0")
            count = 0
            descriptor = os.open(src, os.O_RDONLY | getattr(os, "O_NOFOLLOW", 0))
            with os.fdopen(descriptor, "rb") as handle:
                opened = os.fstat(handle.fileno())
                if (opened.st_dev, opened.st_ino) != (info.st_dev, info.st_ino):
                    raise ProvenanceError("CHECKOUT_SOURCE_REPLACED:" + path)
                for block in iter(lambda: handle.read(1024 * 1024), b""):
                    raw_sha256.update(block)
                    blob_digest.update(block)
                    count += len(block)
            if count != info.st_size or blob_digest.hexdigest() != oid:
                raise ProvenanceError("CHECKOUT_BYTE_MISMATCH:" + path)
            if stat.S_IMODE(info.st_mode) != canonical_file_mode(mode):
>               raise ProvenanceError("CHECKOUT_MODE_MISMATCH:" + path)
E               scripts.porota_artifact_provenance.ProvenanceError: CHECKOUT_MODE_MISMATCH:.dockerignore

scripts/porota_artifact_provenance.py:252: ProvenanceError
_ ERROR at setup of test_git_replace_objects_are_rejected_before_any_artifact_claim _

tmp_path = PosixPath('/workspace/scratch/porota-governed311-9a9b/pytest-private/test_git_replace_objects_are_r0')

    @pytest.fixture
    def candidate(tmp_path):
        repo = tmp_path / "candidate"
        repo.mkdir()
        for rel, content in {
            "Dockerfile": b"FROM scratch\nCOPY . /app\n",
            ".dockerignore": b"docs/\n*.pdf\n__pycache__/\n*.py[cod]\n",
            "app.py": b"import worker\nVALUE = 7\n",
            "worker.py": b"VALUE = 10\n",
            "ops/policy/paper.json": b'{"mode":"PAPER","real_orders_sent":0}\n',
            "assets/new.runtime.asset": b"automatic enumeration: unknown suffix\n",
            "scripts/run": b"#!/bin/sh\nexit 0\n",
            "tests/test_fixture.py": b"def test_case(): pass\n",
            ".github/workflows/build.yml": b"name: test\n",
            "docs/audit.md": b"Documentation excluded by versioned Docker policy\n",
            "README.md": b"Source includes documentation bytes\n",
        }.items():
            write(repo, rel, content)
        (repo / "scripts/run").chmod(0o755)
        git(repo, "init", "-q")
        git(repo, "config", "user.email", "fixture@example.invalid")
        git(repo, "config", "user.name", "Offline Provenance Test")
        git(repo, "add", ".")
        git(repo, "commit", "-qm", "offline fixture source")
>       manifest = create_source_manifest(repo)
                   ^^^^^^^^^^^^^^^^^^^^^^^^^^^^

tests/test_issue465_provenance.py:64: 
_ _ _ _ _ _ _ _ _ _ _ _ _ _ _ _ _ _ _ _ _ _ _ _ _ _ _ _ _ _ _ _ _ _ _ _ _ _ _ _ 

repo_root = PosixPath('/workspace/scratch/porota-governed311-9a9b/pytest-private/test_git_replace_objects_are_r0/candidate')
candidate_sha = None, candidate_tree_sha = None

    def create_source_manifest(
        repo_root: Path,
        candidate_sha: str | None = None,
        candidate_tree_sha: str | None = None,
    ) -> dict:
        repo_root = repo_root.resolve()
        head = _git(repo_root, "rev-parse", "HEAD").decode().strip()
        tree = _git(repo_root, "rev-parse", "HEAD^{tree}").decode().strip()
        if candidate_sha is not None and candidate_sha != head:
            raise ProvenanceError("CANDIDATE_SHA_MISMATCH")
        if candidate_tree_sha is not None and candidate_tree_sha != tree:
            raise ProvenanceError("CANDIDATE_TREE_MISMATCH")
        entries = _git(repo_root, "ls-tree", "-rz", "--full-tree", head).split(b"\0")
        source: list[tuple[str, str, str]] = []
        for entry in entries:
            if not entry:
                continue
            meta, name = entry.split(b"\t", 1)
            mode, kind, oid = meta.decode().split()
            path = safe_path(name.decode("utf-8"))
            if path in {SOURCE_MANIFEST_NAME, BUNDLE_MANIFEST_NAME}:
                raise ProvenanceError("RESERVED_GENERATED_METADATA_TRACKED:" + path)
            if kind != "blob" or mode not in {"100644", "100755"}:
                raise ProvenanceError("NON_REGULAR_GIT_SOURCE:" + path)
            source.append((path, mode, oid))
        source.sort()
        if not source or len(source) > MAX_SOURCE_FILES:
            raise ProvenanceError("SOURCE_FILE_COUNT_LIMIT")
    
        object_format = _git(repo_root, "rev-parse", "--show-object-format").decode().strip()
        if object_format not in {"sha1", "sha256"}:
            raise ProvenanceError("UNSUPPORTED_GIT_OBJECT_FORMAT")
        dockerignore_oid = next((oid for path, _, oid in source if path == ".dockerignore"), None)
        dockerignore = _git(repo_root, "cat-file", "blob", dockerignore_oid).decode() if dockerignore_oid else ""
        try:
            from scripts.porota_validate_deploy_artifact import is_runtime_relevant
        except ModuleNotFoundError:
            from porota_validate_deploy_artifact import is_runtime_relevant
        rows = []
        for path, mode, oid in source:
            src = repo_root / path
            for parent in src.parents:
                if parent == repo_root:
                    break
                if parent.is_symlink():
                    raise ProvenanceError("CHECKOUT_SOURCE_PARENT_SYMLINK:" + path)
            try:
                info = src.lstat()
            except OSError as exc:
                raise ProvenanceError("CHECKOUT_SOURCE_UNREADABLE:" + path) from exc
            if not stat.S_ISREG(info.st_mode) or info.st_nlink != 1:
                raise ProvenanceError("NON_REGULAR_CHECKOUT_SOURCE:" + path)
            # Hash the SHA256 and Git blob identity from the same opened bytes.
            # No filters, symlink reads or hash/read TOCTOU gap can authorize bytes.
            raw_sha256 = hashlib.sha256()
            blob_digest = hashlib.new(object_format)
            blob_digest.update(b"blob " + str(info.st_size).encode() + b"\0")
            count = 0
            descriptor = os.open(src, os.O_RDONLY | getattr(os, "O_NOFOLLOW", 0))
            with os.fdopen(descriptor, "rb") as handle:
                opened = os.fstat(handle.fileno())
                if (opened.st_dev, opened.st_ino) != (info.st_dev, info.st_ino):
                    raise ProvenanceError("CHECKOUT_SOURCE_REPLACED:" + path)
                for block in iter(lambda: handle.read(1024 * 1024), b""):
                    raw_sha256.update(block)
                    blob_digest.update(block)
                    count += len(block)
            if count != info.st_size or blob_digest.hexdigest() != oid:
                raise ProvenanceError("CHECKOUT_BYTE_MISMATCH:" + path)
            if stat.S_IMODE(info.st_mode) != canonical_file_mode(mode):
>               raise ProvenanceError("CHECKOUT_MODE_MISMATCH:" + path)
E               scripts.porota_artifact_provenance.ProvenanceError: CHECKOUT_MODE_MISMATCH:.dockerignore

scripts/porota_artifact_provenance.py:252: ProvenanceError
_ ERROR at setup of test_frozen_tiny_receipt_is_bound_to_raw_bytes_source_fixtures_and_image_id[missing-None] _

tmp_path = PosixPath('/workspace/scratch/porota-governed311-9a9b/pytest-private/test_frozen_tiny_receipt_is_bo0')

    @pytest.fixture
    def candidate(tmp_path):
        repo = tmp_path / "candidate"
        repo.mkdir()
        for rel, content in {
            "Dockerfile": b"FROM scratch\nCOPY . /app\n",
            ".dockerignore": b"docs/\n*.pdf\n__pycache__/\n*.py[cod]\n",
            "app.py": b"import worker\nVALUE = 7\n",
            "worker.py": b"VALUE = 10\n",
            "ops/policy/paper.json": b'{"mode":"PAPER","real_orders_sent":0}\n',
            "assets/new.runtime.asset": b"automatic enumeration: unknown suffix\n",
            "scripts/run": b"#!/bin/sh\nexit 0\n",
            "tests/test_fixture.py": b"def test_case(): pass\n",
            ".github/workflows/build.yml": b"name: test\n",
            "docs/audit.md": b"Documentation excluded by versioned Docker policy\n",
            "README.md": b"Source includes documentation bytes\n",
        }.items():
            write(repo, rel, content)
        (repo / "scripts/run").chmod(0o755)
        git(repo, "init", "-q")
        git(repo, "config", "user.email", "fixture@example.invalid")
        git(repo, "config", "user.name", "Offline Provenance Test")
        git(repo, "add", ".")
        git(repo, "commit", "-qm", "offline fixture source")
>       manifest = create_source_manifest(repo)
                   ^^^^^^^^^^^^^^^^^^^^^^^^^^^^

tests/test_issue465_provenance.py:64: 
_ _ _ _ _ _ _ _ _ _ _ _ _ _ _ _ _ _ _ _ _ _ _ _ _ _ _ _ _ _ _ _ _ _ _ _ _ _ _ _ 

repo_root = PosixPath('/workspace/scratch/porota-governed311-9a9b/pytest-private/test_frozen_tiny_receipt_is_bo0/candidate')
candidate_sha = None, candidate_tree_sha = None

    def create_source_manifest(
        repo_root: Path,
        candidate_sha: str | None = None,
        candidate_tree_sha: str | None = None,
    ) -> dict:
        repo_root = repo_root.resolve()
        head = _git(repo_root, "rev-parse", "HEAD").decode().strip()
        tree = _git(repo_root, "rev-parse", "HEAD^{tree}").decode().strip()
        if candidate_sha is not None and candidate_sha != head:
            raise ProvenanceError("CANDIDATE_SHA_MISMATCH")
        if candidate_tree_sha is not None and candidate_tree_sha != tree:
            raise ProvenanceError("CANDIDATE_TREE_MISMATCH")
        entries = _git(repo_root, "ls-tree", "-rz", "--full-tree", head).split(b"\0")
        source: list[tuple[str, str, str]] = []
        for entry in entries:
            if not entry:
                continue
            meta, name = entry.split(b"\t", 1)
            mode, kind, oid = meta.decode().split()
            path = safe_path(name.decode("utf-8"))
            if path in {SOURCE_MANIFEST_NAME, BUNDLE_MANIFEST_NAME}:
                raise ProvenanceError("RESERVED_GENERATED_METADATA_TRACKED:" + path)
            if kind != "blob" or mode not in {"100644", "100755"}:
                raise ProvenanceError("NON_REGULAR_GIT_SOURCE:" + path)
            source.append((path, mode, oid))
        source.sort()
        if not source or len(source) > MAX_SOURCE_FILES:
            raise ProvenanceError("SOURCE_FILE_COUNT_LIMIT")
    
        object_format = _git(repo_root, "rev-parse", "--show-object-format").decode().strip()
        if object_format not in {"sha1", "sha256"}:
            raise ProvenanceError("UNSUPPORTED_GIT_OBJECT_FORMAT")
        dockerignore_oid = next((oid for path, _, oid in source if path == ".dockerignore"), None)
        dockerignore = _git(repo_root, "cat-file", "blob", dockerignore_oid).decode() if dockerignore_oid else ""
        try:
            from scripts.porota_validate_deploy_artifact import is_runtime_relevant
        except ModuleNotFoundError:
            from porota_validate_deploy_artifact import is_runtime_relevant
        rows = []
        for path, mode, oid in source:
            src = repo_root / path
            for parent in src.parents:
                if parent == repo_root:
                    break
                if parent.is_symlink():
                    raise ProvenanceError("CHECKOUT_SOURCE_PARENT_SYMLINK:" + path)
            try:
                info = src.lstat()
            except OSError as exc:
                raise ProvenanceError("CHECKOUT_SOURCE_UNREADABLE:" + path) from exc
            if not stat.S_ISREG(info.st_mode) or info.st_nlink != 1:
                raise ProvenanceError("NON_REGULAR_CHECKOUT_SOURCE:" + path)
            # Hash the SHA256 and Git blob identity from the same opened bytes.
            # No filters, symlink reads or hash/read TOCTOU gap can authorize bytes.
            raw_sha256 = hashlib.sha256()
            blob_digest = hashlib.new(object_format)
            blob_digest.update(b"blob " + str(info.st_size).encode() + b"\0")
            count = 0
            descriptor = os.open(src, os.O_RDONLY | getattr(os, "O_NOFOLLOW", 0))
            with os.fdopen(descriptor, "rb") as handle:
                opened = os.fstat(handle.fileno())
                if (opened.st_dev, opened.st_ino) != (info.st_dev, info.st_ino):
                    raise ProvenanceError("CHECKOUT_SOURCE_REPLACED:" + path)
                for block in iter(lambda: handle.read(1024 * 1024), b""):
                    raw_sha256.update(block)
                    blob_digest.update(block)
                    count += len(block)
            if count != info.st_size or blob_digest.hexdigest() != oid:
                raise ProvenanceError("CHECKOUT_BYTE_MISMATCH:" + path)
            if stat.S_IMODE(info.st_mode) != canonical_file_mode(mode):
>               raise ProvenanceError("CHECKOUT_MODE_MISMATCH:" + path)
E               scripts.porota_artifact_provenance.ProvenanceError: CHECKOUT_MODE_MISMATCH:.dockerignore

scripts/porota_artifact_provenance.py:252: ProvenanceError
_ ERROR at setup of test_frozen_tiny_receipt_is_bound_to_raw_bytes_source_fixtures_and_image_id[alias-None] _

tmp_path = PosixPath('/workspace/scratch/porota-governed311-9a9b/pytest-private/test_frozen_tiny_receipt_is_bo1')

    @pytest.fixture
    def candidate(tmp_path):
        repo = tmp_path / "candidate"
        repo.mkdir()
        for rel, content in {
            "Dockerfile": b"FROM scratch\nCOPY . /app\n",
            ".dockerignore": b"docs/\n*.pdf\n__pycache__/\n*.py[cod]\n",
            "app.py": b"import worker\nVALUE = 7\n",
            "worker.py": b"VALUE = 10\n",
            "ops/policy/paper.json": b'{"mode":"PAPER","real_orders_sent":0}\n',
            "assets/new.runtime.asset": b"automatic enumeration: unknown suffix\n",
            "scripts/run": b"#!/bin/sh\nexit 0\n",
            "tests/test_fixture.py": b"def test_case(): pass\n",
            ".github/workflows/build.yml": b"name: test\n",
            "docs/audit.md": b"Documentation excluded by versioned Docker policy\n",
            "README.md": b"Source includes documentation bytes\n",
        }.items():
            write(repo, rel, content)
        (repo / "scripts/run").chmod(0o755)
        git(repo, "init", "-q")
        git(repo, "config", "user.email", "fixture@example.invalid")
        git(repo, "config", "user.name", "Offline Provenance Test")
        git(repo, "add", ".")
        git(repo, "commit", "-qm", "offline fixture source")
>       manifest = create_source_manifest(repo)
                   ^^^^^^^^^^^^^^^^^^^^^^^^^^^^

tests/test_issue465_provenance.py:64: 
_ _ _ _ _ _ _ _ _ _ _ _ _ _ _ _ _ _ _ _ _ _ _ _ _ _ _ _ _ _ _ _ _ _ _ _ _ _ _ _ 

repo_root = PosixPath('/workspace/scratch/porota-governed311-9a9b/pytest-private/test_frozen_tiny_receipt_is_bo1/candidate')
candidate_sha = None, candidate_tree_sha = None

    def create_source_manifest(
        repo_root: Path,
        candidate_sha: str | None = None,
        candidate_tree_sha: str | None = None,
    ) -> dict:
        repo_root = repo_root.resolve()
        head = _git(repo_root, "rev-parse", "HEAD").decode().strip()
        tree = _git(repo_root, "rev-parse", "HEAD^{tree}").decode().strip()
        if candidate_sha is not None and candidate_sha != head:
            raise ProvenanceError("CANDIDATE_SHA_MISMATCH")
        if candidate_tree_sha is not None and candidate_tree_sha != tree:
            raise ProvenanceError("CANDIDATE_TREE_MISMATCH")
        entries = _git(repo_root, "ls-tree", "-rz", "--full-tree", head).split(b"\0")
        source: list[tuple[str, str, str]] = []
        for entry in entries:
            if not entry:
                continue
            meta, name = entry.split(b"\t", 1)
            mode, kind, oid = meta.decode().split()
            path = safe_path(name.decode("utf-8"))
            if path in {SOURCE_MANIFEST_NAME, BUNDLE_MANIFEST_NAME}:
                raise ProvenanceError("RESERVED_GENERATED_METADATA_TRACKED:" + path)
            if kind != "blob" or mode not in {"100644", "100755"}:
                raise ProvenanceError("NON_REGULAR_GIT_SOURCE:" + path)
            source.append((path, mode, oid))
        source.sort()
        if not source or len(source) > MAX_SOURCE_FILES:
            raise ProvenanceError("SOURCE_FILE_COUNT_LIMIT")
    
        object_format = _git(repo_root, "rev-parse", "--show-object-format").decode().strip()
        if object_format not in {"sha1", "sha256"}:
            raise ProvenanceError("UNSUPPORTED_GIT_OBJECT_FORMAT")
        dockerignore_oid = next((oid for path, _, oid in source if path == ".dockerignore"), None)
        dockerignore = _git(repo_root, "cat-file", "blob", dockerignore_oid).decode() if dockerignore_oid else ""
        try:
            from scripts.porota_validate_deploy_artifact import is_runtime_relevant
        except ModuleNotFoundError:
            from porota_validate_deploy_artifact import is_runtime_relevant
        rows = []
        for path, mode, oid in source:
            src = repo_root / path
            for parent in src.parents:
                if parent == repo_root:
                    break
                if parent.is_symlink():
                    raise ProvenanceError("CHECKOUT_SOURCE_PARENT_SYMLINK:" + path)
            try:
                info = src.lstat()
            except OSError as exc:
                raise ProvenanceError("CHECKOUT_SOURCE_UNREADABLE:" + path) from exc
            if not stat.S_ISREG(info.st_mode) or info.st_nlink != 1:
                raise ProvenanceError("NON_REGULAR_CHECKOUT_SOURCE:" + path)
            # Hash the SHA256 and Git blob identity from the same opened bytes.
            # No filters, symlink reads or hash/read TOCTOU gap can authorize bytes.
            raw_sha256 = hashlib.sha256()
            blob_digest = hashlib.new(object_format)
            blob_digest.update(b"blob " + str(info.st_size).encode() + b"\0")
            count = 0
            descriptor = os.open(src, os.O_RDONLY | getattr(os, "O_NOFOLLOW", 0))
            with os.fdopen(descriptor, "rb") as handle:
                opened = os.fstat(handle.fileno())
                if (opened.st_dev, opened.st_ino) != (info.st_dev, info.st_ino):
                    raise ProvenanceError("CHECKOUT_SOURCE_REPLACED:" + path)
                for block in iter(lambda: handle.read(1024 * 1024), b""):
                    raw_sha256.update(block)
                    blob_digest.update(block)
                    count += len(block)
            if count != info.st_size or blob_digest.hexdigest() != oid:
                raise ProvenanceError("CHECKOUT_BYTE_MISMATCH:" + path)
            if stat.S_IMODE(info.st_mode) != canonical_file_mode(mode):
>               raise ProvenanceError("CHECKOUT_MODE_MISMATCH:" + path)
E               scripts.porota_artifact_provenance.ProvenanceError: CHECKOUT_MODE_MISMATCH:.dockerignore

scripts/porota_artifact_provenance.py:252: ProvenanceError
_ ERROR at setup of test_frozen_tiny_receipt_is_bound_to_raw_bytes_source_fixtures_and_image_id[digest-DIGEST_MISMATCH] _

tmp_path = PosixPath('/workspace/scratch/porota-governed311-9a9b/pytest-private/test_frozen_tiny_receipt_is_bo2')

    @pytest.fixture
    def candidate(tmp_path):
        repo = tmp_path / "candidate"
        repo.mkdir()
        for rel, content in {
            "Dockerfile": b"FROM scratch\nCOPY . /app\n",
            ".dockerignore": b"docs/\n*.pdf\n__pycache__/\n*.py[cod]\n",
            "app.py": b"import worker\nVALUE = 7\n",
            "worker.py": b"VALUE = 10\n",
            "ops/policy/paper.json": b'{"mode":"PAPER","real_orders_sent":0}\n',
            "assets/new.runtime.asset": b"automatic enumeration: unknown suffix\n",
            "scripts/run": b"#!/bin/sh\nexit 0\n",
            "tests/test_fixture.py": b"def test_case(): pass\n",
            ".github/workflows/build.yml": b"name: test\n",
            "docs/audit.md": b"Documentation excluded by versioned Docker policy\n",
            "README.md": b"Source includes documentation bytes\n",
        }.items():
            write(repo, rel, content)
        (repo / "scripts/run").chmod(0o755)
        git(repo, "init", "-q")
        git(repo, "config", "user.email", "fixture@example.invalid")
        git(repo, "config", "user.name", "Offline Provenance Test")
        git(repo, "add", ".")
        git(repo, "commit", "-qm", "offline fixture source")
>       manifest = create_source_manifest(repo)
                   ^^^^^^^^^^^^^^^^^^^^^^^^^^^^

tests/test_issue465_provenance.py:64: 
_ _ _ _ _ _ _ _ _ _ _ _ _ _ _ _ _ _ _ _ _ _ _ _ _ _ _ _ _ _ _ _ _ _ _ _ _ _ _ _ 

repo_root = PosixPath('/workspace/scratch/porota-governed311-9a9b/pytest-private/test_frozen_tiny_receipt_is_bo2/candidate')
candidate_sha = None, candidate_tree_sha = None

    def create_source_manifest(
        repo_root: Path,
        candidate_sha: str | None = None,
        candidate_tree_sha: str | None = None,
    ) -> dict:
        repo_root = repo_root.resolve()
        head = _git(repo_root, "rev-parse", "HEAD").decode().strip()
        tree = _git(repo_root, "rev-parse", "HEAD^{tree}").decode().strip()
        if candidate_sha is not None and candidate_sha != head:
            raise ProvenanceError("CANDIDATE_SHA_MISMATCH")
        if candidate_tree_sha is not None and candidate_tree_sha != tree:
            raise ProvenanceError("CANDIDATE_TREE_MISMATCH")
        entries = _git(repo_root, "ls-tree", "-rz", "--full-tree", head).split(b"\0")
        source: list[tuple[str, str, str]] = []
        for entry in entries:
            if not entry:
                continue
            meta, name = entry.split(b"\t", 1)
            mode, kind, oid = meta.decode().split()
            path = safe_path(name.decode("utf-8"))
            if path in {SOURCE_MANIFEST_NAME, BUNDLE_MANIFEST_NAME}:
                raise ProvenanceError("RESERVED_GENERATED_METADATA_TRACKED:" + path)
            if kind != "blob" or mode not in {"100644", "100755"}:
                raise ProvenanceError("NON_REGULAR_GIT_SOURCE:" + path)
            source.append((path, mode, oid))
        source.sort()
        if not source or len(source) > MAX_SOURCE_FILES:
            raise ProvenanceError("SOURCE_FILE_COUNT_LIMIT")
    
        object_format = _git(repo_root, "rev-parse", "--show-object-format").decode().strip()
        if object_format not in {"sha1", "sha256"}:
            raise ProvenanceError("UNSUPPORTED_GIT_OBJECT_FORMAT")
        dockerignore_oid = next((oid for path, _, oid in source if path == ".dockerignore"), None)
        dockerignore = _git(repo_root, "cat-file", "blob", dockerignore_oid).decode() if dockerignore_oid else ""
        try:
            from scripts.porota_validate_deploy_artifact import is_runtime_relevant
        except ModuleNotFoundError:
            from porota_validate_deploy_artifact import is_runtime_relevant
        rows = []
        for path, mode, oid in source:
            src = repo_root / path
            for parent in src.parents:
                if parent == repo_root:
                    break
                if parent.is_symlink():
                    raise ProvenanceError("CHECKOUT_SOURCE_PARENT_SYMLINK:" + path)
            try:
                info = src.lstat()
            except OSError as exc:
                raise ProvenanceError("CHECKOUT_SOURCE_UNREADABLE:" + path) from exc
            if not stat.S_ISREG(info.st_mode) or info.st_nlink != 1:
                raise ProvenanceError("NON_REGULAR_CHECKOUT_SOURCE:" + path)
            # Hash the SHA256 and Git blob identity from the same opened bytes.
            # No filters, symlink reads or hash/read TOCTOU gap can authorize bytes.
            raw_sha256 = hashlib.sha256()
            blob_digest = hashlib.new(object_format)
            blob_digest.update(b"blob " + str(info.st_size).encode() + b"\0")
            count = 0
            descriptor = os.open(src, os.O_RDONLY | getattr(os, "O_NOFOLLOW", 0))
            with os.fdopen(descriptor, "rb") as handle:
                opened = os.fstat(handle.fileno())
                if (opened.st_dev, opened.st_ino) != (info.st_dev, info.st_ino):
                    raise ProvenanceError("CHECKOUT_SOURCE_REPLACED:" + path)
                for block in iter(lambda: handle.read(1024 * 1024), b""):
                    raw_sha256.update(block)
                    blob_digest.update(block)
                    count += len(block)
            if count != info.st_size or blob_digest.hexdigest() != oid:
                raise ProvenanceError("CHECKOUT_BYTE_MISMATCH:" + path)
            if stat.S_IMODE(info.st_mode) != canonical_file_mode(mode):
>               raise ProvenanceError("CHECKOUT_MODE_MISMATCH:" + path)
E               scripts.porota_artifact_provenance.ProvenanceError: CHECKOUT_MODE_MISMATCH:.dockerignore

scripts/porota_artifact_provenance.py:252: ProvenanceError
_ ERROR at setup of test_frozen_tiny_receipt_is_bound_to_raw_bytes_source_fixtures_and_image_id[script-SOURCE_MISMATCH] _

tmp_path = PosixPath('/workspace/scratch/porota-governed311-9a9b/pytest-private/test_frozen_tiny_receipt_is_bo3')

    @pytest.fixture
    def candidate(tmp_path):
        repo = tmp_path / "candidate"
        repo.mkdir()
        for rel, content in {
            "Dockerfile": b"FROM scratch\nCOPY . /app\n",
            ".dockerignore": b"docs/\n*.pdf\n__pycache__/\n*.py[cod]\n",
            "app.py": b"import worker\nVALUE = 7\n",
            "worker.py": b"VALUE = 10\n",
            "ops/policy/paper.json": b'{"mode":"PAPER","real_orders_sent":0}\n',
            "assets/new.runtime.asset": b"automatic enumeration: unknown suffix\n",
            "scripts/run": b"#!/bin/sh\nexit 0\n",
            "tests/test_fixture.py": b"def test_case(): pass\n",
            ".github/workflows/build.yml": b"name: test\n",
            "docs/audit.md": b"Documentation excluded by versioned Docker policy\n",
            "README.md": b"Source includes documentation bytes\n",
        }.items():
            write(repo, rel, content)
        (repo / "scripts/run").chmod(0o755)
        git(repo, "init", "-q")
        git(repo, "config", "user.email", "fixture@example.invalid")
        git(repo, "config", "user.name", "Offline Provenance Test")
        git(repo, "add", ".")
        git(repo, "commit", "-qm", "offline fixture source")
>       manifest = create_source_manifest(repo)
                   ^^^^^^^^^^^^^^^^^^^^^^^^^^^^

tests/test_issue465_provenance.py:64: 
_ _ _ _ _ _ _ _ _ _ _ _ _ _ _ _ _ _ _ _ _ _ _ _ _ _ _ _ _ _ _ _ _ _ _ _ _ _ _ _ 

repo_root = PosixPath('/workspace/scratch/porota-governed311-9a9b/pytest-private/test_frozen_tiny_receipt_is_bo3/candidate')
candidate_sha = None, candidate_tree_sha = None

    def create_source_manifest(
        repo_root: Path,
        candidate_sha: str | None = None,
        candidate_tree_sha: str | None = None,
    ) -> dict:
        repo_root = repo_root.resolve()
        head = _git(repo_root, "rev-parse", "HEAD").decode().strip()
        tree = _git(repo_root, "rev-parse", "HEAD^{tree}").decode().strip()
        if candidate_sha is not None and candidate_sha != head:
            raise ProvenanceError("CANDIDATE_SHA_MISMATCH")
        if candidate_tree_sha is not None and candidate_tree_sha != tree:
            raise ProvenanceError("CANDIDATE_TREE_MISMATCH")
        entries = _git(repo_root, "ls-tree", "-rz", "--full-tree", head).split(b"\0")
        source: list[tuple[str, str, str]] = []
        for entry in entries:
            if not entry:
                continue
            meta, name = entry.split(b"\t", 1)
            mode, kind, oid = meta.decode().split()
            path = safe_path(name.decode("utf-8"))
            if path in {SOURCE_MANIFEST_NAME, BUNDLE_MANIFEST_NAME}:
                raise ProvenanceError("RESERVED_GENERATED_METADATA_TRACKED:" + path)
            if kind != "blob" or mode not in {"100644", "100755"}:
                raise ProvenanceError("NON_REGULAR_GIT_SOURCE:" + path)
            source.append((path, mode, oid))
        source.sort()
        if not source or len(source) > MAX_SOURCE_FILES:
            raise ProvenanceError("SOURCE_FILE_COUNT_LIMIT")
    
        object_format = _git(repo_root, "rev-parse", "--show-object-format").decode().strip()
        if object_format not in {"sha1", "sha256"}:
            raise ProvenanceError("UNSUPPORTED_GIT_OBJECT_FORMAT")
        dockerignore_oid = next((oid for path, _, oid in source if path == ".dockerignore"), None)
        dockerignore = _git(repo_root, "cat-file", "blob", dockerignore_oid).decode() if dockerignore_oid else ""
        try:
            from scripts.porota_validate_deploy_artifact import is_runtime_relevant
        except ModuleNotFoundError:
            from porota_validate_deploy_artifact import is_runtime_relevant
        rows = []
        for path, mode, oid in source:
            src = repo_root / path
            for parent in src.parents:
                if parent == repo_root:
                    break
                if parent.is_symlink():
                    raise ProvenanceError("CHECKOUT_SOURCE_PARENT_SYMLINK:" + path)
            try:
                info = src.lstat()
            except OSError as exc:
                raise ProvenanceError("CHECKOUT_SOURCE_UNREADABLE:" + path) from exc
            if not stat.S_ISREG(info.st_mode) or info.st_nlink != 1:
                raise ProvenanceError("NON_REGULAR_CHECKOUT_SOURCE:" + path)
            # Hash the SHA256 and Git blob identity from the same opened bytes.
            # No filters, symlink reads or hash/read TOCTOU gap can authorize bytes.
            raw_sha256 = hashlib.sha256()
            blob_digest = hashlib.new(object_format)
            blob_digest.update(b"blob " + str(info.st_size).encode() + b"\0")
            count = 0
            descriptor = os.open(src, os.O_RDONLY | getattr(os, "O_NOFOLLOW", 0))
            with os.fdopen(descriptor, "rb") as handle:
                opened = os.fstat(handle.fileno())
                if (opened.st_dev, opened.st_ino) != (info.st_dev, info.st_ino):
                    raise ProvenanceError("CHECKOUT_SOURCE_REPLACED:" + path)
                for block in iter(lambda: handle.read(1024 * 1024), b""):
                    raw_sha256.update(block)
                    blob_digest.update(block)
                    count += len(block)
            if count != info.st_size or blob_digest.hexdigest() != oid:
                raise ProvenanceError("CHECKOUT_BYTE_MISMATCH:" + path)
            if stat.S_IMODE(info.st_mode) != canonical_file_mode(mode):
>               raise ProvenanceError("CHECKOUT_MODE_MISMATCH:" + path)
E               scripts.porota_artifact_provenance.ProvenanceError: CHECKOUT_MODE_MISMATCH:.dockerignore

scripts/porota_artifact_provenance.py:252: ProvenanceError
_ ERROR at setup of test_frozen_tiny_receipt_is_bound_to_raw_bytes_source_fixtures_and_image_id[fixture-SOURCE_MISMATCH] _

tmp_path = PosixPath('/workspace/scratch/porota-governed311-9a9b/pytest-private/test_frozen_tiny_receipt_is_bo4')

    @pytest.fixture
    def candidate(tmp_path):
        repo = tmp_path / "candidate"
        repo.mkdir()
        for rel, content in {
            "Dockerfile": b"FROM scratch\nCOPY . /app\n",
            ".dockerignore": b"docs/\n*.pdf\n__pycache__/\n*.py[cod]\n",
            "app.py": b"import worker\nVALUE = 7\n",
            "worker.py": b"VALUE = 10\n",
            "ops/policy/paper.json": b'{"mode":"PAPER","real_orders_sent":0}\n',
            "assets/new.runtime.asset": b"automatic enumeration: unknown suffix\n",
            "scripts/run": b"#!/bin/sh\nexit 0\n",
            "tests/test_fixture.py": b"def test_case(): pass\n",
            ".github/workflows/build.yml": b"name: test\n",
            "docs/audit.md": b"Documentation excluded by versioned Docker policy\n",
            "README.md": b"Source includes documentation bytes\n",
        }.items():
            write(repo, rel, content)
        (repo / "scripts/run").chmod(0o755)
        git(repo, "init", "-q")
        git(repo, "config", "user.email", "fixture@example.invalid")
        git(repo, "config", "user.name", "Offline Provenance Test")
        git(repo, "add", ".")
        git(repo, "commit", "-qm", "offline fixture source")
>       manifest = create_source_manifest(repo)
                   ^^^^^^^^^^^^^^^^^^^^^^^^^^^^

tests/test_issue465_provenance.py:64: 
_ _ _ _ _ _ _ _ _ _ _ _ _ _ _ _ _ _ _ _ _ _ _ _ _ _ _ _ _ _ _ _ _ _ _ _ _ _ _ _ 

repo_root = PosixPath('/workspace/scratch/porota-governed311-9a9b/pytest-private/test_frozen_tiny_receipt_is_bo4/candidate')
candidate_sha = None, candidate_tree_sha = None

    def create_source_manifest(
        repo_root: Path,
        candidate_sha: str | None = None,
        candidate_tree_sha: str | None = None,
    ) -> dict:
        repo_root = repo_root.resolve()
        head = _git(repo_root, "rev-parse", "HEAD").decode().strip()
        tree = _git(repo_root, "rev-parse", "HEAD^{tree}").decode().strip()
        if candidate_sha is not None and candidate_sha != head:
            raise ProvenanceError("CANDIDATE_SHA_MISMATCH")
        if candidate_tree_sha is not None and candidate_tree_sha != tree:
            raise ProvenanceError("CANDIDATE_TREE_MISMATCH")
        entries = _git(repo_root, "ls-tree", "-rz", "--full-tree", head).split(b"\0")
        source: list[tuple[str, str, str]] = []
        for entry in entries:
            if not entry:
                continue
            meta, name = entry.split(b"\t", 1)
            mode, kind, oid = meta.decode().split()
            path = safe_path(name.decode("utf-8"))
            if path in {SOURCE_MANIFEST_NAME, BUNDLE_MANIFEST_NAME}:
                raise ProvenanceError("RESERVED_GENERATED_METADATA_TRACKED:" + path)
            if kind != "blob" or mode not in {"100644", "100755"}:
                raise ProvenanceError("NON_REGULAR_GIT_SOURCE:" + path)
            source.append((path, mode, oid))
        source.sort()
        if not source or len(source) > MAX_SOURCE_FILES:
            raise ProvenanceError("SOURCE_FILE_COUNT_LIMIT")
    
        object_format = _git(repo_root, "rev-parse", "--show-object-format").decode().strip()
        if object_format not in {"sha1", "sha256"}:
            raise ProvenanceError("UNSUPPORTED_GIT_OBJECT_FORMAT")
        dockerignore_oid = next((oid for path, _, oid in source if path == ".dockerignore"), None)
        dockerignore = _git(repo_root, "cat-file", "blob", dockerignore_oid).decode() if dockerignore_oid else ""
        try:
            from scripts.porota_validate_deploy_artifact import is_runtime_relevant
        except ModuleNotFoundError:
            from porota_validate_deploy_artifact import is_runtime_relevant
        rows = []
        for path, mode, oid in source:
            src = repo_root / path
            for parent in src.parents:
                if parent == repo_root:
                    break
                if parent.is_symlink():
                    raise ProvenanceError("CHECKOUT_SOURCE_PARENT_SYMLINK:" + path)
            try:
                info = src.lstat()
            except OSError as exc:
                raise ProvenanceError("CHECKOUT_SOURCE_UNREADABLE:" + path) from exc
            if not stat.S_ISREG(info.st_mode) or info.st_nlink != 1:
                raise ProvenanceError("NON_REGULAR_CHECKOUT_SOURCE:" + path)
            # Hash the SHA256 and Git blob identity from the same opened bytes.
            # No filters, symlink reads or hash/read TOCTOU gap can authorize bytes.
            raw_sha256 = hashlib.sha256()
            blob_digest = hashlib.new(object_format)
            blob_digest.update(b"blob " + str(info.st_size).encode() + b"\0")
            count = 0
            descriptor = os.open(src, os.O_RDONLY | getattr(os, "O_NOFOLLOW", 0))
            with os.fdopen(descriptor, "rb") as handle:
                opened = os.fstat(handle.fileno())
                if (opened.st_dev, opened.st_ino) != (info.st_dev, info.st_ino):
                    raise ProvenanceError("CHECKOUT_SOURCE_REPLACED:" + path)
                for block in iter(lambda: handle.read(1024 * 1024), b""):
                    raw_sha256.update(block)
                    blob_digest.update(block)
                    count += len(block)
            if count != info.st_size or blob_digest.hexdigest() != oid:
                raise ProvenanceError("CHECKOUT_BYTE_MISMATCH:" + path)
            if stat.S_IMODE(info.st_mode) != canonical_file_mode(mode):
>               raise ProvenanceError("CHECKOUT_MODE_MISMATCH:" + path)
E               scripts.porota_artifact_provenance.ProvenanceError: CHECKOUT_MODE_MISMATCH:.dockerignore

scripts/porota_artifact_provenance.py:252: ProvenanceError
_ ERROR at setup of test_frozen_tiny_receipt_is_bound_to_raw_bytes_source_fixtures_and_image_id[loaded_id-BINDING_INVALID] _

tmp_path = PosixPath('/workspace/scratch/porota-governed311-9a9b/pytest-private/test_frozen_tiny_receipt_is_bo5')

    @pytest.fixture
    def candidate(tmp_path):
        repo = tmp_path / "candidate"
        repo.mkdir()
        for rel, content in {
            "Dockerfile": b"FROM scratch\nCOPY . /app\n",
            ".dockerignore": b"docs/\n*.pdf\n__pycache__/\n*.py[cod]\n",
            "app.py": b"import worker\nVALUE = 7\n",
            "worker.py": b"VALUE = 10\n",
            "ops/policy/paper.json": b'{"mode":"PAPER","real_orders_sent":0}\n',
            "assets/new.runtime.asset": b"automatic enumeration: unknown suffix\n",
            "scripts/run": b"#!/bin/sh\nexit 0\n",
            "tests/test_fixture.py": b"def test_case(): pass\n",
            ".github/workflows/build.yml": b"name: test\n",
            "docs/audit.md": b"Documentation excluded by versioned Docker policy\n",
            "README.md": b"Source includes documentation bytes\n",
        }.items():
            write(repo, rel, content)
        (repo / "scripts/run").chmod(0o755)
        git(repo, "init", "-q")
        git(repo, "config", "user.email", "fixture@example.invalid")
        git(repo, "config", "user.name", "Offline Provenance Test")
        git(repo, "add", ".")
        git(repo, "commit", "-qm", "offline fixture source")
>       manifest = create_source_manifest(repo)
                   ^^^^^^^^^^^^^^^^^^^^^^^^^^^^

tests/test_issue465_provenance.py:64: 
_ _ _ _ _ _ _ _ _ _ _ _ _ _ _ _ _ _ _ _ _ _ _ _ _ _ _ _ _ _ _ _ _ _ _ _ _ _ _ _ 

repo_root = PosixPath('/workspace/scratch/porota-governed311-9a9b/pytest-private/test_frozen_tiny_receipt_is_bo5/candidate')
candidate_sha = None, candidate_tree_sha = None

    def create_source_manifest(
        repo_root: Path,
        candidate_sha: str | None = None,
        candidate_tree_sha: str | None = None,
    ) -> dict:
        repo_root = repo_root.resolve()
        head = _git(repo_root, "rev-parse", "HEAD").decode().strip()
        tree = _git(repo_root, "rev-parse", "HEAD^{tree}").decode().strip()
        if candidate_sha is not None and candidate_sha != head:
            raise ProvenanceError("CANDIDATE_SHA_MISMATCH")
        if candidate_tree_sha is not None and candidate_tree_sha != tree:
            raise ProvenanceError("CANDIDATE_TREE_MISMATCH")
        entries = _git(repo_root, "ls-tree", "-rz", "--full-tree", head).split(b"\0")
        source: list[tuple[str, str, str]] = []
        for entry in entries:
            if not entry:
                continue
            meta, name = entry.split(b"\t", 1)
            mode, kind, oid = meta.decode().split()
            path = safe_path(name.decode("utf-8"))
            if path in {SOURCE_MANIFEST_NAME, BUNDLE_MANIFEST_NAME}:
                raise ProvenanceError("RESERVED_GENERATED_METADATA_TRACKED:" + path)
            if kind != "blob" or mode not in {"100644", "100755"}:
                raise ProvenanceError("NON_REGULAR_GIT_SOURCE:" + path)
            source.append((path, mode, oid))
        source.sort()
        if not source or len(source) > MAX_SOURCE_FILES:
            raise ProvenanceError("SOURCE_FILE_COUNT_LIMIT")
    
        object_format = _git(repo_root, "rev-parse", "--show-object-format").decode().strip()
        if object_format not in {"sha1", "sha256"}:
            raise ProvenanceError("UNSUPPORTED_GIT_OBJECT_FORMAT")
        dockerignore_oid = next((oid for path, _, oid in source if path == ".dockerignore"), None)
        dockerignore = _git(repo_root, "cat-file", "blob", dockerignore_oid).decode() if dockerignore_oid else ""
        try:
            from scripts.porota_validate_deploy_artifact import is_runtime_relevant
        except ModuleNotFoundError:
            from porota_validate_deploy_artifact import is_runtime_relevant
        rows = []
        for path, mode, oid in source:
            src = repo_root / path
            for parent in src.parents:
                if parent == repo_root:
                    break
                if parent.is_symlink():
                    raise ProvenanceError("CHECKOUT_SOURCE_PARENT_SYMLINK:" + path)
            try:
                info = src.lstat()
            except OSError as exc:
                raise ProvenanceError("CHECKOUT_SOURCE_UNREADABLE:" + path) from exc
            if not stat.S_ISREG(info.st_mode) or info.st_nlink != 1:
                raise ProvenanceError("NON_REGULAR_CHECKOUT_SOURCE:" + path)
            # Hash the SHA256 and Git blob identity from the same opened bytes.
            # No filters, symlink reads or hash/read TOCTOU gap can authorize bytes.
            raw_sha256 = hashlib.sha256()
            blob_digest = hashlib.new(object_format)
            blob_digest.update(b"blob " + str(info.st_size).encode() + b"\0")
            count = 0
            descriptor = os.open(src, os.O_RDONLY | getattr(os, "O_NOFOLLOW", 0))
            with os.fdopen(descriptor, "rb") as handle:
                opened = os.fstat(handle.fileno())
                if (opened.st_dev, opened.st_ino) != (info.st_dev, info.st_ino):
                    raise ProvenanceError("CHECKOUT_SOURCE_REPLACED:" + path)
                for block in iter(lambda: handle.read(1024 * 1024), b""):
                    raw_sha256.update(block)
                    blob_digest.update(block)
                    count += len(block)
            if count != info.st_size or blob_digest.hexdigest() != oid:
                raise ProvenanceError("CHECKOUT_BYTE_MISMATCH:" + path)
            if stat.S_IMODE(info.st_mode) != canonical_file_mode(mode):
>               raise ProvenanceError("CHECKOUT_MODE_MISMATCH:" + path)
E               scripts.porota_artifact_provenance.ProvenanceError: CHECKOUT_MODE_MISMATCH:.dockerignore

scripts/porota_artifact_provenance.py:252: ProvenanceError
_ ERROR at setup of test_frozen_tiny_receipt_is_bound_to_raw_bytes_source_fixtures_and_image_id[missing_case-CASE_CLOSURE] _

tmp_path = PosixPath('/workspace/scratch/porota-governed311-9a9b/pytest-private/test_frozen_tiny_receipt_is_bo6')

    @pytest.fixture
    def candidate(tmp_path):
        repo = tmp_path / "candidate"
        repo.mkdir()
        for rel, content in {
            "Dockerfile": b"FROM scratch\nCOPY . /app\n",
            ".dockerignore": b"docs/\n*.pdf\n__pycache__/\n*.py[cod]\n",
            "app.py": b"import worker\nVALUE = 7\n",
            "worker.py": b"VALUE = 10\n",
            "ops/policy/paper.json": b'{"mode":"PAPER","real_orders_sent":0}\n',
            "assets/new.runtime.asset": b"automatic enumeration: unknown suffix\n",
            "scripts/run": b"#!/bin/sh\nexit 0\n",
            "tests/test_fixture.py": b"def test_case(): pass\n",
            ".github/workflows/build.yml": b"name: test\n",
            "docs/audit.md": b"Documentation excluded by versioned Docker policy\n",
            "README.md": b"Source includes documentation bytes\n",
        }.items():
            write(repo, rel, content)
        (repo / "scripts/run").chmod(0o755)
        git(repo, "init", "-q")
        git(repo, "config", "user.email", "fixture@example.invalid")
        git(repo, "config", "user.name", "Offline Provenance Test")
        git(repo, "add", ".")
        git(repo, "commit", "-qm", "offline fixture source")
>       manifest = create_source_manifest(repo)
                   ^^^^^^^^^^^^^^^^^^^^^^^^^^^^

tests/test_issue465_provenance.py:64: 
_ _ _ _ _ _ _ _ _ _ _ _ _ _ _ _ _ _ _ _ _ _ _ _ _ _ _ _ _ _ _ _ _ _ _ _ _ _ _ _ 

repo_root = PosixPath('/workspace/scratch/porota-governed311-9a9b/pytest-private/test_frozen_tiny_receipt_is_bo6/candidate')
candidate_sha = None, candidate_tree_sha = None

    def create_source_manifest(
        repo_root: Path,
        candidate_sha: str | None = None,
        candidate_tree_sha: str | None = None,
    ) -> dict:
        repo_root = repo_root.resolve()
        head = _git(repo_root, "rev-parse", "HEAD").decode().strip()
        tree = _git(repo_root, "rev-parse", "HEAD^{tree}").decode().strip()
        if candidate_sha is not None and candidate_sha != head:
            raise ProvenanceError("CANDIDATE_SHA_MISMATCH")
        if candidate_tree_sha is not None and candidate_tree_sha != tree:
            raise ProvenanceError("CANDIDATE_TREE_MISMATCH")
        entries = _git(repo_root, "ls-tree", "-rz", "--full-tree", head).split(b"\0")
        source: list[tuple[str, str, str]] = []
        for entry in entries:
            if not entry:
                continue
            meta, name = entry.split(b"\t", 1)
            mode, kind, oid = meta.decode().split()
            path = safe_path(name.decode("utf-8"))
            if path in {SOURCE_MANIFEST_NAME, BUNDLE_MANIFEST_NAME}:
                raise ProvenanceError("RESERVED_GENERATED_METADATA_TRACKED:" + path)
            if kind != "blob" or mode not in {"100644", "100755"}:
                raise ProvenanceError("NON_REGULAR_GIT_SOURCE:" + path)
            source.append((path, mode, oid))
        source.sort()
        if not source or len(source) > MAX_SOURCE_FILES:
            raise ProvenanceError("SOURCE_FILE_COUNT_LIMIT")
    
        object_format = _git(repo_root, "rev-parse", "--show-object-format").decode().strip()
        if object_format not in {"sha1", "sha256"}:
            raise ProvenanceError("UNSUPPORTED_GIT_OBJECT_FORMAT")
        dockerignore_oid = next((oid for path, _, oid in source if path == ".dockerignore"), None)
        dockerignore = _git(repo_root, "cat-file", "blob", dockerignore_oid).decode() if dockerignore_oid else ""
        try:
            from scripts.porota_validate_deploy_artifact import is_runtime_relevant
        except ModuleNotFoundError:
            from porota_validate_deploy_artifact import is_runtime_relevant
        rows = []
        for path, mode, oid in source:
            src = repo_root / path
            for parent in src.parents:
                if parent == repo_root:
                    break
                if parent.is_symlink():
                    raise ProvenanceError("CHECKOUT_SOURCE_PARENT_SYMLINK:" + path)
            try:
                info = src.lstat()
            except OSError as exc:
                raise ProvenanceError("CHECKOUT_SOURCE_UNREADABLE:" + path) from exc
            if not stat.S_ISREG(info.st_mode) or info.st_nlink != 1:
                raise ProvenanceError("NON_REGULAR_CHECKOUT_SOURCE:" + path)
            # Hash the SHA256 and Git blob identity from the same opened bytes.
            # No filters, symlink reads or hash/read TOCTOU gap can authorize bytes.
            raw_sha256 = hashlib.sha256()
            blob_digest = hashlib.new(object_format)
            blob_digest.update(b"blob " + str(info.st_size).encode() + b"\0")
            count = 0
            descriptor = os.open(src, os.O_RDONLY | getattr(os, "O_NOFOLLOW", 0))
            with os.fdopen(descriptor, "rb") as handle:
                opened = os.fstat(handle.fileno())
                if (opened.st_dev, opened.st_ino) != (info.st_dev, info.st_ino):
                    raise ProvenanceError("CHECKOUT_SOURCE_REPLACED:" + path)
                for block in iter(lambda: handle.read(1024 * 1024), b""):
                    raw_sha256.update(block)
                    blob_digest.update(block)
                    count += len(block)
            if count != info.st_size or blob_digest.hexdigest() != oid:
                raise ProvenanceError("CHECKOUT_BYTE_MISMATCH:" + path)
            if stat.S_IMODE(info.st_mode) != canonical_file_mode(mode):
>               raise ProvenanceError("CHECKOUT_MODE_MISMATCH:" + path)
E               scripts.porota_artifact_provenance.ProvenanceError: CHECKOUT_MODE_MISMATCH:.dockerignore

scripts/porota_artifact_provenance.py:252: ProvenanceError
_ ERROR at setup of test_frozen_tiny_receipt_is_bound_to_raw_bytes_source_fixtures_and_image_id[boolean_counter-SAFETY] _

tmp_path = PosixPath('/workspace/scratch/porota-governed311-9a9b/pytest-private/test_frozen_tiny_receipt_is_bo7')

    @pytest.fixture
    def candidate(tmp_path):
        repo = tmp_path / "candidate"
        repo.mkdir()
        for rel, content in {
            "Dockerfile": b"FROM scratch\nCOPY . /app\n",
            ".dockerignore": b"docs/\n*.pdf\n__pycache__/\n*.py[cod]\n",
            "app.py": b"import worker\nVALUE = 7\n",
            "worker.py": b"VALUE = 10\n",
            "ops/policy/paper.json": b'{"mode":"PAPER","real_orders_sent":0}\n',
            "assets/new.runtime.asset": b"automatic enumeration: unknown suffix\n",
            "scripts/run": b"#!/bin/sh\nexit 0\n",
            "tests/test_fixture.py": b"def test_case(): pass\n",
            ".github/workflows/build.yml": b"name: test\n",
            "docs/audit.md": b"Documentation excluded by versioned Docker policy\n",
            "README.md": b"Source includes documentation bytes\n",
        }.items():
            write(repo, rel, content)
        (repo / "scripts/run").chmod(0o755)
        git(repo, "init", "-q")
        git(repo, "config", "user.email", "fixture@example.invalid")
        git(repo, "config", "user.name", "Offline Provenance Test")
        git(repo, "add", ".")
        git(repo, "commit", "-qm", "offline fixture source")
>       manifest = create_source_manifest(repo)
                   ^^^^^^^^^^^^^^^^^^^^^^^^^^^^

tests/test_issue465_provenance.py:64: 
_ _ _ _ _ _ _ _ _ _ _ _ _ _ _ _ _ _ _ _ _ _ _ _ _ _ _ _ _ _ _ _ _ _ _ _ _ _ _ _ 

repo_root = PosixPath('/workspace/scratch/porota-governed311-9a9b/pytest-private/test_frozen_tiny_receipt_is_bo7/candidate')
candidate_sha = None, candidate_tree_sha = None

    def create_source_manifest(
        repo_root: Path,
        candidate_sha: str | None = None,
        candidate_tree_sha: str | None = None,
    ) -> dict:
        repo_root = repo_root.resolve()
        head = _git(repo_root, "rev-parse", "HEAD").decode().strip()
        tree = _git(repo_root, "rev-parse", "HEAD^{tree}").decode().strip()
        if candidate_sha is not None and candidate_sha != head:
            raise ProvenanceError("CANDIDATE_SHA_MISMATCH")
        if candidate_tree_sha is not None and candidate_tree_sha != tree:
            raise ProvenanceError("CANDIDATE_TREE_MISMATCH")
        entries = _git(repo_root, "ls-tree", "-rz", "--full-tree", head).split(b"\0")
        source: list[tuple[str, str, str]] = []
        for entry in entries:
            if not entry:
                continue
            meta, name = entry.split(b"\t", 1)
            mode, kind, oid = meta.decode().split()
            path = safe_path(name.decode("utf-8"))
            if path in {SOURCE_MANIFEST_NAME, BUNDLE_MANIFEST_NAME}:
                raise ProvenanceError("RESERVED_GENERATED_METADATA_TRACKED:" + path)
            if kind != "blob" or mode not in {"100644", "100755"}:
                raise ProvenanceError("NON_REGULAR_GIT_SOURCE:" + path)
            source.append((path, mode, oid))
        source.sort()
        if not source or len(source) > MAX_SOURCE_FILES:
            raise ProvenanceError("SOURCE_FILE_COUNT_LIMIT")
    
        object_format = _git(repo_root, "rev-parse", "--show-object-format").decode().strip()
        if object_format not in {"sha1", "sha256"}:
            raise ProvenanceError("UNSUPPORTED_GIT_OBJECT_FORMAT")
        dockerignore_oid = next((oid for path, _, oid in source if path == ".dockerignore"), None)
        dockerignore = _git(repo_root, "cat-file", "blob", dockerignore_oid).decode() if dockerignore_oid else ""
        try:
            from scripts.porota_validate_deploy_artifact import is_runtime_relevant
        except ModuleNotFoundError:
            from porota_validate_deploy_artifact import is_runtime_relevant
        rows = []
        for path, mode, oid in source:
            src = repo_root / path
            for parent in src.parents:
                if parent == repo_root:
                    break
                if parent.is_symlink():
                    raise ProvenanceError("CHECKOUT_SOURCE_PARENT_SYMLINK:" + path)
            try:
                info = src.lstat()
            except OSError as exc:
                raise ProvenanceError("CHECKOUT_SOURCE_UNREADABLE:" + path) from exc
            if not stat.S_ISREG(info.st_mode) or info.st_nlink != 1:
                raise ProvenanceError("NON_REGULAR_CHECKOUT_SOURCE:" + path)
            # Hash the SHA256 and Git blob identity from the same opened bytes.
            # No filters, symlink reads or hash/read TOCTOU gap can authorize bytes.
            raw_sha256 = hashlib.sha256()
            blob_digest = hashlib.new(object_format)
            blob_digest.update(b"blob " + str(info.st_size).encode() + b"\0")
            count = 0
            descriptor = os.open(src, os.O_RDONLY | getattr(os, "O_NOFOLLOW", 0))
            with os.fdopen(descriptor, "rb") as handle:
                opened = os.fstat(handle.fileno())
                if (opened.st_dev, opened.st_ino) != (info.st_dev, info.st_ino):
                    raise ProvenanceError("CHECKOUT_SOURCE_REPLACED:" + path)
                for block in iter(lambda: handle.read(1024 * 1024), b""):
                    raw_sha256.update(block)
                    blob_digest.update(block)
                    count += len(block)
            if count != info.st_size or blob_digest.hexdigest() != oid:
                raise ProvenanceError("CHECKOUT_BYTE_MISMATCH:" + path)
            if stat.S_IMODE(info.st_mode) != canonical_file_mode(mode):
>               raise ProvenanceError("CHECKOUT_MODE_MISMATCH:" + path)
E               scripts.porota_artifact_provenance.ProvenanceError: CHECKOUT_MODE_MISMATCH:.dockerignore

scripts/porota_artifact_provenance.py:252: ProvenanceError
_ ERROR at setup of test_frozen_tiny_receipt_is_bound_to_raw_bytes_source_fixtures_and_image_id[unknown_schema-NOT_GREEN] _

tmp_path = PosixPath('/workspace/scratch/porota-governed311-9a9b/pytest-private/test_frozen_tiny_receipt_is_bo8')

    @pytest.fixture
    def candidate(tmp_path):
        repo = tmp_path / "candidate"
        repo.mkdir()
        for rel, content in {
            "Dockerfile": b"FROM scratch\nCOPY . /app\n",
            ".dockerignore": b"docs/\n*.pdf\n__pycache__/\n*.py[cod]\n",
            "app.py": b"import worker\nVALUE = 7\n",
            "worker.py": b"VALUE = 10\n",
            "ops/policy/paper.json": b'{"mode":"PAPER","real_orders_sent":0}\n',
            "assets/new.runtime.asset": b"automatic enumeration: unknown suffix\n",
            "scripts/run": b"#!/bin/sh\nexit 0\n",
            "tests/test_fixture.py": b"def test_case(): pass\n",
            ".github/workflows/build.yml": b"name: test\n",
            "docs/audit.md": b"Documentation excluded by versioned Docker policy\n",
            "README.md": b"Source includes documentation bytes\n",
        }.items():
            write(repo, rel, content)
        (repo / "scripts/run").chmod(0o755)
        git(repo, "init", "-q")
        git(repo, "config", "user.email", "fixture@example.invalid")
        git(repo, "config", "user.name", "Offline Provenance Test")
        git(repo, "add", ".")
        git(repo, "commit", "-qm", "offline fixture source")
>       manifest = create_source_manifest(repo)
                   ^^^^^^^^^^^^^^^^^^^^^^^^^^^^

tests/test_issue465_provenance.py:64: 
_ _ _ _ _ _ _ _ _ _ _ _ _ _ _ _ _ _ _ _ _ _ _ _ _ _ _ _ _ _ _ _ _ _ _ _ _ _ _ _ 

repo_root = PosixPath('/workspace/scratch/porota-governed311-9a9b/pytest-private/test_frozen_tiny_receipt_is_bo8/candidate')
candidate_sha = None, candidate_tree_sha = None

    def create_source_manifest(
        repo_root: Path,
        candidate_sha: str | None = None,
        candidate_tree_sha: str | None = None,
    ) -> dict:
        repo_root = repo_root.resolve()
        head = _git(repo_root, "rev-parse", "HEAD").decode().strip()
        tree = _git(repo_root, "rev-parse", "HEAD^{tree}").decode().strip()
        if candidate_sha is not None and candidate_sha != head:
            raise ProvenanceError("CANDIDATE_SHA_MISMATCH")
        if candidate_tree_sha is not None and candidate_tree_sha != tree:
            raise ProvenanceError("CANDIDATE_TREE_MISMATCH")
        entries = _git(repo_root, "ls-tree", "-rz", "--full-tree", head).split(b"\0")
        source: list[tuple[str, str, str]] = []
        for entry in entries:
            if not entry:
                continue
            meta, name = entry.split(b"\t", 1)
            mode, kind, oid = meta.decode().split()
            path = safe_path(name.decode("utf-8"))
            if path in {SOURCE_MANIFEST_NAME, BUNDLE_MANIFEST_NAME}:
                raise ProvenanceError("RESERVED_GENERATED_METADATA_TRACKED:" + path)
            if kind != "blob" or mode not in {"100644", "100755"}:
                raise ProvenanceError("NON_REGULAR_GIT_SOURCE:" + path)
            source.append((path, mode, oid))
        source.sort()
        if not source or len(source) > MAX_SOURCE_FILES:
            raise ProvenanceError("SOURCE_FILE_COUNT_LIMIT")
    
        object_format = _git(repo_root, "rev-parse", "--show-object-format").decode().strip()
        if object_format not in {"sha1", "sha256"}:
            raise ProvenanceError("UNSUPPORTED_GIT_OBJECT_FORMAT")
        dockerignore_oid = next((oid for path, _, oid in source if path == ".dockerignore"), None)
        dockerignore = _git(repo_root, "cat-file", "blob", dockerignore_oid).decode() if dockerignore_oid else ""
        try:
            from scripts.porota_validate_deploy_artifact import is_runtime_relevant
        except ModuleNotFoundError:
            from porota_validate_deploy_artifact import is_runtime_relevant
        rows = []
        for path, mode, oid in source:
            src = repo_root / path
            for parent in src.parents:
                if parent == repo_root:
                    break
                if parent.is_symlink():
                    raise ProvenanceError("CHECKOUT_SOURCE_PARENT_SYMLINK:" + path)
            try:
                info = src.lstat()
            except OSError as exc:
                raise ProvenanceError("CHECKOUT_SOURCE_UNREADABLE:" + path) from exc
            if not stat.S_ISREG(info.st_mode) or info.st_nlink != 1:
                raise ProvenanceError("NON_REGULAR_CHECKOUT_SOURCE:" + path)
            # Hash the SHA256 and Git blob identity from the same opened bytes.
            # No filters, symlink reads or hash/read TOCTOU gap can authorize bytes.
            raw_sha256 = hashlib.sha256()
            blob_digest = hashlib.new(object_format)
            blob_digest.update(b"blob " + str(info.st_size).encode() + b"\0")
            count = 0
            descriptor = os.open(src, os.O_RDONLY | getattr(os, "O_NOFOLLOW", 0))
            with os.fdopen(descriptor, "rb") as handle:
                opened = os.fstat(handle.fileno())
                if (opened.st_dev, opened.st_ino) != (info.st_dev, info.st_ino):
                    raise ProvenanceError("CHECKOUT_SOURCE_REPLACED:" + path)
                for block in iter(lambda: handle.read(1024 * 1024), b""):
                    raw_sha256.update(block)
                    blob_digest.update(block)
                    count += len(block)
            if count != info.st_size or blob_digest.hexdigest() != oid:
                raise ProvenanceError("CHECKOUT_BYTE_MISMATCH:" + path)
            if stat.S_IMODE(info.st_mode) != canonical_file_mode(mode):
>               raise ProvenanceError("CHECKOUT_MODE_MISMATCH:" + path)
E               scripts.porota_artifact_provenance.ProvenanceError: CHECKOUT_MODE_MISMATCH:.dockerignore

scripts/porota_artifact_provenance.py:252: ProvenanceError
_ ERROR at setup of test_frozen_tiny_receipt_is_bound_to_raw_bytes_source_fixtures_and_image_id[root_uid-CUSTODY] _

tmp_path = PosixPath('/workspace/scratch/porota-governed311-9a9b/pytest-private/test_frozen_tiny_receipt_is_bo9')

    @pytest.fixture
    def candidate(tmp_path):
        repo = tmp_path / "candidate"
        repo.mkdir()
        for rel, content in {
            "Dockerfile": b"FROM scratch\nCOPY . /app\n",
            ".dockerignore": b"docs/\n*.pdf\n__pycache__/\n*.py[cod]\n",
            "app.py": b"import worker\nVALUE = 7\n",
            "worker.py": b"VALUE = 10\n",
            "ops/policy/paper.json": b'{"mode":"PAPER","real_orders_sent":0}\n',
            "assets/new.runtime.asset": b"automatic enumeration: unknown suffix\n",
            "scripts/run": b"#!/bin/sh\nexit 0\n",
            "tests/test_fixture.py": b"def test_case(): pass\n",
            ".github/workflows/build.yml": b"name: test\n",
            "docs/audit.md": b"Documentation excluded by versioned Docker policy\n",
            "README.md": b"Source includes documentation bytes\n",
        }.items():
            write(repo, rel, content)
        (repo / "scripts/run").chmod(0o755)
        git(repo, "init", "-q")
        git(repo, "config", "user.email", "fixture@example.invalid")
        git(repo, "config", "user.name", "Offline Provenance Test")
        git(repo, "add", ".")
        git(repo, "commit", "-qm", "offline fixture source")
>       manifest = create_source_manifest(repo)
                   ^^^^^^^^^^^^^^^^^^^^^^^^^^^^

tests/test_issue465_provenance.py:64: 
_ _ _ _ _ _ _ _ _ _ _ _ _ _ _ _ _ _ _ _ _ _ _ _ _ _ _ _ _ _ _ _ _ _ _ _ _ _ _ _ 

repo_root = PosixPath('/workspace/scratch/porota-governed311-9a9b/pytest-private/test_frozen_tiny_receipt_is_bo9/candidate')
candidate_sha = None, candidate_tree_sha = None

    def create_source_manifest(
        repo_root: Path,
        candidate_sha: str | None = None,
        candidate_tree_sha: str | None = None,
    ) -> dict:
        repo_root = repo_root.resolve()
        head = _git(repo_root, "rev-parse", "HEAD").decode().strip()
        tree = _git(repo_root, "rev-parse", "HEAD^{tree}").decode().strip()
        if candidate_sha is not None and candidate_sha != head:
            raise ProvenanceError("CANDIDATE_SHA_MISMATCH")
        if candidate_tree_sha is not None and candidate_tree_sha != tree:
            raise ProvenanceError("CANDIDATE_TREE_MISMATCH")
        entries = _git(repo_root, "ls-tree", "-rz", "--full-tree", head).split(b"\0")
        source: list[tuple[str, str, str]] = []
        for entry in entries:
            if not entry:
                continue
            meta, name = entry.split(b"\t", 1)
            mode, kind, oid = meta.decode().split()
            path = safe_path(name.decode("utf-8"))
            if path in {SOURCE_MANIFEST_NAME, BUNDLE_MANIFEST_NAME}:
                raise ProvenanceError("RESERVED_GENERATED_METADATA_TRACKED:" + path)
            if kind != "blob" or mode not in {"100644", "100755"}:
                raise ProvenanceError("NON_REGULAR_GIT_SOURCE:" + path)
            source.append((path, mode, oid))
        source.sort()
        if not source or len(source) > MAX_SOURCE_FILES:
            raise ProvenanceError("SOURCE_FILE_COUNT_LIMIT")
    
        object_format = _git(repo_root, "rev-parse", "--show-object-format").decode().strip()
        if object_format not in {"sha1", "sha256"}:
            raise ProvenanceError("UNSUPPORTED_GIT_OBJECT_FORMAT")
        dockerignore_oid = next((oid for path, _, oid in source if path == ".dockerignore"), None)
        dockerignore = _git(repo_root, "cat-file", "blob", dockerignore_oid).decode() if dockerignore_oid else ""
        try:
            from scripts.porota_validate_deploy_artifact import is_runtime_relevant
        except ModuleNotFoundError:
            from porota_validate_deploy_artifact import is_runtime_relevant
        rows = []
        for path, mode, oid in source:
            src = repo_root / path
            for parent in src.parents:
                if parent == repo_root:
                    break
                if parent.is_symlink():
                    raise ProvenanceError("CHECKOUT_SOURCE_PARENT_SYMLINK:" + path)
            try:
                info = src.lstat()
            except OSError as exc:
                raise ProvenanceError("CHECKOUT_SOURCE_UNREADABLE:" + path) from exc
            if not stat.S_ISREG(info.st_mode) or info.st_nlink != 1:
                raise ProvenanceError("NON_REGULAR_CHECKOUT_SOURCE:" + path)
            # Hash the SHA256 and Git blob identity from the same opened bytes.
            # No filters, symlink reads or hash/read TOCTOU gap can authorize bytes.
            raw_sha256 = hashlib.sha256()
            blob_digest = hashlib.new(object_format)
            blob_digest.update(b"blob " + str(info.st_size).encode() + b"\0")
            count = 0
            descriptor = os.open(src, os.O_RDONLY | getattr(os, "O_NOFOLLOW", 0))
            with os.fdopen(descriptor, "rb") as handle:
                opened = os.fstat(handle.fileno())
                if (opened.st_dev, opened.st_ino) != (info.st_dev, info.st_ino):
                    raise ProvenanceError("CHECKOUT_SOURCE_REPLACED:" + path)
                for block in iter(lambda: handle.read(1024 * 1024), b""):
                    raw_sha256.update(block)
                    blob_digest.update(block)
                    count += len(block)
            if count != info.st_size or blob_digest.hexdigest() != oid:
                raise ProvenanceError("CHECKOUT_BYTE_MISMATCH:" + path)
            if stat.S_IMODE(info.st_mode) != canonical_file_mode(mode):
>               raise ProvenanceError("CHECKOUT_MODE_MISMATCH:" + path)
E               scripts.porota_artifact_provenance.ProvenanceError: CHECKOUT_MODE_MISMATCH:.dockerignore

scripts/porota_artifact_provenance.py:252: ProvenanceError
_ ERROR at setup of test_frozen_tiny_receipt_is_bound_to_raw_bytes_source_fixtures_and_image_id[fake_import-IMPORT_BINDING] _

tmp_path = PosixPath('/workspace/scratch/porota-governed311-9a9b/pytest-private/test_frozen_tiny_receipt_is_bo10')

    @pytest.fixture
    def candidate(tmp_path):
        repo = tmp_path / "candidate"
        repo.mkdir()
        for rel, content in {
            "Dockerfile": b"FROM scratch\nCOPY . /app\n",
            ".dockerignore": b"docs/\n*.pdf\n__pycache__/\n*.py[cod]\n",
            "app.py": b"import worker\nVALUE = 7\n",
            "worker.py": b"VALUE = 10\n",
            "ops/policy/paper.json": b'{"mode":"PAPER","real_orders_sent":0}\n',
            "assets/new.runtime.asset": b"automatic enumeration: unknown suffix\n",
            "scripts/run": b"#!/bin/sh\nexit 0\n",
            "tests/test_fixture.py": b"def test_case(): pass\n",
            ".github/workflows/build.yml": b"name: test\n",
            "docs/audit.md": b"Documentation excluded by versioned Docker policy\n",
            "README.md": b"Source includes documentation bytes\n",
        }.items():
            write(repo, rel, content)
        (repo / "scripts/run").chmod(0o755)
        git(repo, "init", "-q")
        git(repo, "config", "user.email", "fixture@example.invalid")
        git(repo, "config", "user.name", "Offline Provenance Test")
        git(repo, "add", ".")
        git(repo, "commit", "-qm", "offline fixture source")
>       manifest = create_source_manifest(repo)
                   ^^^^^^^^^^^^^^^^^^^^^^^^^^^^

tests/test_issue465_provenance.py:64: 
_ _ _ _ _ _ _ _ _ _ _ _ _ _ _ _ _ _ _ _ _ _ _ _ _ _ _ _ _ _ _ _ _ _ _ _ _ _ _ _ 

repo_root = PosixPath('/workspace/scratch/porota-governed311-9a9b/pytest-private/test_frozen_tiny_receipt_is_bo10/candidate')
candidate_sha = None, candidate_tree_sha = None

    def create_source_manifest(
        repo_root: Path,
        candidate_sha: str | None = None,
        candidate_tree_sha: str | None = None,
    ) -> dict:
        repo_root = repo_root.resolve()
        head = _git(repo_root, "rev-parse", "HEAD").decode().strip()
        tree = _git(repo_root, "rev-parse", "HEAD^{tree}").decode().strip()
        if candidate_sha is not None and candidate_sha != head:
            raise ProvenanceError("CANDIDATE_SHA_MISMATCH")
        if candidate_tree_sha is not None and candidate_tree_sha != tree:
            raise ProvenanceError("CANDIDATE_TREE_MISMATCH")
        entries = _git(repo_root, "ls-tree", "-rz", "--full-tree", head).split(b"\0")
        source: list[tuple[str, str, str]] = []
        for entry in entries:
            if not entry:
                continue
            meta, name = entry.split(b"\t", 1)
            mode, kind, oid = meta.decode().split()
            path = safe_path(name.decode("utf-8"))
            if path in {SOURCE_MANIFEST_NAME, BUNDLE_MANIFEST_NAME}:
                raise ProvenanceError("RESERVED_GENERATED_METADATA_TRACKED:" + path)
            if kind != "blob" or mode not in {"100644", "100755"}:
                raise ProvenanceError("NON_REGULAR_GIT_SOURCE:" + path)
            source.append((path, mode, oid))
        source.sort()
        if not source or len(source) > MAX_SOURCE_FILES:
            raise ProvenanceError("SOURCE_FILE_COUNT_LIMIT")
    
        object_format = _git(repo_root, "rev-parse", "--show-object-format").decode().strip()
        if object_format not in {"sha1", "sha256"}:
            raise ProvenanceError("UNSUPPORTED_GIT_OBJECT_FORMAT")
        dockerignore_oid = next((oid for path, _, oid in source if path == ".dockerignore"), None)
        dockerignore = _git(repo_root, "cat-file", "blob", dockerignore_oid).decode() if dockerignore_oid else ""
        try:
            from scripts.porota_validate_deploy_artifact import is_runtime_relevant
        except ModuleNotFoundError:
            from porota_validate_deploy_artifact import is_runtime_relevant
        rows = []
        for path, mode, oid in source:
            src = repo_root / path
            for parent in src.parents:
                if parent == repo_root:
                    break
                if parent.is_symlink():
                    raise ProvenanceError("CHECKOUT_SOURCE_PARENT_SYMLINK:" + path)
            try:
                info = src.lstat()
            except OSError as exc:
                raise ProvenanceError("CHECKOUT_SOURCE_UNREADABLE:" + path) from exc
            if not stat.S_ISREG(info.st_mode) or info.st_nlink != 1:
                raise ProvenanceError("NON_REGULAR_CHECKOUT_SOURCE:" + path)
            # Hash the SHA256 and Git blob identity from the same opened bytes.
            # No filters, symlink reads or hash/read TOCTOU gap can authorize bytes.
            raw_sha256 = hashlib.sha256()
            blob_digest = hashlib.new(object_format)
            blob_digest.update(b"blob " + str(info.st_size).encode() + b"\0")
            count = 0
            descriptor = os.open(src, os.O_RDONLY | getattr(os, "O_NOFOLLOW", 0))
            with os.fdopen(descriptor, "rb") as handle:
                opened = os.fstat(handle.fileno())
                if (opened.st_dev, opened.st_ino) != (info.st_dev, info.st_ino):
                    raise ProvenanceError("CHECKOUT_SOURCE_REPLACED:" + path)
                for block in iter(lambda: handle.read(1024 * 1024), b""):
                    raw_sha256.update(block)
                    blob_digest.update(block)
                    count += len(block)
            if count != info.st_size or blob_digest.hexdigest() != oid:
                raise ProvenanceError("CHECKOUT_BYTE_MISMATCH:" + path)
            if stat.S_IMODE(info.st_mode) != canonical_file_mode(mode):
>               raise ProvenanceError("CHECKOUT_MODE_MISMATCH:" + path)
E               scripts.porota_artifact_provenance.ProvenanceError: CHECKOUT_MODE_MISMATCH:.dockerignore

scripts/porota_artifact_provenance.py:252: ProvenanceError
_ ERROR at setup of test_frozen_tiny_receipt_is_bound_to_raw_bytes_source_fixtures_and_image_id[self_approve-SCOPE_ESCALATION] _

tmp_path = PosixPath('/workspace/scratch/porota-governed311-9a9b/pytest-private/test_frozen_tiny_receipt_is_bo11')

    @pytest.fixture
    def candidate(tmp_path):
        repo = tmp_path / "candidate"
        repo.mkdir()
        for rel, content in {
            "Dockerfile": b"FROM scratch\nCOPY . /app\n",
            ".dockerignore": b"docs/\n*.pdf\n__pycache__/\n*.py[cod]\n",
            "app.py": b"import worker\nVALUE = 7\n",
            "worker.py": b"VALUE = 10\n",
            "ops/policy/paper.json": b'{"mode":"PAPER","real_orders_sent":0}\n',
            "assets/new.runtime.asset": b"automatic enumeration: unknown suffix\n",
            "scripts/run": b"#!/bin/sh\nexit 0\n",
            "tests/test_fixture.py": b"def test_case(): pass\n",
            ".github/workflows/build.yml": b"name: test\n",
            "docs/audit.md": b"Documentation excluded by versioned Docker policy\n",
            "README.md": b"Source includes documentation bytes\n",
        }.items():
            write(repo, rel, content)
        (repo / "scripts/run").chmod(0o755)
        git(repo, "init", "-q")
        git(repo, "config", "user.email", "fixture@example.invalid")
        git(repo, "config", "user.name", "Offline Provenance Test")
        git(repo, "add", ".")
        git(repo, "commit", "-qm", "offline fixture source")
>       manifest = create_source_manifest(repo)
                   ^^^^^^^^^^^^^^^^^^^^^^^^^^^^

tests/test_issue465_provenance.py:64: 
_ _ _ _ _ _ _ _ _ _ _ _ _ _ _ _ _ _ _ _ _ _ _ _ _ _ _ _ _ _ _ _ _ _ _ _ _ _ _ _ 

repo_root = PosixPath('/workspace/scratch/porota-governed311-9a9b/pytest-private/test_frozen_tiny_receipt_is_bo11/candidate')
candidate_sha = None, candidate_tree_sha = None

    def create_source_manifest(
        repo_root: Path,
        candidate_sha: str | None = None,
        candidate_tree_sha: str | None = None,
    ) -> dict:
        repo_root = repo_root.resolve()
        head = _git(repo_root, "rev-parse", "HEAD").decode().strip()
        tree = _git(repo_root, "rev-parse", "HEAD^{tree}").decode().strip()
        if candidate_sha is not None and candidate_sha != head:
            raise ProvenanceError("CANDIDATE_SHA_MISMATCH")
        if candidate_tree_sha is not None and candidate_tree_sha != tree:
            raise ProvenanceError("CANDIDATE_TREE_MISMATCH")
        entries = _git(repo_root, "ls-tree", "-rz", "--full-tree", head).split(b"\0")
        source: list[tuple[str, str, str]] = []
        for entry in entries:
            if not entry:
                continue
            meta, name = entry.split(b"\t", 1)
            mode, kind, oid = meta.decode().split()
            path = safe_path(name.decode("utf-8"))
            if path in {SOURCE_MANIFEST_NAME, BUNDLE_MANIFEST_NAME}:
                raise ProvenanceError("RESERVED_GENERATED_METADATA_TRACKED:" + path)
            if kind != "blob" or mode not in {"100644", "100755"}:
                raise ProvenanceError("NON_REGULAR_GIT_SOURCE:" + path)
            source.append((path, mode, oid))
        source.sort()
        if not source or len(source) > MAX_SOURCE_FILES:
            raise ProvenanceError("SOURCE_FILE_COUNT_LIMIT")
    
        object_format = _git(repo_root, "rev-parse", "--show-object-format").decode().strip()
        if object_format not in {"sha1", "sha256"}:
            raise ProvenanceError("UNSUPPORTED_GIT_OBJECT_FORMAT")
        dockerignore_oid = next((oid for path, _, oid in source if path == ".dockerignore"), None)
        dockerignore = _git(repo_root, "cat-file", "blob", dockerignore_oid).decode() if dockerignore_oid else ""
        try:
            from scripts.porota_validate_deploy_artifact import is_runtime_relevant
        except ModuleNotFoundError:
            from porota_validate_deploy_artifact import is_runtime_relevant
        rows = []
        for path, mode, oid in source:
            src = repo_root / path
            for parent in src.parents:
                if parent == repo_root:
                    break
                if parent.is_symlink():
                    raise ProvenanceError("CHECKOUT_SOURCE_PARENT_SYMLINK:" + path)
            try:
                info = src.lstat()
            except OSError as exc:
                raise ProvenanceError("CHECKOUT_SOURCE_UNREADABLE:" + path) from exc
            if not stat.S_ISREG(info.st_mode) or info.st_nlink != 1:
                raise ProvenanceError("NON_REGULAR_CHECKOUT_SOURCE:" + path)
            # Hash the SHA256 and Git blob identity from the same opened bytes.
            # No filters, symlink reads or hash/read TOCTOU gap can authorize bytes.
            raw_sha256 = hashlib.sha256()
            blob_digest = hashlib.new(object_format)
            blob_digest.update(b"blob " + str(info.st_size).encode() + b"\0")
            count = 0
            descriptor = os.open(src, os.O_RDONLY | getattr(os, "O_NOFOLLOW", 0))
            with os.fdopen(descriptor, "rb") as handle:
                opened = os.fstat(handle.fileno())
                if (opened.st_dev, opened.st_ino) != (info.st_dev, info.st_ino):
                    raise ProvenanceError("CHECKOUT_SOURCE_REPLACED:" + path)
                for block in iter(lambda: handle.read(1024 * 1024), b""):
                    raw_sha256.update(block)
                    blob_digest.update(block)
                    count += len(block)
            if count != info.st_size or blob_digest.hexdigest() != oid:
                raise ProvenanceError("CHECKOUT_BYTE_MISMATCH:" + path)
            if stat.S_IMODE(info.st_mode) != canonical_file_mode(mode):
>               raise ProvenanceError("CHECKOUT_MODE_MISMATCH:" + path)
E               scripts.porota_artifact_provenance.ProvenanceError: CHECKOUT_MODE_MISMATCH:.dockerignore

scripts/porota_artifact_provenance.py:252: ProvenanceError
_ ERROR at setup of test_frozen_tiny_receipt_is_bound_to_raw_bytes_source_fixtures_and_image_id[legacy_wire-CODEC_BYTES] _

tmp_path = PosixPath('/workspace/scratch/porota-governed311-9a9b/pytest-private/test_frozen_tiny_receipt_is_bo12')

    @pytest.fixture
    def candidate(tmp_path):
        repo = tmp_path / "candidate"
        repo.mkdir()
        for rel, content in {
            "Dockerfile": b"FROM scratch\nCOPY . /app\n",
            ".dockerignore": b"docs/\n*.pdf\n__pycache__/\n*.py[cod]\n",
            "app.py": b"import worker\nVALUE = 7\n",
            "worker.py": b"VALUE = 10\n",
            "ops/policy/paper.json": b'{"mode":"PAPER","real_orders_sent":0}\n',
            "assets/new.runtime.asset": b"automatic enumeration: unknown suffix\n",
            "scripts/run": b"#!/bin/sh\nexit 0\n",
            "tests/test_fixture.py": b"def test_case(): pass\n",
            ".github/workflows/build.yml": b"name: test\n",
            "docs/audit.md": b"Documentation excluded by versioned Docker policy\n",
            "README.md": b"Source includes documentation bytes\n",
        }.items():
            write(repo, rel, content)
        (repo / "scripts/run").chmod(0o755)
        git(repo, "init", "-q")
        git(repo, "config", "user.email", "fixture@example.invalid")
        git(repo, "config", "user.name", "Offline Provenance Test")
        git(repo, "add", ".")
        git(repo, "commit", "-qm", "offline fixture source")
>       manifest = create_source_manifest(repo)
                   ^^^^^^^^^^^^^^^^^^^^^^^^^^^^

tests/test_issue465_provenance.py:64: 
_ _ _ _ _ _ _ _ _ _ _ _ _ _ _ _ _ _ _ _ _ _ _ _ _ _ _ _ _ _ _ _ _ _ _ _ _ _ _ _ 

repo_root = PosixPath('/workspace/scratch/porota-governed311-9a9b/pytest-private/test_frozen_tiny_receipt_is_bo12/candidate')
candidate_sha = None, candidate_tree_sha = None

    def create_source_manifest(
        repo_root: Path,
        candidate_sha: str | None = None,
        candidate_tree_sha: str | None = None,
    ) -> dict:
        repo_root = repo_root.resolve()
        head = _git(repo_root, "rev-parse", "HEAD").decode().strip()
        tree = _git(repo_root, "rev-parse", "HEAD^{tree}").decode().strip()
        if candidate_sha is not None and candidate_sha != head:
            raise ProvenanceError("CANDIDATE_SHA_MISMATCH")
        if candidate_tree_sha is not None and candidate_tree_sha != tree:
            raise ProvenanceError("CANDIDATE_TREE_MISMATCH")
        entries = _git(repo_root, "ls-tree", "-rz", "--full-tree", head).split(b"\0")
        source: list[tuple[str, str, str]] = []
        for entry in entries:
            if not entry:
                continue
            meta, name = entry.split(b"\t", 1)
            mode, kind, oid = meta.decode().split()
            path = safe_path(name.decode("utf-8"))
            if path in {SOURCE_MANIFEST_NAME, BUNDLE_MANIFEST_NAME}:
                raise ProvenanceError("RESERVED_GENERATED_METADATA_TRACKED:" + path)
            if kind != "blob" or mode not in {"100644", "100755"}:
                raise ProvenanceError("NON_REGULAR_GIT_SOURCE:" + path)
            source.append((path, mode, oid))
        source.sort()
        if not source or len(source) > MAX_SOURCE_FILES:
            raise ProvenanceError("SOURCE_FILE_COUNT_LIMIT")
    
        object_format = _git(repo_root, "rev-parse", "--show-object-format").decode().strip()
        if object_format not in {"sha1", "sha256"}:
            raise ProvenanceError("UNSUPPORTED_GIT_OBJECT_FORMAT")
        dockerignore_oid = next((oid for path, _, oid in source if path == ".dockerignore"), None)
        dockerignore = _git(repo_root, "cat-file", "blob", dockerignore_oid).decode() if dockerignore_oid else ""
        try:
            from scripts.porota_validate_deploy_artifact import is_runtime_relevant
        except ModuleNotFoundError:
            from porota_validate_deploy_artifact import is_runtime_relevant
        rows = []
        for path, mode, oid in source:
            src = repo_root / path
            for parent in src.parents:
                if parent == repo_root:
                    break
                if parent.is_symlink():
                    raise ProvenanceError("CHECKOUT_SOURCE_PARENT_SYMLINK:" + path)
            try:
                info = src.lstat()
            except OSError as exc:
                raise ProvenanceError("CHECKOUT_SOURCE_UNREADABLE:" + path) from exc
            if not stat.S_ISREG(info.st_mode) or info.st_nlink != 1:
                raise ProvenanceError("NON_REGULAR_CHECKOUT_SOURCE:" + path)
            # Hash the SHA256 and Git blob identity from the same opened bytes.
            # No filters, symlink reads or hash/read TOCTOU gap can authorize bytes.
            raw_sha256 = hashlib.sha256()
            blob_digest = hashlib.new(object_format)
            blob_digest.update(b"blob " + str(info.st_size).encode() + b"\0")
            count = 0
            descriptor = os.open(src, os.O_RDONLY | getattr(os, "O_NOFOLLOW", 0))
            with os.fdopen(descriptor, "rb") as handle:
                opened = os.fstat(handle.fileno())
                if (opened.st_dev, opened.st_ino) != (info.st_dev, info.st_ino):
                    raise ProvenanceError("CHECKOUT_SOURCE_REPLACED:" + path)
                for block in iter(lambda: handle.read(1024 * 1024), b""):
                    raw_sha256.update(block)
                    blob_digest.update(block)
                    count += len(block)
            if count != info.st_size or blob_digest.hexdigest() != oid:
                raise ProvenanceError("CHECKOUT_BYTE_MISMATCH:" + path)
            if stat.S_IMODE(info.st_mode) != canonical_file_mode(mode):
>               raise ProvenanceError("CHECKOUT_MODE_MISMATCH:" + path)
E               scripts.porota_artifact_provenance.ProvenanceError: CHECKOUT_MODE_MISMATCH:.dockerignore

scripts/porota_artifact_provenance.py:252: ProvenanceError
_ ERROR at setup of test_frozen_tiny_receipt_is_bound_to_raw_bytes_source_fixtures_and_image_id[legacy_member-LEGACY_MEMBER_BINDING] _

tmp_path = PosixPath('/workspace/scratch/porota-governed311-9a9b/pytest-private/test_frozen_tiny_receipt_is_bo13')

    @pytest.fixture
    def candidate(tmp_path):
        repo = tmp_path / "candidate"
        repo.mkdir()
        for rel, content in {
            "Dockerfile": b"FROM scratch\nCOPY . /app\n",
            ".dockerignore": b"docs/\n*.pdf\n__pycache__/\n*.py[cod]\n",
            "app.py": b"import worker\nVALUE = 7\n",
            "worker.py": b"VALUE = 10\n",
            "ops/policy/paper.json": b'{"mode":"PAPER","real_orders_sent":0}\n',
            "assets/new.runtime.asset": b"automatic enumeration: unknown suffix\n",
            "scripts/run": b"#!/bin/sh\nexit 0\n",
            "tests/test_fixture.py": b"def test_case(): pass\n",
            ".github/workflows/build.yml": b"name: test\n",
            "docs/audit.md": b"Documentation excluded by versioned Docker policy\n",
            "README.md": b"Source includes documentation bytes\n",
        }.items():
            write(repo, rel, content)
        (repo / "scripts/run").chmod(0o755)
        git(repo, "init", "-q")
        git(repo, "config", "user.email", "fixture@example.invalid")
        git(repo, "config", "user.name", "Offline Provenance Test")
        git(repo, "add", ".")
        git(repo, "commit", "-qm", "offline fixture source")
>       manifest = create_source_manifest(repo)
                   ^^^^^^^^^^^^^^^^^^^^^^^^^^^^

tests/test_issue465_provenance.py:64: 
_ _ _ _ _ _ _ _ _ _ _ _ _ _ _ _ _ _ _ _ _ _ _ _ _ _ _ _ _ _ _ _ _ _ _ _ _ _ _ _ 

repo_root = PosixPath('/workspace/scratch/porota-governed311-9a9b/pytest-private/test_frozen_tiny_receipt_is_bo13/candidate')
candidate_sha = None, candidate_tree_sha = None

    def create_source_manifest(
        repo_root: Path,
        candidate_sha: str | None = None,
        candidate_tree_sha: str | None = None,
    ) -> dict:
        repo_root = repo_root.resolve()
        head = _git(repo_root, "rev-parse", "HEAD").decode().strip()
        tree = _git(repo_root, "rev-parse", "HEAD^{tree}").decode().strip()
        if candidate_sha is not None and candidate_sha != head:
            raise ProvenanceError("CANDIDATE_SHA_MISMATCH")
        if candidate_tree_sha is not None and candidate_tree_sha != tree:
            raise ProvenanceError("CANDIDATE_TREE_MISMATCH")
        entries = _git(repo_root, "ls-tree", "-rz", "--full-tree", head).split(b"\0")
        source: list[tuple[str, str, str]] = []
        for entry in entries:
            if not entry:
                continue
            meta, name = entry.split(b"\t", 1)
            mode, kind, oid = meta.decode().split()
            path = safe_path(name.decode("utf-8"))
            if path in {SOURCE_MANIFEST_NAME, BUNDLE_MANIFEST_NAME}:
                raise ProvenanceError("RESERVED_GENERATED_METADATA_TRACKED:" + path)
            if kind != "blob" or mode not in {"100644", "100755"}:
                raise ProvenanceError("NON_REGULAR_GIT_SOURCE:" + path)
            source.append((path, mode, oid))
        source.sort()
        if not source or len(source) > MAX_SOURCE_FILES:
            raise ProvenanceError("SOURCE_FILE_COUNT_LIMIT")
    
        object_format = _git(repo_root, "rev-parse", "--show-object-format").decode().strip()
        if object_format not in {"sha1", "sha256"}:
            raise ProvenanceError("UNSUPPORTED_GIT_OBJECT_FORMAT")
        dockerignore_oid = next((oid for path, _, oid in source if path == ".dockerignore"), None)
        dockerignore = _git(repo_root, "cat-file", "blob", dockerignore_oid).decode() if dockerignore_oid else ""
        try:
            from scripts.porota_validate_deploy_artifact import is_runtime_relevant
        except ModuleNotFoundError:
            from porota_validate_deploy_artifact import is_runtime_relevant
        rows = []
        for path, mode, oid in source:
            src = repo_root / path
            for parent in src.parents:
                if parent == repo_root:
                    break
                if parent.is_symlink():
                    raise ProvenanceError("CHECKOUT_SOURCE_PARENT_SYMLINK:" + path)
            try:
                info = src.lstat()
            except OSError as exc:
                raise ProvenanceError("CHECKOUT_SOURCE_UNREADABLE:" + path) from exc
            if not stat.S_ISREG(info.st_mode) or info.st_nlink != 1:
                raise ProvenanceError("NON_REGULAR_CHECKOUT_SOURCE:" + path)
            # Hash the SHA256 and Git blob identity from the same opened bytes.
            # No filters, symlink reads or hash/read TOCTOU gap can authorize bytes.
            raw_sha256 = hashlib.sha256()
            blob_digest = hashlib.new(object_format)
            blob_digest.update(b"blob " + str(info.st_size).encode() + b"\0")
            count = 0
            descriptor = os.open(src, os.O_RDONLY | getattr(os, "O_NOFOLLOW", 0))
            with os.fdopen(descriptor, "rb") as handle:
                opened = os.fstat(handle.fileno())
                if (opened.st_dev, opened.st_ino) != (info.st_dev, info.st_ino):
                    raise ProvenanceError("CHECKOUT_SOURCE_REPLACED:" + path)
                for block in iter(lambda: handle.read(1024 * 1024), b""):
                    raw_sha256.update(block)
                    blob_digest.update(block)
                    count += len(block)
            if count != info.st_size or blob_digest.hexdigest() != oid:
                raise ProvenanceError("CHECKOUT_BYTE_MISMATCH:" + path)
            if stat.S_IMODE(info.st_mode) != canonical_file_mode(mode):
>               raise ProvenanceError("CHECKOUT_MODE_MISMATCH:" + path)
E               scripts.porota_artifact_provenance.ProvenanceError: CHECKOUT_MODE_MISMATCH:.dockerignore

scripts/porota_artifact_provenance.py:252: ProvenanceError
_ ERROR at setup of test_frozen_tiny_receipt_is_bound_to_raw_bytes_source_fixtures_and_image_id[inspector_source-NAMESPACE_SCOPE] _

tmp_path = PosixPath('/workspace/scratch/porota-governed311-9a9b/pytest-private/test_frozen_tiny_receipt_is_bo14')

    @pytest.fixture
    def candidate(tmp_path):
        repo = tmp_path / "candidate"
        repo.mkdir()
        for rel, content in {
            "Dockerfile": b"FROM scratch\nCOPY . /app\n",
            ".dockerignore": b"docs/\n*.pdf\n__pycache__/\n*.py[cod]\n",
            "app.py": b"import worker\nVALUE = 7\n",
            "worker.py": b"VALUE = 10\n",
            "ops/policy/paper.json": b'{"mode":"PAPER","real_orders_sent":0}\n',
            "assets/new.runtime.asset": b"automatic enumeration: unknown suffix\n",
            "scripts/run": b"#!/bin/sh\nexit 0\n",
            "tests/test_fixture.py": b"def test_case(): pass\n",
            ".github/workflows/build.yml": b"name: test\n",
            "docs/audit.md": b"Documentation excluded by versioned Docker policy\n",
            "README.md": b"Source includes documentation bytes\n",
        }.items():
            write(repo, rel, content)
        (repo / "scripts/run").chmod(0o755)
        git(repo, "init", "-q")
        git(repo, "config", "user.email", "fixture@example.invalid")
        git(repo, "config", "user.name", "Offline Provenance Test")
        git(repo, "add", ".")
        git(repo, "commit", "-qm", "offline fixture source")
>       manifest = create_source_manifest(repo)
                   ^^^^^^^^^^^^^^^^^^^^^^^^^^^^

tests/test_issue465_provenance.py:64: 
_ _ _ _ _ _ _ _ _ _ _ _ _ _ _ _ _ _ _ _ _ _ _ _ _ _ _ _ _ _ _ _ _ _ _ _ _ _ _ _ 

repo_root = PosixPath('/workspace/scratch/porota-governed311-9a9b/pytest-private/test_frozen_tiny_receipt_is_bo14/candidate')
candidate_sha = None, candidate_tree_sha = None

    def create_source_manifest(
        repo_root: Path,
        candidate_sha: str | None = None,
        candidate_tree_sha: str | None = None,
    ) -> dict:
        repo_root = repo_root.resolve()
        head = _git(repo_root, "rev-parse", "HEAD").decode().strip()
        tree = _git(repo_root, "rev-parse", "HEAD^{tree}").decode().strip()
        if candidate_sha is not None and candidate_sha != head:
            raise ProvenanceError("CANDIDATE_SHA_MISMATCH")
        if candidate_tree_sha is not None and candidate_tree_sha != tree:
            raise ProvenanceError("CANDIDATE_TREE_MISMATCH")
        entries = _git(repo_root, "ls-tree", "-rz", "--full-tree", head).split(b"\0")
        source: list[tuple[str, str, str]] = []
        for entry in entries:
            if not entry:
                continue
            meta, name = entry.split(b"\t", 1)
            mode, kind, oid = meta.decode().split()
            path = safe_path(name.decode("utf-8"))
            if path in {SOURCE_MANIFEST_NAME, BUNDLE_MANIFEST_NAME}:
                raise ProvenanceError("RESERVED_GENERATED_METADATA_TRACKED:" + path)
            if kind != "blob" or mode not in {"100644", "100755"}:
                raise ProvenanceError("NON_REGULAR_GIT_SOURCE:" + path)
            source.append((path, mode, oid))
        source.sort()
        if not source or len(source) > MAX_SOURCE_FILES:
            raise ProvenanceError("SOURCE_FILE_COUNT_LIMIT")
    
        object_format = _git(repo_root, "rev-parse", "--show-object-format").decode().strip()
        if object_format not in {"sha1", "sha256"}:
            raise ProvenanceError("UNSUPPORTED_GIT_OBJECT_FORMAT")
        dockerignore_oid = next((oid for path, _, oid in source if path == ".dockerignore"), None)
        dockerignore = _git(repo_root, "cat-file", "blob", dockerignore_oid).decode() if dockerignore_oid else ""
        try:
            from scripts.porota_validate_deploy_artifact import is_runtime_relevant
        except ModuleNotFoundError:
            from porota_validate_deploy_artifact import is_runtime_relevant
        rows = []
        for path, mode, oid in source:
            src = repo_root / path
            for parent in src.parents:
                if parent == repo_root:
                    break
                if parent.is_symlink():
                    raise ProvenanceError("CHECKOUT_SOURCE_PARENT_SYMLINK:" + path)
            try:
                info = src.lstat()
            except OSError as exc:
                raise ProvenanceError("CHECKOUT_SOURCE_UNREADABLE:" + path) from exc
            if not stat.S_ISREG(info.st_mode) or info.st_nlink != 1:
                raise ProvenanceError("NON_REGULAR_CHECKOUT_SOURCE:" + path)
            # Hash the SHA256 and Git blob identity from the same opened bytes.
            # No filters, symlink reads or hash/read TOCTOU gap can authorize bytes.
            raw_sha256 = hashlib.sha256()
            blob_digest = hashlib.new(object_format)
            blob_digest.update(b"blob " + str(info.st_size).encode() + b"\0")
            count = 0
            descriptor = os.open(src, os.O_RDONLY | getattr(os, "O_NOFOLLOW", 0))
            with os.fdopen(descriptor, "rb") as handle:
                opened = os.fstat(handle.fileno())
                if (opened.st_dev, opened.st_ino) != (info.st_dev, info.st_ino):
                    raise ProvenanceError("CHECKOUT_SOURCE_REPLACED:" + path)
                for block in iter(lambda: handle.read(1024 * 1024), b""):
                    raw_sha256.update(block)
                    blob_digest.update(block)
                    count += len(block)
            if count != info.st_size or blob_digest.hexdigest() != oid:
                raise ProvenanceError("CHECKOUT_BYTE_MISMATCH:" + path)
            if stat.S_IMODE(info.st_mode) != canonical_file_mode(mode):
>               raise ProvenanceError("CHECKOUT_MODE_MISMATCH:" + path)
E               scripts.porota_artifact_provenance.ProvenanceError: CHECKOUT_MODE_MISMATCH:.dockerignore

scripts/porota_artifact_provenance.py:252: ProvenanceError
_ ERROR at setup of test_frozen_tiny_receipt_is_bound_to_raw_bytes_source_fixtures_and_image_id[signed_zero_claim-FLOAT_CONTROL] _

tmp_path = PosixPath('/workspace/scratch/porota-governed311-9a9b/pytest-private/test_frozen_tiny_receipt_is_bo15')

    @pytest.fixture
    def candidate(tmp_path):
        repo = tmp_path / "candidate"
        repo.mkdir()
        for rel, content in {
            "Dockerfile": b"FROM scratch\nCOPY . /app\n",
            ".dockerignore": b"docs/\n*.pdf\n__pycache__/\n*.py[cod]\n",
            "app.py": b"import worker\nVALUE = 7\n",
            "worker.py": b"VALUE = 10\n",
            "ops/policy/paper.json": b'{"mode":"PAPER","real_orders_sent":0}\n',
            "assets/new.runtime.asset": b"automatic enumeration: unknown suffix\n",
            "scripts/run": b"#!/bin/sh\nexit 0\n",
            "tests/test_fixture.py": b"def test_case(): pass\n",
            ".github/workflows/build.yml": b"name: test\n",
            "docs/audit.md": b"Documentation excluded by versioned Docker policy\n",
            "README.md": b"Source includes documentation bytes\n",
        }.items():
            write(repo, rel, content)
        (repo / "scripts/run").chmod(0o755)
        git(repo, "init", "-q")
        git(repo, "config", "user.email", "fixture@example.invalid")
        git(repo, "config", "user.name", "Offline Provenance Test")
        git(repo, "add", ".")
        git(repo, "commit", "-qm", "offline fixture source")
>       manifest = create_source_manifest(repo)
                   ^^^^^^^^^^^^^^^^^^^^^^^^^^^^

tests/test_issue465_provenance.py:64: 
_ _ _ _ _ _ _ _ _ _ _ _ _ _ _ _ _ _ _ _ _ _ _ _ _ _ _ _ _ _ _ _ _ _ _ _ _ _ _ _ 

repo_root = PosixPath('/workspace/scratch/porota-governed311-9a9b/pytest-private/test_frozen_tiny_receipt_is_bo15/candidate')
candidate_sha = None, candidate_tree_sha = None

    def create_source_manifest(
        repo_root: Path,
        candidate_sha: str | None = None,
        candidate_tree_sha: str | None = None,
    ) -> dict:
        repo_root = repo_root.resolve()
        head = _git(repo_root, "rev-parse", "HEAD").decode().strip()
        tree = _git(repo_root, "rev-parse", "HEAD^{tree}").decode().strip()
        if candidate_sha is not None and candidate_sha != head:
            raise ProvenanceError("CANDIDATE_SHA_MISMATCH")
        if candidate_tree_sha is not None and candidate_tree_sha != tree:
            raise ProvenanceError("CANDIDATE_TREE_MISMATCH")
        entries = _git(repo_root, "ls-tree", "-rz", "--full-tree", head).split(b"\0")
        source: list[tuple[str, str, str]] = []
        for entry in entries:
            if not entry:
                continue
            meta, name = entry.split(b"\t", 1)
            mode, kind, oid = meta.decode().split()
            path = safe_path(name.decode("utf-8"))
            if path in {SOURCE_MANIFEST_NAME, BUNDLE_MANIFEST_NAME}:
                raise ProvenanceError("RESERVED_GENERATED_METADATA_TRACKED:" + path)
            if kind != "blob" or mode not in {"100644", "100755"}:
                raise ProvenanceError("NON_REGULAR_GIT_SOURCE:" + path)
            source.append((path, mode, oid))
        source.sort()
        if not source or len(source) > MAX_SOURCE_FILES:
            raise ProvenanceError("SOURCE_FILE_COUNT_LIMIT")
    
        object_format = _git(repo_root, "rev-parse", "--show-object-format").decode().strip()
        if object_format not in {"sha1", "sha256"}:
            raise ProvenanceError("UNSUPPORTED_GIT_OBJECT_FORMAT")
        dockerignore_oid = next((oid for path, _, oid in source if path == ".dockerignore"), None)
        dockerignore = _git(repo_root, "cat-file", "blob", dockerignore_oid).decode() if dockerignore_oid else ""
        try:
            from scripts.porota_validate_deploy_artifact import is_runtime_relevant
        except ModuleNotFoundError:
            from porota_validate_deploy_artifact import is_runtime_relevant
        rows = []
        for path, mode, oid in source:
            src = repo_root / path
            for parent in src.parents:
                if parent == repo_root:
                    break
                if parent.is_symlink():
                    raise ProvenanceError("CHECKOUT_SOURCE_PARENT_SYMLINK:" + path)
            try:
                info = src.lstat()
            except OSError as exc:
                raise ProvenanceError("CHECKOUT_SOURCE_UNREADABLE:" + path) from exc
            if not stat.S_ISREG(info.st_mode) or info.st_nlink != 1:
                raise ProvenanceError("NON_REGULAR_CHECKOUT_SOURCE:" + path)
            # Hash the SHA256 and Git blob identity from the same opened bytes.
            # No filters, symlink reads or hash/read TOCTOU gap can authorize bytes.
            raw_sha256 = hashlib.sha256()
            blob_digest = hashlib.new(object_format)
            blob_digest.update(b"blob " + str(info.st_size).encode() + b"\0")
            count = 0
            descriptor = os.open(src, os.O_RDONLY | getattr(os, "O_NOFOLLOW", 0))
            with os.fdopen(descriptor, "rb") as handle:
                opened = os.fstat(handle.fileno())
                if (opened.st_dev, opened.st_ino) != (info.st_dev, info.st_ino):
                    raise ProvenanceError("CHECKOUT_SOURCE_REPLACED:" + path)
                for block in iter(lambda: handle.read(1024 * 1024), b""):
                    raw_sha256.update(block)
                    blob_digest.update(block)
                    count += len(block)
            if count != info.st_size or blob_digest.hexdigest() != oid:
                raise ProvenanceError("CHECKOUT_BYTE_MISMATCH:" + path)
            if stat.S_IMODE(info.st_mode) != canonical_file_mode(mode):
>               raise ProvenanceError("CHECKOUT_MODE_MISMATCH:" + path)
E               scripts.porota_artifact_provenance.ProvenanceError: CHECKOUT_MODE_MISMATCH:.dockerignore

scripts/porota_artifact_provenance.py:252: ProvenanceError
_ ERROR at setup of test_payload_cannot_replace_external_origin_with_self_asserted_json[workflow_id-999] _

tmp_path = PosixPath('/workspace/scratch/porota-governed311-9a9b/pytest-private/test_payload_cannot_replace_ex0')

    @pytest.fixture
    def candidate(tmp_path):
        repo = tmp_path / "candidate"
        repo.mkdir()
        for rel, content in {
            "Dockerfile": b"FROM scratch\nCOPY . /app\n",
            ".dockerignore": b"docs/\n*.pdf\n__pycache__/\n*.py[cod]\n",
            "app.py": b"import worker\nVALUE = 7\n",
            "worker.py": b"VALUE = 10\n",
            "ops/policy/paper.json": b'{"mode":"PAPER","real_orders_sent":0}\n',
            "assets/new.runtime.asset": b"automatic enumeration: unknown suffix\n",
            "scripts/run": b"#!/bin/sh\nexit 0\n",
            "tests/test_fixture.py": b"def test_case(): pass\n",
            ".github/workflows/build.yml": b"name: test\n",
            "docs/audit.md": b"Documentation excluded by versioned Docker policy\n",
            "README.md": b"Source includes documentation bytes\n",
        }.items():
            write(repo, rel, content)
        (repo / "scripts/run").chmod(0o755)
        git(repo, "init", "-q")
        git(repo, "config", "user.email", "fixture@example.invalid")
        git(repo, "config", "user.name", "Offline Provenance Test")
        git(repo, "add", ".")
        git(repo, "commit", "-qm", "offline fixture source")
>       manifest = create_source_manifest(repo)
                   ^^^^^^^^^^^^^^^^^^^^^^^^^^^^

tests/test_issue465_provenance.py:64: 
_ _ _ _ _ _ _ _ _ _ _ _ _ _ _ _ _ _ _ _ _ _ _ _ _ _ _ _ _ _ _ _ _ _ _ _ _ _ _ _ 

repo_root = PosixPath('/workspace/scratch/porota-governed311-9a9b/pytest-private/test_payload_cannot_replace_ex0/candidate')
candidate_sha = None, candidate_tree_sha = None

    def create_source_manifest(
        repo_root: Path,
        candidate_sha: str | None = None,
        candidate_tree_sha: str | None = None,
    ) -> dict:
        repo_root = repo_root.resolve()
        head = _git(repo_root, "rev-parse", "HEAD").decode().strip()
        tree = _git(repo_root, "rev-parse", "HEAD^{tree}").decode().strip()
        if candidate_sha is not None and candidate_sha != head:
            raise ProvenanceError("CANDIDATE_SHA_MISMATCH")
        if candidate_tree_sha is not None and candidate_tree_sha != tree:
            raise ProvenanceError("CANDIDATE_TREE_MISMATCH")
        entries = _git(repo_root, "ls-tree", "-rz", "--full-tree", head).split(b"\0")
        source: list[tuple[str, str, str]] = []
        for entry in entries:
            if not entry:
                continue
            meta, name = entry.split(b"\t", 1)
            mode, kind, oid = meta.decode().split()
            path = safe_path(name.decode("utf-8"))
            if path in {SOURCE_MANIFEST_NAME, BUNDLE_MANIFEST_NAME}:
                raise ProvenanceError("RESERVED_GENERATED_METADATA_TRACKED:" + path)
            if kind != "blob" or mode not in {"100644", "100755"}:
                raise ProvenanceError("NON_REGULAR_GIT_SOURCE:" + path)
            source.append((path, mode, oid))
        source.sort()
        if not source or len(source) > MAX_SOURCE_FILES:
            raise ProvenanceError("SOURCE_FILE_COUNT_LIMIT")
    
        object_format = _git(repo_root, "rev-parse", "--show-object-format").decode().strip()
        if object_format not in {"sha1", "sha256"}:
            raise ProvenanceError("UNSUPPORTED_GIT_OBJECT_FORMAT")
        dockerignore_oid = next((oid for path, _, oid in source if path == ".dockerignore"), None)
        dockerignore = _git(repo_root, "cat-file", "blob", dockerignore_oid).decode() if dockerignore_oid else ""
        try:
            from scripts.porota_validate_deploy_artifact import is_runtime_relevant
        except ModuleNotFoundError:
            from porota_validate_deploy_artifact import is_runtime_relevant
        rows = []
        for path, mode, oid in source:
            src = repo_root / path
            for parent in src.parents:
                if parent == repo_root:
                    break
                if parent.is_symlink():
                    raise ProvenanceError("CHECKOUT_SOURCE_PARENT_SYMLINK:" + path)
            try:
                info = src.lstat()
            except OSError as exc:
                raise ProvenanceError("CHECKOUT_SOURCE_UNREADABLE:" + path) from exc
            if not stat.S_ISREG(info.st_mode) or info.st_nlink != 1:
                raise ProvenanceError("NON_REGULAR_CHECKOUT_SOURCE:" + path)
            # Hash the SHA256 and Git blob identity from the same opened bytes.
            # No filters, symlink reads or hash/read TOCTOU gap can authorize bytes.
            raw_sha256 = hashlib.sha256()
            blob_digest = hashlib.new(object_format)
            blob_digest.update(b"blob " + str(info.st_size).encode() + b"\0")
            count = 0
            descriptor = os.open(src, os.O_RDONLY | getattr(os, "O_NOFOLLOW", 0))
            with os.fdopen(descriptor, "rb") as handle:
                opened = os.fstat(handle.fileno())
                if (opened.st_dev, opened.st_ino) != (info.st_dev, info.st_ino):
                    raise ProvenanceError("CHECKOUT_SOURCE_REPLACED:" + path)
                for block in iter(lambda: handle.read(1024 * 1024), b""):
                    raw_sha256.update(block)
                    blob_digest.update(block)
                    count += len(block)
            if count != info.st_size or blob_digest.hexdigest() != oid:
                raise ProvenanceError("CHECKOUT_BYTE_MISMATCH:" + path)
            if stat.S_IMODE(info.st_mode) != canonical_file_mode(mode):
>               raise ProvenanceError("CHECKOUT_MODE_MISMATCH:" + path)
E               scripts.porota_artifact_provenance.ProvenanceError: CHECKOUT_MODE_MISMATCH:.dockerignore

scripts/porota_artifact_provenance.py:252: ProvenanceError
_ ERROR at setup of test_payload_cannot_replace_external_origin_with_self_asserted_json[run_id-999] _

tmp_path = PosixPath('/workspace/scratch/porota-governed311-9a9b/pytest-private/test_payload_cannot_replace_ex1')

    @pytest.fixture
    def candidate(tmp_path):
        repo = tmp_path / "candidate"
        repo.mkdir()
        for rel, content in {
            "Dockerfile": b"FROM scratch\nCOPY . /app\n",
            ".dockerignore": b"docs/\n*.pdf\n__pycache__/\n*.py[cod]\n",
            "app.py": b"import worker\nVALUE = 7\n",
            "worker.py": b"VALUE = 10\n",
            "ops/policy/paper.json": b'{"mode":"PAPER","real_orders_sent":0}\n',
            "assets/new.runtime.asset": b"automatic enumeration: unknown suffix\n",
            "scripts/run": b"#!/bin/sh\nexit 0\n",
            "tests/test_fixture.py": b"def test_case(): pass\n",
            ".github/workflows/build.yml": b"name: test\n",
            "docs/audit.md": b"Documentation excluded by versioned Docker policy\n",
            "README.md": b"Source includes documentation bytes\n",
        }.items():
            write(repo, rel, content)
        (repo / "scripts/run").chmod(0o755)
        git(repo, "init", "-q")
        git(repo, "config", "user.email", "fixture@example.invalid")
        git(repo, "config", "user.name", "Offline Provenance Test")
        git(repo, "add", ".")
        git(repo, "commit", "-qm", "offline fixture source")
>       manifest = create_source_manifest(repo)
                   ^^^^^^^^^^^^^^^^^^^^^^^^^^^^

tests/test_issue465_provenance.py:64: 
_ _ _ _ _ _ _ _ _ _ _ _ _ _ _ _ _ _ _ _ _ _ _ _ _ _ _ _ _ _ _ _ _ _ _ _ _ _ _ _ 

repo_root = PosixPath('/workspace/scratch/porota-governed311-9a9b/pytest-private/test_payload_cannot_replace_ex1/candidate')
candidate_sha = None, candidate_tree_sha = None

    def create_source_manifest(
        repo_root: Path,
        candidate_sha: str | None = None,
        candidate_tree_sha: str | None = None,
    ) -> dict:
        repo_root = repo_root.resolve()
        head = _git(repo_root, "rev-parse", "HEAD").decode().strip()
        tree = _git(repo_root, "rev-parse", "HEAD^{tree}").decode().strip()
        if candidate_sha is not None and candidate_sha != head:
            raise ProvenanceError("CANDIDATE_SHA_MISMATCH")
        if candidate_tree_sha is not None and candidate_tree_sha != tree:
            raise ProvenanceError("CANDIDATE_TREE_MISMATCH")
        entries = _git(repo_root, "ls-tree", "-rz", "--full-tree", head).split(b"\0")
        source: list[tuple[str, str, str]] = []
        for entry in entries:
            if not entry:
                continue
            meta, name = entry.split(b"\t", 1)
            mode, kind, oid = meta.decode().split()
            path = safe_path(name.decode("utf-8"))
            if path in {SOURCE_MANIFEST_NAME, BUNDLE_MANIFEST_NAME}:
                raise ProvenanceError("RESERVED_GENERATED_METADATA_TRACKED:" + path)
            if kind != "blob" or mode not in {"100644", "100755"}:
                raise ProvenanceError("NON_REGULAR_GIT_SOURCE:" + path)
            source.append((path, mode, oid))
        source.sort()
        if not source or len(source) > MAX_SOURCE_FILES:
            raise ProvenanceError("SOURCE_FILE_COUNT_LIMIT")
    
        object_format = _git(repo_root, "rev-parse", "--show-object-format").decode().strip()
        if object_format not in {"sha1", "sha256"}:
            raise ProvenanceError("UNSUPPORTED_GIT_OBJECT_FORMAT")
        dockerignore_oid = next((oid for path, _, oid in source if path == ".dockerignore"), None)
        dockerignore = _git(repo_root, "cat-file", "blob", dockerignore_oid).decode() if dockerignore_oid else ""
        try:
            from scripts.porota_validate_deploy_artifact import is_runtime_relevant
        except ModuleNotFoundError:
            from porota_validate_deploy_artifact import is_runtime_relevant
        rows = []
        for path, mode, oid in source:
            src = repo_root / path
            for parent in src.parents:
                if parent == repo_root:
                    break
                if parent.is_symlink():
                    raise ProvenanceError("CHECKOUT_SOURCE_PARENT_SYMLINK:" + path)
            try:
                info = src.lstat()
            except OSError as exc:
                raise ProvenanceError("CHECKOUT_SOURCE_UNREADABLE:" + path) from exc
            if not stat.S_ISREG(info.st_mode) or info.st_nlink != 1:
                raise ProvenanceError("NON_REGULAR_CHECKOUT_SOURCE:" + path)
            # Hash the SHA256 and Git blob identity from the same opened bytes.
            # No filters, symlink reads or hash/read TOCTOU gap can authorize bytes.
            raw_sha256 = hashlib.sha256()
            blob_digest = hashlib.new(object_format)
            blob_digest.update(b"blob " + str(info.st_size).encode() + b"\0")
            count = 0
            descriptor = os.open(src, os.O_RDONLY | getattr(os, "O_NOFOLLOW", 0))
            with os.fdopen(descriptor, "rb") as handle:
                opened = os.fstat(handle.fileno())
                if (opened.st_dev, opened.st_ino) != (info.st_dev, info.st_ino):
                    raise ProvenanceError("CHECKOUT_SOURCE_REPLACED:" + path)
                for block in iter(lambda: handle.read(1024 * 1024), b""):
                    raw_sha256.update(block)
                    blob_digest.update(block)
                    count += len(block)
            if count != info.st_size or blob_digest.hexdigest() != oid:
                raise ProvenanceError("CHECKOUT_BYTE_MISMATCH:" + path)
            if stat.S_IMODE(info.st_mode) != canonical_file_mode(mode):
>               raise ProvenanceError("CHECKOUT_MODE_MISMATCH:" + path)
E               scripts.porota_artifact_provenance.ProvenanceError: CHECKOUT_MODE_MISMATCH:.dockerignore

scripts/porota_artifact_provenance.py:252: ProvenanceError
_ ERROR at setup of test_payload_cannot_replace_external_origin_with_self_asserted_json[run_attempt-4] _

tmp_path = PosixPath('/workspace/scratch/porota-governed311-9a9b/pytest-private/test_payload_cannot_replace_ex2')

    @pytest.fixture
    def candidate(tmp_path):
        repo = tmp_path / "candidate"
        repo.mkdir()
        for rel, content in {
            "Dockerfile": b"FROM scratch\nCOPY . /app\n",
            ".dockerignore": b"docs/\n*.pdf\n__pycache__/\n*.py[cod]\n",
            "app.py": b"import worker\nVALUE = 7\n",
            "worker.py": b"VALUE = 10\n",
            "ops/policy/paper.json": b'{"mode":"PAPER","real_orders_sent":0}\n',
            "assets/new.runtime.asset": b"automatic enumeration: unknown suffix\n",
            "scripts/run": b"#!/bin/sh\nexit 0\n",
            "tests/test_fixture.py": b"def test_case(): pass\n",
            ".github/workflows/build.yml": b"name: test\n",
            "docs/audit.md": b"Documentation excluded by versioned Docker policy\n",
            "README.md": b"Source includes documentation bytes\n",
        }.items():
            write(repo, rel, content)
        (repo / "scripts/run").chmod(0o755)
        git(repo, "init", "-q")
        git(repo, "config", "user.email", "fixture@example.invalid")
        git(repo, "config", "user.name", "Offline Provenance Test")
        git(repo, "add", ".")
        git(repo, "commit", "-qm", "offline fixture source")
>       manifest = create_source_manifest(repo)
                   ^^^^^^^^^^^^^^^^^^^^^^^^^^^^

tests/test_issue465_provenance.py:64: 
_ _ _ _ _ _ _ _ _ _ _ _ _ _ _ _ _ _ _ _ _ _ _ _ _ _ _ _ _ _ _ _ _ _ _ _ _ _ _ _ 

repo_root = PosixPath('/workspace/scratch/porota-governed311-9a9b/pytest-private/test_payload_cannot_replace_ex2/candidate')
candidate_sha = None, candidate_tree_sha = None

    def create_source_manifest(
        repo_root: Path,
        candidate_sha: str | None = None,
        candidate_tree_sha: str | None = None,
    ) -> dict:
        repo_root = repo_root.resolve()
        head = _git(repo_root, "rev-parse", "HEAD").decode().strip()
        tree = _git(repo_root, "rev-parse", "HEAD^{tree}").decode().strip()
        if candidate_sha is not None and candidate_sha != head:
            raise ProvenanceError("CANDIDATE_SHA_MISMATCH")
        if candidate_tree_sha is not None and candidate_tree_sha != tree:
            raise ProvenanceError("CANDIDATE_TREE_MISMATCH")
        entries = _git(repo_root, "ls-tree", "-rz", "--full-tree", head).split(b"\0")
        source: list[tuple[str, str, str]] = []
        for entry in entries:
            if not entry:
                continue
            meta, name = entry.split(b"\t", 1)
            mode, kind, oid = meta.decode().split()
            path = safe_path(name.decode("utf-8"))
            if path in {SOURCE_MANIFEST_NAME, BUNDLE_MANIFEST_NAME}:
                raise ProvenanceError("RESERVED_GENERATED_METADATA_TRACKED:" + path)
            if kind != "blob" or mode not in {"100644", "100755"}:
                raise ProvenanceError("NON_REGULAR_GIT_SOURCE:" + path)
            source.append((path, mode, oid))
        source.sort()
        if not source or len(source) > MAX_SOURCE_FILES:
            raise ProvenanceError("SOURCE_FILE_COUNT_LIMIT")
    
        object_format = _git(repo_root, "rev-parse", "--show-object-format").decode().strip()
        if object_format not in {"sha1", "sha256"}:
            raise ProvenanceError("UNSUPPORTED_GIT_OBJECT_FORMAT")
        dockerignore_oid = next((oid for path, _, oid in source if path == ".dockerignore"), None)
        dockerignore = _git(repo_root, "cat-file", "blob", dockerignore_oid).decode() if dockerignore_oid else ""
        try:
            from scripts.porota_validate_deploy_artifact import is_runtime_relevant
        except ModuleNotFoundError:
            from porota_validate_deploy_artifact import is_runtime_relevant
        rows = []
        for path, mode, oid in source:
            src = repo_root / path
            for parent in src.parents:
                if parent == repo_root:
                    break
                if parent.is_symlink():
                    raise ProvenanceError("CHECKOUT_SOURCE_PARENT_SYMLINK:" + path)
            try:
                info = src.lstat()
            except OSError as exc:
                raise ProvenanceError("CHECKOUT_SOURCE_UNREADABLE:" + path) from exc
            if not stat.S_ISREG(info.st_mode) or info.st_nlink != 1:
                raise ProvenanceError("NON_REGULAR_CHECKOUT_SOURCE:" + path)
            # Hash the SHA256 and Git blob identity from the same opened bytes.
            # No filters, symlink reads or hash/read TOCTOU gap can authorize bytes.
            raw_sha256 = hashlib.sha256()
            blob_digest = hashlib.new(object_format)
            blob_digest.update(b"blob " + str(info.st_size).encode() + b"\0")
            count = 0
            descriptor = os.open(src, os.O_RDONLY | getattr(os, "O_NOFOLLOW", 0))
            with os.fdopen(descriptor, "rb") as handle:
                opened = os.fstat(handle.fileno())
                if (opened.st_dev, opened.st_ino) != (info.st_dev, info.st_ino):
                    raise ProvenanceError("CHECKOUT_SOURCE_REPLACED:" + path)
                for block in iter(lambda: handle.read(1024 * 1024), b""):
                    raw_sha256.update(block)
                    blob_digest.update(block)
                    count += len(block)
            if count != info.st_size or blob_digest.hexdigest() != oid:
                raise ProvenanceError("CHECKOUT_BYTE_MISMATCH:" + path)
            if stat.S_IMODE(info.st_mode) != canonical_file_mode(mode):
>               raise ProvenanceError("CHECKOUT_MODE_MISMATCH:" + path)
E               scripts.porota_artifact_provenance.ProvenanceError: CHECKOUT_MODE_MISMATCH:.dockerignore

scripts/porota_artifact_provenance.py:252: ProvenanceError
_ ERROR at setup of test_payload_cannot_replace_external_origin_with_self_asserted_json[repository-foreign/repo] _

tmp_path = PosixPath('/workspace/scratch/porota-governed311-9a9b/pytest-private/test_payload_cannot_replace_ex3')

    @pytest.fixture
    def candidate(tmp_path):
        repo = tmp_path / "candidate"
        repo.mkdir()
        for rel, content in {
            "Dockerfile": b"FROM scratch\nCOPY . /app\n",
            ".dockerignore": b"docs/\n*.pdf\n__pycache__/\n*.py[cod]\n",
            "app.py": b"import worker\nVALUE = 7\n",
            "worker.py": b"VALUE = 10\n",
            "ops/policy/paper.json": b'{"mode":"PAPER","real_orders_sent":0}\n',
            "assets/new.runtime.asset": b"automatic enumeration: unknown suffix\n",
            "scripts/run": b"#!/bin/sh\nexit 0\n",
            "tests/test_fixture.py": b"def test_case(): pass\n",
            ".github/workflows/build.yml": b"name: test\n",
            "docs/audit.md": b"Documentation excluded by versioned Docker policy\n",
            "README.md": b"Source includes documentation bytes\n",
        }.items():
            write(repo, rel, content)
        (repo / "scripts/run").chmod(0o755)
        git(repo, "init", "-q")
        git(repo, "config", "user.email", "fixture@example.invalid")
        git(repo, "config", "user.name", "Offline Provenance Test")
        git(repo, "add", ".")
        git(repo, "commit", "-qm", "offline fixture source")
>       manifest = create_source_manifest(repo)
                   ^^^^^^^^^^^^^^^^^^^^^^^^^^^^

tests/test_issue465_provenance.py:64: 
_ _ _ _ _ _ _ _ _ _ _ _ _ _ _ _ _ _ _ _ _ _ _ _ _ _ _ _ _ _ _ _ _ _ _ _ _ _ _ _ 

repo_root = PosixPath('/workspace/scratch/porota-governed311-9a9b/pytest-private/test_payload_cannot_replace_ex3/candidate')
candidate_sha = None, candidate_tree_sha = None

    def create_source_manifest(
        repo_root: Path,
        candidate_sha: str | None = None,
        candidate_tree_sha: str | None = None,
    ) -> dict:
        repo_root = repo_root.resolve()
        head = _git(repo_root, "rev-parse", "HEAD").decode().strip()
        tree = _git(repo_root, "rev-parse", "HEAD^{tree}").decode().strip()
        if candidate_sha is not None and candidate_sha != head:
            raise ProvenanceError("CANDIDATE_SHA_MISMATCH")
        if candidate_tree_sha is not None and candidate_tree_sha != tree:
            raise ProvenanceError("CANDIDATE_TREE_MISMATCH")
        entries = _git(repo_root, "ls-tree", "-rz", "--full-tree", head).split(b"\0")
        source: list[tuple[str, str, str]] = []
        for entry in entries:
            if not entry:
                continue
            meta, name = entry.split(b"\t", 1)
            mode, kind, oid = meta.decode().split()
            path = safe_path(name.decode("utf-8"))
            if path in {SOURCE_MANIFEST_NAME, BUNDLE_MANIFEST_NAME}:
                raise ProvenanceError("RESERVED_GENERATED_METADATA_TRACKED:" + path)
            if kind != "blob" or mode not in {"100644", "100755"}:
                raise ProvenanceError("NON_REGULAR_GIT_SOURCE:" + path)
            source.append((path, mode, oid))
        source.sort()
        if not source or len(source) > MAX_SOURCE_FILES:
            raise ProvenanceError("SOURCE_FILE_COUNT_LIMIT")
    
        object_format = _git(repo_root, "rev-parse", "--show-object-format").decode().strip()
        if object_format not in {"sha1", "sha256"}:
            raise ProvenanceError("UNSUPPORTED_GIT_OBJECT_FORMAT")
        dockerignore_oid = next((oid for path, _, oid in source if path == ".dockerignore"), None)
        dockerignore = _git(repo_root, "cat-file", "blob", dockerignore_oid).decode() if dockerignore_oid else ""
        try:
            from scripts.porota_validate_deploy_artifact import is_runtime_relevant
        except ModuleNotFoundError:
            from porota_validate_deploy_artifact import is_runtime_relevant
        rows = []
        for path, mode, oid in source:
            src = repo_root / path
            for parent in src.parents:
                if parent == repo_root:
                    break
                if parent.is_symlink():
                    raise ProvenanceError("CHECKOUT_SOURCE_PARENT_SYMLINK:" + path)
            try:
                info = src.lstat()
            except OSError as exc:
                raise ProvenanceError("CHECKOUT_SOURCE_UNREADABLE:" + path) from exc
            if not stat.S_ISREG(info.st_mode) or info.st_nlink != 1:
                raise ProvenanceError("NON_REGULAR_CHECKOUT_SOURCE:" + path)
            # Hash the SHA256 and Git blob identity from the same opened bytes.
            # No filters, symlink reads or hash/read TOCTOU gap can authorize bytes.
            raw_sha256 = hashlib.sha256()
            blob_digest = hashlib.new(object_format)
            blob_digest.update(b"blob " + str(info.st_size).encode() + b"\0")
            count = 0
            descriptor = os.open(src, os.O_RDONLY | getattr(os, "O_NOFOLLOW", 0))
            with os.fdopen(descriptor, "rb") as handle:
                opened = os.fstat(handle.fileno())
                if (opened.st_dev, opened.st_ino) != (info.st_dev, info.st_ino):
                    raise ProvenanceError("CHECKOUT_SOURCE_REPLACED:" + path)
                for block in iter(lambda: handle.read(1024 * 1024), b""):
                    raw_sha256.update(block)
                    blob_digest.update(block)
                    count += len(block)
            if count != info.st_size or blob_digest.hexdigest() != oid:
                raise ProvenanceError("CHECKOUT_BYTE_MISMATCH:" + path)
            if stat.S_IMODE(info.st_mode) != canonical_file_mode(mode):
>               raise ProvenanceError("CHECKOUT_MODE_MISMATCH:" + path)
E               scripts.porota_artifact_provenance.ProvenanceError: CHECKOUT_MODE_MISMATCH:.dockerignore

scripts/porota_artifact_provenance.py:252: ProvenanceError
_ ERROR at setup of test_payload_cannot_replace_external_origin_with_self_asserted_json[workflow_path-.github/workflows/homonym.yml] _

tmp_path = PosixPath('/workspace/scratch/porota-governed311-9a9b/pytest-private/test_payload_cannot_replace_ex4')

    @pytest.fixture
    def candidate(tmp_path):
        repo = tmp_path / "candidate"
        repo.mkdir()
        for rel, content in {
            "Dockerfile": b"FROM scratch\nCOPY . /app\n",
            ".dockerignore": b"docs/\n*.pdf\n__pycache__/\n*.py[cod]\n",
            "app.py": b"import worker\nVALUE = 7\n",
            "worker.py": b"VALUE = 10\n",
            "ops/policy/paper.json": b'{"mode":"PAPER","real_orders_sent":0}\n',
            "assets/new.runtime.asset": b"automatic enumeration: unknown suffix\n",
            "scripts/run": b"#!/bin/sh\nexit 0\n",
            "tests/test_fixture.py": b"def test_case(): pass\n",
            ".github/workflows/build.yml": b"name: test\n",
            "docs/audit.md": b"Documentation excluded by versioned Docker policy\n",
            "README.md": b"Source includes documentation bytes\n",
        }.items():
            write(repo, rel, content)
        (repo / "scripts/run").chmod(0o755)
        git(repo, "init", "-q")
        git(repo, "config", "user.email", "fixture@example.invalid")
        git(repo, "config", "user.name", "Offline Provenance Test")
        git(repo, "add", ".")
        git(repo, "commit", "-qm", "offline fixture source")
>       manifest = create_source_manifest(repo)
                   ^^^^^^^^^^^^^^^^^^^^^^^^^^^^

tests/test_issue465_provenance.py:64: 
_ _ _ _ _ _ _ _ _ _ _ _ _ _ _ _ _ _ _ _ _ _ _ _ _ _ _ _ _ _ _ _ _ _ _ _ _ _ _ _ 

repo_root = PosixPath('/workspace/scratch/porota-governed311-9a9b/pytest-private/test_payload_cannot_replace_ex4/candidate')
candidate_sha = None, candidate_tree_sha = None

    def create_source_manifest(
        repo_root: Path,
        candidate_sha: str | None = None,
        candidate_tree_sha: str | None = None,
    ) -> dict:
        repo_root = repo_root.resolve()
        head = _git(repo_root, "rev-parse", "HEAD").decode().strip()
        tree = _git(repo_root, "rev-parse", "HEAD^{tree}").decode().strip()
        if candidate_sha is not None and candidate_sha != head:
            raise ProvenanceError("CANDIDATE_SHA_MISMATCH")
        if candidate_tree_sha is not None and candidate_tree_sha != tree:
            raise ProvenanceError("CANDIDATE_TREE_MISMATCH")
        entries = _git(repo_root, "ls-tree", "-rz", "--full-tree", head).split(b"\0")
        source: list[tuple[str, str, str]] = []
        for entry in entries:
            if not entry:
                continue
            meta, name = entry.split(b"\t", 1)
            mode, kind, oid = meta.decode().split()
            path = safe_path(name.decode("utf-8"))
            if path in {SOURCE_MANIFEST_NAME, BUNDLE_MANIFEST_NAME}:
                raise ProvenanceError("RESERVED_GENERATED_METADATA_TRACKED:" + path)
            if kind != "blob" or mode not in {"100644", "100755"}:
                raise ProvenanceError("NON_REGULAR_GIT_SOURCE:" + path)
            source.append((path, mode, oid))
        source.sort()
        if not source or len(source) > MAX_SOURCE_FILES:
            raise ProvenanceError("SOURCE_FILE_COUNT_LIMIT")
    
        object_format = _git(repo_root, "rev-parse", "--show-object-format").decode().strip()
        if object_format not in {"sha1", "sha256"}:
            raise ProvenanceError("UNSUPPORTED_GIT_OBJECT_FORMAT")
        dockerignore_oid = next((oid for path, _, oid in source if path == ".dockerignore"), None)
        dockerignore = _git(repo_root, "cat-file", "blob", dockerignore_oid).decode() if dockerignore_oid else ""
        try:
            from scripts.porota_validate_deploy_artifact import is_runtime_relevant
        except ModuleNotFoundError:
            from porota_validate_deploy_artifact import is_runtime_relevant
        rows = []
        for path, mode, oid in source:
            src = repo_root / path
            for parent in src.parents:
                if parent == repo_root:
                    break
                if parent.is_symlink():
                    raise ProvenanceError("CHECKOUT_SOURCE_PARENT_SYMLINK:" + path)
            try:
                info = src.lstat()
            except OSError as exc:
                raise ProvenanceError("CHECKOUT_SOURCE_UNREADABLE:" + path) from exc
            if not stat.S_ISREG(info.st_mode) or info.st_nlink != 1:
                raise ProvenanceError("NON_REGULAR_CHECKOUT_SOURCE:" + path)
            # Hash the SHA256 and Git blob identity from the same opened bytes.
            # No filters, symlink reads or hash/read TOCTOU gap can authorize bytes.
            raw_sha256 = hashlib.sha256()
            blob_digest = hashlib.new(object_format)
            blob_digest.update(b"blob " + str(info.st_size).encode() + b"\0")
            count = 0
            descriptor = os.open(src, os.O_RDONLY | getattr(os, "O_NOFOLLOW", 0))
            with os.fdopen(descriptor, "rb") as handle:
                opened = os.fstat(handle.fileno())
                if (opened.st_dev, opened.st_ino) != (info.st_dev, info.st_ino):
                    raise ProvenanceError("CHECKOUT_SOURCE_REPLACED:" + path)
                for block in iter(lambda: handle.read(1024 * 1024), b""):
                    raw_sha256.update(block)
                    blob_digest.update(block)
                    count += len(block)
            if count != info.st_size or blob_digest.hexdigest() != oid:
                raise ProvenanceError("CHECKOUT_BYTE_MISMATCH:" + path)
            if stat.S_IMODE(info.st_mode) != canonical_file_mode(mode):
>               raise ProvenanceError("CHECKOUT_MODE_MISMATCH:" + path)
E               scripts.porota_artifact_provenance.ProvenanceError: CHECKOUT_MODE_MISMATCH:.dockerignore

scripts/porota_artifact_provenance.py:252: ProvenanceError
_ ERROR at setup of test_payload_cannot_replace_external_origin_with_self_asserted_json[event-workflow_dispatch] _

tmp_path = PosixPath('/workspace/scratch/porota-governed311-9a9b/pytest-private/test_payload_cannot_replace_ex5')

    @pytest.fixture
    def candidate(tmp_path):
        repo = tmp_path / "candidate"
        repo.mkdir()
        for rel, content in {
            "Dockerfile": b"FROM scratch\nCOPY . /app\n",
            ".dockerignore": b"docs/\n*.pdf\n__pycache__/\n*.py[cod]\n",
            "app.py": b"import worker\nVALUE = 7\n",
            "worker.py": b"VALUE = 10\n",
            "ops/policy/paper.json": b'{"mode":"PAPER","real_orders_sent":0}\n',
            "assets/new.runtime.asset": b"automatic enumeration: unknown suffix\n",
            "scripts/run": b"#!/bin/sh\nexit 0\n",
            "tests/test_fixture.py": b"def test_case(): pass\n",
            ".github/workflows/build.yml": b"name: test\n",
            "docs/audit.md": b"Documentation excluded by versioned Docker policy\n",
            "README.md": b"Source includes documentation bytes\n",
        }.items():
            write(repo, rel, content)
        (repo / "scripts/run").chmod(0o755)
        git(repo, "init", "-q")
        git(repo, "config", "user.email", "fixture@example.invalid")
        git(repo, "config", "user.name", "Offline Provenance Test")
        git(repo, "add", ".")
        git(repo, "commit", "-qm", "offline fixture source")
>       manifest = create_source_manifest(repo)
                   ^^^^^^^^^^^^^^^^^^^^^^^^^^^^

tests/test_issue465_provenance.py:64: 
_ _ _ _ _ _ _ _ _ _ _ _ _ _ _ _ _ _ _ _ _ _ _ _ _ _ _ _ _ _ _ _ _ _ _ _ _ _ _ _ 

repo_root = PosixPath('/workspace/scratch/porota-governed311-9a9b/pytest-private/test_payload_cannot_replace_ex5/candidate')
candidate_sha = None, candidate_tree_sha = None

    def create_source_manifest(
        repo_root: Path,
        candidate_sha: str | None = None,
        candidate_tree_sha: str | None = None,
    ) -> dict:
        repo_root = repo_root.resolve()
        head = _git(repo_root, "rev-parse", "HEAD").decode().strip()
        tree = _git(repo_root, "rev-parse", "HEAD^{tree}").decode().strip()
        if candidate_sha is not None and candidate_sha != head:
            raise ProvenanceError("CANDIDATE_SHA_MISMATCH")
        if candidate_tree_sha is not None and candidate_tree_sha != tree:
            raise ProvenanceError("CANDIDATE_TREE_MISMATCH")
        entries = _git(repo_root, "ls-tree", "-rz", "--full-tree", head).split(b"\0")
        source: list[tuple[str, str, str]] = []
        for entry in entries:
            if not entry:
                continue
            meta, name = entry.split(b"\t", 1)
            mode, kind, oid = meta.decode().split()
            path = safe_path(name.decode("utf-8"))
            if path in {SOURCE_MANIFEST_NAME, BUNDLE_MANIFEST_NAME}:
                raise ProvenanceError("RESERVED_GENERATED_METADATA_TRACKED:" + path)
            if kind != "blob" or mode not in {"100644", "100755"}:
                raise ProvenanceError("NON_REGULAR_GIT_SOURCE:" + path)
            source.append((path, mode, oid))
        source.sort()
        if not source or len(source) > MAX_SOURCE_FILES:
            raise ProvenanceError("SOURCE_FILE_COUNT_LIMIT")
    
        object_format = _git(repo_root, "rev-parse", "--show-object-format").decode().strip()
        if object_format not in {"sha1", "sha256"}:
            raise ProvenanceError("UNSUPPORTED_GIT_OBJECT_FORMAT")
        dockerignore_oid = next((oid for path, _, oid in source if path == ".dockerignore"), None)
        dockerignore = _git(repo_root, "cat-file", "blob", dockerignore_oid).decode() if dockerignore_oid else ""
        try:
            from scripts.porota_validate_deploy_artifact import is_runtime_relevant
        except ModuleNotFoundError:
            from porota_validate_deploy_artifact import is_runtime_relevant
        rows = []
        for path, mode, oid in source:
            src = repo_root / path
            for parent in src.parents:
                if parent == repo_root:
                    break
                if parent.is_symlink():
                    raise ProvenanceError("CHECKOUT_SOURCE_PARENT_SYMLINK:" + path)
            try:
                info = src.lstat()
            except OSError as exc:
                raise ProvenanceError("CHECKOUT_SOURCE_UNREADABLE:" + path) from exc
            if not stat.S_ISREG(info.st_mode) or info.st_nlink != 1:
                raise ProvenanceError("NON_REGULAR_CHECKOUT_SOURCE:" + path)
            # Hash the SHA256 and Git blob identity from the same opened bytes.
            # No filters, symlink reads or hash/read TOCTOU gap can authorize bytes.
            raw_sha256 = hashlib.sha256()
            blob_digest = hashlib.new(object_format)
            blob_digest.update(b"blob " + str(info.st_size).encode() + b"\0")
            count = 0
            descriptor = os.open(src, os.O_RDONLY | getattr(os, "O_NOFOLLOW", 0))
            with os.fdopen(descriptor, "rb") as handle:
                opened = os.fstat(handle.fileno())
                if (opened.st_dev, opened.st_ino) != (info.st_dev, info.st_ino):
                    raise ProvenanceError("CHECKOUT_SOURCE_REPLACED:" + path)
                for block in iter(lambda: handle.read(1024 * 1024), b""):
                    raw_sha256.update(block)
                    blob_digest.update(block)
                    count += len(block)
            if count != info.st_size or blob_digest.hexdigest() != oid:
                raise ProvenanceError("CHECKOUT_BYTE_MISMATCH:" + path)
            if stat.S_IMODE(info.st_mode) != canonical_file_mode(mode):
>               raise ProvenanceError("CHECKOUT_MODE_MISMATCH:" + path)
E               scripts.porota_artifact_provenance.ProvenanceError: CHECKOUT_MODE_MISMATCH:.dockerignore

scripts/porota_artifact_provenance.py:252: ProvenanceError
_ ERROR at setup of test_payload_cannot_replace_external_origin_with_self_asserted_json[candidate_sha-ffffffffffffffffffffffffffffffffffffffff] _

tmp_path = PosixPath('/workspace/scratch/porota-governed311-9a9b/pytest-private/test_payload_cannot_replace_ex6')

    @pytest.fixture
    def candidate(tmp_path):
        repo = tmp_path / "candidate"
        repo.mkdir()
        for rel, content in {
            "Dockerfile": b"FROM scratch\nCOPY . /app\n",
            ".dockerignore": b"docs/\n*.pdf\n__pycache__/\n*.py[cod]\n",
            "app.py": b"import worker\nVALUE = 7\n",
            "worker.py": b"VALUE = 10\n",
            "ops/policy/paper.json": b'{"mode":"PAPER","real_orders_sent":0}\n',
            "assets/new.runtime.asset": b"automatic enumeration: unknown suffix\n",
            "scripts/run": b"#!/bin/sh\nexit 0\n",
            "tests/test_fixture.py": b"def test_case(): pass\n",
            ".github/workflows/build.yml": b"name: test\n",
            "docs/audit.md": b"Documentation excluded by versioned Docker policy\n",
            "README.md": b"Source includes documentation bytes\n",
        }.items():
            write(repo, rel, content)
        (repo / "scripts/run").chmod(0o755)
        git(repo, "init", "-q")
        git(repo, "config", "user.email", "fixture@example.invalid")
        git(repo, "config", "user.name", "Offline Provenance Test")
        git(repo, "add", ".")
        git(repo, "commit", "-qm", "offline fixture source")
>       manifest = create_source_manifest(repo)
                   ^^^^^^^^^^^^^^^^^^^^^^^^^^^^

tests/test_issue465_provenance.py:64: 
_ _ _ _ _ _ _ _ _ _ _ _ _ _ _ _ _ _ _ _ _ _ _ _ _ _ _ _ _ _ _ _ _ _ _ _ _ _ _ _ 

repo_root = PosixPath('/workspace/scratch/porota-governed311-9a9b/pytest-private/test_payload_cannot_replace_ex6/candidate')
candidate_sha = None, candidate_tree_sha = None

    def create_source_manifest(
        repo_root: Path,
        candidate_sha: str | None = None,
        candidate_tree_sha: str | None = None,
    ) -> dict:
        repo_root = repo_root.resolve()
        head = _git(repo_root, "rev-parse", "HEAD").decode().strip()
        tree = _git(repo_root, "rev-parse", "HEAD^{tree}").decode().strip()
        if candidate_sha is not None and candidate_sha != head:
            raise ProvenanceError("CANDIDATE_SHA_MISMATCH")
        if candidate_tree_sha is not None and candidate_tree_sha != tree:
            raise ProvenanceError("CANDIDATE_TREE_MISMATCH")
        entries = _git(repo_root, "ls-tree", "-rz", "--full-tree", head).split(b"\0")
        source: list[tuple[str, str, str]] = []
        for entry in entries:
            if not entry:
                continue
            meta, name = entry.split(b"\t", 1)
            mode, kind, oid = meta.decode().split()
            path = safe_path(name.decode("utf-8"))
            if path in {SOURCE_MANIFEST_NAME, BUNDLE_MANIFEST_NAME}:
                raise ProvenanceError("RESERVED_GENERATED_METADATA_TRACKED:" + path)
            if kind != "blob" or mode not in {"100644", "100755"}:
                raise ProvenanceError("NON_REGULAR_GIT_SOURCE:" + path)
            source.append((path, mode, oid))
        source.sort()
        if not source or len(source) > MAX_SOURCE_FILES:
            raise ProvenanceError("SOURCE_FILE_COUNT_LIMIT")
    
        object_format = _git(repo_root, "rev-parse", "--show-object-format").decode().strip()
        if object_format not in {"sha1", "sha256"}:
            raise ProvenanceError("UNSUPPORTED_GIT_OBJECT_FORMAT")
        dockerignore_oid = next((oid for path, _, oid in source if path == ".dockerignore"), None)
        dockerignore = _git(repo_root, "cat-file", "blob", dockerignore_oid).decode() if dockerignore_oid else ""
        try:
            from scripts.porota_validate_deploy_artifact import is_runtime_relevant
        except ModuleNotFoundError:
            from porota_validate_deploy_artifact import is_runtime_relevant
        rows = []
        for path, mode, oid in source:
            src = repo_root / path
            for parent in src.parents:
                if parent == repo_root:
                    break
                if parent.is_symlink():
                    raise ProvenanceError("CHECKOUT_SOURCE_PARENT_SYMLINK:" + path)
            try:
                info = src.lstat()
            except OSError as exc:
                raise ProvenanceError("CHECKOUT_SOURCE_UNREADABLE:" + path) from exc
            if not stat.S_ISREG(info.st_mode) or info.st_nlink != 1:
                raise ProvenanceError("NON_REGULAR_CHECKOUT_SOURCE:" + path)
            # Hash the SHA256 and Git blob identity from the same opened bytes.
            # No filters, symlink reads or hash/read TOCTOU gap can authorize bytes.
            raw_sha256 = hashlib.sha256()
            blob_digest = hashlib.new(object_format)
            blob_digest.update(b"blob " + str(info.st_size).encode() + b"\0")
            count = 0
            descriptor = os.open(src, os.O_RDONLY | getattr(os, "O_NOFOLLOW", 0))
            with os.fdopen(descriptor, "rb") as handle:
                opened = os.fstat(handle.fileno())
                if (opened.st_dev, opened.st_ino) != (info.st_dev, info.st_ino):
                    raise ProvenanceError("CHECKOUT_SOURCE_REPLACED:" + path)
                for block in iter(lambda: handle.read(1024 * 1024), b""):
                    raw_sha256.update(block)
                    blob_digest.update(block)
                    count += len(block)
            if count != info.st_size or blob_digest.hexdigest() != oid:
                raise ProvenanceError("CHECKOUT_BYTE_MISMATCH:" + path)
            if stat.S_IMODE(info.st_mode) != canonical_file_mode(mode):
>               raise ProvenanceError("CHECKOUT_MODE_MISMATCH:" + path)
E               scripts.porota_artifact_provenance.ProvenanceError: CHECKOUT_MODE_MISMATCH:.dockerignore

scripts/porota_artifact_provenance.py:252: ProvenanceError
_ ERROR at setup of test_payload_safety_and_capacity_metadata_types_fail_closed[image_size_bytes-True] _

tmp_path = PosixPath('/workspace/scratch/porota-governed311-9a9b/pytest-private/test_payload_safety_and_capaci0')

    @pytest.fixture
    def candidate(tmp_path):
        repo = tmp_path / "candidate"
        repo.mkdir()
        for rel, content in {
            "Dockerfile": b"FROM scratch\nCOPY . /app\n",
            ".dockerignore": b"docs/\n*.pdf\n__pycache__/\n*.py[cod]\n",
            "app.py": b"import worker\nVALUE = 7\n",
            "worker.py": b"VALUE = 10\n",
            "ops/policy/paper.json": b'{"mode":"PAPER","real_orders_sent":0}\n',
            "assets/new.runtime.asset": b"automatic enumeration: unknown suffix\n",
            "scripts/run": b"#!/bin/sh\nexit 0\n",
            "tests/test_fixture.py": b"def test_case(): pass\n",
            ".github/workflows/build.yml": b"name: test\n",
            "docs/audit.md": b"Documentation excluded by versioned Docker policy\n",
            "README.md": b"Source includes documentation bytes\n",
        }.items():
            write(repo, rel, content)
        (repo / "scripts/run").chmod(0o755)
        git(repo, "init", "-q")
        git(repo, "config", "user.email", "fixture@example.invalid")
        git(repo, "config", "user.name", "Offline Provenance Test")
        git(repo, "add", ".")
        git(repo, "commit", "-qm", "offline fixture source")
>       manifest = create_source_manifest(repo)
                   ^^^^^^^^^^^^^^^^^^^^^^^^^^^^

tests/test_issue465_provenance.py:64: 
_ _ _ _ _ _ _ _ _ _ _ _ _ _ _ _ _ _ _ _ _ _ _ _ _ _ _ _ _ _ _ _ _ _ _ _ _ _ _ _ 

repo_root = PosixPath('/workspace/scratch/porota-governed311-9a9b/pytest-private/test_payload_safety_and_capaci0/candidate')
candidate_sha = None, candidate_tree_sha = None

    def create_source_manifest(
        repo_root: Path,
        candidate_sha: str | None = None,
        candidate_tree_sha: str | None = None,
    ) -> dict:
        repo_root = repo_root.resolve()
        head = _git(repo_root, "rev-parse", "HEAD").decode().strip()
        tree = _git(repo_root, "rev-parse", "HEAD^{tree}").decode().strip()
        if candidate_sha is not None and candidate_sha != head:
            raise ProvenanceError("CANDIDATE_SHA_MISMATCH")
        if candidate_tree_sha is not None and candidate_tree_sha != tree:
            raise ProvenanceError("CANDIDATE_TREE_MISMATCH")
        entries = _git(repo_root, "ls-tree", "-rz", "--full-tree", head).split(b"\0")
        source: list[tuple[str, str, str]] = []
        for entry in entries:
            if not entry:
                continue
            meta, name = entry.split(b"\t", 1)
            mode, kind, oid = meta.decode().split()
            path = safe_path(name.decode("utf-8"))
            if path in {SOURCE_MANIFEST_NAME, BUNDLE_MANIFEST_NAME}:
                raise ProvenanceError("RESERVED_GENERATED_METADATA_TRACKED:" + path)
            if kind != "blob" or mode not in {"100644", "100755"}:
                raise ProvenanceError("NON_REGULAR_GIT_SOURCE:" + path)
            source.append((path, mode, oid))
        source.sort()
        if not source or len(source) > MAX_SOURCE_FILES:
            raise ProvenanceError("SOURCE_FILE_COUNT_LIMIT")
    
        object_format = _git(repo_root, "rev-parse", "--show-object-format").decode().strip()
        if object_format not in {"sha1", "sha256"}:
            raise ProvenanceError("UNSUPPORTED_GIT_OBJECT_FORMAT")
        dockerignore_oid = next((oid for path, _, oid in source if path == ".dockerignore"), None)
        dockerignore = _git(repo_root, "cat-file", "blob", dockerignore_oid).decode() if dockerignore_oid else ""
        try:
            from scripts.porota_validate_deploy_artifact import is_runtime_relevant
        except ModuleNotFoundError:
            from porota_validate_deploy_artifact import is_runtime_relevant
        rows = []
        for path, mode, oid in source:
            src = repo_root / path
            for parent in src.parents:
                if parent == repo_root:
                    break
                if parent.is_symlink():
                    raise ProvenanceError("CHECKOUT_SOURCE_PARENT_SYMLINK:" + path)
            try:
                info = src.lstat()
            except OSError as exc:
                raise ProvenanceError("CHECKOUT_SOURCE_UNREADABLE:" + path) from exc
            if not stat.S_ISREG(info.st_mode) or info.st_nlink != 1:
                raise ProvenanceError("NON_REGULAR_CHECKOUT_SOURCE:" + path)
            # Hash the SHA256 and Git blob identity from the same opened bytes.
            # No filters, symlink reads or hash/read TOCTOU gap can authorize bytes.
            raw_sha256 = hashlib.sha256()
            blob_digest = hashlib.new(object_format)
            blob_digest.update(b"blob " + str(info.st_size).encode() + b"\0")
            count = 0
            descriptor = os.open(src, os.O_RDONLY | getattr(os, "O_NOFOLLOW", 0))
            with os.fdopen(descriptor, "rb") as handle:
                opened = os.fstat(handle.fileno())
                if (opened.st_dev, opened.st_ino) != (info.st_dev, info.st_ino):
                    raise ProvenanceError("CHECKOUT_SOURCE_REPLACED:" + path)
                for block in iter(lambda: handle.read(1024 * 1024), b""):
                    raw_sha256.update(block)
                    blob_digest.update(block)
                    count += len(block)
            if count != info.st_size or blob_digest.hexdigest() != oid:
                raise ProvenanceError("CHECKOUT_BYTE_MISMATCH:" + path)
            if stat.S_IMODE(info.st_mode) != canonical_file_mode(mode):
>               raise ProvenanceError("CHECKOUT_MODE_MISMATCH:" + path)
E               scripts.porota_artifact_provenance.ProvenanceError: CHECKOUT_MODE_MISMATCH:.dockerignore

scripts/porota_artifact_provenance.py:252: ProvenanceError
_ ERROR at setup of test_payload_safety_and_capacity_metadata_types_fail_closed[real_orders_sent_required-False] _

tmp_path = PosixPath('/workspace/scratch/porota-governed311-9a9b/pytest-private/test_payload_safety_and_capaci1')

    @pytest.fixture
    def candidate(tmp_path):
        repo = tmp_path / "candidate"
        repo.mkdir()
        for rel, content in {
            "Dockerfile": b"FROM scratch\nCOPY . /app\n",
            ".dockerignore": b"docs/\n*.pdf\n__pycache__/\n*.py[cod]\n",
            "app.py": b"import worker\nVALUE = 7\n",
            "worker.py": b"VALUE = 10\n",
            "ops/policy/paper.json": b'{"mode":"PAPER","real_orders_sent":0}\n',
            "assets/new.runtime.asset": b"automatic enumeration: unknown suffix\n",
            "scripts/run": b"#!/bin/sh\nexit 0\n",
            "tests/test_fixture.py": b"def test_case(): pass\n",
            ".github/workflows/build.yml": b"name: test\n",
            "docs/audit.md": b"Documentation excluded by versioned Docker policy\n",
            "README.md": b"Source includes documentation bytes\n",
        }.items():
            write(repo, rel, content)
        (repo / "scripts/run").chmod(0o755)
        git(repo, "init", "-q")
        git(repo, "config", "user.email", "fixture@example.invalid")
        git(repo, "config", "user.name", "Offline Provenance Test")
        git(repo, "add", ".")
        git(repo, "commit", "-qm", "offline fixture source")
>       manifest = create_source_manifest(repo)
                   ^^^^^^^^^^^^^^^^^^^^^^^^^^^^

tests/test_issue465_provenance.py:64: 
_ _ _ _ _ _ _ _ _ _ _ _ _ _ _ _ _ _ _ _ _ _ _ _ _ _ _ _ _ _ _ _ _ _ _ _ _ _ _ _ 

repo_root = PosixPath('/workspace/scratch/porota-governed311-9a9b/pytest-private/test_payload_safety_and_capaci1/candidate')
candidate_sha = None, candidate_tree_sha = None

    def create_source_manifest(
        repo_root: Path,
        candidate_sha: str | None = None,
        candidate_tree_sha: str | None = None,
    ) -> dict:
        repo_root = repo_root.resolve()
        head = _git(repo_root, "rev-parse", "HEAD").decode().strip()
        tree = _git(repo_root, "rev-parse", "HEAD^{tree}").decode().strip()
        if candidate_sha is not None and candidate_sha != head:
            raise ProvenanceError("CANDIDATE_SHA_MISMATCH")
        if candidate_tree_sha is not None and candidate_tree_sha != tree:
            raise ProvenanceError("CANDIDATE_TREE_MISMATCH")
        entries = _git(repo_root, "ls-tree", "-rz", "--full-tree", head).split(b"\0")
        source: list[tuple[str, str, str]] = []
        for entry in entries:
            if not entry:
                continue
            meta, name = entry.split(b"\t", 1)
            mode, kind, oid = meta.decode().split()
            path = safe_path(name.decode("utf-8"))
            if path in {SOURCE_MANIFEST_NAME, BUNDLE_MANIFEST_NAME}:
                raise ProvenanceError("RESERVED_GENERATED_METADATA_TRACKED:" + path)
            if kind != "blob" or mode not in {"100644", "100755"}:
                raise ProvenanceError("NON_REGULAR_GIT_SOURCE:" + path)
            source.append((path, mode, oid))
        source.sort()
        if not source or len(source) > MAX_SOURCE_FILES:
            raise ProvenanceError("SOURCE_FILE_COUNT_LIMIT")
    
        object_format = _git(repo_root, "rev-parse", "--show-object-format").decode().strip()
        if object_format not in {"sha1", "sha256"}:
            raise ProvenanceError("UNSUPPORTED_GIT_OBJECT_FORMAT")
        dockerignore_oid = next((oid for path, _, oid in source if path == ".dockerignore"), None)
        dockerignore = _git(repo_root, "cat-file", "blob", dockerignore_oid).decode() if dockerignore_oid else ""
        try:
            from scripts.porota_validate_deploy_artifact import is_runtime_relevant
        except ModuleNotFoundError:
            from porota_validate_deploy_artifact import is_runtime_relevant
        rows = []
        for path, mode, oid in source:
            src = repo_root / path
            for parent in src.parents:
                if parent == repo_root:
                    break
                if parent.is_symlink():
                    raise ProvenanceError("CHECKOUT_SOURCE_PARENT_SYMLINK:" + path)
            try:
                info = src.lstat()
            except OSError as exc:
                raise ProvenanceError("CHECKOUT_SOURCE_UNREADABLE:" + path) from exc
            if not stat.S_ISREG(info.st_mode) or info.st_nlink != 1:
                raise ProvenanceError("NON_REGULAR_CHECKOUT_SOURCE:" + path)
            # Hash the SHA256 and Git blob identity from the same opened bytes.
            # No filters, symlink reads or hash/read TOCTOU gap can authorize bytes.
            raw_sha256 = hashlib.sha256()
            blob_digest = hashlib.new(object_format)
            blob_digest.update(b"blob " + str(info.st_size).encode() + b"\0")
            count = 0
            descriptor = os.open(src, os.O_RDONLY | getattr(os, "O_NOFOLLOW", 0))
            with os.fdopen(descriptor, "rb") as handle:
                opened = os.fstat(handle.fileno())
                if (opened.st_dev, opened.st_ino) != (info.st_dev, info.st_ino):
                    raise ProvenanceError("CHECKOUT_SOURCE_REPLACED:" + path)
                for block in iter(lambda: handle.read(1024 * 1024), b""):
                    raw_sha256.update(block)
                    blob_digest.update(block)
                    count += len(block)
            if count != info.st_size or blob_digest.hexdigest() != oid:
                raise ProvenanceError("CHECKOUT_BYTE_MISMATCH:" + path)
            if stat.S_IMODE(info.st_mode) != canonical_file_mode(mode):
>               raise ProvenanceError("CHECKOUT_MODE_MISMATCH:" + path)
E               scripts.porota_artifact_provenance.ProvenanceError: CHECKOUT_MODE_MISMATCH:.dockerignore

scripts/porota_artifact_provenance.py:252: ProvenanceError
_ ERROR at setup of test_payload_safety_and_capacity_metadata_types_fail_closed[build_once-1] _

tmp_path = PosixPath('/workspace/scratch/porota-governed311-9a9b/pytest-private/test_payload_safety_and_capaci2')

    @pytest.fixture
    def candidate(tmp_path):
        repo = tmp_path / "candidate"
        repo.mkdir()
        for rel, content in {
            "Dockerfile": b"FROM scratch\nCOPY . /app\n",
            ".dockerignore": b"docs/\n*.pdf\n__pycache__/\n*.py[cod]\n",
            "app.py": b"import worker\nVALUE = 7\n",
            "worker.py": b"VALUE = 10\n",
            "ops/policy/paper.json": b'{"mode":"PAPER","real_orders_sent":0}\n',
            "assets/new.runtime.asset": b"automatic enumeration: unknown suffix\n",
            "scripts/run": b"#!/bin/sh\nexit 0\n",
            "tests/test_fixture.py": b"def test_case(): pass\n",
            ".github/workflows/build.yml": b"name: test\n",
            "docs/audit.md": b"Documentation excluded by versioned Docker policy\n",
            "README.md": b"Source includes documentation bytes\n",
        }.items():
            write(repo, rel, content)
        (repo / "scripts/run").chmod(0o755)
        git(repo, "init", "-q")
        git(repo, "config", "user.email", "fixture@example.invalid")
        git(repo, "config", "user.name", "Offline Provenance Test")
        git(repo, "add", ".")
        git(repo, "commit", "-qm", "offline fixture source")
>       manifest = create_source_manifest(repo)
                   ^^^^^^^^^^^^^^^^^^^^^^^^^^^^

tests/test_issue465_provenance.py:64: 
_ _ _ _ _ _ _ _ _ _ _ _ _ _ _ _ _ _ _ _ _ _ _ _ _ _ _ _ _ _ _ _ _ _ _ _ _ _ _ _ 

repo_root = PosixPath('/workspace/scratch/porota-governed311-9a9b/pytest-private/test_payload_safety_and_capaci2/candidate')
candidate_sha = None, candidate_tree_sha = None

    def create_source_manifest(
        repo_root: Path,
        candidate_sha: str | None = None,
        candidate_tree_sha: str | None = None,
    ) -> dict:
        repo_root = repo_root.resolve()
        head = _git(repo_root, "rev-parse", "HEAD").decode().strip()
        tree = _git(repo_root, "rev-parse", "HEAD^{tree}").decode().strip()
        if candidate_sha is not None and candidate_sha != head:
            raise ProvenanceError("CANDIDATE_SHA_MISMATCH")
        if candidate_tree_sha is not None and candidate_tree_sha != tree:
            raise ProvenanceError("CANDIDATE_TREE_MISMATCH")
        entries = _git(repo_root, "ls-tree", "-rz", "--full-tree", head).split(b"\0")
        source: list[tuple[str, str, str]] = []
        for entry in entries:
            if not entry:
                continue
            meta, name = entry.split(b"\t", 1)
            mode, kind, oid = meta.decode().split()
            path = safe_path(name.decode("utf-8"))
            if path in {SOURCE_MANIFEST_NAME, BUNDLE_MANIFEST_NAME}:
                raise ProvenanceError("RESERVED_GENERATED_METADATA_TRACKED:" + path)
            if kind != "blob" or mode not in {"100644", "100755"}:
                raise ProvenanceError("NON_REGULAR_GIT_SOURCE:" + path)
            source.append((path, mode, oid))
        source.sort()
        if not source or len(source) > MAX_SOURCE_FILES:
            raise ProvenanceError("SOURCE_FILE_COUNT_LIMIT")
    
        object_format = _git(repo_root, "rev-parse", "--show-object-format").decode().strip()
        if object_format not in {"sha1", "sha256"}:
            raise ProvenanceError("UNSUPPORTED_GIT_OBJECT_FORMAT")
        dockerignore_oid = next((oid for path, _, oid in source if path == ".dockerignore"), None)
        dockerignore = _git(repo_root, "cat-file", "blob", dockerignore_oid).decode() if dockerignore_oid else ""
        try:
            from scripts.porota_validate_deploy_artifact import is_runtime_relevant
        except ModuleNotFoundError:
            from porota_validate_deploy_artifact import is_runtime_relevant
        rows = []
        for path, mode, oid in source:
            src = repo_root / path
            for parent in src.parents:
                if parent == repo_root:
                    break
                if parent.is_symlink():
                    raise ProvenanceError("CHECKOUT_SOURCE_PARENT_SYMLINK:" + path)
            try:
                info = src.lstat()
            except OSError as exc:
                raise ProvenanceError("CHECKOUT_SOURCE_UNREADABLE:" + path) from exc
            if not stat.S_ISREG(info.st_mode) or info.st_nlink != 1:
                raise ProvenanceError("NON_REGULAR_CHECKOUT_SOURCE:" + path)
            # Hash the SHA256 and Git blob identity from the same opened bytes.
            # No filters, symlink reads or hash/read TOCTOU gap can authorize bytes.
            raw_sha256 = hashlib.sha256()
            blob_digest = hashlib.new(object_format)
            blob_digest.update(b"blob " + str(info.st_size).encode() + b"\0")
            count = 0
            descriptor = os.open(src, os.O_RDONLY | getattr(os, "O_NOFOLLOW", 0))
            with os.fdopen(descriptor, "rb") as handle:
                opened = os.fstat(handle.fileno())
                if (opened.st_dev, opened.st_ino) != (info.st_dev, info.st_ino):
                    raise ProvenanceError("CHECKOUT_SOURCE_REPLACED:" + path)
                for block in iter(lambda: handle.read(1024 * 1024), b""):
                    raw_sha256.update(block)
                    blob_digest.update(block)
                    count += len(block)
            if count != info.st_size or blob_digest.hexdigest() != oid:
                raise ProvenanceError("CHECKOUT_BYTE_MISMATCH:" + path)
            if stat.S_IMODE(info.st_mode) != canonical_file_mode(mode):
>               raise ProvenanceError("CHECKOUT_MODE_MISMATCH:" + path)
E               scripts.porota_artifact_provenance.ProvenanceError: CHECKOUT_MODE_MISMATCH:.dockerignore

scripts/porota_artifact_provenance.py:252: ProvenanceError
_ ERROR at setup of test_payload_safety_and_capacity_metadata_types_fail_closed[paper_mode_required-REAL] _

tmp_path = PosixPath('/workspace/scratch/porota-governed311-9a9b/pytest-private/test_payload_safety_and_capaci3')

    @pytest.fixture
    def candidate(tmp_path):
        repo = tmp_path / "candidate"
        repo.mkdir()
        for rel, content in {
            "Dockerfile": b"FROM scratch\nCOPY . /app\n",
            ".dockerignore": b"docs/\n*.pdf\n__pycache__/\n*.py[cod]\n",
            "app.py": b"import worker\nVALUE = 7\n",
            "worker.py": b"VALUE = 10\n",
            "ops/policy/paper.json": b'{"mode":"PAPER","real_orders_sent":0}\n',
            "assets/new.runtime.asset": b"automatic enumeration: unknown suffix\n",
            "scripts/run": b"#!/bin/sh\nexit 0\n",
            "tests/test_fixture.py": b"def test_case(): pass\n",
            ".github/workflows/build.yml": b"name: test\n",
            "docs/audit.md": b"Documentation excluded by versioned Docker policy\n",
            "README.md": b"Source includes documentation bytes\n",
        }.items():
            write(repo, rel, content)
        (repo / "scripts/run").chmod(0o755)
        git(repo, "init", "-q")
        git(repo, "config", "user.email", "fixture@example.invalid")
        git(repo, "config", "user.name", "Offline Provenance Test")
        git(repo, "add", ".")
        git(repo, "commit", "-qm", "offline fixture source")
>       manifest = create_source_manifest(repo)
                   ^^^^^^^^^^^^^^^^^^^^^^^^^^^^

tests/test_issue465_provenance.py:64: 
_ _ _ _ _ _ _ _ _ _ _ _ _ _ _ _ _ _ _ _ _ _ _ _ _ _ _ _ _ _ _ _ _ _ _ _ _ _ _ _ 

repo_root = PosixPath('/workspace/scratch/porota-governed311-9a9b/pytest-private/test_payload_safety_and_capaci3/candidate')
candidate_sha = None, candidate_tree_sha = None

    def create_source_manifest(
        repo_root: Path,
        candidate_sha: str | None = None,
        candidate_tree_sha: str | None = None,
    ) -> dict:
        repo_root = repo_root.resolve()
        head = _git(repo_root, "rev-parse", "HEAD").decode().strip()
        tree = _git(repo_root, "rev-parse", "HEAD^{tree}").decode().strip()
        if candidate_sha is not None and candidate_sha != head:
            raise ProvenanceError("CANDIDATE_SHA_MISMATCH")
        if candidate_tree_sha is not None and candidate_tree_sha != tree:
            raise ProvenanceError("CANDIDATE_TREE_MISMATCH")
        entries = _git(repo_root, "ls-tree", "-rz", "--full-tree", head).split(b"\0")
        source: list[tuple[str, str, str]] = []
        for entry in entries:
            if not entry:
                continue
            meta, name = entry.split(b"\t", 1)
            mode, kind, oid = meta.decode().split()
            path = safe_path(name.decode("utf-8"))
            if path in {SOURCE_MANIFEST_NAME, BUNDLE_MANIFEST_NAME}:
                raise ProvenanceError("RESERVED_GENERATED_METADATA_TRACKED:" + path)
            if kind != "blob" or mode not in {"100644", "100755"}:
                raise ProvenanceError("NON_REGULAR_GIT_SOURCE:" + path)
            source.append((path, mode, oid))
        source.sort()
        if not source or len(source) > MAX_SOURCE_FILES:
            raise ProvenanceError("SOURCE_FILE_COUNT_LIMIT")
    
        object_format = _git(repo_root, "rev-parse", "--show-object-format").decode().strip()
        if object_format not in {"sha1", "sha256"}:
            raise ProvenanceError("UNSUPPORTED_GIT_OBJECT_FORMAT")
        dockerignore_oid = next((oid for path, _, oid in source if path == ".dockerignore"), None)
        dockerignore = _git(repo_root, "cat-file", "blob", dockerignore_oid).decode() if dockerignore_oid else ""
        try:
            from scripts.porota_validate_deploy_artifact import is_runtime_relevant
        except ModuleNotFoundError:
            from porota_validate_deploy_artifact import is_runtime_relevant
        rows = []
        for path, mode, oid in source:
            src = repo_root / path
            for parent in src.parents:
                if parent == repo_root:
                    break
                if parent.is_symlink():
                    raise ProvenanceError("CHECKOUT_SOURCE_PARENT_SYMLINK:" + path)
            try:
                info = src.lstat()
            except OSError as exc:
                raise ProvenanceError("CHECKOUT_SOURCE_UNREADABLE:" + path) from exc
            if not stat.S_ISREG(info.st_mode) or info.st_nlink != 1:
                raise ProvenanceError("NON_REGULAR_CHECKOUT_SOURCE:" + path)
            # Hash the SHA256 and Git blob identity from the same opened bytes.
            # No filters, symlink reads or hash/read TOCTOU gap can authorize bytes.
            raw_sha256 = hashlib.sha256()
            blob_digest = hashlib.new(object_format)
            blob_digest.update(b"blob " + str(info.st_size).encode() + b"\0")
            count = 0
            descriptor = os.open(src, os.O_RDONLY | getattr(os, "O_NOFOLLOW", 0))
            with os.fdopen(descriptor, "rb") as handle:
                opened = os.fstat(handle.fileno())
                if (opened.st_dev, opened.st_ino) != (info.st_dev, info.st_ino):
                    raise ProvenanceError("CHECKOUT_SOURCE_REPLACED:" + path)
                for block in iter(lambda: handle.read(1024 * 1024), b""):
                    raw_sha256.update(block)
                    blob_digest.update(block)
                    count += len(block)
            if count != info.st_size or blob_digest.hexdigest() != oid:
                raise ProvenanceError("CHECKOUT_BYTE_MISMATCH:" + path)
            if stat.S_IMODE(info.st_mode) != canonical_file_mode(mode):
>               raise ProvenanceError("CHECKOUT_MODE_MISMATCH:" + path)
E               scripts.porota_artifact_provenance.ProvenanceError: CHECKOUT_MODE_MISMATCH:.dockerignore

scripts/porota_artifact_provenance.py:252: ProvenanceError
___ ERROR at setup of test_checkout_complete_mode_changes_are_rejected[384] ____

tmp_path = PosixPath('/workspace/scratch/porota-governed311-9a9b/pytest-private/test_checkout_complete_mode_ch0')

    @pytest.fixture
    def candidate(tmp_path):
        repo = tmp_path / "candidate"
        repo.mkdir()
        for rel, content in {
            "Dockerfile": b"FROM scratch\nCOPY . /app\n",
            ".dockerignore": b"docs/\n*.pdf\n__pycache__/\n*.py[cod]\n",
            "app.py": b"import worker\nVALUE = 7\n",
            "worker.py": b"VALUE = 10\n",
            "ops/policy/paper.json": b'{"mode":"PAPER","real_orders_sent":0}\n',
            "assets/new.runtime.asset": b"automatic enumeration: unknown suffix\n",
            "scripts/run": b"#!/bin/sh\nexit 0\n",
            "tests/test_fixture.py": b"def test_case(): pass\n",
            ".github/workflows/build.yml": b"name: test\n",
            "docs/audit.md": b"Documentation excluded by versioned Docker policy\n",
            "README.md": b"Source includes documentation bytes\n",
        }.items():
            write(repo, rel, content)
        (repo / "scripts/run").chmod(0o755)
        git(repo, "init", "-q")
        git(repo, "config", "user.email", "fixture@example.invalid")
        git(repo, "config", "user.name", "Offline Provenance Test")
        git(repo, "add", ".")
        git(repo, "commit", "-qm", "offline fixture source")
>       manifest = create_source_manifest(repo)
                   ^^^^^^^^^^^^^^^^^^^^^^^^^^^^

tests/test_issue465_provenance.py:64: 
_ _ _ _ _ _ _ _ _ _ _ _ _ _ _ _ _ _ _ _ _ _ _ _ _ _ _ _ _ _ _ _ _ _ _ _ _ _ _ _ 

repo_root = PosixPath('/workspace/scratch/porota-governed311-9a9b/pytest-private/test_checkout_complete_mode_ch0/candidate')
candidate_sha = None, candidate_tree_sha = None

    def create_source_manifest(
        repo_root: Path,
        candidate_sha: str | None = None,
        candidate_tree_sha: str | None = None,
    ) -> dict:
        repo_root = repo_root.resolve()
        head = _git(repo_root, "rev-parse", "HEAD").decode().strip()
        tree = _git(repo_root, "rev-parse", "HEAD^{tree}").decode().strip()
        if candidate_sha is not None and candidate_sha != head:
            raise ProvenanceError("CANDIDATE_SHA_MISMATCH")
        if candidate_tree_sha is not None and candidate_tree_sha != tree:
            raise ProvenanceError("CANDIDATE_TREE_MISMATCH")
        entries = _git(repo_root, "ls-tree", "-rz", "--full-tree", head).split(b"\0")
        source: list[tuple[str, str, str]] = []
        for entry in entries:
            if not entry:
                continue
            meta, name = entry.split(b"\t", 1)
            mode, kind, oid = meta.decode().split()
            path = safe_path(name.decode("utf-8"))
            if path in {SOURCE_MANIFEST_NAME, BUNDLE_MANIFEST_NAME}:
                raise ProvenanceError("RESERVED_GENERATED_METADATA_TRACKED:" + path)
            if kind != "blob" or mode not in {"100644", "100755"}:
                raise ProvenanceError("NON_REGULAR_GIT_SOURCE:" + path)
            source.append((path, mode, oid))
        source.sort()
        if not source or len(source) > MAX_SOURCE_FILES:
            raise ProvenanceError("SOURCE_FILE_COUNT_LIMIT")
    
        object_format = _git(repo_root, "rev-parse", "--show-object-format").decode().strip()
        if object_format not in {"sha1", "sha256"}:
            raise ProvenanceError("UNSUPPORTED_GIT_OBJECT_FORMAT")
        dockerignore_oid = next((oid for path, _, oid in source if path == ".dockerignore"), None)
        dockerignore = _git(repo_root, "cat-file", "blob", dockerignore_oid).decode() if dockerignore_oid else ""
        try:
            from scripts.porota_validate_deploy_artifact import is_runtime_relevant
        except ModuleNotFoundError:
            from porota_validate_deploy_artifact import is_runtime_relevant
        rows = []
        for path, mode, oid in source:
            src = repo_root / path
            for parent in src.parents:
                if parent == repo_root:
                    break
                if parent.is_symlink():
                    raise ProvenanceError("CHECKOUT_SOURCE_PARENT_SYMLINK:" + path)
            try:
                info = src.lstat()
            except OSError as exc:
                raise ProvenanceError("CHECKOUT_SOURCE_UNREADABLE:" + path) from exc
            if not stat.S_ISREG(info.st_mode) or info.st_nlink != 1:
                raise ProvenanceError("NON_REGULAR_CHECKOUT_SOURCE:" + path)
            # Hash the SHA256 and Git blob identity from the same opened bytes.
            # No filters, symlink reads or hash/read TOCTOU gap can authorize bytes.
            raw_sha256 = hashlib.sha256()
            blob_digest = hashlib.new(object_format)
            blob_digest.update(b"blob " + str(info.st_size).encode() + b"\0")
            count = 0
            descriptor = os.open(src, os.O_RDONLY | getattr(os, "O_NOFOLLOW", 0))
            with os.fdopen(descriptor, "rb") as handle:
                opened = os.fstat(handle.fileno())
                if (opened.st_dev, opened.st_ino) != (info.st_dev, info.st_ino):
                    raise ProvenanceError("CHECKOUT_SOURCE_REPLACED:" + path)
                for block in iter(lambda: handle.read(1024 * 1024), b""):
                    raw_sha256.update(block)
                    blob_digest.update(block)
                    count += len(block)
            if count != info.st_size or blob_digest.hexdigest() != oid:
                raise ProvenanceError("CHECKOUT_BYTE_MISMATCH:" + path)
            if stat.S_IMODE(info.st_mode) != canonical_file_mode(mode):
>               raise ProvenanceError("CHECKOUT_MODE_MISMATCH:" + path)
E               scripts.porota_artifact_provenance.ProvenanceError: CHECKOUT_MODE_MISMATCH:.dockerignore

scripts/porota_artifact_provenance.py:252: ProvenanceError
___ ERROR at setup of test_checkout_complete_mode_changes_are_rejected[416] ____

tmp_path = PosixPath('/workspace/scratch/porota-governed311-9a9b/pytest-private/test_checkout_complete_mode_ch1')

    @pytest.fixture
    def candidate(tmp_path):
        repo = tmp_path / "candidate"
        repo.mkdir()
        for rel, content in {
            "Dockerfile": b"FROM scratch\nCOPY . /app\n",
            ".dockerignore": b"docs/\n*.pdf\n__pycache__/\n*.py[cod]\n",
            "app.py": b"import worker\nVALUE = 7\n",
            "worker.py": b"VALUE = 10\n",
            "ops/policy/paper.json": b'{"mode":"PAPER","real_orders_sent":0}\n',
            "assets/new.runtime.asset": b"automatic enumeration: unknown suffix\n",
            "scripts/run": b"#!/bin/sh\nexit 0\n",
            "tests/test_fixture.py": b"def test_case(): pass\n",
            ".github/workflows/build.yml": b"name: test\n",
            "docs/audit.md": b"Documentation excluded by versioned Docker policy\n",
            "README.md": b"Source includes documentation bytes\n",
        }.items():
            write(repo, rel, content)
        (repo / "scripts/run").chmod(0o755)
        git(repo, "init", "-q")
        git(repo, "config", "user.email", "fixture@example.invalid")
        git(repo, "config", "user.name", "Offline Provenance Test")
        git(repo, "add", ".")
        git(repo, "commit", "-qm", "offline fixture source")
>       manifest = create_source_manifest(repo)
                   ^^^^^^^^^^^^^^^^^^^^^^^^^^^^

tests/test_issue465_provenance.py:64: 
_ _ _ _ _ _ _ _ _ _ _ _ _ _ _ _ _ _ _ _ _ _ _ _ _ _ _ _ _ _ _ _ _ _ _ _ _ _ _ _ 

repo_root = PosixPath('/workspace/scratch/porota-governed311-9a9b/pytest-private/test_checkout_complete_mode_ch1/candidate')
candidate_sha = None, candidate_tree_sha = None

    def create_source_manifest(
        repo_root: Path,
        candidate_sha: str | None = None,
        candidate_tree_sha: str | None = None,
    ) -> dict:
        repo_root = repo_root.resolve()
        head = _git(repo_root, "rev-parse", "HEAD").decode().strip()
        tree = _git(repo_root, "rev-parse", "HEAD^{tree}").decode().strip()
        if candidate_sha is not None and candidate_sha != head:
            raise ProvenanceError("CANDIDATE_SHA_MISMATCH")
        if candidate_tree_sha is not None and candidate_tree_sha != tree:
            raise ProvenanceError("CANDIDATE_TREE_MISMATCH")
        entries = _git(repo_root, "ls-tree", "-rz", "--full-tree", head).split(b"\0")
        source: list[tuple[str, str, str]] = []
        for entry in entries:
            if not entry:
                continue
            meta, name = entry.split(b"\t", 1)
            mode, kind, oid = meta.decode().split()
            path = safe_path(name.decode("utf-8"))
            if path in {SOURCE_MANIFEST_NAME, BUNDLE_MANIFEST_NAME}:
                raise ProvenanceError("RESERVED_GENERATED_METADATA_TRACKED:" + path)
            if kind != "blob" or mode not in {"100644", "100755"}:
                raise ProvenanceError("NON_REGULAR_GIT_SOURCE:" + path)
            source.append((path, mode, oid))
        source.sort()
        if not source or len(source) > MAX_SOURCE_FILES:
            raise ProvenanceError("SOURCE_FILE_COUNT_LIMIT")
    
        object_format = _git(repo_root, "rev-parse", "--show-object-format").decode().strip()
        if object_format not in {"sha1", "sha256"}:
            raise ProvenanceError("UNSUPPORTED_GIT_OBJECT_FORMAT")
        dockerignore_oid = next((oid for path, _, oid in source if path == ".dockerignore"), None)
        dockerignore = _git(repo_root, "cat-file", "blob", dockerignore_oid).decode() if dockerignore_oid else ""
        try:
            from scripts.porota_validate_deploy_artifact import is_runtime_relevant
        except ModuleNotFoundError:
            from porota_validate_deploy_artifact import is_runtime_relevant
        rows = []
        for path, mode, oid in source:
            src = repo_root / path
            for parent in src.parents:
                if parent == repo_root:
                    break
                if parent.is_symlink():
                    raise ProvenanceError("CHECKOUT_SOURCE_PARENT_SYMLINK:" + path)
            try:
                info = src.lstat()
            except OSError as exc:
                raise ProvenanceError("CHECKOUT_SOURCE_UNREADABLE:" + path) from exc
            if not stat.S_ISREG(info.st_mode) or info.st_nlink != 1:
                raise ProvenanceError("NON_REGULAR_CHECKOUT_SOURCE:" + path)
            # Hash the SHA256 and Git blob identity from the same opened bytes.
            # No filters, symlink reads or hash/read TOCTOU gap can authorize bytes.
            raw_sha256 = hashlib.sha256()
            blob_digest = hashlib.new(object_format)
            blob_digest.update(b"blob " + str(info.st_size).encode() + b"\0")
            count = 0
            descriptor = os.open(src, os.O_RDONLY | getattr(os, "O_NOFOLLOW", 0))
            with os.fdopen(descriptor, "rb") as handle:
                opened = os.fstat(handle.fileno())
                if (opened.st_dev, opened.st_ino) != (info.st_dev, info.st_ino):
                    raise ProvenanceError("CHECKOUT_SOURCE_REPLACED:" + path)
                for block in iter(lambda: handle.read(1024 * 1024), b""):
                    raw_sha256.update(block)
                    blob_digest.update(block)
                    count += len(block)
            if count != info.st_size or blob_digest.hexdigest() != oid:
                raise ProvenanceError("CHECKOUT_BYTE_MISMATCH:" + path)
            if stat.S_IMODE(info.st_mode) != canonical_file_mode(mode):
>               raise ProvenanceError("CHECKOUT_MODE_MISMATCH:" + path)
E               scripts.porota_artifact_provenance.ProvenanceError: CHECKOUT_MODE_MISMATCH:.dockerignore

scripts/porota_artifact_provenance.py:252: ProvenanceError
___ ERROR at setup of test_checkout_complete_mode_changes_are_rejected[438] ____

tmp_path = PosixPath('/workspace/scratch/porota-governed311-9a9b/pytest-private/test_checkout_complete_mode_ch2')

    @pytest.fixture
    def candidate(tmp_path):
        repo = tmp_path / "candidate"
        repo.mkdir()
        for rel, content in {
            "Dockerfile": b"FROM scratch\nCOPY . /app\n",
            ".dockerignore": b"docs/\n*.pdf\n__pycache__/\n*.py[cod]\n",
            "app.py": b"import worker\nVALUE = 7\n",
            "worker.py": b"VALUE = 10\n",
            "ops/policy/paper.json": b'{"mode":"PAPER","real_orders_sent":0}\n',
            "assets/new.runtime.asset": b"automatic enumeration: unknown suffix\n",
            "scripts/run": b"#!/bin/sh\nexit 0\n",
            "tests/test_fixture.py": b"def test_case(): pass\n",
            ".github/workflows/build.yml": b"name: test\n",
            "docs/audit.md": b"Documentation excluded by versioned Docker policy\n",
            "README.md": b"Source includes documentation bytes\n",
        }.items():
            write(repo, rel, content)
        (repo / "scripts/run").chmod(0o755)
        git(repo, "init", "-q")
        git(repo, "config", "user.email", "fixture@example.invalid")
        git(repo, "config", "user.name", "Offline Provenance Test")
        git(repo, "add", ".")
        git(repo, "commit", "-qm", "offline fixture source")
>       manifest = create_source_manifest(repo)
                   ^^^^^^^^^^^^^^^^^^^^^^^^^^^^

tests/test_issue465_provenance.py:64: 
_ _ _ _ _ _ _ _ _ _ _ _ _ _ _ _ _ _ _ _ _ _ _ _ _ _ _ _ _ _ _ _ _ _ _ _ _ _ _ _ 

repo_root = PosixPath('/workspace/scratch/porota-governed311-9a9b/pytest-private/test_checkout_complete_mode_ch2/candidate')
candidate_sha = None, candidate_tree_sha = None

    def create_source_manifest(
        repo_root: Path,
        candidate_sha: str | None = None,
        candidate_tree_sha: str | None = None,
    ) -> dict:
        repo_root = repo_root.resolve()
        head = _git(repo_root, "rev-parse", "HEAD").decode().strip()
        tree = _git(repo_root, "rev-parse", "HEAD^{tree}").decode().strip()
        if candidate_sha is not None and candidate_sha != head:
            raise ProvenanceError("CANDIDATE_SHA_MISMATCH")
        if candidate_tree_sha is not None and candidate_tree_sha != tree:
            raise ProvenanceError("CANDIDATE_TREE_MISMATCH")
        entries = _git(repo_root, "ls-tree", "-rz", "--full-tree", head).split(b"\0")
        source: list[tuple[str, str, str]] = []
        for entry in entries:
            if not entry:
                continue
            meta, name = entry.split(b"\t", 1)
            mode, kind, oid = meta.decode().split()
            path = safe_path(name.decode("utf-8"))
            if path in {SOURCE_MANIFEST_NAME, BUNDLE_MANIFEST_NAME}:
                raise ProvenanceError("RESERVED_GENERATED_METADATA_TRACKED:" + path)
            if kind != "blob" or mode not in {"100644", "100755"}:
                raise ProvenanceError("NON_REGULAR_GIT_SOURCE:" + path)
            source.append((path, mode, oid))
        source.sort()
        if not source or len(source) > MAX_SOURCE_FILES:
            raise ProvenanceError("SOURCE_FILE_COUNT_LIMIT")
    
        object_format = _git(repo_root, "rev-parse", "--show-object-format").decode().strip()
        if object_format not in {"sha1", "sha256"}:
            raise ProvenanceError("UNSUPPORTED_GIT_OBJECT_FORMAT")
        dockerignore_oid = next((oid for path, _, oid in source if path == ".dockerignore"), None)
        dockerignore = _git(repo_root, "cat-file", "blob", dockerignore_oid).decode() if dockerignore_oid else ""
        try:
            from scripts.porota_validate_deploy_artifact import is_runtime_relevant
        except ModuleNotFoundError:
            from porota_validate_deploy_artifact import is_runtime_relevant
        rows = []
        for path, mode, oid in source:
            src = repo_root / path
            for parent in src.parents:
                if parent == repo_root:
                    break
                if parent.is_symlink():
                    raise ProvenanceError("CHECKOUT_SOURCE_PARENT_SYMLINK:" + path)
            try:
                info = src.lstat()
            except OSError as exc:
                raise ProvenanceError("CHECKOUT_SOURCE_UNREADABLE:" + path) from exc
            if not stat.S_ISREG(info.st_mode) or info.st_nlink != 1:
                raise ProvenanceError("NON_REGULAR_CHECKOUT_SOURCE:" + path)
            # Hash the SHA256 and Git blob identity from the same opened bytes.
            # No filters, symlink reads or hash/read TOCTOU gap can authorize bytes.
            raw_sha256 = hashlib.sha256()
            blob_digest = hashlib.new(object_format)
            blob_digest.update(b"blob " + str(info.st_size).encode() + b"\0")
            count = 0
            descriptor = os.open(src, os.O_RDONLY | getattr(os, "O_NOFOLLOW", 0))
            with os.fdopen(descriptor, "rb") as handle:
                opened = os.fstat(handle.fileno())
                if (opened.st_dev, opened.st_ino) != (info.st_dev, info.st_ino):
                    raise ProvenanceError("CHECKOUT_SOURCE_REPLACED:" + path)
                for block in iter(lambda: handle.read(1024 * 1024), b""):
                    raw_sha256.update(block)
                    blob_digest.update(block)
                    count += len(block)
            if count != info.st_size or blob_digest.hexdigest() != oid:
                raise ProvenanceError("CHECKOUT_BYTE_MISMATCH:" + path)
            if stat.S_IMODE(info.st_mode) != canonical_file_mode(mode):
>               raise ProvenanceError("CHECKOUT_MODE_MISMATCH:" + path)
E               scripts.porota_artifact_provenance.ProvenanceError: CHECKOUT_MODE_MISMATCH:.dockerignore

scripts/porota_artifact_provenance.py:252: ProvenanceError
___ ERROR at setup of test_checkout_complete_mode_changes_are_rejected[2468] ___

tmp_path = PosixPath('/workspace/scratch/porota-governed311-9a9b/pytest-private/test_checkout_complete_mode_ch3')

    @pytest.fixture
    def candidate(tmp_path):
        repo = tmp_path / "candidate"
        repo.mkdir()
        for rel, content in {
            "Dockerfile": b"FROM scratch\nCOPY . /app\n",
            ".dockerignore": b"docs/\n*.pdf\n__pycache__/\n*.py[cod]\n",
            "app.py": b"import worker\nVALUE = 7\n",
            "worker.py": b"VALUE = 10\n",
            "ops/policy/paper.json": b'{"mode":"PAPER","real_orders_sent":0}\n',
            "assets/new.runtime.asset": b"automatic enumeration: unknown suffix\n",
            "scripts/run": b"#!/bin/sh\nexit 0\n",
            "tests/test_fixture.py": b"def test_case(): pass\n",
            ".github/workflows/build.yml": b"name: test\n",
            "docs/audit.md": b"Documentation excluded by versioned Docker policy\n",
            "README.md": b"Source includes documentation bytes\n",
        }.items():
            write(repo, rel, content)
        (repo / "scripts/run").chmod(0o755)
        git(repo, "init", "-q")
        git(repo, "config", "user.email", "fixture@example.invalid")
        git(repo, "config", "user.name", "Offline Provenance Test")
        git(repo, "add", ".")
        git(repo, "commit", "-qm", "offline fixture source")
>       manifest = create_source_manifest(repo)
                   ^^^^^^^^^^^^^^^^^^^^^^^^^^^^

tests/test_issue465_provenance.py:64: 
_ _ _ _ _ _ _ _ _ _ _ _ _ _ _ _ _ _ _ _ _ _ _ _ _ _ _ _ _ _ _ _ _ _ _ _ _ _ _ _ 

repo_root = PosixPath('/workspace/scratch/porota-governed311-9a9b/pytest-private/test_checkout_complete_mode_ch3/candidate')
candidate_sha = None, candidate_tree_sha = None

    def create_source_manifest(
        repo_root: Path,
        candidate_sha: str | None = None,
        candidate_tree_sha: str | None = None,
    ) -> dict:
        repo_root = repo_root.resolve()
        head = _git(repo_root, "rev-parse", "HEAD").decode().strip()
        tree = _git(repo_root, "rev-parse", "HEAD^{tree}").decode().strip()
        if candidate_sha is not None and candidate_sha != head:
            raise ProvenanceError("CANDIDATE_SHA_MISMATCH")
        if candidate_tree_sha is not None and candidate_tree_sha != tree:
            raise ProvenanceError("CANDIDATE_TREE_MISMATCH")
        entries = _git(repo_root, "ls-tree", "-rz", "--full-tree", head).split(b"\0")
        source: list[tuple[str, str, str]] = []
        for entry in entries:
            if not entry:
                continue
            meta, name = entry.split(b"\t", 1)
            mode, kind, oid = meta.decode().split()
            path = safe_path(name.decode("utf-8"))
            if path in {SOURCE_MANIFEST_NAME, BUNDLE_MANIFEST_NAME}:
                raise ProvenanceError("RESERVED_GENERATED_METADATA_TRACKED:" + path)
            if kind != "blob" or mode not in {"100644", "100755"}:
                raise ProvenanceError("NON_REGULAR_GIT_SOURCE:" + path)
            source.append((path, mode, oid))
        source.sort()
        if not source or len(source) > MAX_SOURCE_FILES:
            raise ProvenanceError("SOURCE_FILE_COUNT_LIMIT")
    
        object_format = _git(repo_root, "rev-parse", "--show-object-format").decode().strip()
        if object_format not in {"sha1", "sha256"}:
            raise ProvenanceError("UNSUPPORTED_GIT_OBJECT_FORMAT")
        dockerignore_oid = next((oid for path, _, oid in source if path == ".dockerignore"), None)
        dockerignore = _git(repo_root, "cat-file", "blob", dockerignore_oid).decode() if dockerignore_oid else ""
        try:
            from scripts.porota_validate_deploy_artifact import is_runtime_relevant
        except ModuleNotFoundError:
            from porota_validate_deploy_artifact import is_runtime_relevant
        rows = []
        for path, mode, oid in source:
            src = repo_root / path
            for parent in src.parents:
                if parent == repo_root:
                    break
                if parent.is_symlink():
                    raise ProvenanceError("CHECKOUT_SOURCE_PARENT_SYMLINK:" + path)
            try:
                info = src.lstat()
            except OSError as exc:
                raise ProvenanceError("CHECKOUT_SOURCE_UNREADABLE:" + path) from exc
            if not stat.S_ISREG(info.st_mode) or info.st_nlink != 1:
                raise ProvenanceError("NON_REGULAR_CHECKOUT_SOURCE:" + path)
            # Hash the SHA256 and Git blob identity from the same opened bytes.
            # No filters, symlink reads or hash/read TOCTOU gap can authorize bytes.
            raw_sha256 = hashlib.sha256()
            blob_digest = hashlib.new(object_format)
            blob_digest.update(b"blob " + str(info.st_size).encode() + b"\0")
            count = 0
            descriptor = os.open(src, os.O_RDONLY | getattr(os, "O_NOFOLLOW", 0))
            with os.fdopen(descriptor, "rb") as handle:
                opened = os.fstat(handle.fileno())
                if (opened.st_dev, opened.st_ino) != (info.st_dev, info.st_ino):
                    raise ProvenanceError("CHECKOUT_SOURCE_REPLACED:" + path)
                for block in iter(lambda: handle.read(1024 * 1024), b""):
                    raw_sha256.update(block)
                    blob_digest.update(block)
                    count += len(block)
            if count != info.st_size or blob_digest.hexdigest() != oid:
                raise ProvenanceError("CHECKOUT_BYTE_MISMATCH:" + path)
            if stat.S_IMODE(info.st_mode) != canonical_file_mode(mode):
>               raise ProvenanceError("CHECKOUT_MODE_MISMATCH:" + path)
E               scripts.porota_artifact_provenance.ProvenanceError: CHECKOUT_MODE_MISMATCH:.dockerignore

scripts/porota_artifact_provenance.py:252: ProvenanceError
___ ERROR at setup of test_checkout_complete_mode_changes_are_rejected[1444] ___

tmp_path = PosixPath('/workspace/scratch/porota-governed311-9a9b/pytest-private/test_checkout_complete_mode_ch4')

    @pytest.fixture
    def candidate(tmp_path):
        repo = tmp_path / "candidate"
        repo.mkdir()
        for rel, content in {
            "Dockerfile": b"FROM scratch\nCOPY . /app\n",
            ".dockerignore": b"docs/\n*.pdf\n__pycache__/\n*.py[cod]\n",
            "app.py": b"import worker\nVALUE = 7\n",
            "worker.py": b"VALUE = 10\n",
            "ops/policy/paper.json": b'{"mode":"PAPER","real_orders_sent":0}\n',
            "assets/new.runtime.asset": b"automatic enumeration: unknown suffix\n",
            "scripts/run": b"#!/bin/sh\nexit 0\n",
            "tests/test_fixture.py": b"def test_case(): pass\n",
            ".github/workflows/build.yml": b"name: test\n",
            "docs/audit.md": b"Documentation excluded by versioned Docker policy\n",
            "README.md": b"Source includes documentation bytes\n",
        }.items():
            write(repo, rel, content)
        (repo / "scripts/run").chmod(0o755)
        git(repo, "init", "-q")
        git(repo, "config", "user.email", "fixture@example.invalid")
        git(repo, "config", "user.name", "Offline Provenance Test")
        git(repo, "add", ".")
        git(repo, "commit", "-qm", "offline fixture source")
>       manifest = create_source_manifest(repo)
                   ^^^^^^^^^^^^^^^^^^^^^^^^^^^^

tests/test_issue465_provenance.py:64: 
_ _ _ _ _ _ _ _ _ _ _ _ _ _ _ _ _ _ _ _ _ _ _ _ _ _ _ _ _ _ _ _ _ _ _ _ _ _ _ _ 

repo_root = PosixPath('/workspace/scratch/porota-governed311-9a9b/pytest-private/test_checkout_complete_mode_ch4/candidate')
candidate_sha = None, candidate_tree_sha = None

    def create_source_manifest(
        repo_root: Path,
        candidate_sha: str | None = None,
        candidate_tree_sha: str | None = None,
    ) -> dict:
        repo_root = repo_root.resolve()
        head = _git(repo_root, "rev-parse", "HEAD").decode().strip()
        tree = _git(repo_root, "rev-parse", "HEAD^{tree}").decode().strip()
        if candidate_sha is not None and candidate_sha != head:
            raise ProvenanceError("CANDIDATE_SHA_MISMATCH")
        if candidate_tree_sha is not None and candidate_tree_sha != tree:
            raise ProvenanceError("CANDIDATE_TREE_MISMATCH")
        entries = _git(repo_root, "ls-tree", "-rz", "--full-tree", head).split(b"\0")
        source: list[tuple[str, str, str]] = []
        for entry in entries:
            if not entry:
                continue
            meta, name = entry.split(b"\t", 1)
            mode, kind, oid = meta.decode().split()
            path = safe_path(name.decode("utf-8"))
            if path in {SOURCE_MANIFEST_NAME, BUNDLE_MANIFEST_NAME}:
                raise ProvenanceError("RESERVED_GENERATED_METADATA_TRACKED:" + path)
            if kind != "blob" or mode not in {"100644", "100755"}:
                raise ProvenanceError("NON_REGULAR_GIT_SOURCE:" + path)
            source.append((path, mode, oid))
        source.sort()
        if not source or len(source) > MAX_SOURCE_FILES:
            raise ProvenanceError("SOURCE_FILE_COUNT_LIMIT")
    
        object_format = _git(repo_root, "rev-parse", "--show-object-format").decode().strip()
        if object_format not in {"sha1", "sha256"}:
            raise ProvenanceError("UNSUPPORTED_GIT_OBJECT_FORMAT")
        dockerignore_oid = next((oid for path, _, oid in source if path == ".dockerignore"), None)
        dockerignore = _git(repo_root, "cat-file", "blob", dockerignore_oid).decode() if dockerignore_oid else ""
        try:
            from scripts.porota_validate_deploy_artifact import is_runtime_relevant
        except ModuleNotFoundError:
            from porota_validate_deploy_artifact import is_runtime_relevant
        rows = []
        for path, mode, oid in source:
            src = repo_root / path
            for parent in src.parents:
                if parent == repo_root:
                    break
                if parent.is_symlink():
                    raise ProvenanceError("CHECKOUT_SOURCE_PARENT_SYMLINK:" + path)
            try:
                info = src.lstat()
            except OSError as exc:
                raise ProvenanceError("CHECKOUT_SOURCE_UNREADABLE:" + path) from exc
            if not stat.S_ISREG(info.st_mode) or info.st_nlink != 1:
                raise ProvenanceError("NON_REGULAR_CHECKOUT_SOURCE:" + path)
            # Hash the SHA256 and Git blob identity from the same opened bytes.
            # No filters, symlink reads or hash/read TOCTOU gap can authorize bytes.
            raw_sha256 = hashlib.sha256()
            blob_digest = hashlib.new(object_format)
            blob_digest.update(b"blob " + str(info.st_size).encode() + b"\0")
            count = 0
            descriptor = os.open(src, os.O_RDONLY | getattr(os, "O_NOFOLLOW", 0))
            with os.fdopen(descriptor, "rb") as handle:
                opened = os.fstat(handle.fileno())
                if (opened.st_dev, opened.st_ino) != (info.st_dev, info.st_ino):
                    raise ProvenanceError("CHECKOUT_SOURCE_REPLACED:" + path)
                for block in iter(lambda: handle.read(1024 * 1024), b""):
                    raw_sha256.update(block)
                    blob_digest.update(block)
                    count += len(block)
            if count != info.st_size or blob_digest.hexdigest() != oid:
                raise ProvenanceError("CHECKOUT_BYTE_MISMATCH:" + path)
            if stat.S_IMODE(info.st_mode) != canonical_file_mode(mode):
>               raise ProvenanceError("CHECKOUT_MODE_MISMATCH:" + path)
E               scripts.porota_artifact_provenance.ProvenanceError: CHECKOUT_MODE_MISMATCH:.dockerignore

scripts/porota_artifact_provenance.py:252: ProvenanceError
___ ERROR at setup of test_checkout_complete_mode_changes_are_rejected[932] ____

tmp_path = PosixPath('/workspace/scratch/porota-governed311-9a9b/pytest-private/test_checkout_complete_mode_ch5')

    @pytest.fixture
    def candidate(tmp_path):
        repo = tmp_path / "candidate"
        repo.mkdir()
        for rel, content in {
            "Dockerfile": b"FROM scratch\nCOPY . /app\n",
            ".dockerignore": b"docs/\n*.pdf\n__pycache__/\n*.py[cod]\n",
            "app.py": b"import worker\nVALUE = 7\n",
            "worker.py": b"VALUE = 10\n",
            "ops/policy/paper.json": b'{"mode":"PAPER","real_orders_sent":0}\n',
            "assets/new.runtime.asset": b"automatic enumeration: unknown suffix\n",
            "scripts/run": b"#!/bin/sh\nexit 0\n",
            "tests/test_fixture.py": b"def test_case(): pass\n",
            ".github/workflows/build.yml": b"name: test\n",
            "docs/audit.md": b"Documentation excluded by versioned Docker policy\n",
            "README.md": b"Source includes documentation bytes\n",
        }.items():
            write(repo, rel, content)
        (repo / "scripts/run").chmod(0o755)
        git(repo, "init", "-q")
        git(repo, "config", "user.email", "fixture@example.invalid")
        git(repo, "config", "user.name", "Offline Provenance Test")
        git(repo, "add", ".")
        git(repo, "commit", "-qm", "offline fixture source")
>       manifest = create_source_manifest(repo)
                   ^^^^^^^^^^^^^^^^^^^^^^^^^^^^

tests/test_issue465_provenance.py:64: 
_ _ _ _ _ _ _ _ _ _ _ _ _ _ _ _ _ _ _ _ _ _ _ _ _ _ _ _ _ _ _ _ _ _ _ _ _ _ _ _ 

repo_root = PosixPath('/workspace/scratch/porota-governed311-9a9b/pytest-private/test_checkout_complete_mode_ch5/candidate')
candidate_sha = None, candidate_tree_sha = None

    def create_source_manifest(
        repo_root: Path,
        candidate_sha: str | None = None,
        candidate_tree_sha: str | None = None,
    ) -> dict:
        repo_root = repo_root.resolve()
        head = _git(repo_root, "rev-parse", "HEAD").decode().strip()
        tree = _git(repo_root, "rev-parse", "HEAD^{tree}").decode().strip()
        if candidate_sha is not None and candidate_sha != head:
            raise ProvenanceError("CANDIDATE_SHA_MISMATCH")
        if candidate_tree_sha is not None and candidate_tree_sha != tree:
            raise ProvenanceError("CANDIDATE_TREE_MISMATCH")
        entries = _git(repo_root, "ls-tree", "-rz", "--full-tree", head).split(b"\0")
        source: list[tuple[str, str, str]] = []
        for entry in entries:
            if not entry:
                continue
            meta, name = entry.split(b"\t", 1)
            mode, kind, oid = meta.decode().split()
            path = safe_path(name.decode("utf-8"))
            if path in {SOURCE_MANIFEST_NAME, BUNDLE_MANIFEST_NAME}:
                raise ProvenanceError("RESERVED_GENERATED_METADATA_TRACKED:" + path)
            if kind != "blob" or mode not in {"100644", "100755"}:
                raise ProvenanceError("NON_REGULAR_GIT_SOURCE:" + path)
            source.append((path, mode, oid))
        source.sort()
        if not source or len(source) > MAX_SOURCE_FILES:
            raise ProvenanceError("SOURCE_FILE_COUNT_LIMIT")
    
        object_format = _git(repo_root, "rev-parse", "--show-object-format").decode().strip()
        if object_format not in {"sha1", "sha256"}:
            raise ProvenanceError("UNSUPPORTED_GIT_OBJECT_FORMAT")
        dockerignore_oid = next((oid for path, _, oid in source if path == ".dockerignore"), None)
        dockerignore = _git(repo_root, "cat-file", "blob", dockerignore_oid).decode() if dockerignore_oid else ""
        try:
            from scripts.porota_validate_deploy_artifact import is_runtime_relevant
        except ModuleNotFoundError:
            from porota_validate_deploy_artifact import is_runtime_relevant
        rows = []
        for path, mode, oid in source:
            src = repo_root / path
            for parent in src.parents:
                if parent == repo_root:
                    break
                if parent.is_symlink():
                    raise ProvenanceError("CHECKOUT_SOURCE_PARENT_SYMLINK:" + path)
            try:
                info = src.lstat()
            except OSError as exc:
                raise ProvenanceError("CHECKOUT_SOURCE_UNREADABLE:" + path) from exc
            if not stat.S_ISREG(info.st_mode) or info.st_nlink != 1:
                raise ProvenanceError("NON_REGULAR_CHECKOUT_SOURCE:" + path)
            # Hash the SHA256 and Git blob identity from the same opened bytes.
            # No filters, symlink reads or hash/read TOCTOU gap can authorize bytes.
            raw_sha256 = hashlib.sha256()
            blob_digest = hashlib.new(object_format)
            blob_digest.update(b"blob " + str(info.st_size).encode() + b"\0")
            count = 0
            descriptor = os.open(src, os.O_RDONLY | getattr(os, "O_NOFOLLOW", 0))
            with os.fdopen(descriptor, "rb") as handle:
                opened = os.fstat(handle.fileno())
                if (opened.st_dev, opened.st_ino) != (info.st_dev, info.st_ino):
                    raise ProvenanceError("CHECKOUT_SOURCE_REPLACED:" + path)
                for block in iter(lambda: handle.read(1024 * 1024), b""):
                    raw_sha256.update(block)
                    blob_digest.update(block)
                    count += len(block)
            if count != info.st_size or blob_digest.hexdigest() != oid:
                raise ProvenanceError("CHECKOUT_BYTE_MISMATCH:" + path)
            if stat.S_IMODE(info.st_mode) != canonical_file_mode(mode):
>               raise ProvenanceError("CHECKOUT_MODE_MISMATCH:" + path)
E               scripts.porota_artifact_provenance.ProvenanceError: CHECKOUT_MODE_MISMATCH:.dockerignore

scripts/porota_artifact_provenance.py:252: ProvenanceError
_____ ERROR at setup of test_image_complete_mode_changes_are_rejected[384] _____

tmp_path = PosixPath('/workspace/scratch/porota-governed311-9a9b/pytest-private/test_image_complete_mode_chang0')

    @pytest.fixture
    def candidate(tmp_path):
        repo = tmp_path / "candidate"
        repo.mkdir()
        for rel, content in {
            "Dockerfile": b"FROM scratch\nCOPY . /app\n",
            ".dockerignore": b"docs/\n*.pdf\n__pycache__/\n*.py[cod]\n",
            "app.py": b"import worker\nVALUE = 7\n",
            "worker.py": b"VALUE = 10\n",
            "ops/policy/paper.json": b'{"mode":"PAPER","real_orders_sent":0}\n',
            "assets/new.runtime.asset": b"automatic enumeration: unknown suffix\n",
            "scripts/run": b"#!/bin/sh\nexit 0\n",
            "tests/test_fixture.py": b"def test_case(): pass\n",
            ".github/workflows/build.yml": b"name: test\n",
            "docs/audit.md": b"Documentation excluded by versioned Docker policy\n",
            "README.md": b"Source includes documentation bytes\n",
        }.items():
            write(repo, rel, content)
        (repo / "scripts/run").chmod(0o755)
        git(repo, "init", "-q")
        git(repo, "config", "user.email", "fixture@example.invalid")
        git(repo, "config", "user.name", "Offline Provenance Test")
        git(repo, "add", ".")
        git(repo, "commit", "-qm", "offline fixture source")
>       manifest = create_source_manifest(repo)
                   ^^^^^^^^^^^^^^^^^^^^^^^^^^^^

tests/test_issue465_provenance.py:64: 
_ _ _ _ _ _ _ _ _ _ _ _ _ _ _ _ _ _ _ _ _ _ _ _ _ _ _ _ _ _ _ _ _ _ _ _ _ _ _ _ 

repo_root = PosixPath('/workspace/scratch/porota-governed311-9a9b/pytest-private/test_image_complete_mode_chang0/candidate')
candidate_sha = None, candidate_tree_sha = None

    def create_source_manifest(
        repo_root: Path,
        candidate_sha: str | None = None,
        candidate_tree_sha: str | None = None,
    ) -> dict:
        repo_root = repo_root.resolve()
        head = _git(repo_root, "rev-parse", "HEAD").decode().strip()
        tree = _git(repo_root, "rev-parse", "HEAD^{tree}").decode().strip()
        if candidate_sha is not None and candidate_sha != head:
            raise ProvenanceError("CANDIDATE_SHA_MISMATCH")
        if candidate_tree_sha is not None and candidate_tree_sha != tree:
            raise ProvenanceError("CANDIDATE_TREE_MISMATCH")
        entries = _git(repo_root, "ls-tree", "-rz", "--full-tree", head).split(b"\0")
        source: list[tuple[str, str, str]] = []
        for entry in entries:
            if not entry:
                continue
            meta, name = entry.split(b"\t", 1)
            mode, kind, oid = meta.decode().split()
            path = safe_path(name.decode("utf-8"))
            if path in {SOURCE_MANIFEST_NAME, BUNDLE_MANIFEST_NAME}:
                raise ProvenanceError("RESERVED_GENERATED_METADATA_TRACKED:" + path)
            if kind != "blob" or mode not in {"100644", "100755"}:
                raise ProvenanceError("NON_REGULAR_GIT_SOURCE:" + path)
            source.append((path, mode, oid))
        source.sort()
        if not source or len(source) > MAX_SOURCE_FILES:
            raise ProvenanceError("SOURCE_FILE_COUNT_LIMIT")
    
        object_format = _git(repo_root, "rev-parse", "--show-object-format").decode().strip()
        if object_format not in {"sha1", "sha256"}:
            raise ProvenanceError("UNSUPPORTED_GIT_OBJECT_FORMAT")
        dockerignore_oid = next((oid for path, _, oid in source if path == ".dockerignore"), None)
        dockerignore = _git(repo_root, "cat-file", "blob", dockerignore_oid).decode() if dockerignore_oid else ""
        try:
            from scripts.porota_validate_deploy_artifact import is_runtime_relevant
        except ModuleNotFoundError:
            from porota_validate_deploy_artifact import is_runtime_relevant
        rows = []
        for path, mode, oid in source:
            src = repo_root / path
            for parent in src.parents:
                if parent == repo_root:
                    break
                if parent.is_symlink():
                    raise ProvenanceError("CHECKOUT_SOURCE_PARENT_SYMLINK:" + path)
            try:
                info = src.lstat()
            except OSError as exc:
                raise ProvenanceError("CHECKOUT_SOURCE_UNREADABLE:" + path) from exc
            if not stat.S_ISREG(info.st_mode) or info.st_nlink != 1:
                raise ProvenanceError("NON_REGULAR_CHECKOUT_SOURCE:" + path)
            # Hash the SHA256 and Git blob identity from the same opened bytes.
            # No filters, symlink reads or hash/read TOCTOU gap can authorize bytes.
            raw_sha256 = hashlib.sha256()
            blob_digest = hashlib.new(object_format)
            blob_digest.update(b"blob " + str(info.st_size).encode() + b"\0")
            count = 0
            descriptor = os.open(src, os.O_RDONLY | getattr(os, "O_NOFOLLOW", 0))
            with os.fdopen(descriptor, "rb") as handle:
                opened = os.fstat(handle.fileno())
                if (opened.st_dev, opened.st_ino) != (info.st_dev, info.st_ino):
                    raise ProvenanceError("CHECKOUT_SOURCE_REPLACED:" + path)
                for block in iter(lambda: handle.read(1024 * 1024), b""):
                    raw_sha256.update(block)
                    blob_digest.update(block)
                    count += len(block)
            if count != info.st_size or blob_digest.hexdigest() != oid:
                raise ProvenanceError("CHECKOUT_BYTE_MISMATCH:" + path)
            if stat.S_IMODE(info.st_mode) != canonical_file_mode(mode):
>               raise ProvenanceError("CHECKOUT_MODE_MISMATCH:" + path)
E               scripts.porota_artifact_provenance.ProvenanceError: CHECKOUT_MODE_MISMATCH:.dockerignore

scripts/porota_artifact_provenance.py:252: ProvenanceError
_____ ERROR at setup of test_image_complete_mode_changes_are_rejected[416] _____

tmp_path = PosixPath('/workspace/scratch/porota-governed311-9a9b/pytest-private/test_image_complete_mode_chang1')

    @pytest.fixture
    def candidate(tmp_path):
        repo = tmp_path / "candidate"
        repo.mkdir()
        for rel, content in {
            "Dockerfile": b"FROM scratch\nCOPY . /app\n",
            ".dockerignore": b"docs/\n*.pdf\n__pycache__/\n*.py[cod]\n",
            "app.py": b"import worker\nVALUE = 7\n",
            "worker.py": b"VALUE = 10\n",
            "ops/policy/paper.json": b'{"mode":"PAPER","real_orders_sent":0}\n',
            "assets/new.runtime.asset": b"automatic enumeration: unknown suffix\n",
            "scripts/run": b"#!/bin/sh\nexit 0\n",
            "tests/test_fixture.py": b"def test_case(): pass\n",
            ".github/workflows/build.yml": b"name: test\n",
            "docs/audit.md": b"Documentation excluded by versioned Docker policy\n",
            "README.md": b"Source includes documentation bytes\n",
        }.items():
            write(repo, rel, content)
        (repo / "scripts/run").chmod(0o755)
        git(repo, "init", "-q")
        git(repo, "config", "user.email", "fixture@example.invalid")
        git(repo, "config", "user.name", "Offline Provenance Test")
        git(repo, "add", ".")
        git(repo, "commit", "-qm", "offline fixture source")
>       manifest = create_source_manifest(repo)
                   ^^^^^^^^^^^^^^^^^^^^^^^^^^^^

tests/test_issue465_provenance.py:64: 
_ _ _ _ _ _ _ _ _ _ _ _ _ _ _ _ _ _ _ _ _ _ _ _ _ _ _ _ _ _ _ _ _ _ _ _ _ _ _ _ 

repo_root = PosixPath('/workspace/scratch/porota-governed311-9a9b/pytest-private/test_image_complete_mode_chang1/candidate')
candidate_sha = None, candidate_tree_sha = None

    def create_source_manifest(
        repo_root: Path,
        candidate_sha: str | None = None,
        candidate_tree_sha: str | None = None,
    ) -> dict:
        repo_root = repo_root.resolve()
        head = _git(repo_root, "rev-parse", "HEAD").decode().strip()
        tree = _git(repo_root, "rev-parse", "HEAD^{tree}").decode().strip()
        if candidate_sha is not None and candidate_sha != head:
            raise ProvenanceError("CANDIDATE_SHA_MISMATCH")
        if candidate_tree_sha is not None and candidate_tree_sha != tree:
            raise ProvenanceError("CANDIDATE_TREE_MISMATCH")
        entries = _git(repo_root, "ls-tree", "-rz", "--full-tree", head).split(b"\0")
        source: list[tuple[str, str, str]] = []
        for entry in entries:
            if not entry:
                continue
            meta, name = entry.split(b"\t", 1)
            mode, kind, oid = meta.decode().split()
            path = safe_path(name.decode("utf-8"))
            if path in {SOURCE_MANIFEST_NAME, BUNDLE_MANIFEST_NAME}:
                raise ProvenanceError("RESERVED_GENERATED_METADATA_TRACKED:" + path)
            if kind != "blob" or mode not in {"100644", "100755"}:
                raise ProvenanceError("NON_REGULAR_GIT_SOURCE:" + path)
            source.append((path, mode, oid))
        source.sort()
        if not source or len(source) > MAX_SOURCE_FILES:
            raise ProvenanceError("SOURCE_FILE_COUNT_LIMIT")
    
        object_format = _git(repo_root, "rev-parse", "--show-object-format").decode().strip()
        if object_format not in {"sha1", "sha256"}:
            raise ProvenanceError("UNSUPPORTED_GIT_OBJECT_FORMAT")
        dockerignore_oid = next((oid for path, _, oid in source if path == ".dockerignore"), None)
        dockerignore = _git(repo_root, "cat-file", "blob", dockerignore_oid).decode() if dockerignore_oid else ""
        try:
            from scripts.porota_validate_deploy_artifact import is_runtime_relevant
        except ModuleNotFoundError:
            from porota_validate_deploy_artifact import is_runtime_relevant
        rows = []
        for path, mode, oid in source:
            src = repo_root / path
            for parent in src.parents:
                if parent == repo_root:
                    break
                if parent.is_symlink():
                    raise ProvenanceError("CHECKOUT_SOURCE_PARENT_SYMLINK:" + path)
            try:
                info = src.lstat()
            except OSError as exc:
                raise ProvenanceError("CHECKOUT_SOURCE_UNREADABLE:" + path) from exc
            if not stat.S_ISREG(info.st_mode) or info.st_nlink != 1:
                raise ProvenanceError("NON_REGULAR_CHECKOUT_SOURCE:" + path)
            # Hash the SHA256 and Git blob identity from the same opened bytes.
            # No filters, symlink reads or hash/read TOCTOU gap can authorize bytes.
            raw_sha256 = hashlib.sha256()
            blob_digest = hashlib.new(object_format)
            blob_digest.update(b"blob " + str(info.st_size).encode() + b"\0")
            count = 0
            descriptor = os.open(src, os.O_RDONLY | getattr(os, "O_NOFOLLOW", 0))
            with os.fdopen(descriptor, "rb") as handle:
                opened = os.fstat(handle.fileno())
                if (opened.st_dev, opened.st_ino) != (info.st_dev, info.st_ino):
                    raise ProvenanceError("CHECKOUT_SOURCE_REPLACED:" + path)
                for block in iter(lambda: handle.read(1024 * 1024), b""):
                    raw_sha256.update(block)
                    blob_digest.update(block)
                    count += len(block)
            if count != info.st_size or blob_digest.hexdigest() != oid:
                raise ProvenanceError("CHECKOUT_BYTE_MISMATCH:" + path)
            if stat.S_IMODE(info.st_mode) != canonical_file_mode(mode):
>               raise ProvenanceError("CHECKOUT_MODE_MISMATCH:" + path)
E               scripts.porota_artifact_provenance.ProvenanceError: CHECKOUT_MODE_MISMATCH:.dockerignore

scripts/porota_artifact_provenance.py:252: ProvenanceError
_____ ERROR at setup of test_image_complete_mode_changes_are_rejected[438] _____

tmp_path = PosixPath('/workspace/scratch/porota-governed311-9a9b/pytest-private/test_image_complete_mode_chang2')

    @pytest.fixture
    def candidate(tmp_path):
        repo = tmp_path / "candidate"
        repo.mkdir()
        for rel, content in {
            "Dockerfile": b"FROM scratch\nCOPY . /app\n",
            ".dockerignore": b"docs/\n*.pdf\n__pycache__/\n*.py[cod]\n",
            "app.py": b"import worker\nVALUE = 7\n",
            "worker.py": b"VALUE = 10\n",
            "ops/policy/paper.json": b'{"mode":"PAPER","real_orders_sent":0}\n',
            "assets/new.runtime.asset": b"automatic enumeration: unknown suffix\n",
            "scripts/run": b"#!/bin/sh\nexit 0\n",
            "tests/test_fixture.py": b"def test_case(): pass\n",
            ".github/workflows/build.yml": b"name: test\n",
            "docs/audit.md": b"Documentation excluded by versioned Docker policy\n",
            "README.md": b"Source includes documentation bytes\n",
        }.items():
            write(repo, rel, content)
        (repo / "scripts/run").chmod(0o755)
        git(repo, "init", "-q")
        git(repo, "config", "user.email", "fixture@example.invalid")
        git(repo, "config", "user.name", "Offline Provenance Test")
        git(repo, "add", ".")
        git(repo, "commit", "-qm", "offline fixture source")
>       manifest = create_source_manifest(repo)
                   ^^^^^^^^^^^^^^^^^^^^^^^^^^^^

tests/test_issue465_provenance.py:64: 
_ _ _ _ _ _ _ _ _ _ _ _ _ _ _ _ _ _ _ _ _ _ _ _ _ _ _ _ _ _ _ _ _ _ _ _ _ _ _ _ 

repo_root = PosixPath('/workspace/scratch/porota-governed311-9a9b/pytest-private/test_image_complete_mode_chang2/candidate')
candidate_sha = None, candidate_tree_sha = None

    def create_source_manifest(
        repo_root: Path,
        candidate_sha: str | None = None,
        candidate_tree_sha: str | None = None,
    ) -> dict:
        repo_root = repo_root.resolve()
        head = _git(repo_root, "rev-parse", "HEAD").decode().strip()
        tree = _git(repo_root, "rev-parse", "HEAD^{tree}").decode().strip()
        if candidate_sha is not None and candidate_sha != head:
            raise ProvenanceError("CANDIDATE_SHA_MISMATCH")
        if candidate_tree_sha is not None and candidate_tree_sha != tree:
            raise ProvenanceError("CANDIDATE_TREE_MISMATCH")
        entries = _git(repo_root, "ls-tree", "-rz", "--full-tree", head).split(b"\0")
        source: list[tuple[str, str, str]] = []
        for entry in entries:
            if not entry:
                continue
            meta, name = entry.split(b"\t", 1)
            mode, kind, oid = meta.decode().split()
            path = safe_path(name.decode("utf-8"))
            if path in {SOURCE_MANIFEST_NAME, BUNDLE_MANIFEST_NAME}:
                raise ProvenanceError("RESERVED_GENERATED_METADATA_TRACKED:" + path)
            if kind != "blob" or mode not in {"100644", "100755"}:
                raise ProvenanceError("NON_REGULAR_GIT_SOURCE:" + path)
            source.append((path, mode, oid))
        source.sort()
        if not source or len(source) > MAX_SOURCE_FILES:
            raise ProvenanceError("SOURCE_FILE_COUNT_LIMIT")
    
        object_format = _git(repo_root, "rev-parse", "--show-object-format").decode().strip()
        if object_format not in {"sha1", "sha256"}:
            raise ProvenanceError("UNSUPPORTED_GIT_OBJECT_FORMAT")
        dockerignore_oid = next((oid for path, _, oid in source if path == ".dockerignore"), None)
        dockerignore = _git(repo_root, "cat-file", "blob", dockerignore_oid).decode() if dockerignore_oid else ""
        try:
            from scripts.porota_validate_deploy_artifact import is_runtime_relevant
        except ModuleNotFoundError:
            from porota_validate_deploy_artifact import is_runtime_relevant
        rows = []
        for path, mode, oid in source:
            src = repo_root / path
            for parent in src.parents:
                if parent == repo_root:
                    break
                if parent.is_symlink():
                    raise ProvenanceError("CHECKOUT_SOURCE_PARENT_SYMLINK:" + path)
            try:
                info = src.lstat()
            except OSError as exc:
                raise ProvenanceError("CHECKOUT_SOURCE_UNREADABLE:" + path) from exc
            if not stat.S_ISREG(info.st_mode) or info.st_nlink != 1:
                raise ProvenanceError("NON_REGULAR_CHECKOUT_SOURCE:" + path)
            # Hash the SHA256 and Git blob identity from the same opened bytes.
            # No filters, symlink reads or hash/read TOCTOU gap can authorize bytes.
            raw_sha256 = hashlib.sha256()
            blob_digest = hashlib.new(object_format)
            blob_digest.update(b"blob " + str(info.st_size).encode() + b"\0")
            count = 0
            descriptor = os.open(src, os.O_RDONLY | getattr(os, "O_NOFOLLOW", 0))
            with os.fdopen(descriptor, "rb") as handle:
                opened = os.fstat(handle.fileno())
                if (opened.st_dev, opened.st_ino) != (info.st_dev, info.st_ino):
                    raise ProvenanceError("CHECKOUT_SOURCE_REPLACED:" + path)
                for block in iter(lambda: handle.read(1024 * 1024), b""):
                    raw_sha256.update(block)
                    blob_digest.update(block)
                    count += len(block)
            if count != info.st_size or blob_digest.hexdigest() != oid:
                raise ProvenanceError("CHECKOUT_BYTE_MISMATCH:" + path)
            if stat.S_IMODE(info.st_mode) != canonical_file_mode(mode):
>               raise ProvenanceError("CHECKOUT_MODE_MISMATCH:" + path)
E               scripts.porota_artifact_provenance.ProvenanceError: CHECKOUT_MODE_MISMATCH:.dockerignore

scripts/porota_artifact_provenance.py:252: ProvenanceError
____ ERROR at setup of test_image_complete_mode_changes_are_rejected[2468] _____

tmp_path = PosixPath('/workspace/scratch/porota-governed311-9a9b/pytest-private/test_image_complete_mode_chang3')

    @pytest.fixture
    def candidate(tmp_path):
        repo = tmp_path / "candidate"
        repo.mkdir()
        for rel, content in {
            "Dockerfile": b"FROM scratch\nCOPY . /app\n",
            ".dockerignore": b"docs/\n*.pdf\n__pycache__/\n*.py[cod]\n",
            "app.py": b"import worker\nVALUE = 7\n",
            "worker.py": b"VALUE = 10\n",
            "ops/policy/paper.json": b'{"mode":"PAPER","real_orders_sent":0}\n',
            "assets/new.runtime.asset": b"automatic enumeration: unknown suffix\n",
            "scripts/run": b"#!/bin/sh\nexit 0\n",
            "tests/test_fixture.py": b"def test_case(): pass\n",
            ".github/workflows/build.yml": b"name: test\n",
            "docs/audit.md": b"Documentation excluded by versioned Docker policy\n",
            "README.md": b"Source includes documentation bytes\n",
        }.items():
            write(repo, rel, content)
        (repo / "scripts/run").chmod(0o755)
        git(repo, "init", "-q")
        git(repo, "config", "user.email", "fixture@example.invalid")
        git(repo, "config", "user.name", "Offline Provenance Test")
        git(repo, "add", ".")
        git(repo, "commit", "-qm", "offline fixture source")
>       manifest = create_source_manifest(repo)
                   ^^^^^^^^^^^^^^^^^^^^^^^^^^^^

tests/test_issue465_provenance.py:64: 
_ _ _ _ _ _ _ _ _ _ _ _ _ _ _ _ _ _ _ _ _ _ _ _ _ _ _ _ _ _ _ _ _ _ _ _ _ _ _ _ 

repo_root = PosixPath('/workspace/scratch/porota-governed311-9a9b/pytest-private/test_image_complete_mode_chang3/candidate')
candidate_sha = None, candidate_tree_sha = None

    def create_source_manifest(
        repo_root: Path,
        candidate_sha: str | None = None,
        candidate_tree_sha: str | None = None,
    ) -> dict:
        repo_root = repo_root.resolve()
        head = _git(repo_root, "rev-parse", "HEAD").decode().strip()
        tree = _git(repo_root, "rev-parse", "HEAD^{tree}").decode().strip()
        if candidate_sha is not None and candidate_sha != head:
            raise ProvenanceError("CANDIDATE_SHA_MISMATCH")
        if candidate_tree_sha is not None and candidate_tree_sha != tree:
            raise ProvenanceError("CANDIDATE_TREE_MISMATCH")
        entries = _git(repo_root, "ls-tree", "-rz", "--full-tree", head).split(b"\0")
        source: list[tuple[str, str, str]] = []
        for entry in entries:
            if not entry:
                continue
            meta, name = entry.split(b"\t", 1)
            mode, kind, oid = meta.decode().split()
            path = safe_path(name.decode("utf-8"))
            if path in {SOURCE_MANIFEST_NAME, BUNDLE_MANIFEST_NAME}:
                raise ProvenanceError("RESERVED_GENERATED_METADATA_TRACKED:" + path)
            if kind != "blob" or mode not in {"100644", "100755"}:
                raise ProvenanceError("NON_REGULAR_GIT_SOURCE:" + path)
            source.append((path, mode, oid))
        source.sort()
        if not source or len(source) > MAX_SOURCE_FILES:
            raise ProvenanceError("SOURCE_FILE_COUNT_LIMIT")
    
        object_format = _git(repo_root, "rev-parse", "--show-object-format").decode().strip()
        if object_format not in {"sha1", "sha256"}:
            raise ProvenanceError("UNSUPPORTED_GIT_OBJECT_FORMAT")
        dockerignore_oid = next((oid for path, _, oid in source if path == ".dockerignore"), None)
        dockerignore = _git(repo_root, "cat-file", "blob", dockerignore_oid).decode() if dockerignore_oid else ""
        try:
            from scripts.porota_validate_deploy_artifact import is_runtime_relevant
        except ModuleNotFoundError:
            from porota_validate_deploy_artifact import is_runtime_relevant
        rows = []
        for path, mode, oid in source:
            src = repo_root / path
            for parent in src.parents:
                if parent == repo_root:
                    break
                if parent.is_symlink():
                    raise ProvenanceError("CHECKOUT_SOURCE_PARENT_SYMLINK:" + path)
            try:
                info = src.lstat()
            except OSError as exc:
                raise ProvenanceError("CHECKOUT_SOURCE_UNREADABLE:" + path) from exc
            if not stat.S_ISREG(info.st_mode) or info.st_nlink != 1:
                raise ProvenanceError("NON_REGULAR_CHECKOUT_SOURCE:" + path)
            # Hash the SHA256 and Git blob identity from the same opened bytes.
            # No filters, symlink reads or hash/read TOCTOU gap can authorize bytes.
            raw_sha256 = hashlib.sha256()
            blob_digest = hashlib.new(object_format)
            blob_digest.update(b"blob " + str(info.st_size).encode() + b"\0")
            count = 0
            descriptor = os.open(src, os.O_RDONLY | getattr(os, "O_NOFOLLOW", 0))
            with os.fdopen(descriptor, "rb") as handle:
                opened = os.fstat(handle.fileno())
                if (opened.st_dev, opened.st_ino) != (info.st_dev, info.st_ino):
                    raise ProvenanceError("CHECKOUT_SOURCE_REPLACED:" + path)
                for block in iter(lambda: handle.read(1024 * 1024), b""):
                    raw_sha256.update(block)
                    blob_digest.update(block)
                    count += len(block)
            if count != info.st_size or blob_digest.hexdigest() != oid:
                raise ProvenanceError("CHECKOUT_BYTE_MISMATCH:" + path)
            if stat.S_IMODE(info.st_mode) != canonical_file_mode(mode):
>               raise ProvenanceError("CHECKOUT_MODE_MISMATCH:" + path)
E               scripts.porota_artifact_provenance.ProvenanceError: CHECKOUT_MODE_MISMATCH:.dockerignore

scripts/porota_artifact_provenance.py:252: ProvenanceError
____ ERROR at setup of test_image_complete_mode_changes_are_rejected[1444] _____

tmp_path = PosixPath('/workspace/scratch/porota-governed311-9a9b/pytest-private/test_image_complete_mode_chang4')

    @pytest.fixture
    def candidate(tmp_path):
        repo = tmp_path / "candidate"
        repo.mkdir()
        for rel, content in {
            "Dockerfile": b"FROM scratch\nCOPY . /app\n",
            ".dockerignore": b"docs/\n*.pdf\n__pycache__/\n*.py[cod]\n",
            "app.py": b"import worker\nVALUE = 7\n",
            "worker.py": b"VALUE = 10\n",
            "ops/policy/paper.json": b'{"mode":"PAPER","real_orders_sent":0}\n',
            "assets/new.runtime.asset": b"automatic enumeration: unknown suffix\n",
            "scripts/run": b"#!/bin/sh\nexit 0\n",
            "tests/test_fixture.py": b"def test_case(): pass\n",
            ".github/workflows/build.yml": b"name: test\n",
            "docs/audit.md": b"Documentation excluded by versioned Docker policy\n",
            "README.md": b"Source includes documentation bytes\n",
        }.items():
            write(repo, rel, content)
        (repo / "scripts/run").chmod(0o755)
        git(repo, "init", "-q")
        git(repo, "config", "user.email", "fixture@example.invalid")
        git(repo, "config", "user.name", "Offline Provenance Test")
        git(repo, "add", ".")
        git(repo, "commit", "-qm", "offline fixture source")
>       manifest = create_source_manifest(repo)
                   ^^^^^^^^^^^^^^^^^^^^^^^^^^^^

tests/test_issue465_provenance.py:64: 
_ _ _ _ _ _ _ _ _ _ _ _ _ _ _ _ _ _ _ _ _ _ _ _ _ _ _ _ _ _ _ _ _ _ _ _ _ _ _ _ 

repo_root = PosixPath('/workspace/scratch/porota-governed311-9a9b/pytest-private/test_image_complete_mode_chang4/candidate')
candidate_sha = None, candidate_tree_sha = None

    def create_source_manifest(
        repo_root: Path,
        candidate_sha: str | None = None,
        candidate_tree_sha: str | None = None,
    ) -> dict:
        repo_root = repo_root.resolve()
        head = _git(repo_root, "rev-parse", "HEAD").decode().strip()
        tree = _git(repo_root, "rev-parse", "HEAD^{tree}").decode().strip()
        if candidate_sha is not None and candidate_sha != head:
            raise ProvenanceError("CANDIDATE_SHA_MISMATCH")
        if candidate_tree_sha is not None and candidate_tree_sha != tree:
            raise ProvenanceError("CANDIDATE_TREE_MISMATCH")
        entries = _git(repo_root, "ls-tree", "-rz", "--full-tree", head).split(b"\0")
        source: list[tuple[str, str, str]] = []
        for entry in entries:
            if not entry:
                continue
            meta, name = entry.split(b"\t", 1)
            mode, kind, oid = meta.decode().split()
            path = safe_path(name.decode("utf-8"))
            if path in {SOURCE_MANIFEST_NAME, BUNDLE_MANIFEST_NAME}:
                raise ProvenanceError("RESERVED_GENERATED_METADATA_TRACKED:" + path)
            if kind != "blob" or mode not in {"100644", "100755"}:
                raise ProvenanceError("NON_REGULAR_GIT_SOURCE:" + path)
            source.append((path, mode, oid))
        source.sort()
        if not source or len(source) > MAX_SOURCE_FILES:
            raise ProvenanceError("SOURCE_FILE_COUNT_LIMIT")
    
        object_format = _git(repo_root, "rev-parse", "--show-object-format").decode().strip()
        if object_format not in {"sha1", "sha256"}:
            raise ProvenanceError("UNSUPPORTED_GIT_OBJECT_FORMAT")
        dockerignore_oid = next((oid for path, _, oid in source if path == ".dockerignore"), None)
        dockerignore = _git(repo_root, "cat-file", "blob", dockerignore_oid).decode() if dockerignore_oid else ""
        try:
            from scripts.porota_validate_deploy_artifact import is_runtime_relevant
        except ModuleNotFoundError:
            from porota_validate_deploy_artifact import is_runtime_relevant
        rows = []
        for path, mode, oid in source:
            src = repo_root / path
            for parent in src.parents:
                if parent == repo_root:
                    break
                if parent.is_symlink():
                    raise ProvenanceError("CHECKOUT_SOURCE_PARENT_SYMLINK:" + path)
            try:
                info = src.lstat()
            except OSError as exc:
                raise ProvenanceError("CHECKOUT_SOURCE_UNREADABLE:" + path) from exc
            if not stat.S_ISREG(info.st_mode) or info.st_nlink != 1:
                raise ProvenanceError("NON_REGULAR_CHECKOUT_SOURCE:" + path)
            # Hash the SHA256 and Git blob identity from the same opened bytes.
            # No filters, symlink reads or hash/read TOCTOU gap can authorize bytes.
            raw_sha256 = hashlib.sha256()
            blob_digest = hashlib.new(object_format)
            blob_digest.update(b"blob " + str(info.st_size).encode() + b"\0")
            count = 0
            descriptor = os.open(src, os.O_RDONLY | getattr(os, "O_NOFOLLOW", 0))
            with os.fdopen(descriptor, "rb") as handle:
                opened = os.fstat(handle.fileno())
                if (opened.st_dev, opened.st_ino) != (info.st_dev, info.st_ino):
                    raise ProvenanceError("CHECKOUT_SOURCE_REPLACED:" + path)
                for block in iter(lambda: handle.read(1024 * 1024), b""):
                    raw_sha256.update(block)
                    blob_digest.update(block)
                    count += len(block)
            if count != info.st_size or blob_digest.hexdigest() != oid:
                raise ProvenanceError("CHECKOUT_BYTE_MISMATCH:" + path)
            if stat.S_IMODE(info.st_mode) != canonical_file_mode(mode):
>               raise ProvenanceError("CHECKOUT_MODE_MISMATCH:" + path)
E               scripts.porota_artifact_provenance.ProvenanceError: CHECKOUT_MODE_MISMATCH:.dockerignore

scripts/porota_artifact_provenance.py:252: ProvenanceError
_____ ERROR at setup of test_image_complete_mode_changes_are_rejected[932] _____

tmp_path = PosixPath('/workspace/scratch/porota-governed311-9a9b/pytest-private/test_image_complete_mode_chang5')

    @pytest.fixture
    def candidate(tmp_path):
        repo = tmp_path / "candidate"
        repo.mkdir()
        for rel, content in {
            "Dockerfile": b"FROM scratch\nCOPY . /app\n",
            ".dockerignore": b"docs/\n*.pdf\n__pycache__/\n*.py[cod]\n",
            "app.py": b"import worker\nVALUE = 7\n",
            "worker.py": b"VALUE = 10\n",
            "ops/policy/paper.json": b'{"mode":"PAPER","real_orders_sent":0}\n',
            "assets/new.runtime.asset": b"automatic enumeration: unknown suffix\n",
            "scripts/run": b"#!/bin/sh\nexit 0\n",
            "tests/test_fixture.py": b"def test_case(): pass\n",
            ".github/workflows/build.yml": b"name: test\n",
            "docs/audit.md": b"Documentation excluded by versioned Docker policy\n",
            "README.md": b"Source includes documentation bytes\n",
        }.items():
            write(repo, rel, content)
        (repo / "scripts/run").chmod(0o755)
        git(repo, "init", "-q")
        git(repo, "config", "user.email", "fixture@example.invalid")
        git(repo, "config", "user.name", "Offline Provenance Test")
        git(repo, "add", ".")
        git(repo, "commit", "-qm", "offline fixture source")
>       manifest = create_source_manifest(repo)
                   ^^^^^^^^^^^^^^^^^^^^^^^^^^^^

tests/test_issue465_provenance.py:64: 
_ _ _ _ _ _ _ _ _ _ _ _ _ _ _ _ _ _ _ _ _ _ _ _ _ _ _ _ _ _ _ _ _ _ _ _ _ _ _ _ 

repo_root = PosixPath('/workspace/scratch/porota-governed311-9a9b/pytest-private/test_image_complete_mode_chang5/candidate')
candidate_sha = None, candidate_tree_sha = None

    def create_source_manifest(
        repo_root: Path,
        candidate_sha: str | None = None,
        candidate_tree_sha: str | None = None,
    ) -> dict:
        repo_root = repo_root.resolve()
        head = _git(repo_root, "rev-parse", "HEAD").decode().strip()
        tree = _git(repo_root, "rev-parse", "HEAD^{tree}").decode().strip()
        if candidate_sha is not None and candidate_sha != head:
            raise ProvenanceError("CANDIDATE_SHA_MISMATCH")
        if candidate_tree_sha is not None and candidate_tree_sha != tree:
            raise ProvenanceError("CANDIDATE_TREE_MISMATCH")
        entries = _git(repo_root, "ls-tree", "-rz", "--full-tree", head).split(b"\0")
        source: list[tuple[str, str, str]] = []
        for entry in entries:
            if not entry:
                continue
            meta, name = entry.split(b"\t", 1)
            mode, kind, oid = meta.decode().split()
            path = safe_path(name.decode("utf-8"))
            if path in {SOURCE_MANIFEST_NAME, BUNDLE_MANIFEST_NAME}:
                raise ProvenanceError("RESERVED_GENERATED_METADATA_TRACKED:" + path)
            if kind != "blob" or mode not in {"100644", "100755"}:
                raise ProvenanceError("NON_REGULAR_GIT_SOURCE:" + path)
            source.append((path, mode, oid))
        source.sort()
        if not source or len(source) > MAX_SOURCE_FILES:
            raise ProvenanceError("SOURCE_FILE_COUNT_LIMIT")
    
        object_format = _git(repo_root, "rev-parse", "--show-object-format").decode().strip()
        if object_format not in {"sha1", "sha256"}:
            raise ProvenanceError("UNSUPPORTED_GIT_OBJECT_FORMAT")
        dockerignore_oid = next((oid for path, _, oid in source if path == ".dockerignore"), None)
        dockerignore = _git(repo_root, "cat-file", "blob", dockerignore_oid).decode() if dockerignore_oid else ""
        try:
            from scripts.porota_validate_deploy_artifact import is_runtime_relevant
        except ModuleNotFoundError:
            from porota_validate_deploy_artifact import is_runtime_relevant
        rows = []
        for path, mode, oid in source:
            src = repo_root / path
            for parent in src.parents:
                if parent == repo_root:
                    break
                if parent.is_symlink():
                    raise ProvenanceError("CHECKOUT_SOURCE_PARENT_SYMLINK:" + path)
            try:
                info = src.lstat()
            except OSError as exc:
                raise ProvenanceError("CHECKOUT_SOURCE_UNREADABLE:" + path) from exc
            if not stat.S_ISREG(info.st_mode) or info.st_nlink != 1:
                raise ProvenanceError("NON_REGULAR_CHECKOUT_SOURCE:" + path)
            # Hash the SHA256 and Git blob identity from the same opened bytes.
            # No filters, symlink reads or hash/read TOCTOU gap can authorize bytes.
            raw_sha256 = hashlib.sha256()
            blob_digest = hashlib.new(object_format)
            blob_digest.update(b"blob " + str(info.st_size).encode() + b"\0")
            count = 0
            descriptor = os.open(src, os.O_RDONLY | getattr(os, "O_NOFOLLOW", 0))
            with os.fdopen(descriptor, "rb") as handle:
                opened = os.fstat(handle.fileno())
                if (opened.st_dev, opened.st_ino) != (info.st_dev, info.st_ino):
                    raise ProvenanceError("CHECKOUT_SOURCE_REPLACED:" + path)
                for block in iter(lambda: handle.read(1024 * 1024), b""):
                    raw_sha256.update(block)
                    blob_digest.update(block)
                    count += len(block)
            if count != info.st_size or blob_digest.hexdigest() != oid:
                raise ProvenanceError("CHECKOUT_BYTE_MISMATCH:" + path)
            if stat.S_IMODE(info.st_mode) != canonical_file_mode(mode):
>               raise ProvenanceError("CHECKOUT_MODE_MISMATCH:" + path)
E               scripts.porota_artifact_provenance.ProvenanceError: CHECKOUT_MODE_MISMATCH:.dockerignore

scripts/porota_artifact_provenance.py:252: ProvenanceError
_ ERROR at setup of test_bundle_complete_mode_changes_reject_even_with_rebound_outer_digest[384] _

tmp_path = PosixPath('/workspace/scratch/porota-governed311-9a9b/pytest-private/test_bundle_complete_mode_chan0')

    @pytest.fixture
    def candidate(tmp_path):
        repo = tmp_path / "candidate"
        repo.mkdir()
        for rel, content in {
            "Dockerfile": b"FROM scratch\nCOPY . /app\n",
            ".dockerignore": b"docs/\n*.pdf\n__pycache__/\n*.py[cod]\n",
            "app.py": b"import worker\nVALUE = 7\n",
            "worker.py": b"VALUE = 10\n",
            "ops/policy/paper.json": b'{"mode":"PAPER","real_orders_sent":0}\n',
            "assets/new.runtime.asset": b"automatic enumeration: unknown suffix\n",
            "scripts/run": b"#!/bin/sh\nexit 0\n",
            "tests/test_fixture.py": b"def test_case(): pass\n",
            ".github/workflows/build.yml": b"name: test\n",
            "docs/audit.md": b"Documentation excluded by versioned Docker policy\n",
            "README.md": b"Source includes documentation bytes\n",
        }.items():
            write(repo, rel, content)
        (repo / "scripts/run").chmod(0o755)
        git(repo, "init", "-q")
        git(repo, "config", "user.email", "fixture@example.invalid")
        git(repo, "config", "user.name", "Offline Provenance Test")
        git(repo, "add", ".")
        git(repo, "commit", "-qm", "offline fixture source")
>       manifest = create_source_manifest(repo)
                   ^^^^^^^^^^^^^^^^^^^^^^^^^^^^

tests/test_issue465_provenance.py:64: 
_ _ _ _ _ _ _ _ _ _ _ _ _ _ _ _ _ _ _ _ _ _ _ _ _ _ _ _ _ _ _ _ _ _ _ _ _ _ _ _ 

repo_root = PosixPath('/workspace/scratch/porota-governed311-9a9b/pytest-private/test_bundle_complete_mode_chan0/candidate')
candidate_sha = None, candidate_tree_sha = None

    def create_source_manifest(
        repo_root: Path,
        candidate_sha: str | None = None,
        candidate_tree_sha: str | None = None,
    ) -> dict:
        repo_root = repo_root.resolve()
        head = _git(repo_root, "rev-parse", "HEAD").decode().strip()
        tree = _git(repo_root, "rev-parse", "HEAD^{tree}").decode().strip()
        if candidate_sha is not None and candidate_sha != head:
            raise ProvenanceError("CANDIDATE_SHA_MISMATCH")
        if candidate_tree_sha is not None and candidate_tree_sha != tree:
            raise ProvenanceError("CANDIDATE_TREE_MISMATCH")
        entries = _git(repo_root, "ls-tree", "-rz", "--full-tree", head).split(b"\0")
        source: list[tuple[str, str, str]] = []
        for entry in entries:
            if not entry:
                continue
            meta, name = entry.split(b"\t", 1)
            mode, kind, oid = meta.decode().split()
            path = safe_path(name.decode("utf-8"))
            if path in {SOURCE_MANIFEST_NAME, BUNDLE_MANIFEST_NAME}:
                raise ProvenanceError("RESERVED_GENERATED_METADATA_TRACKED:" + path)
            if kind != "blob" or mode not in {"100644", "100755"}:
                raise ProvenanceError("NON_REGULAR_GIT_SOURCE:" + path)
            source.append((path, mode, oid))
        source.sort()
        if not source or len(source) > MAX_SOURCE_FILES:
            raise ProvenanceError("SOURCE_FILE_COUNT_LIMIT")
    
        object_format = _git(repo_root, "rev-parse", "--show-object-format").decode().strip()
        if object_format not in {"sha1", "sha256"}:
            raise ProvenanceError("UNSUPPORTED_GIT_OBJECT_FORMAT")
        dockerignore_oid = next((oid for path, _, oid in source if path == ".dockerignore"), None)
        dockerignore = _git(repo_root, "cat-file", "blob", dockerignore_oid).decode() if dockerignore_oid else ""
        try:
            from scripts.porota_validate_deploy_artifact import is_runtime_relevant
        except ModuleNotFoundError:
            from porota_validate_deploy_artifact import is_runtime_relevant
        rows = []
        for path, mode, oid in source:
            src = repo_root / path
            for parent in src.parents:
                if parent == repo_root:
                    break
                if parent.is_symlink():
                    raise ProvenanceError("CHECKOUT_SOURCE_PARENT_SYMLINK:" + path)
            try:
                info = src.lstat()
            except OSError as exc:
                raise ProvenanceError("CHECKOUT_SOURCE_UNREADABLE:" + path) from exc
            if not stat.S_ISREG(info.st_mode) or info.st_nlink != 1:
                raise ProvenanceError("NON_REGULAR_CHECKOUT_SOURCE:" + path)
            # Hash the SHA256 and Git blob identity from the same opened bytes.
            # No filters, symlink reads or hash/read TOCTOU gap can authorize bytes.
            raw_sha256 = hashlib.sha256()
            blob_digest = hashlib.new(object_format)
            blob_digest.update(b"blob " + str(info.st_size).encode() + b"\0")
            count = 0
            descriptor = os.open(src, os.O_RDONLY | getattr(os, "O_NOFOLLOW", 0))
            with os.fdopen(descriptor, "rb") as handle:
                opened = os.fstat(handle.fileno())
                if (opened.st_dev, opened.st_ino) != (info.st_dev, info.st_ino):
                    raise ProvenanceError("CHECKOUT_SOURCE_REPLACED:" + path)
                for block in iter(lambda: handle.read(1024 * 1024), b""):
                    raw_sha256.update(block)
                    blob_digest.update(block)
                    count += len(block)
            if count != info.st_size or blob_digest.hexdigest() != oid:
                raise ProvenanceError("CHECKOUT_BYTE_MISMATCH:" + path)
            if stat.S_IMODE(info.st_mode) != canonical_file_mode(mode):
>               raise ProvenanceError("CHECKOUT_MODE_MISMATCH:" + path)
E               scripts.porota_artifact_provenance.ProvenanceError: CHECKOUT_MODE_MISMATCH:.dockerignore

scripts/porota_artifact_provenance.py:252: ProvenanceError
_ ERROR at setup of test_bundle_complete_mode_changes_reject_even_with_rebound_outer_digest[416] _

tmp_path = PosixPath('/workspace/scratch/porota-governed311-9a9b/pytest-private/test_bundle_complete_mode_chan1')

    @pytest.fixture
    def candidate(tmp_path):
        repo = tmp_path / "candidate"
        repo.mkdir()
        for rel, content in {
            "Dockerfile": b"FROM scratch\nCOPY . /app\n",
            ".dockerignore": b"docs/\n*.pdf\n__pycache__/\n*.py[cod]\n",
            "app.py": b"import worker\nVALUE = 7\n",
            "worker.py": b"VALUE = 10\n",
            "ops/policy/paper.json": b'{"mode":"PAPER","real_orders_sent":0}\n',
            "assets/new.runtime.asset": b"automatic enumeration: unknown suffix\n",
            "scripts/run": b"#!/bin/sh\nexit 0\n",
            "tests/test_fixture.py": b"def test_case(): pass\n",
            ".github/workflows/build.yml": b"name: test\n",
            "docs/audit.md": b"Documentation excluded by versioned Docker policy\n",
            "README.md": b"Source includes documentation bytes\n",
        }.items():
            write(repo, rel, content)
        (repo / "scripts/run").chmod(0o755)
        git(repo, "init", "-q")
        git(repo, "config", "user.email", "fixture@example.invalid")
        git(repo, "config", "user.name", "Offline Provenance Test")
        git(repo, "add", ".")
        git(repo, "commit", "-qm", "offline fixture source")
>       manifest = create_source_manifest(repo)
                   ^^^^^^^^^^^^^^^^^^^^^^^^^^^^

tests/test_issue465_provenance.py:64: 
_ _ _ _ _ _ _ _ _ _ _ _ _ _ _ _ _ _ _ _ _ _ _ _ _ _ _ _ _ _ _ _ _ _ _ _ _ _ _ _ 

repo_root = PosixPath('/workspace/scratch/porota-governed311-9a9b/pytest-private/test_bundle_complete_mode_chan1/candidate')
candidate_sha = None, candidate_tree_sha = None

    def create_source_manifest(
        repo_root: Path,
        candidate_sha: str | None = None,
        candidate_tree_sha: str | None = None,
    ) -> dict:
        repo_root = repo_root.resolve()
        head = _git(repo_root, "rev-parse", "HEAD").decode().strip()
        tree = _git(repo_root, "rev-parse", "HEAD^{tree}").decode().strip()
        if candidate_sha is not None and candidate_sha != head:
            raise ProvenanceError("CANDIDATE_SHA_MISMATCH")
        if candidate_tree_sha is not None and candidate_tree_sha != tree:
            raise ProvenanceError("CANDIDATE_TREE_MISMATCH")
        entries = _git(repo_root, "ls-tree", "-rz", "--full-tree", head).split(b"\0")
        source: list[tuple[str, str, str]] = []
        for entry in entries:
            if not entry:
                continue
            meta, name = entry.split(b"\t", 1)
            mode, kind, oid = meta.decode().split()
            path = safe_path(name.decode("utf-8"))
            if path in {SOURCE_MANIFEST_NAME, BUNDLE_MANIFEST_NAME}:
                raise ProvenanceError("RESERVED_GENERATED_METADATA_TRACKED:" + path)
            if kind != "blob" or mode not in {"100644", "100755"}:
                raise ProvenanceError("NON_REGULAR_GIT_SOURCE:" + path)
            source.append((path, mode, oid))
        source.sort()
        if not source or len(source) > MAX_SOURCE_FILES:
            raise ProvenanceError("SOURCE_FILE_COUNT_LIMIT")
    
        object_format = _git(repo_root, "rev-parse", "--show-object-format").decode().strip()
        if object_format not in {"sha1", "sha256"}:
            raise ProvenanceError("UNSUPPORTED_GIT_OBJECT_FORMAT")
        dockerignore_oid = next((oid for path, _, oid in source if path == ".dockerignore"), None)
        dockerignore = _git(repo_root, "cat-file", "blob", dockerignore_oid).decode() if dockerignore_oid else ""
        try:
            from scripts.porota_validate_deploy_artifact import is_runtime_relevant
        except ModuleNotFoundError:
            from porota_validate_deploy_artifact import is_runtime_relevant
        rows = []
        for path, mode, oid in source:
            src = repo_root / path
            for parent in src.parents:
                if parent == repo_root:
                    break
                if parent.is_symlink():
                    raise ProvenanceError("CHECKOUT_SOURCE_PARENT_SYMLINK:" + path)
            try:
                info = src.lstat()
            except OSError as exc:
                raise ProvenanceError("CHECKOUT_SOURCE_UNREADABLE:" + path) from exc
            if not stat.S_ISREG(info.st_mode) or info.st_nlink != 1:
                raise ProvenanceError("NON_REGULAR_CHECKOUT_SOURCE:" + path)
            # Hash the SHA256 and Git blob identity from the same opened bytes.
            # No filters, symlink reads or hash/read TOCTOU gap can authorize bytes.
            raw_sha256 = hashlib.sha256()
            blob_digest = hashlib.new(object_format)
            blob_digest.update(b"blob " + str(info.st_size).encode() + b"\0")
            count = 0
            descriptor = os.open(src, os.O_RDONLY | getattr(os, "O_NOFOLLOW", 0))
            with os.fdopen(descriptor, "rb") as handle:
                opened = os.fstat(handle.fileno())
                if (opened.st_dev, opened.st_ino) != (info.st_dev, info.st_ino):
                    raise ProvenanceError("CHECKOUT_SOURCE_REPLACED:" + path)
                for block in iter(lambda: handle.read(1024 * 1024), b""):
                    raw_sha256.update(block)
                    blob_digest.update(block)
                    count += len(block)
            if count != info.st_size or blob_digest.hexdigest() != oid:
                raise ProvenanceError("CHECKOUT_BYTE_MISMATCH:" + path)
            if stat.S_IMODE(info.st_mode) != canonical_file_mode(mode):
>               raise ProvenanceError("CHECKOUT_MODE_MISMATCH:" + path)
E               scripts.porota_artifact_provenance.ProvenanceError: CHECKOUT_MODE_MISMATCH:.dockerignore

scripts/porota_artifact_provenance.py:252: ProvenanceError
_ ERROR at setup of test_bundle_complete_mode_changes_reject_even_with_rebound_outer_digest[438] _

tmp_path = PosixPath('/workspace/scratch/porota-governed311-9a9b/pytest-private/test_bundle_complete_mode_chan2')

    @pytest.fixture
    def candidate(tmp_path):
        repo = tmp_path / "candidate"
        repo.mkdir()
        for rel, content in {
            "Dockerfile": b"FROM scratch\nCOPY . /app\n",
            ".dockerignore": b"docs/\n*.pdf\n__pycache__/\n*.py[cod]\n",
            "app.py": b"import worker\nVALUE = 7\n",
            "worker.py": b"VALUE = 10\n",
            "ops/policy/paper.json": b'{"mode":"PAPER","real_orders_sent":0}\n',
            "assets/new.runtime.asset": b"automatic enumeration: unknown suffix\n",
            "scripts/run": b"#!/bin/sh\nexit 0\n",
            "tests/test_fixture.py": b"def test_case(): pass\n",
            ".github/workflows/build.yml": b"name: test\n",
            "docs/audit.md": b"Documentation excluded by versioned Docker policy\n",
            "README.md": b"Source includes documentation bytes\n",
        }.items():
            write(repo, rel, content)
        (repo / "scripts/run").chmod(0o755)
        git(repo, "init", "-q")
        git(repo, "config", "user.email", "fixture@example.invalid")
        git(repo, "config", "user.name", "Offline Provenance Test")
        git(repo, "add", ".")
        git(repo, "commit", "-qm", "offline fixture source")
>       manifest = create_source_manifest(repo)
                   ^^^^^^^^^^^^^^^^^^^^^^^^^^^^

tests/test_issue465_provenance.py:64: 
_ _ _ _ _ _ _ _ _ _ _ _ _ _ _ _ _ _ _ _ _ _ _ _ _ _ _ _ _ _ _ _ _ _ _ _ _ _ _ _ 

repo_root = PosixPath('/workspace/scratch/porota-governed311-9a9b/pytest-private/test_bundle_complete_mode_chan2/candidate')
candidate_sha = None, candidate_tree_sha = None

    def create_source_manifest(
        repo_root: Path,
        candidate_sha: str | None = None,
        candidate_tree_sha: str | None = None,
    ) -> dict:
        repo_root = repo_root.resolve()
        head = _git(repo_root, "rev-parse", "HEAD").decode().strip()
        tree = _git(repo_root, "rev-parse", "HEAD^{tree}").decode().strip()
        if candidate_sha is not None and candidate_sha != head:
            raise ProvenanceError("CANDIDATE_SHA_MISMATCH")
        if candidate_tree_sha is not None and candidate_tree_sha != tree:
            raise ProvenanceError("CANDIDATE_TREE_MISMATCH")
        entries = _git(repo_root, "ls-tree", "-rz", "--full-tree", head).split(b"\0")
        source: list[tuple[str, str, str]] = []
        for entry in entries:
            if not entry:
                continue
            meta, name = entry.split(b"\t", 1)
            mode, kind, oid = meta.decode().split()
            path = safe_path(name.decode("utf-8"))
            if path in {SOURCE_MANIFEST_NAME, BUNDLE_MANIFEST_NAME}:
                raise ProvenanceError("RESERVED_GENERATED_METADATA_TRACKED:" + path)
            if kind != "blob" or mode not in {"100644", "100755"}:
                raise ProvenanceError("NON_REGULAR_GIT_SOURCE:" + path)
            source.append((path, mode, oid))
        source.sort()
        if not source or len(source) > MAX_SOURCE_FILES:
            raise ProvenanceError("SOURCE_FILE_COUNT_LIMIT")
    
        object_format = _git(repo_root, "rev-parse", "--show-object-format").decode().strip()
        if object_format not in {"sha1", "sha256"}:
            raise ProvenanceError("UNSUPPORTED_GIT_OBJECT_FORMAT")
        dockerignore_oid = next((oid for path, _, oid in source if path == ".dockerignore"), None)
        dockerignore = _git(repo_root, "cat-file", "blob", dockerignore_oid).decode() if dockerignore_oid else ""
        try:
            from scripts.porota_validate_deploy_artifact import is_runtime_relevant
        except ModuleNotFoundError:
            from porota_validate_deploy_artifact import is_runtime_relevant
        rows = []
        for path, mode, oid in source:
            src = repo_root / path
            for parent in src.parents:
                if parent == repo_root:
                    break
                if parent.is_symlink():
                    raise ProvenanceError("CHECKOUT_SOURCE_PARENT_SYMLINK:" + path)
            try:
                info = src.lstat()
            except OSError as exc:
                raise ProvenanceError("CHECKOUT_SOURCE_UNREADABLE:" + path) from exc
            if not stat.S_ISREG(info.st_mode) or info.st_nlink != 1:
                raise ProvenanceError("NON_REGULAR_CHECKOUT_SOURCE:" + path)
            # Hash the SHA256 and Git blob identity from the same opened bytes.
            # No filters, symlink reads or hash/read TOCTOU gap can authorize bytes.
            raw_sha256 = hashlib.sha256()
            blob_digest = hashlib.new(object_format)
            blob_digest.update(b"blob " + str(info.st_size).encode() + b"\0")
            count = 0
            descriptor = os.open(src, os.O_RDONLY | getattr(os, "O_NOFOLLOW", 0))
            with os.fdopen(descriptor, "rb") as handle:
                opened = os.fstat(handle.fileno())
                if (opened.st_dev, opened.st_ino) != (info.st_dev, info.st_ino):
                    raise ProvenanceError("CHECKOUT_SOURCE_REPLACED:" + path)
                for block in iter(lambda: handle.read(1024 * 1024), b""):
                    raw_sha256.update(block)
                    blob_digest.update(block)
                    count += len(block)
            if count != info.st_size or blob_digest.hexdigest() != oid:
                raise ProvenanceError("CHECKOUT_BYTE_MISMATCH:" + path)
            if stat.S_IMODE(info.st_mode) != canonical_file_mode(mode):
>               raise ProvenanceError("CHECKOUT_MODE_MISMATCH:" + path)
E               scripts.porota_artifact_provenance.ProvenanceError: CHECKOUT_MODE_MISMATCH:.dockerignore

scripts/porota_artifact_provenance.py:252: ProvenanceError
_ ERROR at setup of test_bundle_complete_mode_changes_reject_even_with_rebound_outer_digest[2468] _

tmp_path = PosixPath('/workspace/scratch/porota-governed311-9a9b/pytest-private/test_bundle_complete_mode_chan3')

    @pytest.fixture
    def candidate(tmp_path):
        repo = tmp_path / "candidate"
        repo.mkdir()
        for rel, content in {
            "Dockerfile": b"FROM scratch\nCOPY . /app\n",
            ".dockerignore": b"docs/\n*.pdf\n__pycache__/\n*.py[cod]\n",
            "app.py": b"import worker\nVALUE = 7\n",
            "worker.py": b"VALUE = 10\n",
            "ops/policy/paper.json": b'{"mode":"PAPER","real_orders_sent":0}\n',
            "assets/new.runtime.asset": b"automatic enumeration: unknown suffix\n",
            "scripts/run": b"#!/bin/sh\nexit 0\n",
            "tests/test_fixture.py": b"def test_case(): pass\n",
            ".github/workflows/build.yml": b"name: test\n",
            "docs/audit.md": b"Documentation excluded by versioned Docker policy\n",
            "README.md": b"Source includes documentation bytes\n",
        }.items():
            write(repo, rel, content)
        (repo / "scripts/run").chmod(0o755)
        git(repo, "init", "-q")
        git(repo, "config", "user.email", "fixture@example.invalid")
        git(repo, "config", "user.name", "Offline Provenance Test")
        git(repo, "add", ".")
        git(repo, "commit", "-qm", "offline fixture source")
>       manifest = create_source_manifest(repo)
                   ^^^^^^^^^^^^^^^^^^^^^^^^^^^^

tests/test_issue465_provenance.py:64: 
_ _ _ _ _ _ _ _ _ _ _ _ _ _ _ _ _ _ _ _ _ _ _ _ _ _ _ _ _ _ _ _ _ _ _ _ _ _ _ _ 

repo_root = PosixPath('/workspace/scratch/porota-governed311-9a9b/pytest-private/test_bundle_complete_mode_chan3/candidate')
candidate_sha = None, candidate_tree_sha = None

    def create_source_manifest(
        repo_root: Path,
        candidate_sha: str | None = None,
        candidate_tree_sha: str | None = None,
    ) -> dict:
        repo_root = repo_root.resolve()
        head = _git(repo_root, "rev-parse", "HEAD").decode().strip()
        tree = _git(repo_root, "rev-parse", "HEAD^{tree}").decode().strip()
        if candidate_sha is not None and candidate_sha != head:
            raise ProvenanceError("CANDIDATE_SHA_MISMATCH")
        if candidate_tree_sha is not None and candidate_tree_sha != tree:
            raise ProvenanceError("CANDIDATE_TREE_MISMATCH")
        entries = _git(repo_root, "ls-tree", "-rz", "--full-tree", head).split(b"\0")
        source: list[tuple[str, str, str]] = []
        for entry in entries:
            if not entry:
                continue
            meta, name = entry.split(b"\t", 1)
            mode, kind, oid = meta.decode().split()
            path = safe_path(name.decode("utf-8"))
            if path in {SOURCE_MANIFEST_NAME, BUNDLE_MANIFEST_NAME}:
                raise ProvenanceError("RESERVED_GENERATED_METADATA_TRACKED:" + path)
            if kind != "blob" or mode not in {"100644", "100755"}:
                raise ProvenanceError("NON_REGULAR_GIT_SOURCE:" + path)
            source.append((path, mode, oid))
        source.sort()
        if not source or len(source) > MAX_SOURCE_FILES:
            raise ProvenanceError("SOURCE_FILE_COUNT_LIMIT")
    
        object_format = _git(repo_root, "rev-parse", "--show-object-format").decode().strip()
        if object_format not in {"sha1", "sha256"}:
            raise ProvenanceError("UNSUPPORTED_GIT_OBJECT_FORMAT")
        dockerignore_oid = next((oid for path, _, oid in source if path == ".dockerignore"), None)
        dockerignore = _git(repo_root, "cat-file", "blob", dockerignore_oid).decode() if dockerignore_oid else ""
        try:
            from scripts.porota_validate_deploy_artifact import is_runtime_relevant
        except ModuleNotFoundError:
            from porota_validate_deploy_artifact import is_runtime_relevant
        rows = []
        for path, mode, oid in source:
            src = repo_root / path
            for parent in src.parents:
                if parent == repo_root:
                    break
                if parent.is_symlink():
                    raise ProvenanceError("CHECKOUT_SOURCE_PARENT_SYMLINK:" + path)
            try:
                info = src.lstat()
            except OSError as exc:
                raise ProvenanceError("CHECKOUT_SOURCE_UNREADABLE:" + path) from exc
            if not stat.S_ISREG(info.st_mode) or info.st_nlink != 1:
                raise ProvenanceError("NON_REGULAR_CHECKOUT_SOURCE:" + path)
            # Hash the SHA256 and Git blob identity from the same opened bytes.
            # No filters, symlink reads or hash/read TOCTOU gap can authorize bytes.
            raw_sha256 = hashlib.sha256()
            blob_digest = hashlib.new(object_format)
            blob_digest.update(b"blob " + str(info.st_size).encode() + b"\0")
            count = 0
            descriptor = os.open(src, os.O_RDONLY | getattr(os, "O_NOFOLLOW", 0))
            with os.fdopen(descriptor, "rb") as handle:
                opened = os.fstat(handle.fileno())
                if (opened.st_dev, opened.st_ino) != (info.st_dev, info.st_ino):
                    raise ProvenanceError("CHECKOUT_SOURCE_REPLACED:" + path)
                for block in iter(lambda: handle.read(1024 * 1024), b""):
                    raw_sha256.update(block)
                    blob_digest.update(block)
                    count += len(block)
            if count != info.st_size or blob_digest.hexdigest() != oid:
                raise ProvenanceError("CHECKOUT_BYTE_MISMATCH:" + path)
            if stat.S_IMODE(info.st_mode) != canonical_file_mode(mode):
>               raise ProvenanceError("CHECKOUT_MODE_MISMATCH:" + path)
E               scripts.porota_artifact_provenance.ProvenanceError: CHECKOUT_MODE_MISMATCH:.dockerignore

scripts/porota_artifact_provenance.py:252: ProvenanceError
_ ERROR at setup of test_bundle_complete_mode_changes_reject_even_with_rebound_outer_digest[1444] _

tmp_path = PosixPath('/workspace/scratch/porota-governed311-9a9b/pytest-private/test_bundle_complete_mode_chan4')

    @pytest.fixture
    def candidate(tmp_path):
        repo = tmp_path / "candidate"
        repo.mkdir()
        for rel, content in {
            "Dockerfile": b"FROM scratch\nCOPY . /app\n",
            ".dockerignore": b"docs/\n*.pdf\n__pycache__/\n*.py[cod]\n",
            "app.py": b"import worker\nVALUE = 7\n",
            "worker.py": b"VALUE = 10\n",
            "ops/policy/paper.json": b'{"mode":"PAPER","real_orders_sent":0}\n',
            "assets/new.runtime.asset": b"automatic enumeration: unknown suffix\n",
            "scripts/run": b"#!/bin/sh\nexit 0\n",
            "tests/test_fixture.py": b"def test_case(): pass\n",
            ".github/workflows/build.yml": b"name: test\n",
            "docs/audit.md": b"Documentation excluded by versioned Docker policy\n",
            "README.md": b"Source includes documentation bytes\n",
        }.items():
            write(repo, rel, content)
        (repo / "scripts/run").chmod(0o755)
        git(repo, "init", "-q")
        git(repo, "config", "user.email", "fixture@example.invalid")
        git(repo, "config", "user.name", "Offline Provenance Test")
        git(repo, "add", ".")
        git(repo, "commit", "-qm", "offline fixture source")
>       manifest = create_source_manifest(repo)
                   ^^^^^^^^^^^^^^^^^^^^^^^^^^^^

tests/test_issue465_provenance.py:64: 
_ _ _ _ _ _ _ _ _ _ _ _ _ _ _ _ _ _ _ _ _ _ _ _ _ _ _ _ _ _ _ _ _ _ _ _ _ _ _ _ 

repo_root = PosixPath('/workspace/scratch/porota-governed311-9a9b/pytest-private/test_bundle_complete_mode_chan4/candidate')
candidate_sha = None, candidate_tree_sha = None

    def create_source_manifest(
        repo_root: Path,
        candidate_sha: str | None = None,
        candidate_tree_sha: str | None = None,
    ) -> dict:
        repo_root = repo_root.resolve()
        head = _git(repo_root, "rev-parse", "HEAD").decode().strip()
        tree = _git(repo_root, "rev-parse", "HEAD^{tree}").decode().strip()
        if candidate_sha is not None and candidate_sha != head:
            raise ProvenanceError("CANDIDATE_SHA_MISMATCH")
        if candidate_tree_sha is not None and candidate_tree_sha != tree:
            raise ProvenanceError("CANDIDATE_TREE_MISMATCH")
        entries = _git(repo_root, "ls-tree", "-rz", "--full-tree", head).split(b"\0")
        source: list[tuple[str, str, str]] = []
        for entry in entries:
            if not entry:
                continue
            meta, name = entry.split(b"\t", 1)
            mode, kind, oid = meta.decode().split()
            path = safe_path(name.decode("utf-8"))
            if path in {SOURCE_MANIFEST_NAME, BUNDLE_MANIFEST_NAME}:
                raise ProvenanceError("RESERVED_GENERATED_METADATA_TRACKED:" + path)
            if kind != "blob" or mode not in {"100644", "100755"}:
                raise ProvenanceError("NON_REGULAR_GIT_SOURCE:" + path)
            source.append((path, mode, oid))
        source.sort()
        if not source or len(source) > MAX_SOURCE_FILES:
            raise ProvenanceError("SOURCE_FILE_COUNT_LIMIT")
    
        object_format = _git(repo_root, "rev-parse", "--show-object-format").decode().strip()
        if object_format not in {"sha1", "sha256"}:
            raise ProvenanceError("UNSUPPORTED_GIT_OBJECT_FORMAT")
        dockerignore_oid = next((oid for path, _, oid in source if path == ".dockerignore"), None)
        dockerignore = _git(repo_root, "cat-file", "blob", dockerignore_oid).decode() if dockerignore_oid else ""
        try:
            from scripts.porota_validate_deploy_artifact import is_runtime_relevant
        except ModuleNotFoundError:
            from porota_validate_deploy_artifact import is_runtime_relevant
        rows = []
        for path, mode, oid in source:
            src = repo_root / path
            for parent in src.parents:
                if parent == repo_root:
                    break
                if parent.is_symlink():
                    raise ProvenanceError("CHECKOUT_SOURCE_PARENT_SYMLINK:" + path)
            try:
                info = src.lstat()
            except OSError as exc:
                raise ProvenanceError("CHECKOUT_SOURCE_UNREADABLE:" + path) from exc
            if not stat.S_ISREG(info.st_mode) or info.st_nlink != 1:
                raise ProvenanceError("NON_REGULAR_CHECKOUT_SOURCE:" + path)
            # Hash the SHA256 and Git blob identity from the same opened bytes.
            # No filters, symlink reads or hash/read TOCTOU gap can authorize bytes.
            raw_sha256 = hashlib.sha256()
            blob_digest = hashlib.new(object_format)
            blob_digest.update(b"blob " + str(info.st_size).encode() + b"\0")
            count = 0
            descriptor = os.open(src, os.O_RDONLY | getattr(os, "O_NOFOLLOW", 0))
            with os.fdopen(descriptor, "rb") as handle:
                opened = os.fstat(handle.fileno())
                if (opened.st_dev, opened.st_ino) != (info.st_dev, info.st_ino):
                    raise ProvenanceError("CHECKOUT_SOURCE_REPLACED:" + path)
                for block in iter(lambda: handle.read(1024 * 1024), b""):
                    raw_sha256.update(block)
                    blob_digest.update(block)
                    count += len(block)
            if count != info.st_size or blob_digest.hexdigest() != oid:
                raise ProvenanceError("CHECKOUT_BYTE_MISMATCH:" + path)
            if stat.S_IMODE(info.st_mode) != canonical_file_mode(mode):
>               raise ProvenanceError("CHECKOUT_MODE_MISMATCH:" + path)
E               scripts.porota_artifact_provenance.ProvenanceError: CHECKOUT_MODE_MISMATCH:.dockerignore

scripts/porota_artifact_provenance.py:252: ProvenanceError
_ ERROR at setup of test_bundle_complete_mode_changes_reject_even_with_rebound_outer_digest[932] _

tmp_path = PosixPath('/workspace/scratch/porota-governed311-9a9b/pytest-private/test_bundle_complete_mode_chan5')

    @pytest.fixture
    def candidate(tmp_path):
        repo = tmp_path / "candidate"
        repo.mkdir()
        for rel, content in {
            "Dockerfile": b"FROM scratch\nCOPY . /app\n",
            ".dockerignore": b"docs/\n*.pdf\n__pycache__/\n*.py[cod]\n",
            "app.py": b"import worker\nVALUE = 7\n",
            "worker.py": b"VALUE = 10\n",
            "ops/policy/paper.json": b'{"mode":"PAPER","real_orders_sent":0}\n',
            "assets/new.runtime.asset": b"automatic enumeration: unknown suffix\n",
            "scripts/run": b"#!/bin/sh\nexit 0\n",
            "tests/test_fixture.py": b"def test_case(): pass\n",
            ".github/workflows/build.yml": b"name: test\n",
            "docs/audit.md": b"Documentation excluded by versioned Docker policy\n",
            "README.md": b"Source includes documentation bytes\n",
        }.items():
            write(repo, rel, content)
        (repo / "scripts/run").chmod(0o755)
        git(repo, "init", "-q")
        git(repo, "config", "user.email", "fixture@example.invalid")
        git(repo, "config", "user.name", "Offline Provenance Test")
        git(repo, "add", ".")
        git(repo, "commit", "-qm", "offline fixture source")
>       manifest = create_source_manifest(repo)
                   ^^^^^^^^^^^^^^^^^^^^^^^^^^^^

tests/test_issue465_provenance.py:64: 
_ _ _ _ _ _ _ _ _ _ _ _ _ _ _ _ _ _ _ _ _ _ _ _ _ _ _ _ _ _ _ _ _ _ _ _ _ _ _ _ 

repo_root = PosixPath('/workspace/scratch/porota-governed311-9a9b/pytest-private/test_bundle_complete_mode_chan5/candidate')
candidate_sha = None, candidate_tree_sha = None

    def create_source_manifest(
        repo_root: Path,
        candidate_sha: str | None = None,
        candidate_tree_sha: str | None = None,
    ) -> dict:
        repo_root = repo_root.resolve()
        head = _git(repo_root, "rev-parse", "HEAD").decode().strip()
        tree = _git(repo_root, "rev-parse", "HEAD^{tree}").decode().strip()
        if candidate_sha is not None and candidate_sha != head:
            raise ProvenanceError("CANDIDATE_SHA_MISMATCH")
        if candidate_tree_sha is not None and candidate_tree_sha != tree:
            raise ProvenanceError("CANDIDATE_TREE_MISMATCH")
        entries = _git(repo_root, "ls-tree", "-rz", "--full-tree", head).split(b"\0")
        source: list[tuple[str, str, str]] = []
        for entry in entries:
            if not entry:
                continue
            meta, name = entry.split(b"\t", 1)
            mode, kind, oid = meta.decode().split()
            path = safe_path(name.decode("utf-8"))
            if path in {SOURCE_MANIFEST_NAME, BUNDLE_MANIFEST_NAME}:
                raise ProvenanceError("RESERVED_GENERATED_METADATA_TRACKED:" + path)
            if kind != "blob" or mode not in {"100644", "100755"}:
                raise ProvenanceError("NON_REGULAR_GIT_SOURCE:" + path)
            source.append((path, mode, oid))
        source.sort()
        if not source or len(source) > MAX_SOURCE_FILES:
            raise ProvenanceError("SOURCE_FILE_COUNT_LIMIT")
    
        object_format = _git(repo_root, "rev-parse", "--show-object-format").decode().strip()
        if object_format not in {"sha1", "sha256"}:
            raise ProvenanceError("UNSUPPORTED_GIT_OBJECT_FORMAT")
        dockerignore_oid = next((oid for path, _, oid in source if path == ".dockerignore"), None)
        dockerignore = _git(repo_root, "cat-file", "blob", dockerignore_oid).decode() if dockerignore_oid else ""
        try:
            from scripts.porota_validate_deploy_artifact import is_runtime_relevant
        except ModuleNotFoundError:
            from porota_validate_deploy_artifact import is_runtime_relevant
        rows = []
        for path, mode, oid in source:
            src = repo_root / path
            for parent in src.parents:
                if parent == repo_root:
                    break
                if parent.is_symlink():
                    raise ProvenanceError("CHECKOUT_SOURCE_PARENT_SYMLINK:" + path)
            try:
                info = src.lstat()
            except OSError as exc:
                raise ProvenanceError("CHECKOUT_SOURCE_UNREADABLE:" + path) from exc
            if not stat.S_ISREG(info.st_mode) or info.st_nlink != 1:
                raise ProvenanceError("NON_REGULAR_CHECKOUT_SOURCE:" + path)
            # Hash the SHA256 and Git blob identity from the same opened bytes.
            # No filters, symlink reads or hash/read TOCTOU gap can authorize bytes.
            raw_sha256 = hashlib.sha256()
            blob_digest = hashlib.new(object_format)
            blob_digest.update(b"blob " + str(info.st_size).encode() + b"\0")
            count = 0
            descriptor = os.open(src, os.O_RDONLY | getattr(os, "O_NOFOLLOW", 0))
            with os.fdopen(descriptor, "rb") as handle:
                opened = os.fstat(handle.fileno())
                if (opened.st_dev, opened.st_ino) != (info.st_dev, info.st_ino):
                    raise ProvenanceError("CHECKOUT_SOURCE_REPLACED:" + path)
                for block in iter(lambda: handle.read(1024 * 1024), b""):
                    raw_sha256.update(block)
                    blob_digest.update(block)
                    count += len(block)
            if count != info.st_size or blob_digest.hexdigest() != oid:
                raise ProvenanceError("CHECKOUT_BYTE_MISMATCH:" + path)
            if stat.S_IMODE(info.st_mode) != canonical_file_mode(mode):
>               raise ProvenanceError("CHECKOUT_MODE_MISMATCH:" + path)
E               scripts.porota_artifact_provenance.ProvenanceError: CHECKOUT_MODE_MISMATCH:.dockerignore

scripts/porota_artifact_provenance.py:252: ProvenanceError
_ ERROR at setup of test_generated_bundle_metadata_is_exactly_0644[POROTA_SOURCE_PROVENANCE.json] _

tmp_path = PosixPath('/workspace/scratch/porota-governed311-9a9b/pytest-private/test_generated_bundle_metadata0')

    @pytest.fixture
    def candidate(tmp_path):
        repo = tmp_path / "candidate"
        repo.mkdir()
        for rel, content in {
            "Dockerfile": b"FROM scratch\nCOPY . /app\n",
            ".dockerignore": b"docs/\n*.pdf\n__pycache__/\n*.py[cod]\n",
            "app.py": b"import worker\nVALUE = 7\n",
            "worker.py": b"VALUE = 10\n",
            "ops/policy/paper.json": b'{"mode":"PAPER","real_orders_sent":0}\n',
            "assets/new.runtime.asset": b"automatic enumeration: unknown suffix\n",
            "scripts/run": b"#!/bin/sh\nexit 0\n",
            "tests/test_fixture.py": b"def test_case(): pass\n",
            ".github/workflows/build.yml": b"name: test\n",
            "docs/audit.md": b"Documentation excluded by versioned Docker policy\n",
            "README.md": b"Source includes documentation bytes\n",
        }.items():
            write(repo, rel, content)
        (repo / "scripts/run").chmod(0o755)
        git(repo, "init", "-q")
        git(repo, "config", "user.email", "fixture@example.invalid")
        git(repo, "config", "user.name", "Offline Provenance Test")
        git(repo, "add", ".")
        git(repo, "commit", "-qm", "offline fixture source")
>       manifest = create_source_manifest(repo)
                   ^^^^^^^^^^^^^^^^^^^^^^^^^^^^

tests/test_issue465_provenance.py:64: 
_ _ _ _ _ _ _ _ _ _ _ _ _ _ _ _ _ _ _ _ _ _ _ _ _ _ _ _ _ _ _ _ _ _ _ _ _ _ _ _ 

repo_root = PosixPath('/workspace/scratch/porota-governed311-9a9b/pytest-private/test_generated_bundle_metadata0/candidate')
candidate_sha = None, candidate_tree_sha = None

    def create_source_manifest(
        repo_root: Path,
        candidate_sha: str | None = None,
        candidate_tree_sha: str | None = None,
    ) -> dict:
        repo_root = repo_root.resolve()
        head = _git(repo_root, "rev-parse", "HEAD").decode().strip()
        tree = _git(repo_root, "rev-parse", "HEAD^{tree}").decode().strip()
        if candidate_sha is not None and candidate_sha != head:
            raise ProvenanceError("CANDIDATE_SHA_MISMATCH")
        if candidate_tree_sha is not None and candidate_tree_sha != tree:
            raise ProvenanceError("CANDIDATE_TREE_MISMATCH")
        entries = _git(repo_root, "ls-tree", "-rz", "--full-tree", head).split(b"\0")
        source: list[tuple[str, str, str]] = []
        for entry in entries:
            if not entry:
                continue
            meta, name = entry.split(b"\t", 1)
            mode, kind, oid = meta.decode().split()
            path = safe_path(name.decode("utf-8"))
            if path in {SOURCE_MANIFEST_NAME, BUNDLE_MANIFEST_NAME}:
                raise ProvenanceError("RESERVED_GENERATED_METADATA_TRACKED:" + path)
            if kind != "blob" or mode not in {"100644", "100755"}:
                raise ProvenanceError("NON_REGULAR_GIT_SOURCE:" + path)
            source.append((path, mode, oid))
        source.sort()
        if not source or len(source) > MAX_SOURCE_FILES:
            raise ProvenanceError("SOURCE_FILE_COUNT_LIMIT")
    
        object_format = _git(repo_root, "rev-parse", "--show-object-format").decode().strip()
        if object_format not in {"sha1", "sha256"}:
            raise ProvenanceError("UNSUPPORTED_GIT_OBJECT_FORMAT")
        dockerignore_oid = next((oid for path, _, oid in source if path == ".dockerignore"), None)
        dockerignore = _git(repo_root, "cat-file", "blob", dockerignore_oid).decode() if dockerignore_oid else ""
        try:
            from scripts.porota_validate_deploy_artifact import is_runtime_relevant
        except ModuleNotFoundError:
            from porota_validate_deploy_artifact import is_runtime_relevant
        rows = []
        for path, mode, oid in source:
            src = repo_root / path
            for parent in src.parents:
                if parent == repo_root:
                    break
                if parent.is_symlink():
                    raise ProvenanceError("CHECKOUT_SOURCE_PARENT_SYMLINK:" + path)
            try:
                info = src.lstat()
            except OSError as exc:
                raise ProvenanceError("CHECKOUT_SOURCE_UNREADABLE:" + path) from exc
            if not stat.S_ISREG(info.st_mode) or info.st_nlink != 1:
                raise ProvenanceError("NON_REGULAR_CHECKOUT_SOURCE:" + path)
            # Hash the SHA256 and Git blob identity from the same opened bytes.
            # No filters, symlink reads or hash/read TOCTOU gap can authorize bytes.
            raw_sha256 = hashlib.sha256()
            blob_digest = hashlib.new(object_format)
            blob_digest.update(b"blob " + str(info.st_size).encode() + b"\0")
            count = 0
            descriptor = os.open(src, os.O_RDONLY | getattr(os, "O_NOFOLLOW", 0))
            with os.fdopen(descriptor, "rb") as handle:
                opened = os.fstat(handle.fileno())
                if (opened.st_dev, opened.st_ino) != (info.st_dev, info.st_ino):
                    raise ProvenanceError("CHECKOUT_SOURCE_REPLACED:" + path)
                for block in iter(lambda: handle.read(1024 * 1024), b""):
                    raw_sha256.update(block)
                    blob_digest.update(block)
                    count += len(block)
            if count != info.st_size or blob_digest.hexdigest() != oid:
                raise ProvenanceError("CHECKOUT_BYTE_MISMATCH:" + path)
            if stat.S_IMODE(info.st_mode) != canonical_file_mode(mode):
>               raise ProvenanceError("CHECKOUT_MODE_MISMATCH:" + path)
E               scripts.porota_artifact_provenance.ProvenanceError: CHECKOUT_MODE_MISMATCH:.dockerignore

scripts/porota_artifact_provenance.py:252: ProvenanceError
_ ERROR at setup of test_generated_bundle_metadata_is_exactly_0644[POROTA_DEPLOY_BUNDLE_MANIFEST.json] _

tmp_path = PosixPath('/workspace/scratch/porota-governed311-9a9b/pytest-private/test_generated_bundle_metadata1')

    @pytest.fixture
    def candidate(tmp_path):
        repo = tmp_path / "candidate"
        repo.mkdir()
        for rel, content in {
            "Dockerfile": b"FROM scratch\nCOPY . /app\n",
            ".dockerignore": b"docs/\n*.pdf\n__pycache__/\n*.py[cod]\n",
            "app.py": b"import worker\nVALUE = 7\n",
            "worker.py": b"VALUE = 10\n",
            "ops/policy/paper.json": b'{"mode":"PAPER","real_orders_sent":0}\n',
            "assets/new.runtime.asset": b"automatic enumeration: unknown suffix\n",
            "scripts/run": b"#!/bin/sh\nexit 0\n",
            "tests/test_fixture.py": b"def test_case(): pass\n",
            ".github/workflows/build.yml": b"name: test\n",
            "docs/audit.md": b"Documentation excluded by versioned Docker policy\n",
            "README.md": b"Source includes documentation bytes\n",
        }.items():
            write(repo, rel, content)
        (repo / "scripts/run").chmod(0o755)
        git(repo, "init", "-q")
        git(repo, "config", "user.email", "fixture@example.invalid")
        git(repo, "config", "user.name", "Offline Provenance Test")
        git(repo, "add", ".")
        git(repo, "commit", "-qm", "offline fixture source")
>       manifest = create_source_manifest(repo)
                   ^^^^^^^^^^^^^^^^^^^^^^^^^^^^

tests/test_issue465_provenance.py:64: 
_ _ _ _ _ _ _ _ _ _ _ _ _ _ _ _ _ _ _ _ _ _ _ _ _ _ _ _ _ _ _ _ _ _ _ _ _ _ _ _ 

repo_root = PosixPath('/workspace/scratch/porota-governed311-9a9b/pytest-private/test_generated_bundle_metadata1/candidate')
candidate_sha = None, candidate_tree_sha = None

    def create_source_manifest(
        repo_root: Path,
        candidate_sha: str | None = None,
        candidate_tree_sha: str | None = None,
    ) -> dict:
        repo_root = repo_root.resolve()
        head = _git(repo_root, "rev-parse", "HEAD").decode().strip()
        tree = _git(repo_root, "rev-parse", "HEAD^{tree}").decode().strip()
        if candidate_sha is not None and candidate_sha != head:
            raise ProvenanceError("CANDIDATE_SHA_MISMATCH")
        if candidate_tree_sha is not None and candidate_tree_sha != tree:
            raise ProvenanceError("CANDIDATE_TREE_MISMATCH")
        entries = _git(repo_root, "ls-tree", "-rz", "--full-tree", head).split(b"\0")
        source: list[tuple[str, str, str]] = []
        for entry in entries:
            if not entry:
                continue
            meta, name = entry.split(b"\t", 1)
            mode, kind, oid = meta.decode().split()
            path = safe_path(name.decode("utf-8"))
            if path in {SOURCE_MANIFEST_NAME, BUNDLE_MANIFEST_NAME}:
                raise ProvenanceError("RESERVED_GENERATED_METADATA_TRACKED:" + path)
            if kind != "blob" or mode not in {"100644", "100755"}:
                raise ProvenanceError("NON_REGULAR_GIT_SOURCE:" + path)
            source.append((path, mode, oid))
        source.sort()
        if not source or len(source) > MAX_SOURCE_FILES:
            raise ProvenanceError("SOURCE_FILE_COUNT_LIMIT")
    
        object_format = _git(repo_root, "rev-parse", "--show-object-format").decode().strip()
        if object_format not in {"sha1", "sha256"}:
            raise ProvenanceError("UNSUPPORTED_GIT_OBJECT_FORMAT")
        dockerignore_oid = next((oid for path, _, oid in source if path == ".dockerignore"), None)
        dockerignore = _git(repo_root, "cat-file", "blob", dockerignore_oid).decode() if dockerignore_oid else ""
        try:
            from scripts.porota_validate_deploy_artifact import is_runtime_relevant
        except ModuleNotFoundError:
            from porota_validate_deploy_artifact import is_runtime_relevant
        rows = []
        for path, mode, oid in source:
            src = repo_root / path
            for parent in src.parents:
                if parent == repo_root:
                    break
                if parent.is_symlink():
                    raise ProvenanceError("CHECKOUT_SOURCE_PARENT_SYMLINK:" + path)
            try:
                info = src.lstat()
            except OSError as exc:
                raise ProvenanceError("CHECKOUT_SOURCE_UNREADABLE:" + path) from exc
            if not stat.S_ISREG(info.st_mode) or info.st_nlink != 1:
                raise ProvenanceError("NON_REGULAR_CHECKOUT_SOURCE:" + path)
            # Hash the SHA256 and Git blob identity from the same opened bytes.
            # No filters, symlink reads or hash/read TOCTOU gap can authorize bytes.
            raw_sha256 = hashlib.sha256()
            blob_digest = hashlib.new(object_format)
            blob_digest.update(b"blob " + str(info.st_size).encode() + b"\0")
            count = 0
            descriptor = os.open(src, os.O_RDONLY | getattr(os, "O_NOFOLLOW", 0))
            with os.fdopen(descriptor, "rb") as handle:
                opened = os.fstat(handle.fileno())
                if (opened.st_dev, opened.st_ino) != (info.st_dev, info.st_ino):
                    raise ProvenanceError("CHECKOUT_SOURCE_REPLACED:" + path)
                for block in iter(lambda: handle.read(1024 * 1024), b""):
                    raw_sha256.update(block)
                    blob_digest.update(block)
                    count += len(block)
            if count != info.st_size or blob_digest.hexdigest() != oid:
                raise ProvenanceError("CHECKOUT_BYTE_MISMATCH:" + path)
            if stat.S_IMODE(info.st_mode) != canonical_file_mode(mode):
>               raise ProvenanceError("CHECKOUT_MODE_MISMATCH:" + path)
E               scripts.porota_artifact_provenance.ProvenanceError: CHECKOUT_MODE_MISMATCH:.dockerignore

scripts/porota_artifact_provenance.py:252: ProvenanceError
________ ERROR at setup of test_positive_git_modes_remain_0644_and_0755 ________

tmp_path = PosixPath('/workspace/scratch/porota-governed311-9a9b/pytest-private/test_positive_git_modes_remain0')

    @pytest.fixture
    def candidate(tmp_path):
        repo = tmp_path / "candidate"
        repo.mkdir()
        for rel, content in {
            "Dockerfile": b"FROM scratch\nCOPY . /app\n",
            ".dockerignore": b"docs/\n*.pdf\n__pycache__/\n*.py[cod]\n",
            "app.py": b"import worker\nVALUE = 7\n",
            "worker.py": b"VALUE = 10\n",
            "ops/policy/paper.json": b'{"mode":"PAPER","real_orders_sent":0}\n',
            "assets/new.runtime.asset": b"automatic enumeration: unknown suffix\n",
            "scripts/run": b"#!/bin/sh\nexit 0\n",
            "tests/test_fixture.py": b"def test_case(): pass\n",
            ".github/workflows/build.yml": b"name: test\n",
            "docs/audit.md": b"Documentation excluded by versioned Docker policy\n",
            "README.md": b"Source includes documentation bytes\n",
        }.items():
            write(repo, rel, content)
        (repo / "scripts/run").chmod(0o755)
        git(repo, "init", "-q")
        git(repo, "config", "user.email", "fixture@example.invalid")
        git(repo, "config", "user.name", "Offline Provenance Test")
        git(repo, "add", ".")
        git(repo, "commit", "-qm", "offline fixture source")
>       manifest = create_source_manifest(repo)
                   ^^^^^^^^^^^^^^^^^^^^^^^^^^^^

tests/test_issue465_provenance.py:64: 
_ _ _ _ _ _ _ _ _ _ _ _ _ _ _ _ _ _ _ _ _ _ _ _ _ _ _ _ _ _ _ _ _ _ _ _ _ _ _ _ 

repo_root = PosixPath('/workspace/scratch/porota-governed311-9a9b/pytest-private/test_positive_git_modes_remain0/candidate')
candidate_sha = None, candidate_tree_sha = None

    def create_source_manifest(
        repo_root: Path,
        candidate_sha: str | None = None,
        candidate_tree_sha: str | None = None,
    ) -> dict:
        repo_root = repo_root.resolve()
        head = _git(repo_root, "rev-parse", "HEAD").decode().strip()
        tree = _git(repo_root, "rev-parse", "HEAD^{tree}").decode().strip()
        if candidate_sha is not None and candidate_sha != head:
            raise ProvenanceError("CANDIDATE_SHA_MISMATCH")
        if candidate_tree_sha is not None and candidate_tree_sha != tree:
            raise ProvenanceError("CANDIDATE_TREE_MISMATCH")
        entries = _git(repo_root, "ls-tree", "-rz", "--full-tree", head).split(b"\0")
        source: list[tuple[str, str, str]] = []
        for entry in entries:
            if not entry:
                continue
            meta, name = entry.split(b"\t", 1)
            mode, kind, oid = meta.decode().split()
            path = safe_path(name.decode("utf-8"))
            if path in {SOURCE_MANIFEST_NAME, BUNDLE_MANIFEST_NAME}:
                raise ProvenanceError("RESERVED_GENERATED_METADATA_TRACKED:" + path)
            if kind != "blob" or mode not in {"100644", "100755"}:
                raise ProvenanceError("NON_REGULAR_GIT_SOURCE:" + path)
            source.append((path, mode, oid))
        source.sort()
        if not source or len(source) > MAX_SOURCE_FILES:
            raise ProvenanceError("SOURCE_FILE_COUNT_LIMIT")
    
        object_format = _git(repo_root, "rev-parse", "--show-object-format").decode().strip()
        if object_format not in {"sha1", "sha256"}:
            raise ProvenanceError("UNSUPPORTED_GIT_OBJECT_FORMAT")
        dockerignore_oid = next((oid for path, _, oid in source if path == ".dockerignore"), None)
        dockerignore = _git(repo_root, "cat-file", "blob", dockerignore_oid).decode() if dockerignore_oid else ""
        try:
            from scripts.porota_validate_deploy_artifact import is_runtime_relevant
        except ModuleNotFoundError:
            from porota_validate_deploy_artifact import is_runtime_relevant
        rows = []
        for path, mode, oid in source:
            src = repo_root / path
            for parent in src.parents:
                if parent == repo_root:
                    break
                if parent.is_symlink():
                    raise ProvenanceError("CHECKOUT_SOURCE_PARENT_SYMLINK:" + path)
            try:
                info = src.lstat()
            except OSError as exc:
                raise ProvenanceError("CHECKOUT_SOURCE_UNREADABLE:" + path) from exc
            if not stat.S_ISREG(info.st_mode) or info.st_nlink != 1:
                raise ProvenanceError("NON_REGULAR_CHECKOUT_SOURCE:" + path)
            # Hash the SHA256 and Git blob identity from the same opened bytes.
            # No filters, symlink reads or hash/read TOCTOU gap can authorize bytes.
            raw_sha256 = hashlib.sha256()
            blob_digest = hashlib.new(object_format)
            blob_digest.update(b"blob " + str(info.st_size).encode() + b"\0")
            count = 0
            descriptor = os.open(src, os.O_RDONLY | getattr(os, "O_NOFOLLOW", 0))
            with os.fdopen(descriptor, "rb") as handle:
                opened = os.fstat(handle.fileno())
                if (opened.st_dev, opened.st_ino) != (info.st_dev, info.st_ino):
                    raise ProvenanceError("CHECKOUT_SOURCE_REPLACED:" + path)
                for block in iter(lambda: handle.read(1024 * 1024), b""):
                    raw_sha256.update(block)
                    blob_digest.update(block)
                    count += len(block)
            if count != info.st_size or blob_digest.hexdigest() != oid:
                raise ProvenanceError("CHECKOUT_BYTE_MISMATCH:" + path)
            if stat.S_IMODE(info.st_mode) != canonical_file_mode(mode):
>               raise ProvenanceError("CHECKOUT_MODE_MISMATCH:" + path)
E               scripts.porota_artifact_provenance.ProvenanceError: CHECKOUT_MODE_MISMATCH:.dockerignore

scripts/porota_artifact_provenance.py:252: ProvenanceError
_ ERROR at setup of test_real_saved_layer_replay_matches_git_bytes_and_all_modes _

tmp_path = PosixPath('/workspace/scratch/porota-governed311-9a9b/pytest-private/test_real_saved_layer_replay_m0')

    @pytest.fixture
    def candidate(tmp_path):
        repo = tmp_path / "candidate"
        repo.mkdir()
        for rel, content in {
            "Dockerfile": b"FROM scratch\nCOPY . /app\n",
            ".dockerignore": b"docs/\n*.pdf\n__pycache__/\n*.py[cod]\n",
            "app.py": b"import worker\nVALUE = 7\n",
            "worker.py": b"VALUE = 10\n",
            "ops/policy/paper.json": b'{"mode":"PAPER","real_orders_sent":0}\n',
            "assets/new.runtime.asset": b"automatic enumeration: unknown suffix\n",
            "scripts/run": b"#!/bin/sh\nexit 0\n",
            "tests/test_fixture.py": b"def test_case(): pass\n",
            ".github/workflows/build.yml": b"name: test\n",
            "docs/audit.md": b"Documentation excluded by versioned Docker policy\n",
            "README.md": b"Source includes documentation bytes\n",
        }.items():
            write(repo, rel, content)
        (repo / "scripts/run").chmod(0o755)
        git(repo, "init", "-q")
        git(repo, "config", "user.email", "fixture@example.invalid")
        git(repo, "config", "user.name", "Offline Provenance Test")
        git(repo, "add", ".")
        git(repo, "commit", "-qm", "offline fixture source")
>       manifest = create_source_manifest(repo)
                   ^^^^^^^^^^^^^^^^^^^^^^^^^^^^

tests/test_issue465_provenance.py:64: 
_ _ _ _ _ _ _ _ _ _ _ _ _ _ _ _ _ _ _ _ _ _ _ _ _ _ _ _ _ _ _ _ _ _ _ _ _ _ _ _ 

repo_root = PosixPath('/workspace/scratch/porota-governed311-9a9b/pytest-private/test_real_saved_layer_replay_m0/candidate')
candidate_sha = None, candidate_tree_sha = None

    def create_source_manifest(
        repo_root: Path,
        candidate_sha: str | None = None,
        candidate_tree_sha: str | None = None,
    ) -> dict:
        repo_root = repo_root.resolve()
        head = _git(repo_root, "rev-parse", "HEAD").decode().strip()
        tree = _git(repo_root, "rev-parse", "HEAD^{tree}").decode().strip()
        if candidate_sha is not None and candidate_sha != head:
            raise ProvenanceError("CANDIDATE_SHA_MISMATCH")
        if candidate_tree_sha is not None and candidate_tree_sha != tree:
            raise ProvenanceError("CANDIDATE_TREE_MISMATCH")
        entries = _git(repo_root, "ls-tree", "-rz", "--full-tree", head).split(b"\0")
        source: list[tuple[str, str, str]] = []
        for entry in entries:
            if not entry:
                continue
            meta, name = entry.split(b"\t", 1)
            mode, kind, oid = meta.decode().split()
            path = safe_path(name.decode("utf-8"))
            if path in {SOURCE_MANIFEST_NAME, BUNDLE_MANIFEST_NAME}:
                raise ProvenanceError("RESERVED_GENERATED_METADATA_TRACKED:" + path)
            if kind != "blob" or mode not in {"100644", "100755"}:
                raise ProvenanceError("NON_REGULAR_GIT_SOURCE:" + path)
            source.append((path, mode, oid))
        source.sort()
        if not source or len(source) > MAX_SOURCE_FILES:
            raise ProvenanceError("SOURCE_FILE_COUNT_LIMIT")
    
        object_format = _git(repo_root, "rev-parse", "--show-object-format").decode().strip()
        if object_format not in {"sha1", "sha256"}:
            raise ProvenanceError("UNSUPPORTED_GIT_OBJECT_FORMAT")
        dockerignore_oid = next((oid for path, _, oid in source if path == ".dockerignore"), None)
        dockerignore = _git(repo_root, "cat-file", "blob", dockerignore_oid).decode() if dockerignore_oid else ""
        try:
            from scripts.porota_validate_deploy_artifact import is_runtime_relevant
        except ModuleNotFoundError:
            from porota_validate_deploy_artifact import is_runtime_relevant
        rows = []
        for path, mode, oid in source:
            src = repo_root / path
            for parent in src.parents:
                if parent == repo_root:
                    break
                if parent.is_symlink():
                    raise ProvenanceError("CHECKOUT_SOURCE_PARENT_SYMLINK:" + path)
            try:
                info = src.lstat()
            except OSError as exc:
                raise ProvenanceError("CHECKOUT_SOURCE_UNREADABLE:" + path) from exc
            if not stat.S_ISREG(info.st_mode) or info.st_nlink != 1:
                raise ProvenanceError("NON_REGULAR_CHECKOUT_SOURCE:" + path)
            # Hash the SHA256 and Git blob identity from the same opened bytes.
            # No filters, symlink reads or hash/read TOCTOU gap can authorize bytes.
            raw_sha256 = hashlib.sha256()
            blob_digest = hashlib.new(object_format)
            blob_digest.update(b"blob " + str(info.st_size).encode() + b"\0")
            count = 0
            descriptor = os.open(src, os.O_RDONLY | getattr(os, "O_NOFOLLOW", 0))
            with os.fdopen(descriptor, "rb") as handle:
                opened = os.fstat(handle.fileno())
                if (opened.st_dev, opened.st_ino) != (info.st_dev, info.st_ino):
                    raise ProvenanceError("CHECKOUT_SOURCE_REPLACED:" + path)
                for block in iter(lambda: handle.read(1024 * 1024), b""):
                    raw_sha256.update(block)
                    blob_digest.update(block)
                    count += len(block)
            if count != info.st_size or blob_digest.hexdigest() != oid:
                raise ProvenanceError("CHECKOUT_BYTE_MISMATCH:" + path)
            if stat.S_IMODE(info.st_mode) != canonical_file_mode(mode):
>               raise ProvenanceError("CHECKOUT_MODE_MISMATCH:" + path)
E               scripts.porota_artifact_provenance.ProvenanceError: CHECKOUT_MODE_MISMATCH:.dockerignore

scripts/porota_artifact_provenance.py:252: ProvenanceError
_ ERROR at setup of test_fully_rehashed_saved_image_rootfs_drift_rejects[same_bytes_writable] _

tmp_path = PosixPath('/workspace/scratch/porota-governed311-9a9b/pytest-private/test_fully_rehashed_saved_imag0')

    @pytest.fixture
    def candidate(tmp_path):
        repo = tmp_path / "candidate"
        repo.mkdir()
        for rel, content in {
            "Dockerfile": b"FROM scratch\nCOPY . /app\n",
            ".dockerignore": b"docs/\n*.pdf\n__pycache__/\n*.py[cod]\n",
            "app.py": b"import worker\nVALUE = 7\n",
            "worker.py": b"VALUE = 10\n",
            "ops/policy/paper.json": b'{"mode":"PAPER","real_orders_sent":0}\n',
            "assets/new.runtime.asset": b"automatic enumeration: unknown suffix\n",
            "scripts/run": b"#!/bin/sh\nexit 0\n",
            "tests/test_fixture.py": b"def test_case(): pass\n",
            ".github/workflows/build.yml": b"name: test\n",
            "docs/audit.md": b"Documentation excluded by versioned Docker policy\n",
            "README.md": b"Source includes documentation bytes\n",
        }.items():
            write(repo, rel, content)
        (repo / "scripts/run").chmod(0o755)
        git(repo, "init", "-q")
        git(repo, "config", "user.email", "fixture@example.invalid")
        git(repo, "config", "user.name", "Offline Provenance Test")
        git(repo, "add", ".")
        git(repo, "commit", "-qm", "offline fixture source")
>       manifest = create_source_manifest(repo)
                   ^^^^^^^^^^^^^^^^^^^^^^^^^^^^

tests/test_issue465_provenance.py:64: 
_ _ _ _ _ _ _ _ _ _ _ _ _ _ _ _ _ _ _ _ _ _ _ _ _ _ _ _ _ _ _ _ _ _ _ _ _ _ _ _ 

repo_root = PosixPath('/workspace/scratch/porota-governed311-9a9b/pytest-private/test_fully_rehashed_saved_imag0/candidate')
candidate_sha = None, candidate_tree_sha = None

    def create_source_manifest(
        repo_root: Path,
        candidate_sha: str | None = None,
        candidate_tree_sha: str | None = None,
    ) -> dict:
        repo_root = repo_root.resolve()
        head = _git(repo_root, "rev-parse", "HEAD").decode().strip()
        tree = _git(repo_root, "rev-parse", "HEAD^{tree}").decode().strip()
        if candidate_sha is not None and candidate_sha != head:
            raise ProvenanceError("CANDIDATE_SHA_MISMATCH")
        if candidate_tree_sha is not None and candidate_tree_sha != tree:
            raise ProvenanceError("CANDIDATE_TREE_MISMATCH")
        entries = _git(repo_root, "ls-tree", "-rz", "--full-tree", head).split(b"\0")
        source: list[tuple[str, str, str]] = []
        for entry in entries:
            if not entry:
                continue
            meta, name = entry.split(b"\t", 1)
            mode, kind, oid = meta.decode().split()
            path = safe_path(name.decode("utf-8"))
            if path in {SOURCE_MANIFEST_NAME, BUNDLE_MANIFEST_NAME}:
                raise ProvenanceError("RESERVED_GENERATED_METADATA_TRACKED:" + path)
            if kind != "blob" or mode not in {"100644", "100755"}:
                raise ProvenanceError("NON_REGULAR_GIT_SOURCE:" + path)
            source.append((path, mode, oid))
        source.sort()
        if not source or len(source) > MAX_SOURCE_FILES:
            raise ProvenanceError("SOURCE_FILE_COUNT_LIMIT")
    
        object_format = _git(repo_root, "rev-parse", "--show-object-format").decode().strip()
        if object_format not in {"sha1", "sha256"}:
            raise ProvenanceError("UNSUPPORTED_GIT_OBJECT_FORMAT")
        dockerignore_oid = next((oid for path, _, oid in source if path == ".dockerignore"), None)
        dockerignore = _git(repo_root, "cat-file", "blob", dockerignore_oid).decode() if dockerignore_oid else ""
        try:
            from scripts.porota_validate_deploy_artifact import is_runtime_relevant
        except ModuleNotFoundError:
            from porota_validate_deploy_artifact import is_runtime_relevant
        rows = []
        for path, mode, oid in source:
            src = repo_root / path
            for parent in src.parents:
                if parent == repo_root:
                    break
                if parent.is_symlink():
                    raise ProvenanceError("CHECKOUT_SOURCE_PARENT_SYMLINK:" + path)
            try:
                info = src.lstat()
            except OSError as exc:
                raise ProvenanceError("CHECKOUT_SOURCE_UNREADABLE:" + path) from exc
            if not stat.S_ISREG(info.st_mode) or info.st_nlink != 1:
                raise ProvenanceError("NON_REGULAR_CHECKOUT_SOURCE:" + path)
            # Hash the SHA256 and Git blob identity from the same opened bytes.
            # No filters, symlink reads or hash/read TOCTOU gap can authorize bytes.
            raw_sha256 = hashlib.sha256()
            blob_digest = hashlib.new(object_format)
            blob_digest.update(b"blob " + str(info.st_size).encode() + b"\0")
            count = 0
            descriptor = os.open(src, os.O_RDONLY | getattr(os, "O_NOFOLLOW", 0))
            with os.fdopen(descriptor, "rb") as handle:
                opened = os.fstat(handle.fileno())
                if (opened.st_dev, opened.st_ino) != (info.st_dev, info.st_ino):
                    raise ProvenanceError("CHECKOUT_SOURCE_REPLACED:" + path)
                for block in iter(lambda: handle.read(1024 * 1024), b""):
                    raw_sha256.update(block)
                    blob_digest.update(block)
                    count += len(block)
            if count != info.st_size or blob_digest.hexdigest() != oid:
                raise ProvenanceError("CHECKOUT_BYTE_MISMATCH:" + path)
            if stat.S_IMODE(info.st_mode) != canonical_file_mode(mode):
>               raise ProvenanceError("CHECKOUT_MODE_MISMATCH:" + path)
E               scripts.porota_artifact_provenance.ProvenanceError: CHECKOUT_MODE_MISMATCH:.dockerignore

scripts/porota_artifact_provenance.py:252: ProvenanceError
_ ERROR at setup of test_fully_rehashed_saved_image_rootfs_drift_rejects[changed_bytes] _

tmp_path = PosixPath('/workspace/scratch/porota-governed311-9a9b/pytest-private/test_fully_rehashed_saved_imag1')

    @pytest.fixture
    def candidate(tmp_path):
        repo = tmp_path / "candidate"
        repo.mkdir()
        for rel, content in {
            "Dockerfile": b"FROM scratch\nCOPY . /app\n",
            ".dockerignore": b"docs/\n*.pdf\n__pycache__/\n*.py[cod]\n",
            "app.py": b"import worker\nVALUE = 7\n",
            "worker.py": b"VALUE = 10\n",
            "ops/policy/paper.json": b'{"mode":"PAPER","real_orders_sent":0}\n',
            "assets/new.runtime.asset": b"automatic enumeration: unknown suffix\n",
            "scripts/run": b"#!/bin/sh\nexit 0\n",
            "tests/test_fixture.py": b"def test_case(): pass\n",
            ".github/workflows/build.yml": b"name: test\n",
            "docs/audit.md": b"Documentation excluded by versioned Docker policy\n",
            "README.md": b"Source includes documentation bytes\n",
        }.items():
            write(repo, rel, content)
        (repo / "scripts/run").chmod(0o755)
        git(repo, "init", "-q")
        git(repo, "config", "user.email", "fixture@example.invalid")
        git(repo, "config", "user.name", "Offline Provenance Test")
        git(repo, "add", ".")
        git(repo, "commit", "-qm", "offline fixture source")
>       manifest = create_source_manifest(repo)
                   ^^^^^^^^^^^^^^^^^^^^^^^^^^^^

tests/test_issue465_provenance.py:64: 
_ _ _ _ _ _ _ _ _ _ _ _ _ _ _ _ _ _ _ _ _ _ _ _ _ _ _ _ _ _ _ _ _ _ _ _ _ _ _ _ 

repo_root = PosixPath('/workspace/scratch/porota-governed311-9a9b/pytest-private/test_fully_rehashed_saved_imag1/candidate')
candidate_sha = None, candidate_tree_sha = None

    def create_source_manifest(
        repo_root: Path,
        candidate_sha: str | None = None,
        candidate_tree_sha: str | None = None,
    ) -> dict:
        repo_root = repo_root.resolve()
        head = _git(repo_root, "rev-parse", "HEAD").decode().strip()
        tree = _git(repo_root, "rev-parse", "HEAD^{tree}").decode().strip()
        if candidate_sha is not None and candidate_sha != head:
            raise ProvenanceError("CANDIDATE_SHA_MISMATCH")
        if candidate_tree_sha is not None and candidate_tree_sha != tree:
            raise ProvenanceError("CANDIDATE_TREE_MISMATCH")
        entries = _git(repo_root, "ls-tree", "-rz", "--full-tree", head).split(b"\0")
        source: list[tuple[str, str, str]] = []
        for entry in entries:
            if not entry:
                continue
            meta, name = entry.split(b"\t", 1)
            mode, kind, oid = meta.decode().split()
            path = safe_path(name.decode("utf-8"))
            if path in {SOURCE_MANIFEST_NAME, BUNDLE_MANIFEST_NAME}:
                raise ProvenanceError("RESERVED_GENERATED_METADATA_TRACKED:" + path)
            if kind != "blob" or mode not in {"100644", "100755"}:
                raise ProvenanceError("NON_REGULAR_GIT_SOURCE:" + path)
            source.append((path, mode, oid))
        source.sort()
        if not source or len(source) > MAX_SOURCE_FILES:
            raise ProvenanceError("SOURCE_FILE_COUNT_LIMIT")
    
        object_format = _git(repo_root, "rev-parse", "--show-object-format").decode().strip()
        if object_format not in {"sha1", "sha256"}:
            raise ProvenanceError("UNSUPPORTED_GIT_OBJECT_FORMAT")
        dockerignore_oid = next((oid for path, _, oid in source if path == ".dockerignore"), None)
        dockerignore = _git(repo_root, "cat-file", "blob", dockerignore_oid).decode() if dockerignore_oid else ""
        try:
            from scripts.porota_validate_deploy_artifact import is_runtime_relevant
        except ModuleNotFoundError:
            from porota_validate_deploy_artifact import is_runtime_relevant
        rows = []
        for path, mode, oid in source:
            src = repo_root / path
            for parent in src.parents:
                if parent == repo_root:
                    break
                if parent.is_symlink():
                    raise ProvenanceError("CHECKOUT_SOURCE_PARENT_SYMLINK:" + path)
            try:
                info = src.lstat()
            except OSError as exc:
                raise ProvenanceError("CHECKOUT_SOURCE_UNREADABLE:" + path) from exc
            if not stat.S_ISREG(info.st_mode) or info.st_nlink != 1:
                raise ProvenanceError("NON_REGULAR_CHECKOUT_SOURCE:" + path)
            # Hash the SHA256 and Git blob identity from the same opened bytes.
            # No filters, symlink reads or hash/read TOCTOU gap can authorize bytes.
            raw_sha256 = hashlib.sha256()
            blob_digest = hashlib.new(object_format)
            blob_digest.update(b"blob " + str(info.st_size).encode() + b"\0")
            count = 0
            descriptor = os.open(src, os.O_RDONLY | getattr(os, "O_NOFOLLOW", 0))
            with os.fdopen(descriptor, "rb") as handle:
                opened = os.fstat(handle.fileno())
                if (opened.st_dev, opened.st_ino) != (info.st_dev, info.st_ino):
                    raise ProvenanceError("CHECKOUT_SOURCE_REPLACED:" + path)
                for block in iter(lambda: handle.read(1024 * 1024), b""):
                    raw_sha256.update(block)
                    blob_digest.update(block)
                    count += len(block)
            if count != info.st_size or blob_digest.hexdigest() != oid:
                raise ProvenanceError("CHECKOUT_BYTE_MISMATCH:" + path)
            if stat.S_IMODE(info.st_mode) != canonical_file_mode(mode):
>               raise ProvenanceError("CHECKOUT_MODE_MISMATCH:" + path)
E               scripts.porota_artifact_provenance.ProvenanceError: CHECKOUT_MODE_MISMATCH:.dockerignore

scripts/porota_artifact_provenance.py:252: ProvenanceError
_ ERROR at setup of test_fully_rehashed_saved_image_rootfs_drift_rejects[deleted_file] _

tmp_path = PosixPath('/workspace/scratch/porota-governed311-9a9b/pytest-private/test_fully_rehashed_saved_imag2')

    @pytest.fixture
    def candidate(tmp_path):
        repo = tmp_path / "candidate"
        repo.mkdir()
        for rel, content in {
            "Dockerfile": b"FROM scratch\nCOPY . /app\n",
            ".dockerignore": b"docs/\n*.pdf\n__pycache__/\n*.py[cod]\n",
            "app.py": b"import worker\nVALUE = 7\n",
            "worker.py": b"VALUE = 10\n",
            "ops/policy/paper.json": b'{"mode":"PAPER","real_orders_sent":0}\n',
            "assets/new.runtime.asset": b"automatic enumeration: unknown suffix\n",
            "scripts/run": b"#!/bin/sh\nexit 0\n",
            "tests/test_fixture.py": b"def test_case(): pass\n",
            ".github/workflows/build.yml": b"name: test\n",
            "docs/audit.md": b"Documentation excluded by versioned Docker policy\n",
            "README.md": b"Source includes documentation bytes\n",
        }.items():
            write(repo, rel, content)
        (repo / "scripts/run").chmod(0o755)
        git(repo, "init", "-q")
        git(repo, "config", "user.email", "fixture@example.invalid")
        git(repo, "config", "user.name", "Offline Provenance Test")
        git(repo, "add", ".")
        git(repo, "commit", "-qm", "offline fixture source")
>       manifest = create_source_manifest(repo)
                   ^^^^^^^^^^^^^^^^^^^^^^^^^^^^

tests/test_issue465_provenance.py:64: 
_ _ _ _ _ _ _ _ _ _ _ _ _ _ _ _ _ _ _ _ _ _ _ _ _ _ _ _ _ _ _ _ _ _ _ _ _ _ _ _ 

repo_root = PosixPath('/workspace/scratch/porota-governed311-9a9b/pytest-private/test_fully_rehashed_saved_imag2/candidate')
candidate_sha = None, candidate_tree_sha = None

    def create_source_manifest(
        repo_root: Path,
        candidate_sha: str | None = None,
        candidate_tree_sha: str | None = None,
    ) -> dict:
        repo_root = repo_root.resolve()
        head = _git(repo_root, "rev-parse", "HEAD").decode().strip()
        tree = _git(repo_root, "rev-parse", "HEAD^{tree}").decode().strip()
        if candidate_sha is not None and candidate_sha != head:
            raise ProvenanceError("CANDIDATE_SHA_MISMATCH")
        if candidate_tree_sha is not None and candidate_tree_sha != tree:
            raise ProvenanceError("CANDIDATE_TREE_MISMATCH")
        entries = _git(repo_root, "ls-tree", "-rz", "--full-tree", head).split(b"\0")
        source: list[tuple[str, str, str]] = []
        for entry in entries:
            if not entry:
                continue
            meta, name = entry.split(b"\t", 1)
            mode, kind, oid = meta.decode().split()
            path = safe_path(name.decode("utf-8"))
            if path in {SOURCE_MANIFEST_NAME, BUNDLE_MANIFEST_NAME}:
                raise ProvenanceError("RESERVED_GENERATED_METADATA_TRACKED:" + path)
            if kind != "blob" or mode not in {"100644", "100755"}:
                raise ProvenanceError("NON_REGULAR_GIT_SOURCE:" + path)
            source.append((path, mode, oid))
        source.sort()
        if not source or len(source) > MAX_SOURCE_FILES:
            raise ProvenanceError("SOURCE_FILE_COUNT_LIMIT")
    
        object_format = _git(repo_root, "rev-parse", "--show-object-format").decode().strip()
        if object_format not in {"sha1", "sha256"}:
            raise ProvenanceError("UNSUPPORTED_GIT_OBJECT_FORMAT")
        dockerignore_oid = next((oid for path, _, oid in source if path == ".dockerignore"), None)
        dockerignore = _git(repo_root, "cat-file", "blob", dockerignore_oid).decode() if dockerignore_oid else ""
        try:
            from scripts.porota_validate_deploy_artifact import is_runtime_relevant
        except ModuleNotFoundError:
            from porota_validate_deploy_artifact import is_runtime_relevant
        rows = []
        for path, mode, oid in source:
            src = repo_root / path
            for parent in src.parents:
                if parent == repo_root:
                    break
                if parent.is_symlink():
                    raise ProvenanceError("CHECKOUT_SOURCE_PARENT_SYMLINK:" + path)
            try:
                info = src.lstat()
            except OSError as exc:
                raise ProvenanceError("CHECKOUT_SOURCE_UNREADABLE:" + path) from exc
            if not stat.S_ISREG(info.st_mode) or info.st_nlink != 1:
                raise ProvenanceError("NON_REGULAR_CHECKOUT_SOURCE:" + path)
            # Hash the SHA256 and Git blob identity from the same opened bytes.
            # No filters, symlink reads or hash/read TOCTOU gap can authorize bytes.
            raw_sha256 = hashlib.sha256()
            blob_digest = hashlib.new(object_format)
            blob_digest.update(b"blob " + str(info.st_size).encode() + b"\0")
            count = 0
            descriptor = os.open(src, os.O_RDONLY | getattr(os, "O_NOFOLLOW", 0))
            with os.fdopen(descriptor, "rb") as handle:
                opened = os.fstat(handle.fileno())
                if (opened.st_dev, opened.st_ino) != (info.st_dev, info.st_ino):
                    raise ProvenanceError("CHECKOUT_SOURCE_REPLACED:" + path)
                for block in iter(lambda: handle.read(1024 * 1024), b""):
                    raw_sha256.update(block)
                    blob_digest.update(block)
                    count += len(block)
            if count != info.st_size or blob_digest.hexdigest() != oid:
                raise ProvenanceError("CHECKOUT_BYTE_MISMATCH:" + path)
            if stat.S_IMODE(info.st_mode) != canonical_file_mode(mode):
>               raise ProvenanceError("CHECKOUT_MODE_MISMATCH:" + path)
E               scripts.porota_artifact_provenance.ProvenanceError: CHECKOUT_MODE_MISMATCH:.dockerignore

scripts/porota_artifact_provenance.py:252: ProvenanceError
_ ERROR at setup of test_fully_rehashed_saved_image_rootfs_drift_rejects[parent_alias] _

tmp_path = PosixPath('/workspace/scratch/porota-governed311-9a9b/pytest-private/test_fully_rehashed_saved_imag3')

    @pytest.fixture
    def candidate(tmp_path):
        repo = tmp_path / "candidate"
        repo.mkdir()
        for rel, content in {
            "Dockerfile": b"FROM scratch\nCOPY . /app\n",
            ".dockerignore": b"docs/\n*.pdf\n__pycache__/\n*.py[cod]\n",
            "app.py": b"import worker\nVALUE = 7\n",
            "worker.py": b"VALUE = 10\n",
            "ops/policy/paper.json": b'{"mode":"PAPER","real_orders_sent":0}\n',
            "assets/new.runtime.asset": b"automatic enumeration: unknown suffix\n",
            "scripts/run": b"#!/bin/sh\nexit 0\n",
            "tests/test_fixture.py": b"def test_case(): pass\n",
            ".github/workflows/build.yml": b"name: test\n",
            "docs/audit.md": b"Documentation excluded by versioned Docker policy\n",
            "README.md": b"Source includes documentation bytes\n",
        }.items():
            write(repo, rel, content)
        (repo / "scripts/run").chmod(0o755)
        git(repo, "init", "-q")
        git(repo, "config", "user.email", "fixture@example.invalid")
        git(repo, "config", "user.name", "Offline Provenance Test")
        git(repo, "add", ".")
        git(repo, "commit", "-qm", "offline fixture source")
>       manifest = create_source_manifest(repo)
                   ^^^^^^^^^^^^^^^^^^^^^^^^^^^^

tests/test_issue465_provenance.py:64: 
_ _ _ _ _ _ _ _ _ _ _ _ _ _ _ _ _ _ _ _ _ _ _ _ _ _ _ _ _ _ _ _ _ _ _ _ _ _ _ _ 

repo_root = PosixPath('/workspace/scratch/porota-governed311-9a9b/pytest-private/test_fully_rehashed_saved_imag3/candidate')
candidate_sha = None, candidate_tree_sha = None

    def create_source_manifest(
        repo_root: Path,
        candidate_sha: str | None = None,
        candidate_tree_sha: str | None = None,
    ) -> dict:
        repo_root = repo_root.resolve()
        head = _git(repo_root, "rev-parse", "HEAD").decode().strip()
        tree = _git(repo_root, "rev-parse", "HEAD^{tree}").decode().strip()
        if candidate_sha is not None and candidate_sha != head:
            raise ProvenanceError("CANDIDATE_SHA_MISMATCH")
        if candidate_tree_sha is not None and candidate_tree_sha != tree:
            raise ProvenanceError("CANDIDATE_TREE_MISMATCH")
        entries = _git(repo_root, "ls-tree", "-rz", "--full-tree", head).split(b"\0")
        source: list[tuple[str, str, str]] = []
        for entry in entries:
            if not entry:
                continue
            meta, name = entry.split(b"\t", 1)
            mode, kind, oid = meta.decode().split()
            path = safe_path(name.decode("utf-8"))
            if path in {SOURCE_MANIFEST_NAME, BUNDLE_MANIFEST_NAME}:
                raise ProvenanceError("RESERVED_GENERATED_METADATA_TRACKED:" + path)
            if kind != "blob" or mode not in {"100644", "100755"}:
                raise ProvenanceError("NON_REGULAR_GIT_SOURCE:" + path)
            source.append((path, mode, oid))
        source.sort()
        if not source or len(source) > MAX_SOURCE_FILES:
            raise ProvenanceError("SOURCE_FILE_COUNT_LIMIT")
    
        object_format = _git(repo_root, "rev-parse", "--show-object-format").decode().strip()
        if object_format not in {"sha1", "sha256"}:
            raise ProvenanceError("UNSUPPORTED_GIT_OBJECT_FORMAT")
        dockerignore_oid = next((oid for path, _, oid in source if path == ".dockerignore"), None)
        dockerignore = _git(repo_root, "cat-file", "blob", dockerignore_oid).decode() if dockerignore_oid else ""
        try:
            from scripts.porota_validate_deploy_artifact import is_runtime_relevant
        except ModuleNotFoundError:
            from porota_validate_deploy_artifact import is_runtime_relevant
        rows = []
        for path, mode, oid in source:
            src = repo_root / path
            for parent in src.parents:
                if parent == repo_root:
                    break
                if parent.is_symlink():
                    raise ProvenanceError("CHECKOUT_SOURCE_PARENT_SYMLINK:" + path)
            try:
                info = src.lstat()
            except OSError as exc:
                raise ProvenanceError("CHECKOUT_SOURCE_UNREADABLE:" + path) from exc
            if not stat.S_ISREG(info.st_mode) or info.st_nlink != 1:
                raise ProvenanceError("NON_REGULAR_CHECKOUT_SOURCE:" + path)
            # Hash the SHA256 and Git blob identity from the same opened bytes.
            # No filters, symlink reads or hash/read TOCTOU gap can authorize bytes.
            raw_sha256 = hashlib.sha256()
            blob_digest = hashlib.new(object_format)
            blob_digest.update(b"blob " + str(info.st_size).encode() + b"\0")
            count = 0
            descriptor = os.open(src, os.O_RDONLY | getattr(os, "O_NOFOLLOW", 0))
            with os.fdopen(descriptor, "rb") as handle:
                opened = os.fstat(handle.fileno())
                if (opened.st_dev, opened.st_ino) != (info.st_dev, info.st_ino):
                    raise ProvenanceError("CHECKOUT_SOURCE_REPLACED:" + path)
                for block in iter(lambda: handle.read(1024 * 1024), b""):
                    raw_sha256.update(block)
                    blob_digest.update(block)
                    count += len(block)
            if count != info.st_size or blob_digest.hexdigest() != oid:
                raise ProvenanceError("CHECKOUT_BYTE_MISMATCH:" + path)
            if stat.S_IMODE(info.st_mode) != canonical_file_mode(mode):
>               raise ProvenanceError("CHECKOUT_MODE_MISMATCH:" + path)
E               scripts.porota_artifact_provenance.ProvenanceError: CHECKOUT_MODE_MISMATCH:.dockerignore

scripts/porota_artifact_provenance.py:252: ProvenanceError
_ ERROR at setup of test_fully_rehashed_saved_image_rootfs_drift_rejects[extra_source] _

tmp_path = PosixPath('/workspace/scratch/porota-governed311-9a9b/pytest-private/test_fully_rehashed_saved_imag4')

    @pytest.fixture
    def candidate(tmp_path):
        repo = tmp_path / "candidate"
        repo.mkdir()
        for rel, content in {
            "Dockerfile": b"FROM scratch\nCOPY . /app\n",
            ".dockerignore": b"docs/\n*.pdf\n__pycache__/\n*.py[cod]\n",
            "app.py": b"import worker\nVALUE = 7\n",
            "worker.py": b"VALUE = 10\n",
            "ops/policy/paper.json": b'{"mode":"PAPER","real_orders_sent":0}\n',
            "assets/new.runtime.asset": b"automatic enumeration: unknown suffix\n",
            "scripts/run": b"#!/bin/sh\nexit 0\n",
            "tests/test_fixture.py": b"def test_case(): pass\n",
            ".github/workflows/build.yml": b"name: test\n",
            "docs/audit.md": b"Documentation excluded by versioned Docker policy\n",
            "README.md": b"Source includes documentation bytes\n",
        }.items():
            write(repo, rel, content)
        (repo / "scripts/run").chmod(0o755)
        git(repo, "init", "-q")
        git(repo, "config", "user.email", "fixture@example.invalid")
        git(repo, "config", "user.name", "Offline Provenance Test")
        git(repo, "add", ".")
        git(repo, "commit", "-qm", "offline fixture source")
>       manifest = create_source_manifest(repo)
                   ^^^^^^^^^^^^^^^^^^^^^^^^^^^^

tests/test_issue465_provenance.py:64: 
_ _ _ _ _ _ _ _ _ _ _ _ _ _ _ _ _ _ _ _ _ _ _ _ _ _ _ _ _ _ _ _ _ _ _ _ _ _ _ _ 

repo_root = PosixPath('/workspace/scratch/porota-governed311-9a9b/pytest-private/test_fully_rehashed_saved_imag4/candidate')
candidate_sha = None, candidate_tree_sha = None

    def create_source_manifest(
        repo_root: Path,
        candidate_sha: str | None = None,
        candidate_tree_sha: str | None = None,
    ) -> dict:
        repo_root = repo_root.resolve()
        head = _git(repo_root, "rev-parse", "HEAD").decode().strip()
        tree = _git(repo_root, "rev-parse", "HEAD^{tree}").decode().strip()
        if candidate_sha is not None and candidate_sha != head:
            raise ProvenanceError("CANDIDATE_SHA_MISMATCH")
        if candidate_tree_sha is not None and candidate_tree_sha != tree:
            raise ProvenanceError("CANDIDATE_TREE_MISMATCH")
        entries = _git(repo_root, "ls-tree", "-rz", "--full-tree", head).split(b"\0")
        source: list[tuple[str, str, str]] = []
        for entry in entries:
            if not entry:
                continue
            meta, name = entry.split(b"\t", 1)
            mode, kind, oid = meta.decode().split()
            path = safe_path(name.decode("utf-8"))
            if path in {SOURCE_MANIFEST_NAME, BUNDLE_MANIFEST_NAME}:
                raise ProvenanceError("RESERVED_GENERATED_METADATA_TRACKED:" + path)
            if kind != "blob" or mode not in {"100644", "100755"}:
                raise ProvenanceError("NON_REGULAR_GIT_SOURCE:" + path)
            source.append((path, mode, oid))
        source.sort()
        if not source or len(source) > MAX_SOURCE_FILES:
            raise ProvenanceError("SOURCE_FILE_COUNT_LIMIT")
    
        object_format = _git(repo_root, "rev-parse", "--show-object-format").decode().strip()
        if object_format not in {"sha1", "sha256"}:
            raise ProvenanceError("UNSUPPORTED_GIT_OBJECT_FORMAT")
        dockerignore_oid = next((oid for path, _, oid in source if path == ".dockerignore"), None)
        dockerignore = _git(repo_root, "cat-file", "blob", dockerignore_oid).decode() if dockerignore_oid else ""
        try:
            from scripts.porota_validate_deploy_artifact import is_runtime_relevant
        except ModuleNotFoundError:
            from porota_validate_deploy_artifact import is_runtime_relevant
        rows = []
        for path, mode, oid in source:
            src = repo_root / path
            for parent in src.parents:
                if parent == repo_root:
                    break
                if parent.is_symlink():
                    raise ProvenanceError("CHECKOUT_SOURCE_PARENT_SYMLINK:" + path)
            try:
                info = src.lstat()
            except OSError as exc:
                raise ProvenanceError("CHECKOUT_SOURCE_UNREADABLE:" + path) from exc
            if not stat.S_ISREG(info.st_mode) or info.st_nlink != 1:
                raise ProvenanceError("NON_REGULAR_CHECKOUT_SOURCE:" + path)
            # Hash the SHA256 and Git blob identity from the same opened bytes.
            # No filters, symlink reads or hash/read TOCTOU gap can authorize bytes.
            raw_sha256 = hashlib.sha256()
            blob_digest = hashlib.new(object_format)
            blob_digest.update(b"blob " + str(info.st_size).encode() + b"\0")
            count = 0
            descriptor = os.open(src, os.O_RDONLY | getattr(os, "O_NOFOLLOW", 0))
            with os.fdopen(descriptor, "rb") as handle:
                opened = os.fstat(handle.fileno())
                if (opened.st_dev, opened.st_ino) != (info.st_dev, info.st_ino):
                    raise ProvenanceError("CHECKOUT_SOURCE_REPLACED:" + path)
                for block in iter(lambda: handle.read(1024 * 1024), b""):
                    raw_sha256.update(block)
                    blob_digest.update(block)
                    count += len(block)
            if count != info.st_size or blob_digest.hexdigest() != oid:
                raise ProvenanceError("CHECKOUT_BYTE_MISMATCH:" + path)
            if stat.S_IMODE(info.st_mode) != canonical_file_mode(mode):
>               raise ProvenanceError("CHECKOUT_MODE_MISMATCH:" + path)
E               scripts.porota_artifact_provenance.ProvenanceError: CHECKOUT_MODE_MISMATCH:.dockerignore

scripts/porota_artifact_provenance.py:252: ProvenanceError
_ ERROR at setup of test_opaque_whiteouts_and_repeated_compressed_layers_replay_native_order _

tmp_path = PosixPath('/workspace/scratch/porota-governed311-9a9b/pytest-private/test_opaque_whiteouts_and_repe0')

    @pytest.fixture
    def candidate(tmp_path):
        repo = tmp_path / "candidate"
        repo.mkdir()
        for rel, content in {
            "Dockerfile": b"FROM scratch\nCOPY . /app\n",
            ".dockerignore": b"docs/\n*.pdf\n__pycache__/\n*.py[cod]\n",
            "app.py": b"import worker\nVALUE = 7\n",
            "worker.py": b"VALUE = 10\n",
            "ops/policy/paper.json": b'{"mode":"PAPER","real_orders_sent":0}\n',
            "assets/new.runtime.asset": b"automatic enumeration: unknown suffix\n",
            "scripts/run": b"#!/bin/sh\nexit 0\n",
            "tests/test_fixture.py": b"def test_case(): pass\n",
            ".github/workflows/build.yml": b"name: test\n",
            "docs/audit.md": b"Documentation excluded by versioned Docker policy\n",
            "README.md": b"Source includes documentation bytes\n",
        }.items():
            write(repo, rel, content)
        (repo / "scripts/run").chmod(0o755)
        git(repo, "init", "-q")
        git(repo, "config", "user.email", "fixture@example.invalid")
        git(repo, "config", "user.name", "Offline Provenance Test")
        git(repo, "add", ".")
        git(repo, "commit", "-qm", "offline fixture source")
>       manifest = create_source_manifest(repo)
                   ^^^^^^^^^^^^^^^^^^^^^^^^^^^^

tests/test_issue465_provenance.py:64: 
_ _ _ _ _ _ _ _ _ _ _ _ _ _ _ _ _ _ _ _ _ _ _ _ _ _ _ _ _ _ _ _ _ _ _ _ _ _ _ _ 

repo_root = PosixPath('/workspace/scratch/porota-governed311-9a9b/pytest-private/test_opaque_whiteouts_and_repe0/candidate')
candidate_sha = None, candidate_tree_sha = None

    def create_source_manifest(
        repo_root: Path,
        candidate_sha: str | None = None,
        candidate_tree_sha: str | None = None,
    ) -> dict:
        repo_root = repo_root.resolve()
        head = _git(repo_root, "rev-parse", "HEAD").decode().strip()
        tree = _git(repo_root, "rev-parse", "HEAD^{tree}").decode().strip()
        if candidate_sha is not None and candidate_sha != head:
            raise ProvenanceError("CANDIDATE_SHA_MISMATCH")
        if candidate_tree_sha is not None and candidate_tree_sha != tree:
            raise ProvenanceError("CANDIDATE_TREE_MISMATCH")
        entries = _git(repo_root, "ls-tree", "-rz", "--full-tree", head).split(b"\0")
        source: list[tuple[str, str, str]] = []
        for entry in entries:
            if not entry:
                continue
            meta, name = entry.split(b"\t", 1)
            mode, kind, oid = meta.decode().split()
            path = safe_path(name.decode("utf-8"))
            if path in {SOURCE_MANIFEST_NAME, BUNDLE_MANIFEST_NAME}:
                raise ProvenanceError("RESERVED_GENERATED_METADATA_TRACKED:" + path)
            if kind != "blob" or mode not in {"100644", "100755"}:
                raise ProvenanceError("NON_REGULAR_GIT_SOURCE:" + path)
            source.append((path, mode, oid))
        source.sort()
        if not source or len(source) > MAX_SOURCE_FILES:
            raise ProvenanceError("SOURCE_FILE_COUNT_LIMIT")
    
        object_format = _git(repo_root, "rev-parse", "--show-object-format").decode().strip()
        if object_format not in {"sha1", "sha256"}:
            raise ProvenanceError("UNSUPPORTED_GIT_OBJECT_FORMAT")
        dockerignore_oid = next((oid for path, _, oid in source if path == ".dockerignore"), None)
        dockerignore = _git(repo_root, "cat-file", "blob", dockerignore_oid).decode() if dockerignore_oid else ""
        try:
            from scripts.porota_validate_deploy_artifact import is_runtime_relevant
        except ModuleNotFoundError:
            from porota_validate_deploy_artifact import is_runtime_relevant
        rows = []
        for path, mode, oid in source:
            src = repo_root / path
            for parent in src.parents:
                if parent == repo_root:
                    break
                if parent.is_symlink():
                    raise ProvenanceError("CHECKOUT_SOURCE_PARENT_SYMLINK:" + path)
            try:
                info = src.lstat()
            except OSError as exc:
                raise ProvenanceError("CHECKOUT_SOURCE_UNREADABLE:" + path) from exc
            if not stat.S_ISREG(info.st_mode) or info.st_nlink != 1:
                raise ProvenanceError("NON_REGULAR_CHECKOUT_SOURCE:" + path)
            # Hash the SHA256 and Git blob identity from the same opened bytes.
            # No filters, symlink reads or hash/read TOCTOU gap can authorize bytes.
            raw_sha256 = hashlib.sha256()
            blob_digest = hashlib.new(object_format)
            blob_digest.update(b"blob " + str(info.st_size).encode() + b"\0")
            count = 0
            descriptor = os.open(src, os.O_RDONLY | getattr(os, "O_NOFOLLOW", 0))
            with os.fdopen(descriptor, "rb") as handle:
                opened = os.fstat(handle.fileno())
                if (opened.st_dev, opened.st_ino) != (info.st_dev, info.st_ino):
                    raise ProvenanceError("CHECKOUT_SOURCE_REPLACED:" + path)
                for block in iter(lambda: handle.read(1024 * 1024), b""):
                    raw_sha256.update(block)
                    blob_digest.update(block)
                    count += len(block)
            if count != info.st_size or blob_digest.hexdigest() != oid:
                raise ProvenanceError("CHECKOUT_BYTE_MISMATCH:" + path)
            if stat.S_IMODE(info.st_mode) != canonical_file_mode(mode):
>               raise ProvenanceError("CHECKOUT_MODE_MISMATCH:" + path)
E               scripts.porota_artifact_provenance.ProvenanceError: CHECKOUT_MODE_MISMATCH:.dockerignore

scripts/porota_artifact_provenance.py:252: ProvenanceError
_ ERROR at setup of test_downloaded_image_load_and_offline_smoke_require_exact_actual_id[False] _

tmp_path = PosixPath('/workspace/scratch/porota-governed311-9a9b/pytest-private/test_downloaded_image_load_and0')

    @pytest.fixture
    def candidate(tmp_path):
        repo = tmp_path / "candidate"
        repo.mkdir()
        for rel, content in {
            "Dockerfile": b"FROM scratch\nCOPY . /app\n",
            ".dockerignore": b"docs/\n*.pdf\n__pycache__/\n*.py[cod]\n",
            "app.py": b"import worker\nVALUE = 7\n",
            "worker.py": b"VALUE = 10\n",
            "ops/policy/paper.json": b'{"mode":"PAPER","real_orders_sent":0}\n',
            "assets/new.runtime.asset": b"automatic enumeration: unknown suffix\n",
            "scripts/run": b"#!/bin/sh\nexit 0\n",
            "tests/test_fixture.py": b"def test_case(): pass\n",
            ".github/workflows/build.yml": b"name: test\n",
            "docs/audit.md": b"Documentation excluded by versioned Docker policy\n",
            "README.md": b"Source includes documentation bytes\n",
        }.items():
            write(repo, rel, content)
        (repo / "scripts/run").chmod(0o755)
        git(repo, "init", "-q")
        git(repo, "config", "user.email", "fixture@example.invalid")
        git(repo, "config", "user.name", "Offline Provenance Test")
        git(repo, "add", ".")
        git(repo, "commit", "-qm", "offline fixture source")
>       manifest = create_source_manifest(repo)
                   ^^^^^^^^^^^^^^^^^^^^^^^^^^^^

tests/test_issue465_provenance.py:64: 
_ _ _ _ _ _ _ _ _ _ _ _ _ _ _ _ _ _ _ _ _ _ _ _ _ _ _ _ _ _ _ _ _ _ _ _ _ _ _ _ 

repo_root = PosixPath('/workspace/scratch/porota-governed311-9a9b/pytest-private/test_downloaded_image_load_and0/candidate')
candidate_sha = None, candidate_tree_sha = None

    def create_source_manifest(
        repo_root: Path,
        candidate_sha: str | None = None,
        candidate_tree_sha: str | None = None,
    ) -> dict:
        repo_root = repo_root.resolve()
        head = _git(repo_root, "rev-parse", "HEAD").decode().strip()
        tree = _git(repo_root, "rev-parse", "HEAD^{tree}").decode().strip()
        if candidate_sha is not None and candidate_sha != head:
            raise ProvenanceError("CANDIDATE_SHA_MISMATCH")
        if candidate_tree_sha is not None and candidate_tree_sha != tree:
            raise ProvenanceError("CANDIDATE_TREE_MISMATCH")
        entries = _git(repo_root, "ls-tree", "-rz", "--full-tree", head).split(b"\0")
        source: list[tuple[str, str, str]] = []
        for entry in entries:
            if not entry:
                continue
            meta, name = entry.split(b"\t", 1)
            mode, kind, oid = meta.decode().split()
            path = safe_path(name.decode("utf-8"))
            if path in {SOURCE_MANIFEST_NAME, BUNDLE_MANIFEST_NAME}:
                raise ProvenanceError("RESERVED_GENERATED_METADATA_TRACKED:" + path)
            if kind != "blob" or mode not in {"100644", "100755"}:
                raise ProvenanceError("NON_REGULAR_GIT_SOURCE:" + path)
            source.append((path, mode, oid))
        source.sort()
        if not source or len(source) > MAX_SOURCE_FILES:
            raise ProvenanceError("SOURCE_FILE_COUNT_LIMIT")
    
        object_format = _git(repo_root, "rev-parse", "--show-object-format").decode().strip()
        if object_format not in {"sha1", "sha256"}:
            raise ProvenanceError("UNSUPPORTED_GIT_OBJECT_FORMAT")
        dockerignore_oid = next((oid for path, _, oid in source if path == ".dockerignore"), None)
        dockerignore = _git(repo_root, "cat-file", "blob", dockerignore_oid).decode() if dockerignore_oid else ""
        try:
            from scripts.porota_validate_deploy_artifact import is_runtime_relevant
        except ModuleNotFoundError:
            from porota_validate_deploy_artifact import is_runtime_relevant
        rows = []
        for path, mode, oid in source:
            src = repo_root / path
            for parent in src.parents:
                if parent == repo_root:
                    break
                if parent.is_symlink():
                    raise ProvenanceError("CHECKOUT_SOURCE_PARENT_SYMLINK:" + path)
            try:
                info = src.lstat()
            except OSError as exc:
                raise ProvenanceError("CHECKOUT_SOURCE_UNREADABLE:" + path) from exc
            if not stat.S_ISREG(info.st_mode) or info.st_nlink != 1:
                raise ProvenanceError("NON_REGULAR_CHECKOUT_SOURCE:" + path)
            # Hash the SHA256 and Git blob identity from the same opened bytes.
            # No filters, symlink reads or hash/read TOCTOU gap can authorize bytes.
            raw_sha256 = hashlib.sha256()
            blob_digest = hashlib.new(object_format)
            blob_digest.update(b"blob " + str(info.st_size).encode() + b"\0")
            count = 0
            descriptor = os.open(src, os.O_RDONLY | getattr(os, "O_NOFOLLOW", 0))
            with os.fdopen(descriptor, "rb") as handle:
                opened = os.fstat(handle.fileno())
                if (opened.st_dev, opened.st_ino) != (info.st_dev, info.st_ino):
                    raise ProvenanceError("CHECKOUT_SOURCE_REPLACED:" + path)
                for block in iter(lambda: handle.read(1024 * 1024), b""):
                    raw_sha256.update(block)
                    blob_digest.update(block)
                    count += len(block)
            if count != info.st_size or blob_digest.hexdigest() != oid:
                raise ProvenanceError("CHECKOUT_BYTE_MISMATCH:" + path)
            if stat.S_IMODE(info.st_mode) != canonical_file_mode(mode):
>               raise ProvenanceError("CHECKOUT_MODE_MISMATCH:" + path)
E               scripts.porota_artifact_provenance.ProvenanceError: CHECKOUT_MODE_MISMATCH:.dockerignore

scripts/porota_artifact_provenance.py:252: ProvenanceError
_ ERROR at setup of test_downloaded_image_load_and_offline_smoke_require_exact_actual_id[True] _

tmp_path = PosixPath('/workspace/scratch/porota-governed311-9a9b/pytest-private/test_downloaded_image_load_and1')

    @pytest.fixture
    def candidate(tmp_path):
        repo = tmp_path / "candidate"
        repo.mkdir()
        for rel, content in {
            "Dockerfile": b"FROM scratch\nCOPY . /app\n",
            ".dockerignore": b"docs/\n*.pdf\n__pycache__/\n*.py[cod]\n",
            "app.py": b"import worker\nVALUE = 7\n",
            "worker.py": b"VALUE = 10\n",
            "ops/policy/paper.json": b'{"mode":"PAPER","real_orders_sent":0}\n',
            "assets/new.runtime.asset": b"automatic enumeration: unknown suffix\n",
            "scripts/run": b"#!/bin/sh\nexit 0\n",
            "tests/test_fixture.py": b"def test_case(): pass\n",
            ".github/workflows/build.yml": b"name: test\n",
            "docs/audit.md": b"Documentation excluded by versioned Docker policy\n",
            "README.md": b"Source includes documentation bytes\n",
        }.items():
            write(repo, rel, content)
        (repo / "scripts/run").chmod(0o755)
        git(repo, "init", "-q")
        git(repo, "config", "user.email", "fixture@example.invalid")
        git(repo, "config", "user.name", "Offline Provenance Test")
        git(repo, "add", ".")
        git(repo, "commit", "-qm", "offline fixture source")
>       manifest = create_source_manifest(repo)
                   ^^^^^^^^^^^^^^^^^^^^^^^^^^^^

tests/test_issue465_provenance.py:64: 
_ _ _ _ _ _ _ _ _ _ _ _ _ _ _ _ _ _ _ _ _ _ _ _ _ _ _ _ _ _ _ _ _ _ _ _ _ _ _ _ 

repo_root = PosixPath('/workspace/scratch/porota-governed311-9a9b/pytest-private/test_downloaded_image_load_and1/candidate')
candidate_sha = None, candidate_tree_sha = None

    def create_source_manifest(
        repo_root: Path,
        candidate_sha: str | None = None,
        candidate_tree_sha: str | None = None,
    ) -> dict:
        repo_root = repo_root.resolve()
        head = _git(repo_root, "rev-parse", "HEAD").decode().strip()
        tree = _git(repo_root, "rev-parse", "HEAD^{tree}").decode().strip()
        if candidate_sha is not None and candidate_sha != head:
            raise ProvenanceError("CANDIDATE_SHA_MISMATCH")
        if candidate_tree_sha is not None and candidate_tree_sha != tree:
            raise ProvenanceError("CANDIDATE_TREE_MISMATCH")
        entries = _git(repo_root, "ls-tree", "-rz", "--full-tree", head).split(b"\0")
        source: list[tuple[str, str, str]] = []
        for entry in entries:
            if not entry:
                continue
            meta, name = entry.split(b"\t", 1)
            mode, kind, oid = meta.decode().split()
            path = safe_path(name.decode("utf-8"))
            if path in {SOURCE_MANIFEST_NAME, BUNDLE_MANIFEST_NAME}:
                raise ProvenanceError("RESERVED_GENERATED_METADATA_TRACKED:" + path)
            if kind != "blob" or mode not in {"100644", "100755"}:
                raise ProvenanceError("NON_REGULAR_GIT_SOURCE:" + path)
            source.append((path, mode, oid))
        source.sort()
        if not source or len(source) > MAX_SOURCE_FILES:
            raise ProvenanceError("SOURCE_FILE_COUNT_LIMIT")
    
        object_format = _git(repo_root, "rev-parse", "--show-object-format").decode().strip()
        if object_format not in {"sha1", "sha256"}:
            raise ProvenanceError("UNSUPPORTED_GIT_OBJECT_FORMAT")
        dockerignore_oid = next((oid for path, _, oid in source if path == ".dockerignore"), None)
        dockerignore = _git(repo_root, "cat-file", "blob", dockerignore_oid).decode() if dockerignore_oid else ""
        try:
            from scripts.porota_validate_deploy_artifact import is_runtime_relevant
        except ModuleNotFoundError:
            from porota_validate_deploy_artifact import is_runtime_relevant
        rows = []
        for path, mode, oid in source:
            src = repo_root / path
            for parent in src.parents:
                if parent == repo_root:
                    break
                if parent.is_symlink():
                    raise ProvenanceError("CHECKOUT_SOURCE_PARENT_SYMLINK:" + path)
            try:
                info = src.lstat()
            except OSError as exc:
                raise ProvenanceError("CHECKOUT_SOURCE_UNREADABLE:" + path) from exc
            if not stat.S_ISREG(info.st_mode) or info.st_nlink != 1:
                raise ProvenanceError("NON_REGULAR_CHECKOUT_SOURCE:" + path)
            # Hash the SHA256 and Git blob identity from the same opened bytes.
            # No filters, symlink reads or hash/read TOCTOU gap can authorize bytes.
            raw_sha256 = hashlib.sha256()
            blob_digest = hashlib.new(object_format)
            blob_digest.update(b"blob " + str(info.st_size).encode() + b"\0")
            count = 0
            descriptor = os.open(src, os.O_RDONLY | getattr(os, "O_NOFOLLOW", 0))
            with os.fdopen(descriptor, "rb") as handle:
                opened = os.fstat(handle.fileno())
                if (opened.st_dev, opened.st_ino) != (info.st_dev, info.st_ino):
                    raise ProvenanceError("CHECKOUT_SOURCE_REPLACED:" + path)
                for block in iter(lambda: handle.read(1024 * 1024), b""):
                    raw_sha256.update(block)
                    blob_digest.update(block)
                    count += len(block)
            if count != info.st_size or blob_digest.hexdigest() != oid:
                raise ProvenanceError("CHECKOUT_BYTE_MISMATCH:" + path)
            if stat.S_IMODE(info.st_mode) != canonical_file_mode(mode):
>               raise ProvenanceError("CHECKOUT_MODE_MISMATCH:" + path)
E               scripts.porota_artifact_provenance.ProvenanceError: CHECKOUT_MODE_MISMATCH:.dockerignore

scripts/porota_artifact_provenance.py:252: ProvenanceError
_ ERROR at setup of test_replay_load_and_import_use_total_budget_while_http_and_codec_keep_thirty_seconds _

tmp_path = PosixPath('/workspace/scratch/porota-governed311-9a9b/pytest-private/test_replay_load_and_import_us0')

    @pytest.fixture
    def candidate(tmp_path):
        repo = tmp_path / "candidate"
        repo.mkdir()
        for rel, content in {
            "Dockerfile": b"FROM scratch\nCOPY . /app\n",
            ".dockerignore": b"docs/\n*.pdf\n__pycache__/\n*.py[cod]\n",
            "app.py": b"import worker\nVALUE = 7\n",
            "worker.py": b"VALUE = 10\n",
            "ops/policy/paper.json": b'{"mode":"PAPER","real_orders_sent":0}\n',
            "assets/new.runtime.asset": b"automatic enumeration: unknown suffix\n",
            "scripts/run": b"#!/bin/sh\nexit 0\n",
            "tests/test_fixture.py": b"def test_case(): pass\n",
            ".github/workflows/build.yml": b"name: test\n",
            "docs/audit.md": b"Documentation excluded by versioned Docker policy\n",
            "README.md": b"Source includes documentation bytes\n",
        }.items():
            write(repo, rel, content)
        (repo / "scripts/run").chmod(0o755)
        git(repo, "init", "-q")
        git(repo, "config", "user.email", "fixture@example.invalid")
        git(repo, "config", "user.name", "Offline Provenance Test")
        git(repo, "add", ".")
        git(repo, "commit", "-qm", "offline fixture source")
>       manifest = create_source_manifest(repo)
                   ^^^^^^^^^^^^^^^^^^^^^^^^^^^^

tests/test_issue465_provenance.py:64: 
_ _ _ _ _ _ _ _ _ _ _ _ _ _ _ _ _ _ _ _ _ _ _ _ _ _ _ _ _ _ _ _ _ _ _ _ _ _ _ _ 

repo_root = PosixPath('/workspace/scratch/porota-governed311-9a9b/pytest-private/test_replay_load_and_import_us0/candidate')
candidate_sha = None, candidate_tree_sha = None

    def create_source_manifest(
        repo_root: Path,
        candidate_sha: str | None = None,
        candidate_tree_sha: str | None = None,
    ) -> dict:
        repo_root = repo_root.resolve()
        head = _git(repo_root, "rev-parse", "HEAD").decode().strip()
        tree = _git(repo_root, "rev-parse", "HEAD^{tree}").decode().strip()
        if candidate_sha is not None and candidate_sha != head:
            raise ProvenanceError("CANDIDATE_SHA_MISMATCH")
        if candidate_tree_sha is not None and candidate_tree_sha != tree:
            raise ProvenanceError("CANDIDATE_TREE_MISMATCH")
        entries = _git(repo_root, "ls-tree", "-rz", "--full-tree", head).split(b"\0")
        source: list[tuple[str, str, str]] = []
        for entry in entries:
            if not entry:
                continue
            meta, name = entry.split(b"\t", 1)
            mode, kind, oid = meta.decode().split()
            path = safe_path(name.decode("utf-8"))
            if path in {SOURCE_MANIFEST_NAME, BUNDLE_MANIFEST_NAME}:
                raise ProvenanceError("RESERVED_GENERATED_METADATA_TRACKED:" + path)
            if kind != "blob" or mode not in {"100644", "100755"}:
                raise ProvenanceError("NON_REGULAR_GIT_SOURCE:" + path)
            source.append((path, mode, oid))
        source.sort()
        if not source or len(source) > MAX_SOURCE_FILES:
            raise ProvenanceError("SOURCE_FILE_COUNT_LIMIT")
    
        object_format = _git(repo_root, "rev-parse", "--show-object-format").decode().strip()
        if object_format not in {"sha1", "sha256"}:
            raise ProvenanceError("UNSUPPORTED_GIT_OBJECT_FORMAT")
        dockerignore_oid = next((oid for path, _, oid in source if path == ".dockerignore"), None)
        dockerignore = _git(repo_root, "cat-file", "blob", dockerignore_oid).decode() if dockerignore_oid else ""
        try:
            from scripts.porota_validate_deploy_artifact import is_runtime_relevant
        except ModuleNotFoundError:
            from porota_validate_deploy_artifact import is_runtime_relevant
        rows = []
        for path, mode, oid in source:
            src = repo_root / path
            for parent in src.parents:
                if parent == repo_root:
                    break
                if parent.is_symlink():
                    raise ProvenanceError("CHECKOUT_SOURCE_PARENT_SYMLINK:" + path)
            try:
                info = src.lstat()
            except OSError as exc:
                raise ProvenanceError("CHECKOUT_SOURCE_UNREADABLE:" + path) from exc
            if not stat.S_ISREG(info.st_mode) or info.st_nlink != 1:
                raise ProvenanceError("NON_REGULAR_CHECKOUT_SOURCE:" + path)
            # Hash the SHA256 and Git blob identity from the same opened bytes.
            # No filters, symlink reads or hash/read TOCTOU gap can authorize bytes.
            raw_sha256 = hashlib.sha256()
            blob_digest = hashlib.new(object_format)
            blob_digest.update(b"blob " + str(info.st_size).encode() + b"\0")
            count = 0
            descriptor = os.open(src, os.O_RDONLY | getattr(os, "O_NOFOLLOW", 0))
            with os.fdopen(descriptor, "rb") as handle:
                opened = os.fstat(handle.fileno())
                if (opened.st_dev, opened.st_ino) != (info.st_dev, info.st_ino):
                    raise ProvenanceError("CHECKOUT_SOURCE_REPLACED:" + path)
                for block in iter(lambda: handle.read(1024 * 1024), b""):
                    raw_sha256.update(block)
                    blob_digest.update(block)
                    count += len(block)
            if count != info.st_size or blob_digest.hexdigest() != oid:
                raise ProvenanceError("CHECKOUT_BYTE_MISMATCH:" + path)
            if stat.S_IMODE(info.st_mode) != canonical_file_mode(mode):
>               raise ProvenanceError("CHECKOUT_MODE_MISMATCH:" + path)
E               scripts.porota_artifact_provenance.ProvenanceError: CHECKOUT_MODE_MISMATCH:.dockerignore

scripts/porota_artifact_provenance.py:252: ProvenanceError
_ ERROR at setup of test_expired_or_nonfinite_replay_budget_forbids_even_docker_load[expired] _

tmp_path = PosixPath('/workspace/scratch/porota-governed311-9a9b/pytest-private/test_expired_or_nonfinite_repl0')

    @pytest.fixture
    def candidate(tmp_path):
        repo = tmp_path / "candidate"
        repo.mkdir()
        for rel, content in {
            "Dockerfile": b"FROM scratch\nCOPY . /app\n",
            ".dockerignore": b"docs/\n*.pdf\n__pycache__/\n*.py[cod]\n",
            "app.py": b"import worker\nVALUE = 7\n",
            "worker.py": b"VALUE = 10\n",
            "ops/policy/paper.json": b'{"mode":"PAPER","real_orders_sent":0}\n',
            "assets/new.runtime.asset": b"automatic enumeration: unknown suffix\n",
            "scripts/run": b"#!/bin/sh\nexit 0\n",
            "tests/test_fixture.py": b"def test_case(): pass\n",
            ".github/workflows/build.yml": b"name: test\n",
            "docs/audit.md": b"Documentation excluded by versioned Docker policy\n",
            "README.md": b"Source includes documentation bytes\n",
        }.items():
            write(repo, rel, content)
        (repo / "scripts/run").chmod(0o755)
        git(repo, "init", "-q")
        git(repo, "config", "user.email", "fixture@example.invalid")
        git(repo, "config", "user.name", "Offline Provenance Test")
        git(repo, "add", ".")
        git(repo, "commit", "-qm", "offline fixture source")
>       manifest = create_source_manifest(repo)
                   ^^^^^^^^^^^^^^^^^^^^^^^^^^^^

tests/test_issue465_provenance.py:64: 
_ _ _ _ _ _ _ _ _ _ _ _ _ _ _ _ _ _ _ _ _ _ _ _ _ _ _ _ _ _ _ _ _ _ _ _ _ _ _ _ 

repo_root = PosixPath('/workspace/scratch/porota-governed311-9a9b/pytest-private/test_expired_or_nonfinite_repl0/candidate')
candidate_sha = None, candidate_tree_sha = None

    def create_source_manifest(
        repo_root: Path,
        candidate_sha: str | None = None,
        candidate_tree_sha: str | None = None,
    ) -> dict:
        repo_root = repo_root.resolve()
        head = _git(repo_root, "rev-parse", "HEAD").decode().strip()
        tree = _git(repo_root, "rev-parse", "HEAD^{tree}").decode().strip()
        if candidate_sha is not None and candidate_sha != head:
            raise ProvenanceError("CANDIDATE_SHA_MISMATCH")
        if candidate_tree_sha is not None and candidate_tree_sha != tree:
            raise ProvenanceError("CANDIDATE_TREE_MISMATCH")
        entries = _git(repo_root, "ls-tree", "-rz", "--full-tree", head).split(b"\0")
        source: list[tuple[str, str, str]] = []
        for entry in entries:
            if not entry:
                continue
            meta, name = entry.split(b"\t", 1)
            mode, kind, oid = meta.decode().split()
            path = safe_path(name.decode("utf-8"))
            if path in {SOURCE_MANIFEST_NAME, BUNDLE_MANIFEST_NAME}:
                raise ProvenanceError("RESERVED_GENERATED_METADATA_TRACKED:" + path)
            if kind != "blob" or mode not in {"100644", "100755"}:
                raise ProvenanceError("NON_REGULAR_GIT_SOURCE:" + path)
            source.append((path, mode, oid))
        source.sort()
        if not source or len(source) > MAX_SOURCE_FILES:
            raise ProvenanceError("SOURCE_FILE_COUNT_LIMIT")
    
        object_format = _git(repo_root, "rev-parse", "--show-object-format").decode().strip()
        if object_format not in {"sha1", "sha256"}:
            raise ProvenanceError("UNSUPPORTED_GIT_OBJECT_FORMAT")
        dockerignore_oid = next((oid for path, _, oid in source if path == ".dockerignore"), None)
        dockerignore = _git(repo_root, "cat-file", "blob", dockerignore_oid).decode() if dockerignore_oid else ""
        try:
            from scripts.porota_validate_deploy_artifact import is_runtime_relevant
        except ModuleNotFoundError:
            from porota_validate_deploy_artifact import is_runtime_relevant
        rows = []
        for path, mode, oid in source:
            src = repo_root / path
            for parent in src.parents:
                if parent == repo_root:
                    break
                if parent.is_symlink():
                    raise ProvenanceError("CHECKOUT_SOURCE_PARENT_SYMLINK:" + path)
            try:
                info = src.lstat()
            except OSError as exc:
                raise ProvenanceError("CHECKOUT_SOURCE_UNREADABLE:" + path) from exc
            if not stat.S_ISREG(info.st_mode) or info.st_nlink != 1:
                raise ProvenanceError("NON_REGULAR_CHECKOUT_SOURCE:" + path)
            # Hash the SHA256 and Git blob identity from the same opened bytes.
            # No filters, symlink reads or hash/read TOCTOU gap can authorize bytes.
            raw_sha256 = hashlib.sha256()
            blob_digest = hashlib.new(object_format)
            blob_digest.update(b"blob " + str(info.st_size).encode() + b"\0")
            count = 0
            descriptor = os.open(src, os.O_RDONLY | getattr(os, "O_NOFOLLOW", 0))
            with os.fdopen(descriptor, "rb") as handle:
                opened = os.fstat(handle.fileno())
                if (opened.st_dev, opened.st_ino) != (info.st_dev, info.st_ino):
                    raise ProvenanceError("CHECKOUT_SOURCE_REPLACED:" + path)
                for block in iter(lambda: handle.read(1024 * 1024), b""):
                    raw_sha256.update(block)
                    blob_digest.update(block)
                    count += len(block)
            if count != info.st_size or blob_digest.hexdigest() != oid:
                raise ProvenanceError("CHECKOUT_BYTE_MISMATCH:" + path)
            if stat.S_IMODE(info.st_mode) != canonical_file_mode(mode):
>               raise ProvenanceError("CHECKOUT_MODE_MISMATCH:" + path)
E               scripts.porota_artifact_provenance.ProvenanceError: CHECKOUT_MODE_MISMATCH:.dockerignore

scripts/porota_artifact_provenance.py:252: ProvenanceError
_ ERROR at setup of test_expired_or_nonfinite_replay_budget_forbids_even_docker_load[exact-boundary] _

tmp_path = PosixPath('/workspace/scratch/porota-governed311-9a9b/pytest-private/test_expired_or_nonfinite_repl1')

    @pytest.fixture
    def candidate(tmp_path):
        repo = tmp_path / "candidate"
        repo.mkdir()
        for rel, content in {
            "Dockerfile": b"FROM scratch\nCOPY . /app\n",
            ".dockerignore": b"docs/\n*.pdf\n__pycache__/\n*.py[cod]\n",
            "app.py": b"import worker\nVALUE = 7\n",
            "worker.py": b"VALUE = 10\n",
            "ops/policy/paper.json": b'{"mode":"PAPER","real_orders_sent":0}\n',
            "assets/new.runtime.asset": b"automatic enumeration: unknown suffix\n",
            "scripts/run": b"#!/bin/sh\nexit 0\n",
            "tests/test_fixture.py": b"def test_case(): pass\n",
            ".github/workflows/build.yml": b"name: test\n",
            "docs/audit.md": b"Documentation excluded by versioned Docker policy\n",
            "README.md": b"Source includes documentation bytes\n",
        }.items():
            write(repo, rel, content)
        (repo / "scripts/run").chmod(0o755)
        git(repo, "init", "-q")
        git(repo, "config", "user.email", "fixture@example.invalid")
        git(repo, "config", "user.name", "Offline Provenance Test")
        git(repo, "add", ".")
        git(repo, "commit", "-qm", "offline fixture source")
>       manifest = create_source_manifest(repo)
                   ^^^^^^^^^^^^^^^^^^^^^^^^^^^^

tests/test_issue465_provenance.py:64: 
_ _ _ _ _ _ _ _ _ _ _ _ _ _ _ _ _ _ _ _ _ _ _ _ _ _ _ _ _ _ _ _ _ _ _ _ _ _ _ _ 

repo_root = PosixPath('/workspace/scratch/porota-governed311-9a9b/pytest-private/test_expired_or_nonfinite_repl1/candidate')
candidate_sha = None, candidate_tree_sha = None

    def create_source_manifest(
        repo_root: Path,
        candidate_sha: str | None = None,
        candidate_tree_sha: str | None = None,
    ) -> dict:
        repo_root = repo_root.resolve()
        head = _git(repo_root, "rev-parse", "HEAD").decode().strip()
        tree = _git(repo_root, "rev-parse", "HEAD^{tree}").decode().strip()
        if candidate_sha is not None and candidate_sha != head:
            raise ProvenanceError("CANDIDATE_SHA_MISMATCH")
        if candidate_tree_sha is not None and candidate_tree_sha != tree:
            raise ProvenanceError("CANDIDATE_TREE_MISMATCH")
        entries = _git(repo_root, "ls-tree", "-rz", "--full-tree", head).split(b"\0")
        source: list[tuple[str, str, str]] = []
        for entry in entries:
            if not entry:
                continue
            meta, name = entry.split(b"\t", 1)
            mode, kind, oid = meta.decode().split()
            path = safe_path(name.decode("utf-8"))
            if path in {SOURCE_MANIFEST_NAME, BUNDLE_MANIFEST_NAME}:
                raise ProvenanceError("RESERVED_GENERATED_METADATA_TRACKED:" + path)
            if kind != "blob" or mode not in {"100644", "100755"}:
                raise ProvenanceError("NON_REGULAR_GIT_SOURCE:" + path)
            source.append((path, mode, oid))
        source.sort()
        if not source or len(source) > MAX_SOURCE_FILES:
            raise ProvenanceError("SOURCE_FILE_COUNT_LIMIT")
    
        object_format = _git(repo_root, "rev-parse", "--show-object-format").decode().strip()
        if object_format not in {"sha1", "sha256"}:
            raise ProvenanceError("UNSUPPORTED_GIT_OBJECT_FORMAT")
        dockerignore_oid = next((oid for path, _, oid in source if path == ".dockerignore"), None)
        dockerignore = _git(repo_root, "cat-file", "blob", dockerignore_oid).decode() if dockerignore_oid else ""
        try:
            from scripts.porota_validate_deploy_artifact import is_runtime_relevant
        except ModuleNotFoundError:
            from porota_validate_deploy_artifact import is_runtime_relevant
        rows = []
        for path, mode, oid in source:
            src = repo_root / path
            for parent in src.parents:
                if parent == repo_root:
                    break
                if parent.is_symlink():
                    raise ProvenanceError("CHECKOUT_SOURCE_PARENT_SYMLINK:" + path)
            try:
                info = src.lstat()
            except OSError as exc:
                raise ProvenanceError("CHECKOUT_SOURCE_UNREADABLE:" + path) from exc
            if not stat.S_ISREG(info.st_mode) or info.st_nlink != 1:
                raise ProvenanceError("NON_REGULAR_CHECKOUT_SOURCE:" + path)
            # Hash the SHA256 and Git blob identity from the same opened bytes.
            # No filters, symlink reads or hash/read TOCTOU gap can authorize bytes.
            raw_sha256 = hashlib.sha256()
            blob_digest = hashlib.new(object_format)
            blob_digest.update(b"blob " + str(info.st_size).encode() + b"\0")
            count = 0
            descriptor = os.open(src, os.O_RDONLY | getattr(os, "O_NOFOLLOW", 0))
            with os.fdopen(descriptor, "rb") as handle:
                opened = os.fstat(handle.fileno())
                if (opened.st_dev, opened.st_ino) != (info.st_dev, info.st_ino):
                    raise ProvenanceError("CHECKOUT_SOURCE_REPLACED:" + path)
                for block in iter(lambda: handle.read(1024 * 1024), b""):
                    raw_sha256.update(block)
                    blob_digest.update(block)
                    count += len(block)
            if count != info.st_size or blob_digest.hexdigest() != oid:
                raise ProvenanceError("CHECKOUT_BYTE_MISMATCH:" + path)
            if stat.S_IMODE(info.st_mode) != canonical_file_mode(mode):
>               raise ProvenanceError("CHECKOUT_MODE_MISMATCH:" + path)
E               scripts.porota_artifact_provenance.ProvenanceError: CHECKOUT_MODE_MISMATCH:.dockerignore

scripts/porota_artifact_provenance.py:252: ProvenanceError
_ ERROR at setup of test_expired_or_nonfinite_replay_budget_forbids_even_docker_load[nan] _

tmp_path = PosixPath('/workspace/scratch/porota-governed311-9a9b/pytest-private/test_expired_or_nonfinite_repl2')

    @pytest.fixture
    def candidate(tmp_path):
        repo = tmp_path / "candidate"
        repo.mkdir()
        for rel, content in {
            "Dockerfile": b"FROM scratch\nCOPY . /app\n",
            ".dockerignore": b"docs/\n*.pdf\n__pycache__/\n*.py[cod]\n",
            "app.py": b"import worker\nVALUE = 7\n",
            "worker.py": b"VALUE = 10\n",
            "ops/policy/paper.json": b'{"mode":"PAPER","real_orders_sent":0}\n',
            "assets/new.runtime.asset": b"automatic enumeration: unknown suffix\n",
            "scripts/run": b"#!/bin/sh\nexit 0\n",
            "tests/test_fixture.py": b"def test_case(): pass\n",
            ".github/workflows/build.yml": b"name: test\n",
            "docs/audit.md": b"Documentation excluded by versioned Docker policy\n",
            "README.md": b"Source includes documentation bytes\n",
        }.items():
            write(repo, rel, content)
        (repo / "scripts/run").chmod(0o755)
        git(repo, "init", "-q")
        git(repo, "config", "user.email", "fixture@example.invalid")
        git(repo, "config", "user.name", "Offline Provenance Test")
        git(repo, "add", ".")
        git(repo, "commit", "-qm", "offline fixture source")
>       manifest = create_source_manifest(repo)
                   ^^^^^^^^^^^^^^^^^^^^^^^^^^^^

tests/test_issue465_provenance.py:64: 
_ _ _ _ _ _ _ _ _ _ _ _ _ _ _ _ _ _ _ _ _ _ _ _ _ _ _ _ _ _ _ _ _ _ _ _ _ _ _ _ 

repo_root = PosixPath('/workspace/scratch/porota-governed311-9a9b/pytest-private/test_expired_or_nonfinite_repl2/candidate')
candidate_sha = None, candidate_tree_sha = None

    def create_source_manifest(
        repo_root: Path,
        candidate_sha: str | None = None,
        candidate_tree_sha: str | None = None,
    ) -> dict:
        repo_root = repo_root.resolve()
        head = _git(repo_root, "rev-parse", "HEAD").decode().strip()
        tree = _git(repo_root, "rev-parse", "HEAD^{tree}").decode().strip()
        if candidate_sha is not None and candidate_sha != head:
            raise ProvenanceError("CANDIDATE_SHA_MISMATCH")
        if candidate_tree_sha is not None and candidate_tree_sha != tree:
            raise ProvenanceError("CANDIDATE_TREE_MISMATCH")
        entries = _git(repo_root, "ls-tree", "-rz", "--full-tree", head).split(b"\0")
        source: list[tuple[str, str, str]] = []
        for entry in entries:
            if not entry:
                continue
            meta, name = entry.split(b"\t", 1)
            mode, kind, oid = meta.decode().split()
            path = safe_path(name.decode("utf-8"))
            if path in {SOURCE_MANIFEST_NAME, BUNDLE_MANIFEST_NAME}:
                raise ProvenanceError("RESERVED_GENERATED_METADATA_TRACKED:" + path)
            if kind != "blob" or mode not in {"100644", "100755"}:
                raise ProvenanceError("NON_REGULAR_GIT_SOURCE:" + path)
            source.append((path, mode, oid))
        source.sort()
        if not source or len(source) > MAX_SOURCE_FILES:
            raise ProvenanceError("SOURCE_FILE_COUNT_LIMIT")
    
        object_format = _git(repo_root, "rev-parse", "--show-object-format").decode().strip()
        if object_format not in {"sha1", "sha256"}:
            raise ProvenanceError("UNSUPPORTED_GIT_OBJECT_FORMAT")
        dockerignore_oid = next((oid for path, _, oid in source if path == ".dockerignore"), None)
        dockerignore = _git(repo_root, "cat-file", "blob", dockerignore_oid).decode() if dockerignore_oid else ""
        try:
            from scripts.porota_validate_deploy_artifact import is_runtime_relevant
        except ModuleNotFoundError:
            from porota_validate_deploy_artifact import is_runtime_relevant
        rows = []
        for path, mode, oid in source:
            src = repo_root / path
            for parent in src.parents:
                if parent == repo_root:
                    break
                if parent.is_symlink():
                    raise ProvenanceError("CHECKOUT_SOURCE_PARENT_SYMLINK:" + path)
            try:
                info = src.lstat()
            except OSError as exc:
                raise ProvenanceError("CHECKOUT_SOURCE_UNREADABLE:" + path) from exc
            if not stat.S_ISREG(info.st_mode) or info.st_nlink != 1:
                raise ProvenanceError("NON_REGULAR_CHECKOUT_SOURCE:" + path)
            # Hash the SHA256 and Git blob identity from the same opened bytes.
            # No filters, symlink reads or hash/read TOCTOU gap can authorize bytes.
            raw_sha256 = hashlib.sha256()
            blob_digest = hashlib.new(object_format)
            blob_digest.update(b"blob " + str(info.st_size).encode() + b"\0")
            count = 0
            descriptor = os.open(src, os.O_RDONLY | getattr(os, "O_NOFOLLOW", 0))
            with os.fdopen(descriptor, "rb") as handle:
                opened = os.fstat(handle.fileno())
                if (opened.st_dev, opened.st_ino) != (info.st_dev, info.st_ino):
                    raise ProvenanceError("CHECKOUT_SOURCE_REPLACED:" + path)
                for block in iter(lambda: handle.read(1024 * 1024), b""):
                    raw_sha256.update(block)
                    blob_digest.update(block)
                    count += len(block)
            if count != info.st_size or blob_digest.hexdigest() != oid:
                raise ProvenanceError("CHECKOUT_BYTE_MISMATCH:" + path)
            if stat.S_IMODE(info.st_mode) != canonical_file_mode(mode):
>               raise ProvenanceError("CHECKOUT_MODE_MISMATCH:" + path)
E               scripts.porota_artifact_provenance.ProvenanceError: CHECKOUT_MODE_MISMATCH:.dockerignore

scripts/porota_artifact_provenance.py:252: ProvenanceError
_ ERROR at setup of test_expired_or_nonfinite_replay_budget_forbids_even_docker_load[infinite] _

tmp_path = PosixPath('/workspace/scratch/porota-governed311-9a9b/pytest-private/test_expired_or_nonfinite_repl3')

    @pytest.fixture
    def candidate(tmp_path):
        repo = tmp_path / "candidate"
        repo.mkdir()
        for rel, content in {
            "Dockerfile": b"FROM scratch\nCOPY . /app\n",
            ".dockerignore": b"docs/\n*.pdf\n__pycache__/\n*.py[cod]\n",
            "app.py": b"import worker\nVALUE = 7\n",
            "worker.py": b"VALUE = 10\n",
            "ops/policy/paper.json": b'{"mode":"PAPER","real_orders_sent":0}\n',
            "assets/new.runtime.asset": b"automatic enumeration: unknown suffix\n",
            "scripts/run": b"#!/bin/sh\nexit 0\n",
            "tests/test_fixture.py": b"def test_case(): pass\n",
            ".github/workflows/build.yml": b"name: test\n",
            "docs/audit.md": b"Documentation excluded by versioned Docker policy\n",
            "README.md": b"Source includes documentation bytes\n",
        }.items():
            write(repo, rel, content)
        (repo / "scripts/run").chmod(0o755)
        git(repo, "init", "-q")
        git(repo, "config", "user.email", "fixture@example.invalid")
        git(repo, "config", "user.name", "Offline Provenance Test")
        git(repo, "add", ".")
        git(repo, "commit", "-qm", "offline fixture source")
>       manifest = create_source_manifest(repo)
                   ^^^^^^^^^^^^^^^^^^^^^^^^^^^^

tests/test_issue465_provenance.py:64: 
_ _ _ _ _ _ _ _ _ _ _ _ _ _ _ _ _ _ _ _ _ _ _ _ _ _ _ _ _ _ _ _ _ _ _ _ _ _ _ _ 

repo_root = PosixPath('/workspace/scratch/porota-governed311-9a9b/pytest-private/test_expired_or_nonfinite_repl3/candidate')
candidate_sha = None, candidate_tree_sha = None

    def create_source_manifest(
        repo_root: Path,
        candidate_sha: str | None = None,
        candidate_tree_sha: str | None = None,
    ) -> dict:
        repo_root = repo_root.resolve()
        head = _git(repo_root, "rev-parse", "HEAD").decode().strip()
        tree = _git(repo_root, "rev-parse", "HEAD^{tree}").decode().strip()
        if candidate_sha is not None and candidate_sha != head:
            raise ProvenanceError("CANDIDATE_SHA_MISMATCH")
        if candidate_tree_sha is not None and candidate_tree_sha != tree:
            raise ProvenanceError("CANDIDATE_TREE_MISMATCH")
        entries = _git(repo_root, "ls-tree", "-rz", "--full-tree", head).split(b"\0")
        source: list[tuple[str, str, str]] = []
        for entry in entries:
            if not entry:
                continue
            meta, name = entry.split(b"\t", 1)
            mode, kind, oid = meta.decode().split()
            path = safe_path(name.decode("utf-8"))
            if path in {SOURCE_MANIFEST_NAME, BUNDLE_MANIFEST_NAME}:
                raise ProvenanceError("RESERVED_GENERATED_METADATA_TRACKED:" + path)
            if kind != "blob" or mode not in {"100644", "100755"}:
                raise ProvenanceError("NON_REGULAR_GIT_SOURCE:" + path)
            source.append((path, mode, oid))
        source.sort()
        if not source or len(source) > MAX_SOURCE_FILES:
            raise ProvenanceError("SOURCE_FILE_COUNT_LIMIT")
    
        object_format = _git(repo_root, "rev-parse", "--show-object-format").decode().strip()
        if object_format not in {"sha1", "sha256"}:
            raise ProvenanceError("UNSUPPORTED_GIT_OBJECT_FORMAT")
        dockerignore_oid = next((oid for path, _, oid in source if path == ".dockerignore"), None)
        dockerignore = _git(repo_root, "cat-file", "blob", dockerignore_oid).decode() if dockerignore_oid else ""
        try:
            from scripts.porota_validate_deploy_artifact import is_runtime_relevant
        except ModuleNotFoundError:
            from porota_validate_deploy_artifact import is_runtime_relevant
        rows = []
        for path, mode, oid in source:
            src = repo_root / path
            for parent in src.parents:
                if parent == repo_root:
                    break
                if parent.is_symlink():
                    raise ProvenanceError("CHECKOUT_SOURCE_PARENT_SYMLINK:" + path)
            try:
                info = src.lstat()
            except OSError as exc:
                raise ProvenanceError("CHECKOUT_SOURCE_UNREADABLE:" + path) from exc
            if not stat.S_ISREG(info.st_mode) or info.st_nlink != 1:
                raise ProvenanceError("NON_REGULAR_CHECKOUT_SOURCE:" + path)
            # Hash the SHA256 and Git blob identity from the same opened bytes.
            # No filters, symlink reads or hash/read TOCTOU gap can authorize bytes.
            raw_sha256 = hashlib.sha256()
            blob_digest = hashlib.new(object_format)
            blob_digest.update(b"blob " + str(info.st_size).encode() + b"\0")
            count = 0
            descriptor = os.open(src, os.O_RDONLY | getattr(os, "O_NOFOLLOW", 0))
            with os.fdopen(descriptor, "rb") as handle:
                opened = os.fstat(handle.fileno())
                if (opened.st_dev, opened.st_ino) != (info.st_dev, info.st_ino):
                    raise ProvenanceError("CHECKOUT_SOURCE_REPLACED:" + path)
                for block in iter(lambda: handle.read(1024 * 1024), b""):
                    raw_sha256.update(block)
                    blob_digest.update(block)
                    count += len(block)
            if count != info.st_size or blob_digest.hexdigest() != oid:
                raise ProvenanceError("CHECKOUT_BYTE_MISMATCH:" + path)
            if stat.S_IMODE(info.st_mode) != canonical_file_mode(mode):
>               raise ProvenanceError("CHECKOUT_MODE_MISMATCH:" + path)
E               scripts.porota_artifact_provenance.ProvenanceError: CHECKOUT_MODE_MISMATCH:.dockerignore

scripts/porota_artifact_provenance.py:252: ProvenanceError
_ ERROR at setup of test_completed_load_past_total_deadline_cannot_start_image_or_emit_green _

tmp_path = PosixPath('/workspace/scratch/porota-governed311-9a9b/pytest-private/test_completed_load_past_total0')

    @pytest.fixture
    def candidate(tmp_path):
        repo = tmp_path / "candidate"
        repo.mkdir()
        for rel, content in {
            "Dockerfile": b"FROM scratch\nCOPY . /app\n",
            ".dockerignore": b"docs/\n*.pdf\n__pycache__/\n*.py[cod]\n",
            "app.py": b"import worker\nVALUE = 7\n",
            "worker.py": b"VALUE = 10\n",
            "ops/policy/paper.json": b'{"mode":"PAPER","real_orders_sent":0}\n',
            "assets/new.runtime.asset": b"automatic enumeration: unknown suffix\n",
            "scripts/run": b"#!/bin/sh\nexit 0\n",
            "tests/test_fixture.py": b"def test_case(): pass\n",
            ".github/workflows/build.yml": b"name: test\n",
            "docs/audit.md": b"Documentation excluded by versioned Docker policy\n",
            "README.md": b"Source includes documentation bytes\n",
        }.items():
            write(repo, rel, content)
        (repo / "scripts/run").chmod(0o755)
        git(repo, "init", "-q")
        git(repo, "config", "user.email", "fixture@example.invalid")
        git(repo, "config", "user.name", "Offline Provenance Test")
        git(repo, "add", ".")
        git(repo, "commit", "-qm", "offline fixture source")
>       manifest = create_source_manifest(repo)
                   ^^^^^^^^^^^^^^^^^^^^^^^^^^^^

tests/test_issue465_provenance.py:64: 
_ _ _ _ _ _ _ _ _ _ _ _ _ _ _ _ _ _ _ _ _ _ _ _ _ _ _ _ _ _ _ _ _ _ _ _ _ _ _ _ 

repo_root = PosixPath('/workspace/scratch/porota-governed311-9a9b/pytest-private/test_completed_load_past_total0/candidate')
candidate_sha = None, candidate_tree_sha = None

    def create_source_manifest(
        repo_root: Path,
        candidate_sha: str | None = None,
        candidate_tree_sha: str | None = None,
    ) -> dict:
        repo_root = repo_root.resolve()
        head = _git(repo_root, "rev-parse", "HEAD").decode().strip()
        tree = _git(repo_root, "rev-parse", "HEAD^{tree}").decode().strip()
        if candidate_sha is not None and candidate_sha != head:
            raise ProvenanceError("CANDIDATE_SHA_MISMATCH")
        if candidate_tree_sha is not None and candidate_tree_sha != tree:
            raise ProvenanceError("CANDIDATE_TREE_MISMATCH")
        entries = _git(repo_root, "ls-tree", "-rz", "--full-tree", head).split(b"\0")
        source: list[tuple[str, str, str]] = []
        for entry in entries:
            if not entry:
                continue
            meta, name = entry.split(b"\t", 1)
            mode, kind, oid = meta.decode().split()
            path = safe_path(name.decode("utf-8"))
            if path in {SOURCE_MANIFEST_NAME, BUNDLE_MANIFEST_NAME}:
                raise ProvenanceError("RESERVED_GENERATED_METADATA_TRACKED:" + path)
            if kind != "blob" or mode not in {"100644", "100755"}:
                raise ProvenanceError("NON_REGULAR_GIT_SOURCE:" + path)
            source.append((path, mode, oid))
        source.sort()
        if not source or len(source) > MAX_SOURCE_FILES:
            raise ProvenanceError("SOURCE_FILE_COUNT_LIMIT")
    
        object_format = _git(repo_root, "rev-parse", "--show-object-format").decode().strip()
        if object_format not in {"sha1", "sha256"}:
            raise ProvenanceError("UNSUPPORTED_GIT_OBJECT_FORMAT")
        dockerignore_oid = next((oid for path, _, oid in source if path == ".dockerignore"), None)
        dockerignore = _git(repo_root, "cat-file", "blob", dockerignore_oid).decode() if dockerignore_oid else ""
        try:
            from scripts.porota_validate_deploy_artifact import is_runtime_relevant
        except ModuleNotFoundError:
            from porota_validate_deploy_artifact import is_runtime_relevant
        rows = []
        for path, mode, oid in source:
            src = repo_root / path
            for parent in src.parents:
                if parent == repo_root:
                    break
                if parent.is_symlink():
                    raise ProvenanceError("CHECKOUT_SOURCE_PARENT_SYMLINK:" + path)
            try:
                info = src.lstat()
            except OSError as exc:
                raise ProvenanceError("CHECKOUT_SOURCE_UNREADABLE:" + path) from exc
            if not stat.S_ISREG(info.st_mode) or info.st_nlink != 1:
                raise ProvenanceError("NON_REGULAR_CHECKOUT_SOURCE:" + path)
            # Hash the SHA256 and Git blob identity from the same opened bytes.
            # No filters, symlink reads or hash/read TOCTOU gap can authorize bytes.
            raw_sha256 = hashlib.sha256()
            blob_digest = hashlib.new(object_format)
            blob_digest.update(b"blob " + str(info.st_size).encode() + b"\0")
            count = 0
            descriptor = os.open(src, os.O_RDONLY | getattr(os, "O_NOFOLLOW", 0))
            with os.fdopen(descriptor, "rb") as handle:
                opened = os.fstat(handle.fileno())
                if (opened.st_dev, opened.st_ino) != (info.st_dev, info.st_ino):
                    raise ProvenanceError("CHECKOUT_SOURCE_REPLACED:" + path)
                for block in iter(lambda: handle.read(1024 * 1024), b""):
                    raw_sha256.update(block)
                    blob_digest.update(block)
                    count += len(block)
            if count != info.st_size or blob_digest.hexdigest() != oid:
                raise ProvenanceError("CHECKOUT_BYTE_MISMATCH:" + path)
            if stat.S_IMODE(info.st_mode) != canonical_file_mode(mode):
>               raise ProvenanceError("CHECKOUT_MODE_MISMATCH:" + path)
E               scripts.porota_artifact_provenance.ProvenanceError: CHECKOUT_MODE_MISMATCH:.dockerignore

scripts/porota_artifact_provenance.py:252: ProvenanceError
_ ERROR at setup of test_codec_uses_remaining_total_budget_and_expiry_cleans_only_its_private_container _

tmp_path = PosixPath('/workspace/scratch/porota-governed311-9a9b/pytest-private/test_codec_uses_remaining_tota0')

    @pytest.fixture
    def candidate(tmp_path):
        repo = tmp_path / "candidate"
        repo.mkdir()
        for rel, content in {
            "Dockerfile": b"FROM scratch\nCOPY . /app\n",
            ".dockerignore": b"docs/\n*.pdf\n__pycache__/\n*.py[cod]\n",
            "app.py": b"import worker\nVALUE = 7\n",
            "worker.py": b"VALUE = 10\n",
            "ops/policy/paper.json": b'{"mode":"PAPER","real_orders_sent":0}\n',
            "assets/new.runtime.asset": b"automatic enumeration: unknown suffix\n",
            "scripts/run": b"#!/bin/sh\nexit 0\n",
            "tests/test_fixture.py": b"def test_case(): pass\n",
            ".github/workflows/build.yml": b"name: test\n",
            "docs/audit.md": b"Documentation excluded by versioned Docker policy\n",
            "README.md": b"Source includes documentation bytes\n",
        }.items():
            write(repo, rel, content)
        (repo / "scripts/run").chmod(0o755)
        git(repo, "init", "-q")
        git(repo, "config", "user.email", "fixture@example.invalid")
        git(repo, "config", "user.name", "Offline Provenance Test")
        git(repo, "add", ".")
        git(repo, "commit", "-qm", "offline fixture source")
>       manifest = create_source_manifest(repo)
                   ^^^^^^^^^^^^^^^^^^^^^^^^^^^^

tests/test_issue465_provenance.py:64: 
_ _ _ _ _ _ _ _ _ _ _ _ _ _ _ _ _ _ _ _ _ _ _ _ _ _ _ _ _ _ _ _ _ _ _ _ _ _ _ _ 

repo_root = PosixPath('/workspace/scratch/porota-governed311-9a9b/pytest-private/test_codec_uses_remaining_tota0/candidate')
candidate_sha = None, candidate_tree_sha = None

    def create_source_manifest(
        repo_root: Path,
        candidate_sha: str | None = None,
        candidate_tree_sha: str | None = None,
    ) -> dict:
        repo_root = repo_root.resolve()
        head = _git(repo_root, "rev-parse", "HEAD").decode().strip()
        tree = _git(repo_root, "rev-parse", "HEAD^{tree}").decode().strip()
        if candidate_sha is not None and candidate_sha != head:
            raise ProvenanceError("CANDIDATE_SHA_MISMATCH")
        if candidate_tree_sha is not None and candidate_tree_sha != tree:
            raise ProvenanceError("CANDIDATE_TREE_MISMATCH")
        entries = _git(repo_root, "ls-tree", "-rz", "--full-tree", head).split(b"\0")
        source: list[tuple[str, str, str]] = []
        for entry in entries:
            if not entry:
                continue
            meta, name = entry.split(b"\t", 1)
            mode, kind, oid = meta.decode().split()
            path = safe_path(name.decode("utf-8"))
            if path in {SOURCE_MANIFEST_NAME, BUNDLE_MANIFEST_NAME}:
                raise ProvenanceError("RESERVED_GENERATED_METADATA_TRACKED:" + path)
            if kind != "blob" or mode not in {"100644", "100755"}:
                raise ProvenanceError("NON_REGULAR_GIT_SOURCE:" + path)
            source.append((path, mode, oid))
        source.sort()
        if not source or len(source) > MAX_SOURCE_FILES:
            raise ProvenanceError("SOURCE_FILE_COUNT_LIMIT")
    
        object_format = _git(repo_root, "rev-parse", "--show-object-format").decode().strip()
        if object_format not in {"sha1", "sha256"}:
            raise ProvenanceError("UNSUPPORTED_GIT_OBJECT_FORMAT")
        dockerignore_oid = next((oid for path, _, oid in source if path == ".dockerignore"), None)
        dockerignore = _git(repo_root, "cat-file", "blob", dockerignore_oid).decode() if dockerignore_oid else ""
        try:
            from scripts.porota_validate_deploy_artifact import is_runtime_relevant
        except ModuleNotFoundError:
            from porota_validate_deploy_artifact import is_runtime_relevant
        rows = []
        for path, mode, oid in source:
            src = repo_root / path
            for parent in src.parents:
                if parent == repo_root:
                    break
                if parent.is_symlink():
                    raise ProvenanceError("CHECKOUT_SOURCE_PARENT_SYMLINK:" + path)
            try:
                info = src.lstat()
            except OSError as exc:
                raise ProvenanceError("CHECKOUT_SOURCE_UNREADABLE:" + path) from exc
            if not stat.S_ISREG(info.st_mode) or info.st_nlink != 1:
                raise ProvenanceError("NON_REGULAR_CHECKOUT_SOURCE:" + path)
            # Hash the SHA256 and Git blob identity from the same opened bytes.
            # No filters, symlink reads or hash/read TOCTOU gap can authorize bytes.
            raw_sha256 = hashlib.sha256()
            blob_digest = hashlib.new(object_format)
            blob_digest.update(b"blob " + str(info.st_size).encode() + b"\0")
            count = 0
            descriptor = os.open(src, os.O_RDONLY | getattr(os, "O_NOFOLLOW", 0))
            with os.fdopen(descriptor, "rb") as handle:
                opened = os.fstat(handle.fileno())
                if (opened.st_dev, opened.st_ino) != (info.st_dev, info.st_ino):
                    raise ProvenanceError("CHECKOUT_SOURCE_REPLACED:" + path)
                for block in iter(lambda: handle.read(1024 * 1024), b""):
                    raw_sha256.update(block)
                    blob_digest.update(block)
                    count += len(block)
            if count != info.st_size or blob_digest.hexdigest() != oid:
                raise ProvenanceError("CHECKOUT_BYTE_MISMATCH:" + path)
            if stat.S_IMODE(info.st_mode) != canonical_file_mode(mode):
>               raise ProvenanceError("CHECKOUT_MODE_MISMATCH:" + path)
E               scripts.porota_artifact_provenance.ProvenanceError: CHECKOUT_MODE_MISMATCH:.dockerignore

scripts/porota_artifact_provenance.py:252: ProvenanceError
_ ERROR at setup of test_import_timeout_cleans_only_its_private_container_without_starting_codec _

tmp_path = PosixPath('/workspace/scratch/porota-governed311-9a9b/pytest-private/test_import_timeout_cleans_onl0')

    @pytest.fixture
    def candidate(tmp_path):
        repo = tmp_path / "candidate"
        repo.mkdir()
        for rel, content in {
            "Dockerfile": b"FROM scratch\nCOPY . /app\n",
            ".dockerignore": b"docs/\n*.pdf\n__pycache__/\n*.py[cod]\n",
            "app.py": b"import worker\nVALUE = 7\n",
            "worker.py": b"VALUE = 10\n",
            "ops/policy/paper.json": b'{"mode":"PAPER","real_orders_sent":0}\n',
            "assets/new.runtime.asset": b"automatic enumeration: unknown suffix\n",
            "scripts/run": b"#!/bin/sh\nexit 0\n",
            "tests/test_fixture.py": b"def test_case(): pass\n",
            ".github/workflows/build.yml": b"name: test\n",
            "docs/audit.md": b"Documentation excluded by versioned Docker policy\n",
            "README.md": b"Source includes documentation bytes\n",
        }.items():
            write(repo, rel, content)
        (repo / "scripts/run").chmod(0o755)
        git(repo, "init", "-q")
        git(repo, "config", "user.email", "fixture@example.invalid")
        git(repo, "config", "user.name", "Offline Provenance Test")
        git(repo, "add", ".")
        git(repo, "commit", "-qm", "offline fixture source")
>       manifest = create_source_manifest(repo)
                   ^^^^^^^^^^^^^^^^^^^^^^^^^^^^

tests/test_issue465_provenance.py:64: 
_ _ _ _ _ _ _ _ _ _ _ _ _ _ _ _ _ _ _ _ _ _ _ _ _ _ _ _ _ _ _ _ _ _ _ _ _ _ _ _ 

repo_root = PosixPath('/workspace/scratch/porota-governed311-9a9b/pytest-private/test_import_timeout_cleans_onl0/candidate')
candidate_sha = None, candidate_tree_sha = None

    def create_source_manifest(
        repo_root: Path,
        candidate_sha: str | None = None,
        candidate_tree_sha: str | None = None,
    ) -> dict:
        repo_root = repo_root.resolve()
        head = _git(repo_root, "rev-parse", "HEAD").decode().strip()
        tree = _git(repo_root, "rev-parse", "HEAD^{tree}").decode().strip()
        if candidate_sha is not None and candidate_sha != head:
            raise ProvenanceError("CANDIDATE_SHA_MISMATCH")
        if candidate_tree_sha is not None and candidate_tree_sha != tree:
            raise ProvenanceError("CANDIDATE_TREE_MISMATCH")
        entries = _git(repo_root, "ls-tree", "-rz", "--full-tree", head).split(b"\0")
        source: list[tuple[str, str, str]] = []
        for entry in entries:
            if not entry:
                continue
            meta, name = entry.split(b"\t", 1)
            mode, kind, oid = meta.decode().split()
            path = safe_path(name.decode("utf-8"))
            if path in {SOURCE_MANIFEST_NAME, BUNDLE_MANIFEST_NAME}:
                raise ProvenanceError("RESERVED_GENERATED_METADATA_TRACKED:" + path)
            if kind != "blob" or mode not in {"100644", "100755"}:
                raise ProvenanceError("NON_REGULAR_GIT_SOURCE:" + path)
            source.append((path, mode, oid))
        source.sort()
        if not source or len(source) > MAX_SOURCE_FILES:
            raise ProvenanceError("SOURCE_FILE_COUNT_LIMIT")
    
        object_format = _git(repo_root, "rev-parse", "--show-object-format").decode().strip()
        if object_format not in {"sha1", "sha256"}:
            raise ProvenanceError("UNSUPPORTED_GIT_OBJECT_FORMAT")
        dockerignore_oid = next((oid for path, _, oid in source if path == ".dockerignore"), None)
        dockerignore = _git(repo_root, "cat-file", "blob", dockerignore_oid).decode() if dockerignore_oid else ""
        try:
            from scripts.porota_validate_deploy_artifact import is_runtime_relevant
        except ModuleNotFoundError:
            from porota_validate_deploy_artifact import is_runtime_relevant
        rows = []
        for path, mode, oid in source:
            src = repo_root / path
            for parent in src.parents:
                if parent == repo_root:
                    break
                if parent.is_symlink():
                    raise ProvenanceError("CHECKOUT_SOURCE_PARENT_SYMLINK:" + path)
            try:
                info = src.lstat()
            except OSError as exc:
                raise ProvenanceError("CHECKOUT_SOURCE_UNREADABLE:" + path) from exc
            if not stat.S_ISREG(info.st_mode) or info.st_nlink != 1:
                raise ProvenanceError("NON_REGULAR_CHECKOUT_SOURCE:" + path)
            # Hash the SHA256 and Git blob identity from the same opened bytes.
            # No filters, symlink reads or hash/read TOCTOU gap can authorize bytes.
            raw_sha256 = hashlib.sha256()
            blob_digest = hashlib.new(object_format)
            blob_digest.update(b"blob " + str(info.st_size).encode() + b"\0")
            count = 0
            descriptor = os.open(src, os.O_RDONLY | getattr(os, "O_NOFOLLOW", 0))
            with os.fdopen(descriptor, "rb") as handle:
                opened = os.fstat(handle.fileno())
                if (opened.st_dev, opened.st_ino) != (info.st_dev, info.st_ino):
                    raise ProvenanceError("CHECKOUT_SOURCE_REPLACED:" + path)
                for block in iter(lambda: handle.read(1024 * 1024), b""):
                    raw_sha256.update(block)
                    blob_digest.update(block)
                    count += len(block)
            if count != info.st_size or blob_digest.hexdigest() != oid:
                raise ProvenanceError("CHECKOUT_BYTE_MISMATCH:" + path)
            if stat.S_IMODE(info.st_mode) != canonical_file_mode(mode):
>               raise ProvenanceError("CHECKOUT_MODE_MISMATCH:" + path)
E               scripts.porota_artifact_provenance.ProvenanceError: CHECKOUT_MODE_MISMATCH:.dockerignore

scripts/porota_artifact_provenance.py:252: ProvenanceError
_ ERROR at setup of test_failed_or_boolean_import_cleanup_cannot_claim_container_termination[1] _

tmp_path = PosixPath('/workspace/scratch/porota-governed311-9a9b/pytest-private/test_failed_or_boolean_import_0')

    @pytest.fixture
    def candidate(tmp_path):
        repo = tmp_path / "candidate"
        repo.mkdir()
        for rel, content in {
            "Dockerfile": b"FROM scratch\nCOPY . /app\n",
            ".dockerignore": b"docs/\n*.pdf\n__pycache__/\n*.py[cod]\n",
            "app.py": b"import worker\nVALUE = 7\n",
            "worker.py": b"VALUE = 10\n",
            "ops/policy/paper.json": b'{"mode":"PAPER","real_orders_sent":0}\n',
            "assets/new.runtime.asset": b"automatic enumeration: unknown suffix\n",
            "scripts/run": b"#!/bin/sh\nexit 0\n",
            "tests/test_fixture.py": b"def test_case(): pass\n",
            ".github/workflows/build.yml": b"name: test\n",
            "docs/audit.md": b"Documentation excluded by versioned Docker policy\n",
            "README.md": b"Source includes documentation bytes\n",
        }.items():
            write(repo, rel, content)
        (repo / "scripts/run").chmod(0o755)
        git(repo, "init", "-q")
        git(repo, "config", "user.email", "fixture@example.invalid")
        git(repo, "config", "user.name", "Offline Provenance Test")
        git(repo, "add", ".")
        git(repo, "commit", "-qm", "offline fixture source")
>       manifest = create_source_manifest(repo)
                   ^^^^^^^^^^^^^^^^^^^^^^^^^^^^

tests/test_issue465_provenance.py:64: 
_ _ _ _ _ _ _ _ _ _ _ _ _ _ _ _ _ _ _ _ _ _ _ _ _ _ _ _ _ _ _ _ _ _ _ _ _ _ _ _ 

repo_root = PosixPath('/workspace/scratch/porota-governed311-9a9b/pytest-private/test_failed_or_boolean_import_0/candidate')
candidate_sha = None, candidate_tree_sha = None

    def create_source_manifest(
        repo_root: Path,
        candidate_sha: str | None = None,
        candidate_tree_sha: str | None = None,
    ) -> dict:
        repo_root = repo_root.resolve()
        head = _git(repo_root, "rev-parse", "HEAD").decode().strip()
        tree = _git(repo_root, "rev-parse", "HEAD^{tree}").decode().strip()
        if candidate_sha is not None and candidate_sha != head:
            raise ProvenanceError("CANDIDATE_SHA_MISMATCH")
        if candidate_tree_sha is not None and candidate_tree_sha != tree:
            raise ProvenanceError("CANDIDATE_TREE_MISMATCH")
        entries = _git(repo_root, "ls-tree", "-rz", "--full-tree", head).split(b"\0")
        source: list[tuple[str, str, str]] = []
        for entry in entries:
            if not entry:
                continue
            meta, name = entry.split(b"\t", 1)
            mode, kind, oid = meta.decode().split()
            path = safe_path(name.decode("utf-8"))
            if path in {SOURCE_MANIFEST_NAME, BUNDLE_MANIFEST_NAME}:
                raise ProvenanceError("RESERVED_GENERATED_METADATA_TRACKED:" + path)
            if kind != "blob" or mode not in {"100644", "100755"}:
                raise ProvenanceError("NON_REGULAR_GIT_SOURCE:" + path)
            source.append((path, mode, oid))
        source.sort()
        if not source or len(source) > MAX_SOURCE_FILES:
            raise ProvenanceError("SOURCE_FILE_COUNT_LIMIT")
    
        object_format = _git(repo_root, "rev-parse", "--show-object-format").decode().strip()
        if object_format not in {"sha1", "sha256"}:
            raise ProvenanceError("UNSUPPORTED_GIT_OBJECT_FORMAT")
        dockerignore_oid = next((oid for path, _, oid in source if path == ".dockerignore"), None)
        dockerignore = _git(repo_root, "cat-file", "blob", dockerignore_oid).decode() if dockerignore_oid else ""
        try:
            from scripts.porota_validate_deploy_artifact import is_runtime_relevant
        except ModuleNotFoundError:
            from porota_validate_deploy_artifact import is_runtime_relevant
        rows = []
        for path, mode, oid in source:
            src = repo_root / path
            for parent in src.parents:
                if parent == repo_root:
                    break
                if parent.is_symlink():
                    raise ProvenanceError("CHECKOUT_SOURCE_PARENT_SYMLINK:" + path)
            try:
                info = src.lstat()
            except OSError as exc:
                raise ProvenanceError("CHECKOUT_SOURCE_UNREADABLE:" + path) from exc
            if not stat.S_ISREG(info.st_mode) or info.st_nlink != 1:
                raise ProvenanceError("NON_REGULAR_CHECKOUT_SOURCE:" + path)
            # Hash the SHA256 and Git blob identity from the same opened bytes.
            # No filters, symlink reads or hash/read TOCTOU gap can authorize bytes.
            raw_sha256 = hashlib.sha256()
            blob_digest = hashlib.new(object_format)
            blob_digest.update(b"blob " + str(info.st_size).encode() + b"\0")
            count = 0
            descriptor = os.open(src, os.O_RDONLY | getattr(os, "O_NOFOLLOW", 0))
            with os.fdopen(descriptor, "rb") as handle:
                opened = os.fstat(handle.fileno())
                if (opened.st_dev, opened.st_ino) != (info.st_dev, info.st_ino):
                    raise ProvenanceError("CHECKOUT_SOURCE_REPLACED:" + path)
                for block in iter(lambda: handle.read(1024 * 1024), b""):
                    raw_sha256.update(block)
                    blob_digest.update(block)
                    count += len(block)
            if count != info.st_size or blob_digest.hexdigest() != oid:
                raise ProvenanceError("CHECKOUT_BYTE_MISMATCH:" + path)
            if stat.S_IMODE(info.st_mode) != canonical_file_mode(mode):
>               raise ProvenanceError("CHECKOUT_MODE_MISMATCH:" + path)
E               scripts.porota_artifact_provenance.ProvenanceError: CHECKOUT_MODE_MISMATCH:.dockerignore

scripts/porota_artifact_provenance.py:252: ProvenanceError
_ ERROR at setup of test_failed_or_boolean_import_cleanup_cannot_claim_container_termination[False] _

tmp_path = PosixPath('/workspace/scratch/porota-governed311-9a9b/pytest-private/test_failed_or_boolean_import_1')

    @pytest.fixture
    def candidate(tmp_path):
        repo = tmp_path / "candidate"
        repo.mkdir()
        for rel, content in {
            "Dockerfile": b"FROM scratch\nCOPY . /app\n",
            ".dockerignore": b"docs/\n*.pdf\n__pycache__/\n*.py[cod]\n",
            "app.py": b"import worker\nVALUE = 7\n",
            "worker.py": b"VALUE = 10\n",
            "ops/policy/paper.json": b'{"mode":"PAPER","real_orders_sent":0}\n',
            "assets/new.runtime.asset": b"automatic enumeration: unknown suffix\n",
            "scripts/run": b"#!/bin/sh\nexit 0\n",
            "tests/test_fixture.py": b"def test_case(): pass\n",
            ".github/workflows/build.yml": b"name: test\n",
            "docs/audit.md": b"Documentation excluded by versioned Docker policy\n",
            "README.md": b"Source includes documentation bytes\n",
        }.items():
            write(repo, rel, content)
        (repo / "scripts/run").chmod(0o755)
        git(repo, "init", "-q")
        git(repo, "config", "user.email", "fixture@example.invalid")
        git(repo, "config", "user.name", "Offline Provenance Test")
        git(repo, "add", ".")
        git(repo, "commit", "-qm", "offline fixture source")
>       manifest = create_source_manifest(repo)
                   ^^^^^^^^^^^^^^^^^^^^^^^^^^^^

tests/test_issue465_provenance.py:64: 
_ _ _ _ _ _ _ _ _ _ _ _ _ _ _ _ _ _ _ _ _ _ _ _ _ _ _ _ _ _ _ _ _ _ _ _ _ _ _ _ 

repo_root = PosixPath('/workspace/scratch/porota-governed311-9a9b/pytest-private/test_failed_or_boolean_import_1/candidate')
candidate_sha = None, candidate_tree_sha = None

    def create_source_manifest(
        repo_root: Path,
        candidate_sha: str | None = None,
        candidate_tree_sha: str | None = None,
    ) -> dict:
        repo_root = repo_root.resolve()
        head = _git(repo_root, "rev-parse", "HEAD").decode().strip()
        tree = _git(repo_root, "rev-parse", "HEAD^{tree}").decode().strip()
        if candidate_sha is not None and candidate_sha != head:
            raise ProvenanceError("CANDIDATE_SHA_MISMATCH")
        if candidate_tree_sha is not None and candidate_tree_sha != tree:
            raise ProvenanceError("CANDIDATE_TREE_MISMATCH")
        entries = _git(repo_root, "ls-tree", "-rz", "--full-tree", head).split(b"\0")
        source: list[tuple[str, str, str]] = []
        for entry in entries:
            if not entry:
                continue
            meta, name = entry.split(b"\t", 1)
            mode, kind, oid = meta.decode().split()
            path = safe_path(name.decode("utf-8"))
            if path in {SOURCE_MANIFEST_NAME, BUNDLE_MANIFEST_NAME}:
                raise ProvenanceError("RESERVED_GENERATED_METADATA_TRACKED:" + path)
            if kind != "blob" or mode not in {"100644", "100755"}:
                raise ProvenanceError("NON_REGULAR_GIT_SOURCE:" + path)
            source.append((path, mode, oid))
        source.sort()
        if not source or len(source) > MAX_SOURCE_FILES:
            raise ProvenanceError("SOURCE_FILE_COUNT_LIMIT")
    
        object_format = _git(repo_root, "rev-parse", "--show-object-format").decode().strip()
        if object_format not in {"sha1", "sha256"}:
            raise ProvenanceError("UNSUPPORTED_GIT_OBJECT_FORMAT")
        dockerignore_oid = next((oid for path, _, oid in source if path == ".dockerignore"), None)
        dockerignore = _git(repo_root, "cat-file", "blob", dockerignore_oid).decode() if dockerignore_oid else ""
        try:
            from scripts.porota_validate_deploy_artifact import is_runtime_relevant
        except ModuleNotFoundError:
            from porota_validate_deploy_artifact import is_runtime_relevant
        rows = []
        for path, mode, oid in source:
            src = repo_root / path
            for parent in src.parents:
                if parent == repo_root:
                    break
                if parent.is_symlink():
                    raise ProvenanceError("CHECKOUT_SOURCE_PARENT_SYMLINK:" + path)
            try:
                info = src.lstat()
            except OSError as exc:
                raise ProvenanceError("CHECKOUT_SOURCE_UNREADABLE:" + path) from exc
            if not stat.S_ISREG(info.st_mode) or info.st_nlink != 1:
                raise ProvenanceError("NON_REGULAR_CHECKOUT_SOURCE:" + path)
            # Hash the SHA256 and Git blob identity from the same opened bytes.
            # No filters, symlink reads or hash/read TOCTOU gap can authorize bytes.
            raw_sha256 = hashlib.sha256()
            blob_digest = hashlib.new(object_format)
            blob_digest.update(b"blob " + str(info.st_size).encode() + b"\0")
            count = 0
            descriptor = os.open(src, os.O_RDONLY | getattr(os, "O_NOFOLLOW", 0))
            with os.fdopen(descriptor, "rb") as handle:
                opened = os.fstat(handle.fileno())
                if (opened.st_dev, opened.st_ino) != (info.st_dev, info.st_ino):
                    raise ProvenanceError("CHECKOUT_SOURCE_REPLACED:" + path)
                for block in iter(lambda: handle.read(1024 * 1024), b""):
                    raw_sha256.update(block)
                    blob_digest.update(block)
                    count += len(block)
            if count != info.st_size or blob_digest.hexdigest() != oid:
                raise ProvenanceError("CHECKOUT_BYTE_MISMATCH:" + path)
            if stat.S_IMODE(info.st_mode) != canonical_file_mode(mode):
>               raise ProvenanceError("CHECKOUT_MODE_MISMATCH:" + path)
E               scripts.porota_artifact_provenance.ProvenanceError: CHECKOUT_MODE_MISMATCH:.dockerignore

scripts/porota_artifact_provenance.py:252: ProvenanceError
_ ERROR at setup of test_main_rejects_total_expiry_during_context_cleanup_and_preserves_emitted_raw _

tmp_path = PosixPath('/workspace/scratch/porota-governed311-9a9b/pytest-private/test_main_rejects_total_expiry0')

    @pytest.fixture
    def candidate(tmp_path):
        repo = tmp_path / "candidate"
        repo.mkdir()
        for rel, content in {
            "Dockerfile": b"FROM scratch\nCOPY . /app\n",
            ".dockerignore": b"docs/\n*.pdf\n__pycache__/\n*.py[cod]\n",
            "app.py": b"import worker\nVALUE = 7\n",
            "worker.py": b"VALUE = 10\n",
            "ops/policy/paper.json": b'{"mode":"PAPER","real_orders_sent":0}\n',
            "assets/new.runtime.asset": b"automatic enumeration: unknown suffix\n",
            "scripts/run": b"#!/bin/sh\nexit 0\n",
            "tests/test_fixture.py": b"def test_case(): pass\n",
            ".github/workflows/build.yml": b"name: test\n",
            "docs/audit.md": b"Documentation excluded by versioned Docker policy\n",
            "README.md": b"Source includes documentation bytes\n",
        }.items():
            write(repo, rel, content)
        (repo / "scripts/run").chmod(0o755)
        git(repo, "init", "-q")
        git(repo, "config", "user.email", "fixture@example.invalid")
        git(repo, "config", "user.name", "Offline Provenance Test")
        git(repo, "add", ".")
        git(repo, "commit", "-qm", "offline fixture source")
>       manifest = create_source_manifest(repo)
                   ^^^^^^^^^^^^^^^^^^^^^^^^^^^^

tests/test_issue465_provenance.py:64: 
_ _ _ _ _ _ _ _ _ _ _ _ _ _ _ _ _ _ _ _ _ _ _ _ _ _ _ _ _ _ _ _ _ _ _ _ _ _ _ _ 

repo_root = PosixPath('/workspace/scratch/porota-governed311-9a9b/pytest-private/test_main_rejects_total_expiry0/candidate')
candidate_sha = None, candidate_tree_sha = None

    def create_source_manifest(
        repo_root: Path,
        candidate_sha: str | None = None,
        candidate_tree_sha: str | None = None,
    ) -> dict:
        repo_root = repo_root.resolve()
        head = _git(repo_root, "rev-parse", "HEAD").decode().strip()
        tree = _git(repo_root, "rev-parse", "HEAD^{tree}").decode().strip()
        if candidate_sha is not None and candidate_sha != head:
            raise ProvenanceError("CANDIDATE_SHA_MISMATCH")
        if candidate_tree_sha is not None and candidate_tree_sha != tree:
            raise ProvenanceError("CANDIDATE_TREE_MISMATCH")
        entries = _git(repo_root, "ls-tree", "-rz", "--full-tree", head).split(b"\0")
        source: list[tuple[str, str, str]] = []
        for entry in entries:
            if not entry:
                continue
            meta, name = entry.split(b"\t", 1)
            mode, kind, oid = meta.decode().split()
            path = safe_path(name.decode("utf-8"))
            if path in {SOURCE_MANIFEST_NAME, BUNDLE_MANIFEST_NAME}:
                raise ProvenanceError("RESERVED_GENERATED_METADATA_TRACKED:" + path)
            if kind != "blob" or mode not in {"100644", "100755"}:
                raise ProvenanceError("NON_REGULAR_GIT_SOURCE:" + path)
            source.append((path, mode, oid))
        source.sort()
        if not source or len(source) > MAX_SOURCE_FILES:
            raise ProvenanceError("SOURCE_FILE_COUNT_LIMIT")
    
        object_format = _git(repo_root, "rev-parse", "--show-object-format").decode().strip()
        if object_format not in {"sha1", "sha256"}:
            raise ProvenanceError("UNSUPPORTED_GIT_OBJECT_FORMAT")
        dockerignore_oid = next((oid for path, _, oid in source if path == ".dockerignore"), None)
        dockerignore = _git(repo_root, "cat-file", "blob", dockerignore_oid).decode() if dockerignore_oid else ""
        try:
            from scripts.porota_validate_deploy_artifact import is_runtime_relevant
        except ModuleNotFoundError:
            from porota_validate_deploy_artifact import is_runtime_relevant
        rows = []
        for path, mode, oid in source:
            src = repo_root / path
            for parent in src.parents:
                if parent == repo_root:
                    break
                if parent.is_symlink():
                    raise ProvenanceError("CHECKOUT_SOURCE_PARENT_SYMLINK:" + path)
            try:
                info = src.lstat()
            except OSError as exc:
                raise ProvenanceError("CHECKOUT_SOURCE_UNREADABLE:" + path) from exc
            if not stat.S_ISREG(info.st_mode) or info.st_nlink != 1:
                raise ProvenanceError("NON_REGULAR_CHECKOUT_SOURCE:" + path)
            # Hash the SHA256 and Git blob identity from the same opened bytes.
            # No filters, symlink reads or hash/read TOCTOU gap can authorize bytes.
            raw_sha256 = hashlib.sha256()
            blob_digest = hashlib.new(object_format)
            blob_digest.update(b"blob " + str(info.st_size).encode() + b"\0")
            count = 0
            descriptor = os.open(src, os.O_RDONLY | getattr(os, "O_NOFOLLOW", 0))
            with os.fdopen(descriptor, "rb") as handle:
                opened = os.fstat(handle.fileno())
                if (opened.st_dev, opened.st_ino) != (info.st_dev, info.st_ino):
                    raise ProvenanceError("CHECKOUT_SOURCE_REPLACED:" + path)
                for block in iter(lambda: handle.read(1024 * 1024), b""):
                    raw_sha256.update(block)
                    blob_digest.update(block)
                    count += len(block)
            if count != info.st_size or blob_digest.hexdigest() != oid:
                raise ProvenanceError("CHECKOUT_BYTE_MISMATCH:" + path)
            if stat.S_IMODE(info.st_mode) != canonical_file_mode(mode):
>               raise ProvenanceError("CHECKOUT_MODE_MISMATCH:" + path)
E               scripts.porota_artifact_provenance.ProvenanceError: CHECKOUT_MODE_MISMATCH:.dockerignore

scripts/porota_artifact_provenance.py:252: ProvenanceError
_ ERROR at setup of test_main_completes_cleanup_and_flushed_result_within_original_total_budget _

tmp_path = PosixPath('/workspace/scratch/porota-governed311-9a9b/pytest-private/test_main_completes_cleanup_an0')

    @pytest.fixture
    def candidate(tmp_path):
        repo = tmp_path / "candidate"
        repo.mkdir()
        for rel, content in {
            "Dockerfile": b"FROM scratch\nCOPY . /app\n",
            ".dockerignore": b"docs/\n*.pdf\n__pycache__/\n*.py[cod]\n",
            "app.py": b"import worker\nVALUE = 7\n",
            "worker.py": b"VALUE = 10\n",
            "ops/policy/paper.json": b'{"mode":"PAPER","real_orders_sent":0}\n',
            "assets/new.runtime.asset": b"automatic enumeration: unknown suffix\n",
            "scripts/run": b"#!/bin/sh\nexit 0\n",
            "tests/test_fixture.py": b"def test_case(): pass\n",
            ".github/workflows/build.yml": b"name: test\n",
            "docs/audit.md": b"Documentation excluded by versioned Docker policy\n",
            "README.md": b"Source includes documentation bytes\n",
        }.items():
            write(repo, rel, content)
        (repo / "scripts/run").chmod(0o755)
        git(repo, "init", "-q")
        git(repo, "config", "user.email", "fixture@example.invalid")
        git(repo, "config", "user.name", "Offline Provenance Test")
        git(repo, "add", ".")
        git(repo, "commit", "-qm", "offline fixture source")
>       manifest = create_source_manifest(repo)
                   ^^^^^^^^^^^^^^^^^^^^^^^^^^^^

tests/test_issue465_provenance.py:64: 
_ _ _ _ _ _ _ _ _ _ _ _ _ _ _ _ _ _ _ _ _ _ _ _ _ _ _ _ _ _ _ _ _ _ _ _ _ _ _ _ 

repo_root = PosixPath('/workspace/scratch/porota-governed311-9a9b/pytest-private/test_main_completes_cleanup_an0/candidate')
candidate_sha = None, candidate_tree_sha = None

    def create_source_manifest(
        repo_root: Path,
        candidate_sha: str | None = None,
        candidate_tree_sha: str | None = None,
    ) -> dict:
        repo_root = repo_root.resolve()
        head = _git(repo_root, "rev-parse", "HEAD").decode().strip()
        tree = _git(repo_root, "rev-parse", "HEAD^{tree}").decode().strip()
        if candidate_sha is not None and candidate_sha != head:
            raise ProvenanceError("CANDIDATE_SHA_MISMATCH")
        if candidate_tree_sha is not None and candidate_tree_sha != tree:
            raise ProvenanceError("CANDIDATE_TREE_MISMATCH")
        entries = _git(repo_root, "ls-tree", "-rz", "--full-tree", head).split(b"\0")
        source: list[tuple[str, str, str]] = []
        for entry in entries:
            if not entry:
                continue
            meta, name = entry.split(b"\t", 1)
            mode, kind, oid = meta.decode().split()
            path = safe_path(name.decode("utf-8"))
            if path in {SOURCE_MANIFEST_NAME, BUNDLE_MANIFEST_NAME}:
                raise ProvenanceError("RESERVED_GENERATED_METADATA_TRACKED:" + path)
            if kind != "blob" or mode not in {"100644", "100755"}:
                raise ProvenanceError("NON_REGULAR_GIT_SOURCE:" + path)
            source.append((path, mode, oid))
        source.sort()
        if not source or len(source) > MAX_SOURCE_FILES:
            raise ProvenanceError("SOURCE_FILE_COUNT_LIMIT")
    
        object_format = _git(repo_root, "rev-parse", "--show-object-format").decode().strip()
        if object_format not in {"sha1", "sha256"}:
            raise ProvenanceError("UNSUPPORTED_GIT_OBJECT_FORMAT")
        dockerignore_oid = next((oid for path, _, oid in source if path == ".dockerignore"), None)
        dockerignore = _git(repo_root, "cat-file", "blob", dockerignore_oid).decode() if dockerignore_oid else ""
        try:
            from scripts.porota_validate_deploy_artifact import is_runtime_relevant
        except ModuleNotFoundError:
            from porota_validate_deploy_artifact import is_runtime_relevant
        rows = []
        for path, mode, oid in source:
            src = repo_root / path
            for parent in src.parents:
                if parent == repo_root:
                    break
                if parent.is_symlink():
                    raise ProvenanceError("CHECKOUT_SOURCE_PARENT_SYMLINK:" + path)
            try:
                info = src.lstat()
            except OSError as exc:
                raise ProvenanceError("CHECKOUT_SOURCE_UNREADABLE:" + path) from exc
            if not stat.S_ISREG(info.st_mode) or info.st_nlink != 1:
                raise ProvenanceError("NON_REGULAR_CHECKOUT_SOURCE:" + path)
            # Hash the SHA256 and Git blob identity from the same opened bytes.
            # No filters, symlink reads or hash/read TOCTOU gap can authorize bytes.
            raw_sha256 = hashlib.sha256()
            blob_digest = hashlib.new(object_format)
            blob_digest.update(b"blob " + str(info.st_size).encode() + b"\0")
            count = 0
            descriptor = os.open(src, os.O_RDONLY | getattr(os, "O_NOFOLLOW", 0))
            with os.fdopen(descriptor, "rb") as handle:
                opened = os.fstat(handle.fileno())
                if (opened.st_dev, opened.st_ino) != (info.st_dev, info.st_ino):
                    raise ProvenanceError("CHECKOUT_SOURCE_REPLACED:" + path)
                for block in iter(lambda: handle.read(1024 * 1024), b""):
                    raw_sha256.update(block)
                    blob_digest.update(block)
                    count += len(block)
            if count != info.st_size or blob_digest.hexdigest() != oid:
                raise ProvenanceError("CHECKOUT_BYTE_MISMATCH:" + path)
            if stat.S_IMODE(info.st_mode) != canonical_file_mode(mode):
>               raise ProvenanceError("CHECKOUT_MODE_MISMATCH:" + path)
E               scripts.porota_artifact_provenance.ProvenanceError: CHECKOUT_MODE_MISMATCH:.dockerignore

scripts/porota_artifact_provenance.py:252: ProvenanceError
_ ERROR at setup of test_main_cannot_certify_late_result_or_flush_and_keeps_alarm_active[json_write] _

tmp_path = PosixPath('/workspace/scratch/porota-governed311-9a9b/pytest-private/test_main_cannot_certify_late_0')

    @pytest.fixture
    def candidate(tmp_path):
        repo = tmp_path / "candidate"
        repo.mkdir()
        for rel, content in {
            "Dockerfile": b"FROM scratch\nCOPY . /app\n",
            ".dockerignore": b"docs/\n*.pdf\n__pycache__/\n*.py[cod]\n",
            "app.py": b"import worker\nVALUE = 7\n",
            "worker.py": b"VALUE = 10\n",
            "ops/policy/paper.json": b'{"mode":"PAPER","real_orders_sent":0}\n',
            "assets/new.runtime.asset": b"automatic enumeration: unknown suffix\n",
            "scripts/run": b"#!/bin/sh\nexit 0\n",
            "tests/test_fixture.py": b"def test_case(): pass\n",
            ".github/workflows/build.yml": b"name: test\n",
            "docs/audit.md": b"Documentation excluded by versioned Docker policy\n",
            "README.md": b"Source includes documentation bytes\n",
        }.items():
            write(repo, rel, content)
        (repo / "scripts/run").chmod(0o755)
        git(repo, "init", "-q")
        git(repo, "config", "user.email", "fixture@example.invalid")
        git(repo, "config", "user.name", "Offline Provenance Test")
        git(repo, "add", ".")
        git(repo, "commit", "-qm", "offline fixture source")
>       manifest = create_source_manifest(repo)
                   ^^^^^^^^^^^^^^^^^^^^^^^^^^^^

tests/test_issue465_provenance.py:64: 
_ _ _ _ _ _ _ _ _ _ _ _ _ _ _ _ _ _ _ _ _ _ _ _ _ _ _ _ _ _ _ _ _ _ _ _ _ _ _ _ 

repo_root = PosixPath('/workspace/scratch/porota-governed311-9a9b/pytest-private/test_main_cannot_certify_late_0/candidate')
candidate_sha = None, candidate_tree_sha = None

    def create_source_manifest(
        repo_root: Path,
        candidate_sha: str | None = None,
        candidate_tree_sha: str | None = None,
    ) -> dict:
        repo_root = repo_root.resolve()
        head = _git(repo_root, "rev-parse", "HEAD").decode().strip()
        tree = _git(repo_root, "rev-parse", "HEAD^{tree}").decode().strip()
        if candidate_sha is not None and candidate_sha != head:
            raise ProvenanceError("CANDIDATE_SHA_MISMATCH")
        if candidate_tree_sha is not None and candidate_tree_sha != tree:
            raise ProvenanceError("CANDIDATE_TREE_MISMATCH")
        entries = _git(repo_root, "ls-tree", "-rz", "--full-tree", head).split(b"\0")
        source: list[tuple[str, str, str]] = []
        for entry in entries:
            if not entry:
                continue
            meta, name = entry.split(b"\t", 1)
            mode, kind, oid = meta.decode().split()
            path = safe_path(name.decode("utf-8"))
            if path in {SOURCE_MANIFEST_NAME, BUNDLE_MANIFEST_NAME}:
                raise ProvenanceError("RESERVED_GENERATED_METADATA_TRACKED:" + path)
            if kind != "blob" or mode not in {"100644", "100755"}:
                raise ProvenanceError("NON_REGULAR_GIT_SOURCE:" + path)
            source.append((path, mode, oid))
        source.sort()
        if not source or len(source) > MAX_SOURCE_FILES:
            raise ProvenanceError("SOURCE_FILE_COUNT_LIMIT")
    
        object_format = _git(repo_root, "rev-parse", "--show-object-format").decode().strip()
        if object_format not in {"sha1", "sha256"}:
            raise ProvenanceError("UNSUPPORTED_GIT_OBJECT_FORMAT")
        dockerignore_oid = next((oid for path, _, oid in source if path == ".dockerignore"), None)
        dockerignore = _git(repo_root, "cat-file", "blob", dockerignore_oid).decode() if dockerignore_oid else ""
        try:
            from scripts.porota_validate_deploy_artifact import is_runtime_relevant
        except ModuleNotFoundError:
            from porota_validate_deploy_artifact import is_runtime_relevant
        rows = []
        for path, mode, oid in source:
            src = repo_root / path
            for parent in src.parents:
                if parent == repo_root:
                    break
                if parent.is_symlink():
                    raise ProvenanceError("CHECKOUT_SOURCE_PARENT_SYMLINK:" + path)
            try:
                info = src.lstat()
            except OSError as exc:
                raise ProvenanceError("CHECKOUT_SOURCE_UNREADABLE:" + path) from exc
            if not stat.S_ISREG(info.st_mode) or info.st_nlink != 1:
                raise ProvenanceError("NON_REGULAR_CHECKOUT_SOURCE:" + path)
            # Hash the SHA256 and Git blob identity from the same opened bytes.
            # No filters, symlink reads or hash/read TOCTOU gap can authorize bytes.
            raw_sha256 = hashlib.sha256()
            blob_digest = hashlib.new(object_format)
            blob_digest.update(b"blob " + str(info.st_size).encode() + b"\0")
            count = 0
            descriptor = os.open(src, os.O_RDONLY | getattr(os, "O_NOFOLLOW", 0))
            with os.fdopen(descriptor, "rb") as handle:
                opened = os.fstat(handle.fileno())
                if (opened.st_dev, opened.st_ino) != (info.st_dev, info.st_ino):
                    raise ProvenanceError("CHECKOUT_SOURCE_REPLACED:" + path)
                for block in iter(lambda: handle.read(1024 * 1024), b""):
                    raw_sha256.update(block)
                    blob_digest.update(block)
                    count += len(block)
            if count != info.st_size or blob_digest.hexdigest() != oid:
                raise ProvenanceError("CHECKOUT_BYTE_MISMATCH:" + path)
            if stat.S_IMODE(info.st_mode) != canonical_file_mode(mode):
>               raise ProvenanceError("CHECKOUT_MODE_MISMATCH:" + path)
E               scripts.porota_artifact_provenance.ProvenanceError: CHECKOUT_MODE_MISMATCH:.dockerignore

scripts/porota_artifact_provenance.py:252: ProvenanceError
_ ERROR at setup of test_main_cannot_certify_late_result_or_flush_and_keeps_alarm_active[json_flush] _

tmp_path = PosixPath('/workspace/scratch/porota-governed311-9a9b/pytest-private/test_main_cannot_certify_late_1')

    @pytest.fixture
    def candidate(tmp_path):
        repo = tmp_path / "candidate"
        repo.mkdir()
        for rel, content in {
            "Dockerfile": b"FROM scratch\nCOPY . /app\n",
            ".dockerignore": b"docs/\n*.pdf\n__pycache__/\n*.py[cod]\n",
            "app.py": b"import worker\nVALUE = 7\n",
            "worker.py": b"VALUE = 10\n",
            "ops/policy/paper.json": b'{"mode":"PAPER","real_orders_sent":0}\n',
            "assets/new.runtime.asset": b"automatic enumeration: unknown suffix\n",
            "scripts/run": b"#!/bin/sh\nexit 0\n",
            "tests/test_fixture.py": b"def test_case(): pass\n",
            ".github/workflows/build.yml": b"name: test\n",
            "docs/audit.md": b"Documentation excluded by versioned Docker policy\n",
            "README.md": b"Source includes documentation bytes\n",
        }.items():
            write(repo, rel, content)
        (repo / "scripts/run").chmod(0o755)
        git(repo, "init", "-q")
        git(repo, "config", "user.email", "fixture@example.invalid")
        git(repo, "config", "user.name", "Offline Provenance Test")
        git(repo, "add", ".")
        git(repo, "commit", "-qm", "offline fixture source")
>       manifest = create_source_manifest(repo)
                   ^^^^^^^^^^^^^^^^^^^^^^^^^^^^

tests/test_issue465_provenance.py:64: 
_ _ _ _ _ _ _ _ _ _ _ _ _ _ _ _ _ _ _ _ _ _ _ _ _ _ _ _ _ _ _ _ _ _ _ _ _ _ _ _ 

repo_root = PosixPath('/workspace/scratch/porota-governed311-9a9b/pytest-private/test_main_cannot_certify_late_1/candidate')
candidate_sha = None, candidate_tree_sha = None

    def create_source_manifest(
        repo_root: Path,
        candidate_sha: str | None = None,
        candidate_tree_sha: str | None = None,
    ) -> dict:
        repo_root = repo_root.resolve()
        head = _git(repo_root, "rev-parse", "HEAD").decode().strip()
        tree = _git(repo_root, "rev-parse", "HEAD^{tree}").decode().strip()
        if candidate_sha is not None and candidate_sha != head:
            raise ProvenanceError("CANDIDATE_SHA_MISMATCH")
        if candidate_tree_sha is not None and candidate_tree_sha != tree:
            raise ProvenanceError("CANDIDATE_TREE_MISMATCH")
        entries = _git(repo_root, "ls-tree", "-rz", "--full-tree", head).split(b"\0")
        source: list[tuple[str, str, str]] = []
        for entry in entries:
            if not entry:
                continue
            meta, name = entry.split(b"\t", 1)
            mode, kind, oid = meta.decode().split()
            path = safe_path(name.decode("utf-8"))
            if path in {SOURCE_MANIFEST_NAME, BUNDLE_MANIFEST_NAME}:
                raise ProvenanceError("RESERVED_GENERATED_METADATA_TRACKED:" + path)
            if kind != "blob" or mode not in {"100644", "100755"}:
                raise ProvenanceError("NON_REGULAR_GIT_SOURCE:" + path)
            source.append((path, mode, oid))
        source.sort()
        if not source or len(source) > MAX_SOURCE_FILES:
            raise ProvenanceError("SOURCE_FILE_COUNT_LIMIT")
    
        object_format = _git(repo_root, "rev-parse", "--show-object-format").decode().strip()
        if object_format not in {"sha1", "sha256"}:
            raise ProvenanceError("UNSUPPORTED_GIT_OBJECT_FORMAT")
        dockerignore_oid = next((oid for path, _, oid in source if path == ".dockerignore"), None)
        dockerignore = _git(repo_root, "cat-file", "blob", dockerignore_oid).decode() if dockerignore_oid else ""
        try:
            from scripts.porota_validate_deploy_artifact import is_runtime_relevant
        except ModuleNotFoundError:
            from porota_validate_deploy_artifact import is_runtime_relevant
        rows = []
        for path, mode, oid in source:
            src = repo_root / path
            for parent in src.parents:
                if parent == repo_root:
                    break
                if parent.is_symlink():
                    raise ProvenanceError("CHECKOUT_SOURCE_PARENT_SYMLINK:" + path)
            try:
                info = src.lstat()
            except OSError as exc:
                raise ProvenanceError("CHECKOUT_SOURCE_UNREADABLE:" + path) from exc
            if not stat.S_ISREG(info.st_mode) or info.st_nlink != 1:
                raise ProvenanceError("NON_REGULAR_CHECKOUT_SOURCE:" + path)
            # Hash the SHA256 and Git blob identity from the same opened bytes.
            # No filters, symlink reads or hash/read TOCTOU gap can authorize bytes.
            raw_sha256 = hashlib.sha256()
            blob_digest = hashlib.new(object_format)
            blob_digest.update(b"blob " + str(info.st_size).encode() + b"\0")
            count = 0
            descriptor = os.open(src, os.O_RDONLY | getattr(os, "O_NOFOLLOW", 0))
            with os.fdopen(descriptor, "rb") as handle:
                opened = os.fstat(handle.fileno())
                if (opened.st_dev, opened.st_ino) != (info.st_dev, info.st_ino):
                    raise ProvenanceError("CHECKOUT_SOURCE_REPLACED:" + path)
                for block in iter(lambda: handle.read(1024 * 1024), b""):
                    raw_sha256.update(block)
                    blob_digest.update(block)
                    count += len(block)
            if count != info.st_size or blob_digest.hexdigest() != oid:
                raise ProvenanceError("CHECKOUT_BYTE_MISMATCH:" + path)
            if stat.S_IMODE(info.st_mode) != canonical_file_mode(mode):
>               raise ProvenanceError("CHECKOUT_MODE_MISMATCH:" + path)
E               scripts.porota_artifact_provenance.ProvenanceError: CHECKOUT_MODE_MISMATCH:.dockerignore

scripts/porota_artifact_provenance.py:252: ProvenanceError
_ ERROR at setup of test_main_cannot_certify_late_result_or_flush_and_keeps_alarm_active[green_write] _

tmp_path = PosixPath('/workspace/scratch/porota-governed311-9a9b/pytest-private/test_main_cannot_certify_late_2')

    @pytest.fixture
    def candidate(tmp_path):
        repo = tmp_path / "candidate"
        repo.mkdir()
        for rel, content in {
            "Dockerfile": b"FROM scratch\nCOPY . /app\n",
            ".dockerignore": b"docs/\n*.pdf\n__pycache__/\n*.py[cod]\n",
            "app.py": b"import worker\nVALUE = 7\n",
            "worker.py": b"VALUE = 10\n",
            "ops/policy/paper.json": b'{"mode":"PAPER","real_orders_sent":0}\n',
            "assets/new.runtime.asset": b"automatic enumeration: unknown suffix\n",
            "scripts/run": b"#!/bin/sh\nexit 0\n",
            "tests/test_fixture.py": b"def test_case(): pass\n",
            ".github/workflows/build.yml": b"name: test\n",
            "docs/audit.md": b"Documentation excluded by versioned Docker policy\n",
            "README.md": b"Source includes documentation bytes\n",
        }.items():
            write(repo, rel, content)
        (repo / "scripts/run").chmod(0o755)
        git(repo, "init", "-q")
        git(repo, "config", "user.email", "fixture@example.invalid")
        git(repo, "config", "user.name", "Offline Provenance Test")
        git(repo, "add", ".")
        git(repo, "commit", "-qm", "offline fixture source")
>       manifest = create_source_manifest(repo)
                   ^^^^^^^^^^^^^^^^^^^^^^^^^^^^

tests/test_issue465_provenance.py:64: 
_ _ _ _ _ _ _ _ _ _ _ _ _ _ _ _ _ _ _ _ _ _ _ _ _ _ _ _ _ _ _ _ _ _ _ _ _ _ _ _ 

repo_root = PosixPath('/workspace/scratch/porota-governed311-9a9b/pytest-private/test_main_cannot_certify_late_2/candidate')
candidate_sha = None, candidate_tree_sha = None

    def create_source_manifest(
        repo_root: Path,
        candidate_sha: str | None = None,
        candidate_tree_sha: str | None = None,
    ) -> dict:
        repo_root = repo_root.resolve()
        head = _git(repo_root, "rev-parse", "HEAD").decode().strip()
        tree = _git(repo_root, "rev-parse", "HEAD^{tree}").decode().strip()
        if candidate_sha is not None and candidate_sha != head:
            raise ProvenanceError("CANDIDATE_SHA_MISMATCH")
        if candidate_tree_sha is not None and candidate_tree_sha != tree:
            raise ProvenanceError("CANDIDATE_TREE_MISMATCH")
        entries = _git(repo_root, "ls-tree", "-rz", "--full-tree", head).split(b"\0")
        source: list[tuple[str, str, str]] = []
        for entry in entries:
            if not entry:
                continue
            meta, name = entry.split(b"\t", 1)
            mode, kind, oid = meta.decode().split()
            path = safe_path(name.decode("utf-8"))
            if path in {SOURCE_MANIFEST_NAME, BUNDLE_MANIFEST_NAME}:
                raise ProvenanceError("RESERVED_GENERATED_METADATA_TRACKED:" + path)
            if kind != "blob" or mode not in {"100644", "100755"}:
                raise ProvenanceError("NON_REGULAR_GIT_SOURCE:" + path)
            source.append((path, mode, oid))
        source.sort()
        if not source or len(source) > MAX_SOURCE_FILES:
            raise ProvenanceError("SOURCE_FILE_COUNT_LIMIT")
    
        object_format = _git(repo_root, "rev-parse", "--show-object-format").decode().strip()
        if object_format not in {"sha1", "sha256"}:
            raise ProvenanceError("UNSUPPORTED_GIT_OBJECT_FORMAT")
        dockerignore_oid = next((oid for path, _, oid in source if path == ".dockerignore"), None)
        dockerignore = _git(repo_root, "cat-file", "blob", dockerignore_oid).decode() if dockerignore_oid else ""
        try:
            from scripts.porota_validate_deploy_artifact import is_runtime_relevant
        except ModuleNotFoundError:
            from porota_validate_deploy_artifact import is_runtime_relevant
        rows = []
        for path, mode, oid in source:
            src = repo_root / path
            for parent in src.parents:
                if parent == repo_root:
                    break
                if parent.is_symlink():
                    raise ProvenanceError("CHECKOUT_SOURCE_PARENT_SYMLINK:" + path)
            try:
                info = src.lstat()
            except OSError as exc:
                raise ProvenanceError("CHECKOUT_SOURCE_UNREADABLE:" + path) from exc
            if not stat.S_ISREG(info.st_mode) or info.st_nlink != 1:
                raise ProvenanceError("NON_REGULAR_CHECKOUT_SOURCE:" + path)
            # Hash the SHA256 and Git blob identity from the same opened bytes.
            # No filters, symlink reads or hash/read TOCTOU gap can authorize bytes.
            raw_sha256 = hashlib.sha256()
            blob_digest = hashlib.new(object_format)
            blob_digest.update(b"blob " + str(info.st_size).encode() + b"\0")
            count = 0
            descriptor = os.open(src, os.O_RDONLY | getattr(os, "O_NOFOLLOW", 0))
            with os.fdopen(descriptor, "rb") as handle:
                opened = os.fstat(handle.fileno())
                if (opened.st_dev, opened.st_ino) != (info.st_dev, info.st_ino):
                    raise ProvenanceError("CHECKOUT_SOURCE_REPLACED:" + path)
                for block in iter(lambda: handle.read(1024 * 1024), b""):
                    raw_sha256.update(block)
                    blob_digest.update(block)
                    count += len(block)
            if count != info.st_size or blob_digest.hexdigest() != oid:
                raise ProvenanceError("CHECKOUT_BYTE_MISMATCH:" + path)
            if stat.S_IMODE(info.st_mode) != canonical_file_mode(mode):
>               raise ProvenanceError("CHECKOUT_MODE_MISMATCH:" + path)
E               scripts.porota_artifact_provenance.ProvenanceError: CHECKOUT_MODE_MISMATCH:.dockerignore

scripts/porota_artifact_provenance.py:252: ProvenanceError
_ ERROR at setup of test_main_cannot_certify_late_result_or_flush_and_keeps_alarm_active[green_flush] _

tmp_path = PosixPath('/workspace/scratch/porota-governed311-9a9b/pytest-private/test_main_cannot_certify_late_3')

    @pytest.fixture
    def candidate(tmp_path):
        repo = tmp_path / "candidate"
        repo.mkdir()
        for rel, content in {
            "Dockerfile": b"FROM scratch\nCOPY . /app\n",
            ".dockerignore": b"docs/\n*.pdf\n__pycache__/\n*.py[cod]\n",
            "app.py": b"import worker\nVALUE = 7\n",
            "worker.py": b"VALUE = 10\n",
            "ops/policy/paper.json": b'{"mode":"PAPER","real_orders_sent":0}\n',
            "assets/new.runtime.asset": b"automatic enumeration: unknown suffix\n",
            "scripts/run": b"#!/bin/sh\nexit 0\n",
            "tests/test_fixture.py": b"def test_case(): pass\n",
            ".github/workflows/build.yml": b"name: test\n",
            "docs/audit.md": b"Documentation excluded by versioned Docker policy\n",
            "README.md": b"Source includes documentation bytes\n",
        }.items():
            write(repo, rel, content)
        (repo / "scripts/run").chmod(0o755)
        git(repo, "init", "-q")
        git(repo, "config", "user.email", "fixture@example.invalid")
        git(repo, "config", "user.name", "Offline Provenance Test")
        git(repo, "add", ".")
        git(repo, "commit", "-qm", "offline fixture source")
>       manifest = create_source_manifest(repo)
                   ^^^^^^^^^^^^^^^^^^^^^^^^^^^^

tests/test_issue465_provenance.py:64: 
_ _ _ _ _ _ _ _ _ _ _ _ _ _ _ _ _ _ _ _ _ _ _ _ _ _ _ _ _ _ _ _ _ _ _ _ _ _ _ _ 

repo_root = PosixPath('/workspace/scratch/porota-governed311-9a9b/pytest-private/test_main_cannot_certify_late_3/candidate')
candidate_sha = None, candidate_tree_sha = None

    def create_source_manifest(
        repo_root: Path,
        candidate_sha: str | None = None,
        candidate_tree_sha: str | None = None,
    ) -> dict:
        repo_root = repo_root.resolve()
        head = _git(repo_root, "rev-parse", "HEAD").decode().strip()
        tree = _git(repo_root, "rev-parse", "HEAD^{tree}").decode().strip()
        if candidate_sha is not None and candidate_sha != head:
            raise ProvenanceError("CANDIDATE_SHA_MISMATCH")
        if candidate_tree_sha is not None and candidate_tree_sha != tree:
            raise ProvenanceError("CANDIDATE_TREE_MISMATCH")
        entries = _git(repo_root, "ls-tree", "-rz", "--full-tree", head).split(b"\0")
        source: list[tuple[str, str, str]] = []
        for entry in entries:
            if not entry:
                continue
            meta, name = entry.split(b"\t", 1)
            mode, kind, oid = meta.decode().split()
            path = safe_path(name.decode("utf-8"))
            if path in {SOURCE_MANIFEST_NAME, BUNDLE_MANIFEST_NAME}:
                raise ProvenanceError("RESERVED_GENERATED_METADATA_TRACKED:" + path)
            if kind != "blob" or mode not in {"100644", "100755"}:
                raise ProvenanceError("NON_REGULAR_GIT_SOURCE:" + path)
            source.append((path, mode, oid))
        source.sort()
        if not source or len(source) > MAX_SOURCE_FILES:
            raise ProvenanceError("SOURCE_FILE_COUNT_LIMIT")
    
        object_format = _git(repo_root, "rev-parse", "--show-object-format").decode().strip()
        if object_format not in {"sha1", "sha256"}:
            raise ProvenanceError("UNSUPPORTED_GIT_OBJECT_FORMAT")
        dockerignore_oid = next((oid for path, _, oid in source if path == ".dockerignore"), None)
        dockerignore = _git(repo_root, "cat-file", "blob", dockerignore_oid).decode() if dockerignore_oid else ""
        try:
            from scripts.porota_validate_deploy_artifact import is_runtime_relevant
        except ModuleNotFoundError:
            from porota_validate_deploy_artifact import is_runtime_relevant
        rows = []
        for path, mode, oid in source:
            src = repo_root / path
            for parent in src.parents:
                if parent == repo_root:
                    break
                if parent.is_symlink():
                    raise ProvenanceError("CHECKOUT_SOURCE_PARENT_SYMLINK:" + path)
            try:
                info = src.lstat()
            except OSError as exc:
                raise ProvenanceError("CHECKOUT_SOURCE_UNREADABLE:" + path) from exc
            if not stat.S_ISREG(info.st_mode) or info.st_nlink != 1:
                raise ProvenanceError("NON_REGULAR_CHECKOUT_SOURCE:" + path)
            # Hash the SHA256 and Git blob identity from the same opened bytes.
            # No filters, symlink reads or hash/read TOCTOU gap can authorize bytes.
            raw_sha256 = hashlib.sha256()
            blob_digest = hashlib.new(object_format)
            blob_digest.update(b"blob " + str(info.st_size).encode() + b"\0")
            count = 0
            descriptor = os.open(src, os.O_RDONLY | getattr(os, "O_NOFOLLOW", 0))
            with os.fdopen(descriptor, "rb") as handle:
                opened = os.fstat(handle.fileno())
                if (opened.st_dev, opened.st_ino) != (info.st_dev, info.st_ino):
                    raise ProvenanceError("CHECKOUT_SOURCE_REPLACED:" + path)
                for block in iter(lambda: handle.read(1024 * 1024), b""):
                    raw_sha256.update(block)
                    blob_digest.update(block)
                    count += len(block)
            if count != info.st_size or blob_digest.hexdigest() != oid:
                raise ProvenanceError("CHECKOUT_BYTE_MISMATCH:" + path)
            if stat.S_IMODE(info.st_mode) != canonical_file_mode(mode):
>               raise ProvenanceError("CHECKOUT_MODE_MISMATCH:" + path)
E               scripts.porota_artifact_provenance.ProvenanceError: CHECKOUT_MODE_MISMATCH:.dockerignore

scripts/porota_artifact_provenance.py:252: ProvenanceError
_ ERROR at setup of test_replay_tiny_execution_failure_cannot_be_replaced_by_primary_receipt[nonzero] _

tmp_path = PosixPath('/workspace/scratch/porota-governed311-9a9b/pytest-private/test_replay_tiny_execution_fai0')

    @pytest.fixture
    def candidate(tmp_path):
        repo = tmp_path / "candidate"
        repo.mkdir()
        for rel, content in {
            "Dockerfile": b"FROM scratch\nCOPY . /app\n",
            ".dockerignore": b"docs/\n*.pdf\n__pycache__/\n*.py[cod]\n",
            "app.py": b"import worker\nVALUE = 7\n",
            "worker.py": b"VALUE = 10\n",
            "ops/policy/paper.json": b'{"mode":"PAPER","real_orders_sent":0}\n',
            "assets/new.runtime.asset": b"automatic enumeration: unknown suffix\n",
            "scripts/run": b"#!/bin/sh\nexit 0\n",
            "tests/test_fixture.py": b"def test_case(): pass\n",
            ".github/workflows/build.yml": b"name: test\n",
            "docs/audit.md": b"Documentation excluded by versioned Docker policy\n",
            "README.md": b"Source includes documentation bytes\n",
        }.items():
            write(repo, rel, content)
        (repo / "scripts/run").chmod(0o755)
        git(repo, "init", "-q")
        git(repo, "config", "user.email", "fixture@example.invalid")
        git(repo, "config", "user.name", "Offline Provenance Test")
        git(repo, "add", ".")
        git(repo, "commit", "-qm", "offline fixture source")
>       manifest = create_source_manifest(repo)
                   ^^^^^^^^^^^^^^^^^^^^^^^^^^^^

tests/test_issue465_provenance.py:64: 
_ _ _ _ _ _ _ _ _ _ _ _ _ _ _ _ _ _ _ _ _ _ _ _ _ _ _ _ _ _ _ _ _ _ _ _ _ _ _ _ 

repo_root = PosixPath('/workspace/scratch/porota-governed311-9a9b/pytest-private/test_replay_tiny_execution_fai0/candidate')
candidate_sha = None, candidate_tree_sha = None

    def create_source_manifest(
        repo_root: Path,
        candidate_sha: str | None = None,
        candidate_tree_sha: str | None = None,
    ) -> dict:
        repo_root = repo_root.resolve()
        head = _git(repo_root, "rev-parse", "HEAD").decode().strip()
        tree = _git(repo_root, "rev-parse", "HEAD^{tree}").decode().strip()
        if candidate_sha is not None and candidate_sha != head:
            raise ProvenanceError("CANDIDATE_SHA_MISMATCH")
        if candidate_tree_sha is not None and candidate_tree_sha != tree:
            raise ProvenanceError("CANDIDATE_TREE_MISMATCH")
        entries = _git(repo_root, "ls-tree", "-rz", "--full-tree", head).split(b"\0")
        source: list[tuple[str, str, str]] = []
        for entry in entries:
            if not entry:
                continue
            meta, name = entry.split(b"\t", 1)
            mode, kind, oid = meta.decode().split()
            path = safe_path(name.decode("utf-8"))
            if path in {SOURCE_MANIFEST_NAME, BUNDLE_MANIFEST_NAME}:
                raise ProvenanceError("RESERVED_GENERATED_METADATA_TRACKED:" + path)
            if kind != "blob" or mode not in {"100644", "100755"}:
                raise ProvenanceError("NON_REGULAR_GIT_SOURCE:" + path)
            source.append((path, mode, oid))
        source.sort()
        if not source or len(source) > MAX_SOURCE_FILES:
            raise ProvenanceError("SOURCE_FILE_COUNT_LIMIT")
    
        object_format = _git(repo_root, "rev-parse", "--show-object-format").decode().strip()
        if object_format not in {"sha1", "sha256"}:
            raise ProvenanceError("UNSUPPORTED_GIT_OBJECT_FORMAT")
        dockerignore_oid = next((oid for path, _, oid in source if path == ".dockerignore"), None)
        dockerignore = _git(repo_root, "cat-file", "blob", dockerignore_oid).decode() if dockerignore_oid else ""
        try:
            from scripts.porota_validate_deploy_artifact import is_runtime_relevant
        except ModuleNotFoundError:
            from porota_validate_deploy_artifact import is_runtime_relevant
        rows = []
        for path, mode, oid in source:
            src = repo_root / path
            for parent in src.parents:
                if parent == repo_root:
                    break
                if parent.is_symlink():
                    raise ProvenanceError("CHECKOUT_SOURCE_PARENT_SYMLINK:" + path)
            try:
                info = src.lstat()
            except OSError as exc:
                raise ProvenanceError("CHECKOUT_SOURCE_UNREADABLE:" + path) from exc
            if not stat.S_ISREG(info.st_mode) or info.st_nlink != 1:
                raise ProvenanceError("NON_REGULAR_CHECKOUT_SOURCE:" + path)
            # Hash the SHA256 and Git blob identity from the same opened bytes.
            # No filters, symlink reads or hash/read TOCTOU gap can authorize bytes.
            raw_sha256 = hashlib.sha256()
            blob_digest = hashlib.new(object_format)
            blob_digest.update(b"blob " + str(info.st_size).encode() + b"\0")
            count = 0
            descriptor = os.open(src, os.O_RDONLY | getattr(os, "O_NOFOLLOW", 0))
            with os.fdopen(descriptor, "rb") as handle:
                opened = os.fstat(handle.fileno())
                if (opened.st_dev, opened.st_ino) != (info.st_dev, info.st_ino):
                    raise ProvenanceError("CHECKOUT_SOURCE_REPLACED:" + path)
                for block in iter(lambda: handle.read(1024 * 1024), b""):
                    raw_sha256.update(block)
                    blob_digest.update(block)
                    count += len(block)
            if count != info.st_size or blob_digest.hexdigest() != oid:
                raise ProvenanceError("CHECKOUT_BYTE_MISMATCH:" + path)
            if stat.S_IMODE(info.st_mode) != canonical_file_mode(mode):
>               raise ProvenanceError("CHECKOUT_MODE_MISMATCH:" + path)
E               scripts.porota_artifact_provenance.ProvenanceError: CHECKOUT_MODE_MISMATCH:.dockerignore

scripts/porota_artifact_provenance.py:252: ProvenanceError
_ ERROR at setup of test_replay_tiny_execution_failure_cannot_be_replaced_by_primary_receipt[missing_json] _

tmp_path = PosixPath('/workspace/scratch/porota-governed311-9a9b/pytest-private/test_replay_tiny_execution_fai1')

    @pytest.fixture
    def candidate(tmp_path):
        repo = tmp_path / "candidate"
        repo.mkdir()
        for rel, content in {
            "Dockerfile": b"FROM scratch\nCOPY . /app\n",
            ".dockerignore": b"docs/\n*.pdf\n__pycache__/\n*.py[cod]\n",
            "app.py": b"import worker\nVALUE = 7\n",
            "worker.py": b"VALUE = 10\n",
            "ops/policy/paper.json": b'{"mode":"PAPER","real_orders_sent":0}\n',
            "assets/new.runtime.asset": b"automatic enumeration: unknown suffix\n",
            "scripts/run": b"#!/bin/sh\nexit 0\n",
            "tests/test_fixture.py": b"def test_case(): pass\n",
            ".github/workflows/build.yml": b"name: test\n",
            "docs/audit.md": b"Documentation excluded by versioned Docker policy\n",
            "README.md": b"Source includes documentation bytes\n",
        }.items():
            write(repo, rel, content)
        (repo / "scripts/run").chmod(0o755)
        git(repo, "init", "-q")
        git(repo, "config", "user.email", "fixture@example.invalid")
        git(repo, "config", "user.name", "Offline Provenance Test")
        git(repo, "add", ".")
        git(repo, "commit", "-qm", "offline fixture source")
>       manifest = create_source_manifest(repo)
                   ^^^^^^^^^^^^^^^^^^^^^^^^^^^^

tests/test_issue465_provenance.py:64: 
_ _ _ _ _ _ _ _ _ _ _ _ _ _ _ _ _ _ _ _ _ _ _ _ _ _ _ _ _ _ _ _ _ _ _ _ _ _ _ _ 

repo_root = PosixPath('/workspace/scratch/porota-governed311-9a9b/pytest-private/test_replay_tiny_execution_fai1/candidate')
candidate_sha = None, candidate_tree_sha = None

    def create_source_manifest(
        repo_root: Path,
        candidate_sha: str | None = None,
        candidate_tree_sha: str | None = None,
    ) -> dict:
        repo_root = repo_root.resolve()
        head = _git(repo_root, "rev-parse", "HEAD").decode().strip()
        tree = _git(repo_root, "rev-parse", "HEAD^{tree}").decode().strip()
        if candidate_sha is not None and candidate_sha != head:
            raise ProvenanceError("CANDIDATE_SHA_MISMATCH")
        if candidate_tree_sha is not None and candidate_tree_sha != tree:
            raise ProvenanceError("CANDIDATE_TREE_MISMATCH")
        entries = _git(repo_root, "ls-tree", "-rz", "--full-tree", head).split(b"\0")
        source: list[tuple[str, str, str]] = []
        for entry in entries:
            if not entry:
                continue
            meta, name = entry.split(b"\t", 1)
            mode, kind, oid = meta.decode().split()
            path = safe_path(name.decode("utf-8"))
            if path in {SOURCE_MANIFEST_NAME, BUNDLE_MANIFEST_NAME}:
                raise ProvenanceError("RESERVED_GENERATED_METADATA_TRACKED:" + path)
            if kind != "blob" or mode not in {"100644", "100755"}:
                raise ProvenanceError("NON_REGULAR_GIT_SOURCE:" + path)
            source.append((path, mode, oid))
        source.sort()
        if not source or len(source) > MAX_SOURCE_FILES:
            raise ProvenanceError("SOURCE_FILE_COUNT_LIMIT")
    
        object_format = _git(repo_root, "rev-parse", "--show-object-format").decode().strip()
        if object_format not in {"sha1", "sha256"}:
            raise ProvenanceError("UNSUPPORTED_GIT_OBJECT_FORMAT")
        dockerignore_oid = next((oid for path, _, oid in source if path == ".dockerignore"), None)
        dockerignore = _git(repo_root, "cat-file", "blob", dockerignore_oid).decode() if dockerignore_oid else ""
        try:
            from scripts.porota_validate_deploy_artifact import is_runtime_relevant
        except ModuleNotFoundError:
            from porota_validate_deploy_artifact import is_runtime_relevant
        rows = []
        for path, mode, oid in source:
            src = repo_root / path
            for parent in src.parents:
                if parent == repo_root:
                    break
                if parent.is_symlink():
                    raise ProvenanceError("CHECKOUT_SOURCE_PARENT_SYMLINK:" + path)
            try:
                info = src.lstat()
            except OSError as exc:
                raise ProvenanceError("CHECKOUT_SOURCE_UNREADABLE:" + path) from exc
            if not stat.S_ISREG(info.st_mode) or info.st_nlink != 1:
                raise ProvenanceError("NON_REGULAR_CHECKOUT_SOURCE:" + path)
            # Hash the SHA256 and Git blob identity from the same opened bytes.
            # No filters, symlink reads or hash/read TOCTOU gap can authorize bytes.
            raw_sha256 = hashlib.sha256()
            blob_digest = hashlib.new(object_format)
            blob_digest.update(b"blob " + str(info.st_size).encode() + b"\0")
            count = 0
            descriptor = os.open(src, os.O_RDONLY | getattr(os, "O_NOFOLLOW", 0))
            with os.fdopen(descriptor, "rb") as handle:
                opened = os.fstat(handle.fileno())
                if (opened.st_dev, opened.st_ino) != (info.st_dev, info.st_ino):
                    raise ProvenanceError("CHECKOUT_SOURCE_REPLACED:" + path)
                for block in iter(lambda: handle.read(1024 * 1024), b""):
                    raw_sha256.update(block)
                    blob_digest.update(block)
                    count += len(block)
            if count != info.st_size or blob_digest.hexdigest() != oid:
                raise ProvenanceError("CHECKOUT_BYTE_MISMATCH:" + path)
            if stat.S_IMODE(info.st_mode) != canonical_file_mode(mode):
>               raise ProvenanceError("CHECKOUT_MODE_MISMATCH:" + path)
E               scripts.porota_artifact_provenance.ProvenanceError: CHECKOUT_MODE_MISMATCH:.dockerignore

scripts/porota_artifact_provenance.py:252: ProvenanceError
_ ERROR at setup of test_replay_tiny_execution_failure_cannot_be_replaced_by_primary_receipt[red] _

tmp_path = PosixPath('/workspace/scratch/porota-governed311-9a9b/pytest-private/test_replay_tiny_execution_fai2')

    @pytest.fixture
    def candidate(tmp_path):
        repo = tmp_path / "candidate"
        repo.mkdir()
        for rel, content in {
            "Dockerfile": b"FROM scratch\nCOPY . /app\n",
            ".dockerignore": b"docs/\n*.pdf\n__pycache__/\n*.py[cod]\n",
            "app.py": b"import worker\nVALUE = 7\n",
            "worker.py": b"VALUE = 10\n",
            "ops/policy/paper.json": b'{"mode":"PAPER","real_orders_sent":0}\n',
            "assets/new.runtime.asset": b"automatic enumeration: unknown suffix\n",
            "scripts/run": b"#!/bin/sh\nexit 0\n",
            "tests/test_fixture.py": b"def test_case(): pass\n",
            ".github/workflows/build.yml": b"name: test\n",
            "docs/audit.md": b"Documentation excluded by versioned Docker policy\n",
            "README.md": b"Source includes documentation bytes\n",
        }.items():
            write(repo, rel, content)
        (repo / "scripts/run").chmod(0o755)
        git(repo, "init", "-q")
        git(repo, "config", "user.email", "fixture@example.invalid")
        git(repo, "config", "user.name", "Offline Provenance Test")
        git(repo, "add", ".")
        git(repo, "commit", "-qm", "offline fixture source")
>       manifest = create_source_manifest(repo)
                   ^^^^^^^^^^^^^^^^^^^^^^^^^^^^

tests/test_issue465_provenance.py:64: 
_ _ _ _ _ _ _ _ _ _ _ _ _ _ _ _ _ _ _ _ _ _ _ _ _ _ _ _ _ _ _ _ _ _ _ _ _ _ _ _ 

repo_root = PosixPath('/workspace/scratch/porota-governed311-9a9b/pytest-private/test_replay_tiny_execution_fai2/candidate')
candidate_sha = None, candidate_tree_sha = None

    def create_source_manifest(
        repo_root: Path,
        candidate_sha: str | None = None,
        candidate_tree_sha: str | None = None,
    ) -> dict:
        repo_root = repo_root.resolve()
        head = _git(repo_root, "rev-parse", "HEAD").decode().strip()
        tree = _git(repo_root, "rev-parse", "HEAD^{tree}").decode().strip()
        if candidate_sha is not None and candidate_sha != head:
            raise ProvenanceError("CANDIDATE_SHA_MISMATCH")
        if candidate_tree_sha is not None and candidate_tree_sha != tree:
            raise ProvenanceError("CANDIDATE_TREE_MISMATCH")
        entries = _git(repo_root, "ls-tree", "-rz", "--full-tree", head).split(b"\0")
        source: list[tuple[str, str, str]] = []
        for entry in entries:
            if not entry:
                continue
            meta, name = entry.split(b"\t", 1)
            mode, kind, oid = meta.decode().split()
            path = safe_path(name.decode("utf-8"))
            if path in {SOURCE_MANIFEST_NAME, BUNDLE_MANIFEST_NAME}:
                raise ProvenanceError("RESERVED_GENERATED_METADATA_TRACKED:" + path)
            if kind != "blob" or mode not in {"100644", "100755"}:
                raise ProvenanceError("NON_REGULAR_GIT_SOURCE:" + path)
            source.append((path, mode, oid))
        source.sort()
        if not source or len(source) > MAX_SOURCE_FILES:
            raise ProvenanceError("SOURCE_FILE_COUNT_LIMIT")
    
        object_format = _git(repo_root, "rev-parse", "--show-object-format").decode().strip()
        if object_format not in {"sha1", "sha256"}:
            raise ProvenanceError("UNSUPPORTED_GIT_OBJECT_FORMAT")
        dockerignore_oid = next((oid for path, _, oid in source if path == ".dockerignore"), None)
        dockerignore = _git(repo_root, "cat-file", "blob", dockerignore_oid).decode() if dockerignore_oid else ""
        try:
            from scripts.porota_validate_deploy_artifact import is_runtime_relevant
        except ModuleNotFoundError:
            from porota_validate_deploy_artifact import is_runtime_relevant
        rows = []
        for path, mode, oid in source:
            src = repo_root / path
            for parent in src.parents:
                if parent == repo_root:
                    break
                if parent.is_symlink():
                    raise ProvenanceError("CHECKOUT_SOURCE_PARENT_SYMLINK:" + path)
            try:
                info = src.lstat()
            except OSError as exc:
                raise ProvenanceError("CHECKOUT_SOURCE_UNREADABLE:" + path) from exc
            if not stat.S_ISREG(info.st_mode) or info.st_nlink != 1:
                raise ProvenanceError("NON_REGULAR_CHECKOUT_SOURCE:" + path)
            # Hash the SHA256 and Git blob identity from the same opened bytes.
            # No filters, symlink reads or hash/read TOCTOU gap can authorize bytes.
            raw_sha256 = hashlib.sha256()
            blob_digest = hashlib.new(object_format)
            blob_digest.update(b"blob " + str(info.st_size).encode() + b"\0")
            count = 0
            descriptor = os.open(src, os.O_RDONLY | getattr(os, "O_NOFOLLOW", 0))
            with os.fdopen(descriptor, "rb") as handle:
                opened = os.fstat(handle.fileno())
                if (opened.st_dev, opened.st_ino) != (info.st_dev, info.st_ino):
                    raise ProvenanceError("CHECKOUT_SOURCE_REPLACED:" + path)
                for block in iter(lambda: handle.read(1024 * 1024), b""):
                    raw_sha256.update(block)
                    blob_digest.update(block)
                    count += len(block)
            if count != info.st_size or blob_digest.hexdigest() != oid:
                raise ProvenanceError("CHECKOUT_BYTE_MISMATCH:" + path)
            if stat.S_IMODE(info.st_mode) != canonical_file_mode(mode):
>               raise ProvenanceError("CHECKOUT_MODE_MISMATCH:" + path)
E               scripts.porota_artifact_provenance.ProvenanceError: CHECKOUT_MODE_MISMATCH:.dockerignore

scripts/porota_artifact_provenance.py:252: ProvenanceError
_ ERROR at setup of test_replay_tiny_execution_failure_cannot_be_replaced_by_primary_receipt[foreign_image] _

tmp_path = PosixPath('/workspace/scratch/porota-governed311-9a9b/pytest-private/test_replay_tiny_execution_fai3')

    @pytest.fixture
    def candidate(tmp_path):
        repo = tmp_path / "candidate"
        repo.mkdir()
        for rel, content in {
            "Dockerfile": b"FROM scratch\nCOPY . /app\n",
            ".dockerignore": b"docs/\n*.pdf\n__pycache__/\n*.py[cod]\n",
            "app.py": b"import worker\nVALUE = 7\n",
            "worker.py": b"VALUE = 10\n",
            "ops/policy/paper.json": b'{"mode":"PAPER","real_orders_sent":0}\n',
            "assets/new.runtime.asset": b"automatic enumeration: unknown suffix\n",
            "scripts/run": b"#!/bin/sh\nexit 0\n",
            "tests/test_fixture.py": b"def test_case(): pass\n",
            ".github/workflows/build.yml": b"name: test\n",
            "docs/audit.md": b"Documentation excluded by versioned Docker policy\n",
            "README.md": b"Source includes documentation bytes\n",
        }.items():
            write(repo, rel, content)
        (repo / "scripts/run").chmod(0o755)
        git(repo, "init", "-q")
        git(repo, "config", "user.email", "fixture@example.invalid")
        git(repo, "config", "user.name", "Offline Provenance Test")
        git(repo, "add", ".")
        git(repo, "commit", "-qm", "offline fixture source")
>       manifest = create_source_manifest(repo)
                   ^^^^^^^^^^^^^^^^^^^^^^^^^^^^

tests/test_issue465_provenance.py:64: 
_ _ _ _ _ _ _ _ _ _ _ _ _ _ _ _ _ _ _ _ _ _ _ _ _ _ _ _ _ _ _ _ _ _ _ _ _ _ _ _ 

repo_root = PosixPath('/workspace/scratch/porota-governed311-9a9b/pytest-private/test_replay_tiny_execution_fai3/candidate')
candidate_sha = None, candidate_tree_sha = None

    def create_source_manifest(
        repo_root: Path,
        candidate_sha: str | None = None,
        candidate_tree_sha: str | None = None,
    ) -> dict:
        repo_root = repo_root.resolve()
        head = _git(repo_root, "rev-parse", "HEAD").decode().strip()
        tree = _git(repo_root, "rev-parse", "HEAD^{tree}").decode().strip()
        if candidate_sha is not None and candidate_sha != head:
            raise ProvenanceError("CANDIDATE_SHA_MISMATCH")
        if candidate_tree_sha is not None and candidate_tree_sha != tree:
            raise ProvenanceError("CANDIDATE_TREE_MISMATCH")
        entries = _git(repo_root, "ls-tree", "-rz", "--full-tree", head).split(b"\0")
        source: list[tuple[str, str, str]] = []
        for entry in entries:
            if not entry:
                continue
            meta, name = entry.split(b"\t", 1)
            mode, kind, oid = meta.decode().split()
            path = safe_path(name.decode("utf-8"))
            if path in {SOURCE_MANIFEST_NAME, BUNDLE_MANIFEST_NAME}:
                raise ProvenanceError("RESERVED_GENERATED_METADATA_TRACKED:" + path)
            if kind != "blob" or mode not in {"100644", "100755"}:
                raise ProvenanceError("NON_REGULAR_GIT_SOURCE:" + path)
            source.append((path, mode, oid))
        source.sort()
        if not source or len(source) > MAX_SOURCE_FILES:
            raise ProvenanceError("SOURCE_FILE_COUNT_LIMIT")
    
        object_format = _git(repo_root, "rev-parse", "--show-object-format").decode().strip()
        if object_format not in {"sha1", "sha256"}:
            raise ProvenanceError("UNSUPPORTED_GIT_OBJECT_FORMAT")
        dockerignore_oid = next((oid for path, _, oid in source if path == ".dockerignore"), None)
        dockerignore = _git(repo_root, "cat-file", "blob", dockerignore_oid).decode() if dockerignore_oid else ""
        try:
            from scripts.porota_validate_deploy_artifact import is_runtime_relevant
        except ModuleNotFoundError:
            from porota_validate_deploy_artifact import is_runtime_relevant
        rows = []
        for path, mode, oid in source:
            src = repo_root / path
            for parent in src.parents:
                if parent == repo_root:
                    break
                if parent.is_symlink():
                    raise ProvenanceError("CHECKOUT_SOURCE_PARENT_SYMLINK:" + path)
            try:
                info = src.lstat()
            except OSError as exc:
                raise ProvenanceError("CHECKOUT_SOURCE_UNREADABLE:" + path) from exc
            if not stat.S_ISREG(info.st_mode) or info.st_nlink != 1:
                raise ProvenanceError("NON_REGULAR_CHECKOUT_SOURCE:" + path)
            # Hash the SHA256 and Git blob identity from the same opened bytes.
            # No filters, symlink reads or hash/read TOCTOU gap can authorize bytes.
            raw_sha256 = hashlib.sha256()
            blob_digest = hashlib.new(object_format)
            blob_digest.update(b"blob " + str(info.st_size).encode() + b"\0")
            count = 0
            descriptor = os.open(src, os.O_RDONLY | getattr(os, "O_NOFOLLOW", 0))
            with os.fdopen(descriptor, "rb") as handle:
                opened = os.fstat(handle.fileno())
                if (opened.st_dev, opened.st_ino) != (info.st_dev, info.st_ino):
                    raise ProvenanceError("CHECKOUT_SOURCE_REPLACED:" + path)
                for block in iter(lambda: handle.read(1024 * 1024), b""):
                    raw_sha256.update(block)
                    blob_digest.update(block)
                    count += len(block)
            if count != info.st_size or blob_digest.hexdigest() != oid:
                raise ProvenanceError("CHECKOUT_BYTE_MISMATCH:" + path)
            if stat.S_IMODE(info.st_mode) != canonical_file_mode(mode):
>               raise ProvenanceError("CHECKOUT_MODE_MISMATCH:" + path)
E               scripts.porota_artifact_provenance.ProvenanceError: CHECKOUT_MODE_MISMATCH:.dockerignore

scripts/porota_artifact_provenance.py:252: ProvenanceError
_ ERROR at setup of test_replay_tiny_execution_failure_cannot_be_replaced_by_primary_receipt[source_drift] _

tmp_path = PosixPath('/workspace/scratch/porota-governed311-9a9b/pytest-private/test_replay_tiny_execution_fai4')

    @pytest.fixture
    def candidate(tmp_path):
        repo = tmp_path / "candidate"
        repo.mkdir()
        for rel, content in {
            "Dockerfile": b"FROM scratch\nCOPY . /app\n",
            ".dockerignore": b"docs/\n*.pdf\n__pycache__/\n*.py[cod]\n",
            "app.py": b"import worker\nVALUE = 7\n",
            "worker.py": b"VALUE = 10\n",
            "ops/policy/paper.json": b'{"mode":"PAPER","real_orders_sent":0}\n',
            "assets/new.runtime.asset": b"automatic enumeration: unknown suffix\n",
            "scripts/run": b"#!/bin/sh\nexit 0\n",
            "tests/test_fixture.py": b"def test_case(): pass\n",
            ".github/workflows/build.yml": b"name: test\n",
            "docs/audit.md": b"Documentation excluded by versioned Docker policy\n",
            "README.md": b"Source includes documentation bytes\n",
        }.items():
            write(repo, rel, content)
        (repo / "scripts/run").chmod(0o755)
        git(repo, "init", "-q")
        git(repo, "config", "user.email", "fixture@example.invalid")
        git(repo, "config", "user.name", "Offline Provenance Test")
        git(repo, "add", ".")
        git(repo, "commit", "-qm", "offline fixture source")
>       manifest = create_source_manifest(repo)
                   ^^^^^^^^^^^^^^^^^^^^^^^^^^^^

tests/test_issue465_provenance.py:64: 
_ _ _ _ _ _ _ _ _ _ _ _ _ _ _ _ _ _ _ _ _ _ _ _ _ _ _ _ _ _ _ _ _ _ _ _ _ _ _ _ 

repo_root = PosixPath('/workspace/scratch/porota-governed311-9a9b/pytest-private/test_replay_tiny_execution_fai4/candidate')
candidate_sha = None, candidate_tree_sha = None

    def create_source_manifest(
        repo_root: Path,
        candidate_sha: str | None = None,
        candidate_tree_sha: str | None = None,
    ) -> dict:
        repo_root = repo_root.resolve()
        head = _git(repo_root, "rev-parse", "HEAD").decode().strip()
        tree = _git(repo_root, "rev-parse", "HEAD^{tree}").decode().strip()
        if candidate_sha is not None and candidate_sha != head:
            raise ProvenanceError("CANDIDATE_SHA_MISMATCH")
        if candidate_tree_sha is not None and candidate_tree_sha != tree:
            raise ProvenanceError("CANDIDATE_TREE_MISMATCH")
        entries = _git(repo_root, "ls-tree", "-rz", "--full-tree", head).split(b"\0")
        source: list[tuple[str, str, str]] = []
        for entry in entries:
            if not entry:
                continue
            meta, name = entry.split(b"\t", 1)
            mode, kind, oid = meta.decode().split()
            path = safe_path(name.decode("utf-8"))
            if path in {SOURCE_MANIFEST_NAME, BUNDLE_MANIFEST_NAME}:
                raise ProvenanceError("RESERVED_GENERATED_METADATA_TRACKED:" + path)
            if kind != "blob" or mode not in {"100644", "100755"}:
                raise ProvenanceError("NON_REGULAR_GIT_SOURCE:" + path)
            source.append((path, mode, oid))
        source.sort()
        if not source or len(source) > MAX_SOURCE_FILES:
            raise ProvenanceError("SOURCE_FILE_COUNT_LIMIT")
    
        object_format = _git(repo_root, "rev-parse", "--show-object-format").decode().strip()
        if object_format not in {"sha1", "sha256"}:
            raise ProvenanceError("UNSUPPORTED_GIT_OBJECT_FORMAT")
        dockerignore_oid = next((oid for path, _, oid in source if path == ".dockerignore"), None)
        dockerignore = _git(repo_root, "cat-file", "blob", dockerignore_oid).decode() if dockerignore_oid else ""
        try:
            from scripts.porota_validate_deploy_artifact import is_runtime_relevant
        except ModuleNotFoundError:
            from porota_validate_deploy_artifact import is_runtime_relevant
        rows = []
        for path, mode, oid in source:
            src = repo_root / path
            for parent in src.parents:
                if parent == repo_root:
                    break
                if parent.is_symlink():
                    raise ProvenanceError("CHECKOUT_SOURCE_PARENT_SYMLINK:" + path)
            try:
                info = src.lstat()
            except OSError as exc:
                raise ProvenanceError("CHECKOUT_SOURCE_UNREADABLE:" + path) from exc
            if not stat.S_ISREG(info.st_mode) or info.st_nlink != 1:
                raise ProvenanceError("NON_REGULAR_CHECKOUT_SOURCE:" + path)
            # Hash the SHA256 and Git blob identity from the same opened bytes.
            # No filters, symlink reads or hash/read TOCTOU gap can authorize bytes.
            raw_sha256 = hashlib.sha256()
            blob_digest = hashlib.new(object_format)
            blob_digest.update(b"blob " + str(info.st_size).encode() + b"\0")
            count = 0
            descriptor = os.open(src, os.O_RDONLY | getattr(os, "O_NOFOLLOW", 0))
            with os.fdopen(descriptor, "rb") as handle:
                opened = os.fstat(handle.fileno())
                if (opened.st_dev, opened.st_ino) != (info.st_dev, info.st_ino):
                    raise ProvenanceError("CHECKOUT_SOURCE_REPLACED:" + path)
                for block in iter(lambda: handle.read(1024 * 1024), b""):
                    raw_sha256.update(block)
                    blob_digest.update(block)
                    count += len(block)
            if count != info.st_size or blob_digest.hexdigest() != oid:
                raise ProvenanceError("CHECKOUT_BYTE_MISMATCH:" + path)
            if stat.S_IMODE(info.st_mode) != canonical_file_mode(mode):
>               raise ProvenanceError("CHECKOUT_MODE_MISMATCH:" + path)
E               scripts.porota_artifact_provenance.ProvenanceError: CHECKOUT_MODE_MISMATCH:.dockerignore

scripts/porota_artifact_provenance.py:252: ProvenanceError
_ ERROR at setup of test_replay_tiny_execution_failure_cannot_be_replaced_by_primary_receipt[oversize] _

tmp_path = PosixPath('/workspace/scratch/porota-governed311-9a9b/pytest-private/test_replay_tiny_execution_fai5')

    @pytest.fixture
    def candidate(tmp_path):
        repo = tmp_path / "candidate"
        repo.mkdir()
        for rel, content in {
            "Dockerfile": b"FROM scratch\nCOPY . /app\n",
            ".dockerignore": b"docs/\n*.pdf\n__pycache__/\n*.py[cod]\n",
            "app.py": b"import worker\nVALUE = 7\n",
            "worker.py": b"VALUE = 10\n",
            "ops/policy/paper.json": b'{"mode":"PAPER","real_orders_sent":0}\n',
            "assets/new.runtime.asset": b"automatic enumeration: unknown suffix\n",
            "scripts/run": b"#!/bin/sh\nexit 0\n",
            "tests/test_fixture.py": b"def test_case(): pass\n",
            ".github/workflows/build.yml": b"name: test\n",
            "docs/audit.md": b"Documentation excluded by versioned Docker policy\n",
            "README.md": b"Source includes documentation bytes\n",
        }.items():
            write(repo, rel, content)
        (repo / "scripts/run").chmod(0o755)
        git(repo, "init", "-q")
        git(repo, "config", "user.email", "fixture@example.invalid")
        git(repo, "config", "user.name", "Offline Provenance Test")
        git(repo, "add", ".")
        git(repo, "commit", "-qm", "offline fixture source")
>       manifest = create_source_manifest(repo)
                   ^^^^^^^^^^^^^^^^^^^^^^^^^^^^

tests/test_issue465_provenance.py:64: 
_ _ _ _ _ _ _ _ _ _ _ _ _ _ _ _ _ _ _ _ _ _ _ _ _ _ _ _ _ _ _ _ _ _ _ _ _ _ _ _ 

repo_root = PosixPath('/workspace/scratch/porota-governed311-9a9b/pytest-private/test_replay_tiny_execution_fai5/candidate')
candidate_sha = None, candidate_tree_sha = None

    def create_source_manifest(
        repo_root: Path,
        candidate_sha: str | None = None,
        candidate_tree_sha: str | None = None,
    ) -> dict:
        repo_root = repo_root.resolve()
        head = _git(repo_root, "rev-parse", "HEAD").decode().strip()
        tree = _git(repo_root, "rev-parse", "HEAD^{tree}").decode().strip()
        if candidate_sha is not None and candidate_sha != head:
            raise ProvenanceError("CANDIDATE_SHA_MISMATCH")
        if candidate_tree_sha is not None and candidate_tree_sha != tree:
            raise ProvenanceError("CANDIDATE_TREE_MISMATCH")
        entries = _git(repo_root, "ls-tree", "-rz", "--full-tree", head).split(b"\0")
        source: list[tuple[str, str, str]] = []
        for entry in entries:
            if not entry:
                continue
            meta, name = entry.split(b"\t", 1)
            mode, kind, oid = meta.decode().split()
            path = safe_path(name.decode("utf-8"))
            if path in {SOURCE_MANIFEST_NAME, BUNDLE_MANIFEST_NAME}:
                raise ProvenanceError("RESERVED_GENERATED_METADATA_TRACKED:" + path)
            if kind != "blob" or mode not in {"100644", "100755"}:
                raise ProvenanceError("NON_REGULAR_GIT_SOURCE:" + path)
            source.append((path, mode, oid))
        source.sort()
        if not source or len(source) > MAX_SOURCE_FILES:
            raise ProvenanceError("SOURCE_FILE_COUNT_LIMIT")
    
        object_format = _git(repo_root, "rev-parse", "--show-object-format").decode().strip()
        if object_format not in {"sha1", "sha256"}:
            raise ProvenanceError("UNSUPPORTED_GIT_OBJECT_FORMAT")
        dockerignore_oid = next((oid for path, _, oid in source if path == ".dockerignore"), None)
        dockerignore = _git(repo_root, "cat-file", "blob", dockerignore_oid).decode() if dockerignore_oid else ""
        try:
            from scripts.porota_validate_deploy_artifact import is_runtime_relevant
        except ModuleNotFoundError:
            from porota_validate_deploy_artifact import is_runtime_relevant
        rows = []
        for path, mode, oid in source:
            src = repo_root / path
            for parent in src.parents:
                if parent == repo_root:
                    break
                if parent.is_symlink():
                    raise ProvenanceError("CHECKOUT_SOURCE_PARENT_SYMLINK:" + path)
            try:
                info = src.lstat()
            except OSError as exc:
                raise ProvenanceError("CHECKOUT_SOURCE_UNREADABLE:" + path) from exc
            if not stat.S_ISREG(info.st_mode) or info.st_nlink != 1:
                raise ProvenanceError("NON_REGULAR_CHECKOUT_SOURCE:" + path)
            # Hash the SHA256 and Git blob identity from the same opened bytes.
            # No filters, symlink reads or hash/read TOCTOU gap can authorize bytes.
            raw_sha256 = hashlib.sha256()
            blob_digest = hashlib.new(object_format)
            blob_digest.update(b"blob " + str(info.st_size).encode() + b"\0")
            count = 0
            descriptor = os.open(src, os.O_RDONLY | getattr(os, "O_NOFOLLOW", 0))
            with os.fdopen(descriptor, "rb") as handle:
                opened = os.fstat(handle.fileno())
                if (opened.st_dev, opened.st_ino) != (info.st_dev, info.st_ino):
                    raise ProvenanceError("CHECKOUT_SOURCE_REPLACED:" + path)
                for block in iter(lambda: handle.read(1024 * 1024), b""):
                    raw_sha256.update(block)
                    blob_digest.update(block)
                    count += len(block)
            if count != info.st_size or blob_digest.hexdigest() != oid:
                raise ProvenanceError("CHECKOUT_BYTE_MISMATCH:" + path)
            if stat.S_IMODE(info.st_mode) != canonical_file_mode(mode):
>               raise ProvenanceError("CHECKOUT_MODE_MISMATCH:" + path)
E               scripts.porota_artifact_provenance.ProvenanceError: CHECKOUT_MODE_MISMATCH:.dockerignore

scripts/porota_artifact_provenance.py:252: ProvenanceError
_ ERROR at setup of test_replay_tiny_execution_failure_cannot_be_replaced_by_primary_receipt[timeout] _

tmp_path = PosixPath('/workspace/scratch/porota-governed311-9a9b/pytest-private/test_replay_tiny_execution_fai6')

    @pytest.fixture
    def candidate(tmp_path):
        repo = tmp_path / "candidate"
        repo.mkdir()
        for rel, content in {
            "Dockerfile": b"FROM scratch\nCOPY . /app\n",
            ".dockerignore": b"docs/\n*.pdf\n__pycache__/\n*.py[cod]\n",
            "app.py": b"import worker\nVALUE = 7\n",
            "worker.py": b"VALUE = 10\n",
            "ops/policy/paper.json": b'{"mode":"PAPER","real_orders_sent":0}\n',
            "assets/new.runtime.asset": b"automatic enumeration: unknown suffix\n",
            "scripts/run": b"#!/bin/sh\nexit 0\n",
            "tests/test_fixture.py": b"def test_case(): pass\n",
            ".github/workflows/build.yml": b"name: test\n",
            "docs/audit.md": b"Documentation excluded by versioned Docker policy\n",
            "README.md": b"Source includes documentation bytes\n",
        }.items():
            write(repo, rel, content)
        (repo / "scripts/run").chmod(0o755)
        git(repo, "init", "-q")
        git(repo, "config", "user.email", "fixture@example.invalid")
        git(repo, "config", "user.name", "Offline Provenance Test")
        git(repo, "add", ".")
        git(repo, "commit", "-qm", "offline fixture source")
>       manifest = create_source_manifest(repo)
                   ^^^^^^^^^^^^^^^^^^^^^^^^^^^^

tests/test_issue465_provenance.py:64: 
_ _ _ _ _ _ _ _ _ _ _ _ _ _ _ _ _ _ _ _ _ _ _ _ _ _ _ _ _ _ _ _ _ _ _ _ _ _ _ _ 

repo_root = PosixPath('/workspace/scratch/porota-governed311-9a9b/pytest-private/test_replay_tiny_execution_fai6/candidate')
candidate_sha = None, candidate_tree_sha = None

    def create_source_manifest(
        repo_root: Path,
        candidate_sha: str | None = None,
        candidate_tree_sha: str | None = None,
    ) -> dict:
        repo_root = repo_root.resolve()
        head = _git(repo_root, "rev-parse", "HEAD").decode().strip()
        tree = _git(repo_root, "rev-parse", "HEAD^{tree}").decode().strip()
        if candidate_sha is not None and candidate_sha != head:
            raise ProvenanceError("CANDIDATE_SHA_MISMATCH")
        if candidate_tree_sha is not None and candidate_tree_sha != tree:
            raise ProvenanceError("CANDIDATE_TREE_MISMATCH")
        entries = _git(repo_root, "ls-tree", "-rz", "--full-tree", head).split(b"\0")
        source: list[tuple[str, str, str]] = []
        for entry in entries:
            if not entry:
                continue
            meta, name = entry.split(b"\t", 1)
            mode, kind, oid = meta.decode().split()
            path = safe_path(name.decode("utf-8"))
            if path in {SOURCE_MANIFEST_NAME, BUNDLE_MANIFEST_NAME}:
                raise ProvenanceError("RESERVED_GENERATED_METADATA_TRACKED:" + path)
            if kind != "blob" or mode not in {"100644", "100755"}:
                raise ProvenanceError("NON_REGULAR_GIT_SOURCE:" + path)
            source.append((path, mode, oid))
        source.sort()
        if not source or len(source) > MAX_SOURCE_FILES:
            raise ProvenanceError("SOURCE_FILE_COUNT_LIMIT")
    
        object_format = _git(repo_root, "rev-parse", "--show-object-format").decode().strip()
        if object_format not in {"sha1", "sha256"}:
            raise ProvenanceError("UNSUPPORTED_GIT_OBJECT_FORMAT")
        dockerignore_oid = next((oid for path, _, oid in source if path == ".dockerignore"), None)
        dockerignore = _git(repo_root, "cat-file", "blob", dockerignore_oid).decode() if dockerignore_oid else ""
        try:
            from scripts.porota_validate_deploy_artifact import is_runtime_relevant
        except ModuleNotFoundError:
            from porota_validate_deploy_artifact import is_runtime_relevant
        rows = []
        for path, mode, oid in source:
            src = repo_root / path
            for parent in src.parents:
                if parent == repo_root:
                    break
                if parent.is_symlink():
                    raise ProvenanceError("CHECKOUT_SOURCE_PARENT_SYMLINK:" + path)
            try:
                info = src.lstat()
            except OSError as exc:
                raise ProvenanceError("CHECKOUT_SOURCE_UNREADABLE:" + path) from exc
            if not stat.S_ISREG(info.st_mode) or info.st_nlink != 1:
                raise ProvenanceError("NON_REGULAR_CHECKOUT_SOURCE:" + path)
            # Hash the SHA256 and Git blob identity from the same opened bytes.
            # No filters, symlink reads or hash/read TOCTOU gap can authorize bytes.
            raw_sha256 = hashlib.sha256()
            blob_digest = hashlib.new(object_format)
            blob_digest.update(b"blob " + str(info.st_size).encode() + b"\0")
            count = 0
            descriptor = os.open(src, os.O_RDONLY | getattr(os, "O_NOFOLLOW", 0))
            with os.fdopen(descriptor, "rb") as handle:
                opened = os.fstat(handle.fileno())
                if (opened.st_dev, opened.st_ino) != (info.st_dev, info.st_ino):
                    raise ProvenanceError("CHECKOUT_SOURCE_REPLACED:" + path)
                for block in iter(lambda: handle.read(1024 * 1024), b""):
                    raw_sha256.update(block)
                    blob_digest.update(block)
                    count += len(block)
            if count != info.st_size or blob_digest.hexdigest() != oid:
                raise ProvenanceError("CHECKOUT_BYTE_MISMATCH:" + path)
            if stat.S_IMODE(info.st_mode) != canonical_file_mode(mode):
>               raise ProvenanceError("CHECKOUT_MODE_MISMATCH:" + path)
E               scripts.porota_artifact_provenance.ProvenanceError: CHECKOUT_MODE_MISMATCH:.dockerignore

scripts/porota_artifact_provenance.py:252: ProvenanceError
_ ERROR at setup of test_evidence_only_is_small_and_contains_no_image_or_bundle _

tmp_path = PosixPath('/workspace/scratch/porota-governed311-9a9b/pytest-private/test_evidence_only_is_small_an0')

    @pytest.fixture
    def candidate(tmp_path):
        repo = tmp_path / "candidate"
        repo.mkdir()
        for rel, content in {
            "Dockerfile": b"FROM scratch\nCOPY . /app\n",
            ".dockerignore": b"docs/\n*.pdf\n__pycache__/\n*.py[cod]\n",
            "app.py": b"import worker\nVALUE = 7\n",
            "worker.py": b"VALUE = 10\n",
            "ops/policy/paper.json": b'{"mode":"PAPER","real_orders_sent":0}\n',
            "assets/new.runtime.asset": b"automatic enumeration: unknown suffix\n",
            "scripts/run": b"#!/bin/sh\nexit 0\n",
            "tests/test_fixture.py": b"def test_case(): pass\n",
            ".github/workflows/build.yml": b"name: test\n",
            "docs/audit.md": b"Documentation excluded by versioned Docker policy\n",
            "README.md": b"Source includes documentation bytes\n",
        }.items():
            write(repo, rel, content)
        (repo / "scripts/run").chmod(0o755)
        git(repo, "init", "-q")
        git(repo, "config", "user.email", "fixture@example.invalid")
        git(repo, "config", "user.name", "Offline Provenance Test")
        git(repo, "add", ".")
        git(repo, "commit", "-qm", "offline fixture source")
>       manifest = create_source_manifest(repo)
                   ^^^^^^^^^^^^^^^^^^^^^^^^^^^^

tests/test_issue465_provenance.py:64: 
_ _ _ _ _ _ _ _ _ _ _ _ _ _ _ _ _ _ _ _ _ _ _ _ _ _ _ _ _ _ _ _ _ _ _ _ _ _ _ _ 

repo_root = PosixPath('/workspace/scratch/porota-governed311-9a9b/pytest-private/test_evidence_only_is_small_an0/candidate')
candidate_sha = None, candidate_tree_sha = None

    def create_source_manifest(
        repo_root: Path,
        candidate_sha: str | None = None,
        candidate_tree_sha: str | None = None,
    ) -> dict:
        repo_root = repo_root.resolve()
        head = _git(repo_root, "rev-parse", "HEAD").decode().strip()
        tree = _git(repo_root, "rev-parse", "HEAD^{tree}").decode().strip()
        if candidate_sha is not None and candidate_sha != head:
            raise ProvenanceError("CANDIDATE_SHA_MISMATCH")
        if candidate_tree_sha is not None and candidate_tree_sha != tree:
            raise ProvenanceError("CANDIDATE_TREE_MISMATCH")
        entries = _git(repo_root, "ls-tree", "-rz", "--full-tree", head).split(b"\0")
        source: list[tuple[str, str, str]] = []
        for entry in entries:
            if not entry:
                continue
            meta, name = entry.split(b"\t", 1)
            mode, kind, oid = meta.decode().split()
            path = safe_path(name.decode("utf-8"))
            if path in {SOURCE_MANIFEST_NAME, BUNDLE_MANIFEST_NAME}:
                raise ProvenanceError("RESERVED_GENERATED_METADATA_TRACKED:" + path)
            if kind != "blob" or mode not in {"100644", "100755"}:
                raise ProvenanceError("NON_REGULAR_GIT_SOURCE:" + path)
            source.append((path, mode, oid))
        source.sort()
        if not source or len(source) > MAX_SOURCE_FILES:
            raise ProvenanceError("SOURCE_FILE_COUNT_LIMIT")
    
        object_format = _git(repo_root, "rev-parse", "--show-object-format").decode().strip()
        if object_format not in {"sha1", "sha256"}:
            raise ProvenanceError("UNSUPPORTED_GIT_OBJECT_FORMAT")
        dockerignore_oid = next((oid for path, _, oid in source if path == ".dockerignore"), None)
        dockerignore = _git(repo_root, "cat-file", "blob", dockerignore_oid).decode() if dockerignore_oid else ""
        try:
            from scripts.porota_validate_deploy_artifact import is_runtime_relevant
        except ModuleNotFoundError:
            from porota_validate_deploy_artifact import is_runtime_relevant
        rows = []
        for path, mode, oid in source:
            src = repo_root / path
            for parent in src.parents:
                if parent == repo_root:
                    break
                if parent.is_symlink():
                    raise ProvenanceError("CHECKOUT_SOURCE_PARENT_SYMLINK:" + path)
            try:
                info = src.lstat()
            except OSError as exc:
                raise ProvenanceError("CHECKOUT_SOURCE_UNREADABLE:" + path) from exc
            if not stat.S_ISREG(info.st_mode) or info.st_nlink != 1:
                raise ProvenanceError("NON_REGULAR_CHECKOUT_SOURCE:" + path)
            # Hash the SHA256 and Git blob identity from the same opened bytes.
            # No filters, symlink reads or hash/read TOCTOU gap can authorize bytes.
            raw_sha256 = hashlib.sha256()
            blob_digest = hashlib.new(object_format)
            blob_digest.update(b"blob " + str(info.st_size).encode() + b"\0")
            count = 0
            descriptor = os.open(src, os.O_RDONLY | getattr(os, "O_NOFOLLOW", 0))
            with os.fdopen(descriptor, "rb") as handle:
                opened = os.fstat(handle.fileno())
                if (opened.st_dev, opened.st_ino) != (info.st_dev, info.st_ino):
                    raise ProvenanceError("CHECKOUT_SOURCE_REPLACED:" + path)
                for block in iter(lambda: handle.read(1024 * 1024), b""):
                    raw_sha256.update(block)
                    blob_digest.update(block)
                    count += len(block)
            if count != info.st_size or blob_digest.hexdigest() != oid:
                raise ProvenanceError("CHECKOUT_BYTE_MISMATCH:" + path)
            if stat.S_IMODE(info.st_mode) != canonical_file_mode(mode):
>               raise ProvenanceError("CHECKOUT_MODE_MISMATCH:" + path)
E               scripts.porota_artifact_provenance.ProvenanceError: CHECKOUT_MODE_MISMATCH:.dockerignore

scripts/porota_artifact_provenance.py:252: ProvenanceError
_ ERROR at setup of test_secondary_preserves_downloaded_primary_final_input_provenance_bytes _

tmp_path = PosixPath('/workspace/scratch/porota-governed311-9a9b/pytest-private/test_secondary_preserves_downl0')

    @pytest.fixture
    def candidate(tmp_path):
        repo = tmp_path / "candidate"
        repo.mkdir()
        for rel, content in {
            "Dockerfile": b"FROM scratch\nCOPY . /app\n",
            ".dockerignore": b"docs/\n*.pdf\n__pycache__/\n*.py[cod]\n",
            "app.py": b"import worker\nVALUE = 7\n",
            "worker.py": b"VALUE = 10\n",
            "ops/policy/paper.json": b'{"mode":"PAPER","real_orders_sent":0}\n',
            "assets/new.runtime.asset": b"automatic enumeration: unknown suffix\n",
            "scripts/run": b"#!/bin/sh\nexit 0\n",
            "tests/test_fixture.py": b"def test_case(): pass\n",
            ".github/workflows/build.yml": b"name: test\n",
            "docs/audit.md": b"Documentation excluded by versioned Docker policy\n",
            "README.md": b"Source includes documentation bytes\n",
        }.items():
            write(repo, rel, content)
        (repo / "scripts/run").chmod(0o755)
        git(repo, "init", "-q")
        git(repo, "config", "user.email", "fixture@example.invalid")
        git(repo, "config", "user.name", "Offline Provenance Test")
        git(repo, "add", ".")
        git(repo, "commit", "-qm", "offline fixture source")
>       manifest = create_source_manifest(repo)
                   ^^^^^^^^^^^^^^^^^^^^^^^^^^^^

tests/test_issue465_provenance.py:64: 
_ _ _ _ _ _ _ _ _ _ _ _ _ _ _ _ _ _ _ _ _ _ _ _ _ _ _ _ _ _ _ _ _ _ _ _ _ _ _ _ 

repo_root = PosixPath('/workspace/scratch/porota-governed311-9a9b/pytest-private/test_secondary_preserves_downl0/candidate')
candidate_sha = None, candidate_tree_sha = None

    def create_source_manifest(
        repo_root: Path,
        candidate_sha: str | None = None,
        candidate_tree_sha: str | None = None,
    ) -> dict:
        repo_root = repo_root.resolve()
        head = _git(repo_root, "rev-parse", "HEAD").decode().strip()
        tree = _git(repo_root, "rev-parse", "HEAD^{tree}").decode().strip()
        if candidate_sha is not None and candidate_sha != head:
            raise ProvenanceError("CANDIDATE_SHA_MISMATCH")
        if candidate_tree_sha is not None and candidate_tree_sha != tree:
            raise ProvenanceError("CANDIDATE_TREE_MISMATCH")
        entries = _git(repo_root, "ls-tree", "-rz", "--full-tree", head).split(b"\0")
        source: list[tuple[str, str, str]] = []
        for entry in entries:
            if not entry:
                continue
            meta, name = entry.split(b"\t", 1)
            mode, kind, oid = meta.decode().split()
            path = safe_path(name.decode("utf-8"))
            if path in {SOURCE_MANIFEST_NAME, BUNDLE_MANIFEST_NAME}:
                raise ProvenanceError("RESERVED_GENERATED_METADATA_TRACKED:" + path)
            if kind != "blob" or mode not in {"100644", "100755"}:
                raise ProvenanceError("NON_REGULAR_GIT_SOURCE:" + path)
            source.append((path, mode, oid))
        source.sort()
        if not source or len(source) > MAX_SOURCE_FILES:
            raise ProvenanceError("SOURCE_FILE_COUNT_LIMIT")
    
        object_format = _git(repo_root, "rev-parse", "--show-object-format").decode().strip()
        if object_format not in {"sha1", "sha256"}:
            raise ProvenanceError("UNSUPPORTED_GIT_OBJECT_FORMAT")
        dockerignore_oid = next((oid for path, _, oid in source if path == ".dockerignore"), None)
        dockerignore = _git(repo_root, "cat-file", "blob", dockerignore_oid).decode() if dockerignore_oid else ""
        try:
            from scripts.porota_validate_deploy_artifact import is_runtime_relevant
        except ModuleNotFoundError:
            from porota_validate_deploy_artifact import is_runtime_relevant
        rows = []
        for path, mode, oid in source:
            src = repo_root / path
            for parent in src.parents:
                if parent == repo_root:
                    break
                if parent.is_symlink():
                    raise ProvenanceError("CHECKOUT_SOURCE_PARENT_SYMLINK:" + path)
            try:
                info = src.lstat()
            except OSError as exc:
                raise ProvenanceError("CHECKOUT_SOURCE_UNREADABLE:" + path) from exc
            if not stat.S_ISREG(info.st_mode) or info.st_nlink != 1:
                raise ProvenanceError("NON_REGULAR_CHECKOUT_SOURCE:" + path)
            # Hash the SHA256 and Git blob identity from the same opened bytes.
            # No filters, symlink reads or hash/read TOCTOU gap can authorize bytes.
            raw_sha256 = hashlib.sha256()
            blob_digest = hashlib.new(object_format)
            blob_digest.update(b"blob " + str(info.st_size).encode() + b"\0")
            count = 0
            descriptor = os.open(src, os.O_RDONLY | getattr(os, "O_NOFOLLOW", 0))
            with os.fdopen(descriptor, "rb") as handle:
                opened = os.fstat(handle.fileno())
                if (opened.st_dev, opened.st_ino) != (info.st_dev, info.st_ino):
                    raise ProvenanceError("CHECKOUT_SOURCE_REPLACED:" + path)
                for block in iter(lambda: handle.read(1024 * 1024), b""):
                    raw_sha256.update(block)
                    blob_digest.update(block)
                    count += len(block)
            if count != info.st_size or blob_digest.hexdigest() != oid:
                raise ProvenanceError("CHECKOUT_BYTE_MISMATCH:" + path)
            if stat.S_IMODE(info.st_mode) != canonical_file_mode(mode):
>               raise ProvenanceError("CHECKOUT_MODE_MISMATCH:" + path)
E               scripts.porota_artifact_provenance.ProvenanceError: CHECKOUT_MODE_MISMATCH:.dockerignore

scripts/porota_artifact_provenance.py:252: ProvenanceError
_ ERROR at setup of test_complete_source_qualification_uses_real_git_objects_and_exact_modes _

probe = {'__name__': '<run_path>', '__doc__': 'Native, private archive capacity measurement; source pin is mandatory.\n\nNo pr...t a complete immutable git archive, not an overlay or a PYTHONPATH mix.\n', '__package__': '', '__loader__': None, ...}
tmp_path = PosixPath('/workspace/scratch/porota-governed311-9a9b/pytest-private/test_complete_source_qualifica0')

    @pytest.fixture
    def miniature_git_source(probe, tmp_path):
        repository, source = tmp_path/"git-object-authority", tmp_path/"source-archive"
        repository.mkdir(); source.mkdir()
        def git(*arguments):
            return subprocess.check_output(["git", "--no-replace-objects", "-C", str(repository),
                "-c", "user.name=RC6 offline fixture", "-c", "user.email=rc6-offline@example.invalid",
                "-c", "commit.gpgsign=false", "-c", "core.hooksPath=/dev/null", *arguments])
        git("init", "--quiet")
        for name, body in ((probe["PROFILE_PATH"], b"# pinned miniature wrapper\n"),
                           ("source_module.py", b"VALUE = 'original'\n")):
            for root in (repository, source):
                destination = root/name
                destination.parent.mkdir(parents=True, exist_ok=True)
                destination.write_bytes(body); destination.chmod(0o644)
        git("add", "--", probe["PROFILE_PATH"], "source_module.py")
        git("commit", "--quiet", "-m", "Native Git object qualification fixture")
        source_sha, source_tree = git("rev-parse", "HEAD").decode().strip(), git("rev-parse", "HEAD^{tree}").decode().strip()
        pin = {"schema":"rc6.complete-archive-source-pin.v1", "source_sha":source_sha,
            "source_tree":source_tree,"overlay_count":0,
            "raw_git_commit_sha256":hashlib.sha256(git("cat-file","commit",source_sha)).hexdigest(),
>           **probe["code_inventory"](source)}
              ^^^^^^^^^^^^^^^^^^^^^^^^^^^^^^^

tests/test_rc6_native_archive_horizon_wrapper.py:137: 
_ _ _ _ _ _ _ _ _ _ _ _ _ _ _ _ _ _ _ _ _ _ _ _ _ _ _ _ _ _ _ _ _ _ _ _ _ _ _ _ 

root = PosixPath('/workspace/scratch/porota-governed311-9a9b/pytest-private/test_complete_source_qualifica0/source-archive')

    def code_inventory(root):
        """Every source blob, exact physical mode and Git object ID; no overlays."""
        files, modes, blobs = {}, {}, {}
        directories = set()
        queue = [root]
        while queue:
            directory = queue.pop()
            for path in paths_at(directory):
                info = path.lstat()
                if stat.S_ISDIR(info.st_mode):
                    if stat.S_IMODE(info.st_mode) != 0o755:
>                       raise ValueError("NATIVE_PROFILE_CODE_DIRECTORY_MODE_MISMATCH")
E                       ValueError: NATIVE_PROFILE_CODE_DIRECTORY_MODE_MISMATCH

docs/audits/rc6-convergence-persistence-evidence/native_archive_v3_profile_probe_v2.py:118: ValueError
_ ERROR at setup of test_incomplete_or_drifted_source_pin_is_rejected_before_any_worker_fixture[file_bytes] _

probe = {'__name__': '<run_path>', '__doc__': 'Native, private archive capacity measurement; source pin is mandatory.\n\nNo pr...t a complete immutable git archive, not an overlay or a PYTHONPATH mix.\n', '__package__': '', '__loader__': None, ...}
tmp_path = PosixPath('/workspace/scratch/porota-governed311-9a9b/pytest-private/test_incomplete_or_drifted_sou0')

    @pytest.fixture
    def miniature_git_source(probe, tmp_path):
        repository, source = tmp_path/"git-object-authority", tmp_path/"source-archive"
        repository.mkdir(); source.mkdir()
        def git(*arguments):
            return subprocess.check_output(["git", "--no-replace-objects", "-C", str(repository),
                "-c", "user.name=RC6 offline fixture", "-c", "user.email=rc6-offline@example.invalid",
                "-c", "commit.gpgsign=false", "-c", "core.hooksPath=/dev/null", *arguments])
        git("init", "--quiet")
        for name, body in ((probe["PROFILE_PATH"], b"# pinned miniature wrapper\n"),
                           ("source_module.py", b"VALUE = 'original'\n")):
            for root in (repository, source):
                destination = root/name
                destination.parent.mkdir(parents=True, exist_ok=True)
                destination.write_bytes(body); destination.chmod(0o644)
        git("add", "--", probe["PROFILE_PATH"], "source_module.py")
        git("commit", "--quiet", "-m", "Native Git object qualification fixture")
        source_sha, source_tree = git("rev-parse", "HEAD").decode().strip(), git("rev-parse", "HEAD^{tree}").decode().strip()
        pin = {"schema":"rc6.complete-archive-source-pin.v1", "source_sha":source_sha,
            "source_tree":source_tree,"overlay_count":0,
            "raw_git_commit_sha256":hashlib.sha256(git("cat-file","commit",source_sha)).hexdigest(),
>           **probe["code_inventory"](source)}
              ^^^^^^^^^^^^^^^^^^^^^^^^^^^^^^^

tests/test_rc6_native_archive_horizon_wrapper.py:137: 
_ _ _ _ _ _ _ _ _ _ _ _ _ _ _ _ _ _ _ _ _ _ _ _ _ _ _ _ _ _ _ _ _ _ _ _ _ _ _ _ 

root = PosixPath('/workspace/scratch/porota-governed311-9a9b/pytest-private/test_incomplete_or_drifted_sou0/source-archive')

    def code_inventory(root):
        """Every source blob, exact physical mode and Git object ID; no overlays."""
        files, modes, blobs = {}, {}, {}
        directories = set()
        queue = [root]
        while queue:
            directory = queue.pop()
            for path in paths_at(directory):
                info = path.lstat()
                if stat.S_ISDIR(info.st_mode):
                    if stat.S_IMODE(info.st_mode) != 0o755:
>                       raise ValueError("NATIVE_PROFILE_CODE_DIRECTORY_MODE_MISMATCH")
E                       ValueError: NATIVE_PROFILE_CODE_DIRECTORY_MODE_MISMATCH

docs/audits/rc6-convergence-persistence-evidence/native_archive_v3_profile_probe_v2.py:118: ValueError
_ ERROR at setup of test_incomplete_or_drifted_source_pin_is_rejected_before_any_worker_fixture[physical_mode] _

probe = {'__name__': '<run_path>', '__doc__': 'Native, private archive capacity measurement; source pin is mandatory.\n\nNo pr...t a complete immutable git archive, not an overlay or a PYTHONPATH mix.\n', '__package__': '', '__loader__': None, ...}
tmp_path = PosixPath('/workspace/scratch/porota-governed311-9a9b/pytest-private/test_incomplete_or_drifted_sou1')

    @pytest.fixture
    def miniature_git_source(probe, tmp_path):
        repository, source = tmp_path/"git-object-authority", tmp_path/"source-archive"
        repository.mkdir(); source.mkdir()
        def git(*arguments):
            return subprocess.check_output(["git", "--no-replace-objects", "-C", str(repository),
                "-c", "user.name=RC6 offline fixture", "-c", "user.email=rc6-offline@example.invalid",
                "-c", "commit.gpgsign=false", "-c", "core.hooksPath=/dev/null", *arguments])
        git("init", "--quiet")
        for name, body in ((probe["PROFILE_PATH"], b"# pinned miniature wrapper\n"),
                           ("source_module.py", b"VALUE = 'original'\n")):
            for root in (repository, source):
                destination = root/name
                destination.parent.mkdir(parents=True, exist_ok=True)
                destination.write_bytes(body); destination.chmod(0o644)
        git("add", "--", probe["PROFILE_PATH"], "source_module.py")
        git("commit", "--quiet", "-m", "Native Git object qualification fixture")
        source_sha, source_tree = git("rev-parse", "HEAD").decode().strip(), git("rev-parse", "HEAD^{tree}").decode().strip()
        pin = {"schema":"rc6.complete-archive-source-pin.v1", "source_sha":source_sha,
            "source_tree":source_tree,"overlay_count":0,
            "raw_git_commit_sha256":hashlib.sha256(git("cat-file","commit",source_sha)).hexdigest(),
>           **probe["code_inventory"](source)}
              ^^^^^^^^^^^^^^^^^^^^^^^^^^^^^^^

tests/test_rc6_native_archive_horizon_wrapper.py:137: 
_ _ _ _ _ _ _ _ _ _ _ _ _ _ _ _ _ _ _ _ _ _ _ _ _ _ _ _ _ _ _ _ _ _ _ _ _ _ _ _ 

root = PosixPath('/workspace/scratch/porota-governed311-9a9b/pytest-private/test_incomplete_or_drifted_sou1/source-archive')

    def code_inventory(root):
        """Every source blob, exact physical mode and Git object ID; no overlays."""
        files, modes, blobs = {}, {}, {}
        directories = set()
        queue = [root]
        while queue:
            directory = queue.pop()
            for path in paths_at(directory):
                info = path.lstat()
                if stat.S_ISDIR(info.st_mode):
                    if stat.S_IMODE(info.st_mode) != 0o755:
>                       raise ValueError("NATIVE_PROFILE_CODE_DIRECTORY_MODE_MISMATCH")
E                       ValueError: NATIVE_PROFILE_CODE_DIRECTORY_MODE_MISMATCH

docs/audits/rc6-convergence-persistence-evidence/native_archive_v3_profile_probe_v2.py:118: ValueError
_ ERROR at setup of test_incomplete_or_drifted_source_pin_is_rejected_before_any_worker_fixture[blob_id_index] _

probe = {'__name__': '<run_path>', '__doc__': 'Native, private archive capacity measurement; source pin is mandatory.\n\nNo pr...t a complete immutable git archive, not an overlay or a PYTHONPATH mix.\n', '__package__': '', '__loader__': None, ...}
tmp_path = PosixPath('/workspace/scratch/porota-governed311-9a9b/pytest-private/test_incomplete_or_drifted_sou2')

    @pytest.fixture
    def miniature_git_source(probe, tmp_path):
        repository, source = tmp_path/"git-object-authority", tmp_path/"source-archive"
        repository.mkdir(); source.mkdir()
        def git(*arguments):
            return subprocess.check_output(["git", "--no-replace-objects", "-C", str(repository),
                "-c", "user.name=RC6 offline fixture", "-c", "user.email=rc6-offline@example.invalid",
                "-c", "commit.gpgsign=false", "-c", "core.hooksPath=/dev/null", *arguments])
        git("init", "--quiet")
        for name, body in ((probe["PROFILE_PATH"], b"# pinned miniature wrapper\n"),
                           ("source_module.py", b"VALUE = 'original'\n")):
            for root in (repository, source):
                destination = root/name
                destination.parent.mkdir(parents=True, exist_ok=True)
                destination.write_bytes(body); destination.chmod(0o644)
        git("add", "--", probe["PROFILE_PATH"], "source_module.py")
        git("commit", "--quiet", "-m", "Native Git object qualification fixture")
        source_sha, source_tree = git("rev-parse", "HEAD").decode().strip(), git("rev-parse", "HEAD^{tree}").decode().strip()
        pin = {"schema":"rc6.complete-archive-source-pin.v1", "source_sha":source_sha,
            "source_tree":source_tree,"overlay_count":0,
            "raw_git_commit_sha256":hashlib.sha256(git("cat-file","commit",source_sha)).hexdigest(),
>           **probe["code_inventory"](source)}
              ^^^^^^^^^^^^^^^^^^^^^^^^^^^^^^^

tests/test_rc6_native_archive_horizon_wrapper.py:137: 
_ _ _ _ _ _ _ _ _ _ _ _ _ _ _ _ _ _ _ _ _ _ _ _ _ _ _ _ _ _ _ _ _ _ _ _ _ _ _ _ 

root = PosixPath('/workspace/scratch/porota-governed311-9a9b/pytest-private/test_incomplete_or_drifted_sou2/source-archive')

    def code_inventory(root):
        """Every source blob, exact physical mode and Git object ID; no overlays."""
        files, modes, blobs = {}, {}, {}
        directories = set()
        queue = [root]
        while queue:
            directory = queue.pop()
            for path in paths_at(directory):
                info = path.lstat()
                if stat.S_ISDIR(info.st_mode):
                    if stat.S_IMODE(info.st_mode) != 0o755:
>                       raise ValueError("NATIVE_PROFILE_CODE_DIRECTORY_MODE_MISMATCH")
E                       ValueError: NATIVE_PROFILE_CODE_DIRECTORY_MODE_MISMATCH

docs/audits/rc6-convergence-persistence-evidence/native_archive_v3_profile_probe_v2.py:118: ValueError
_ ERROR at setup of test_incomplete_or_drifted_source_pin_is_rejected_before_any_worker_fixture[mode_index] _

probe = {'__name__': '<run_path>', '__doc__': 'Native, private archive capacity measurement; source pin is mandatory.\n\nNo pr...t a complete immutable git archive, not an overlay or a PYTHONPATH mix.\n', '__package__': '', '__loader__': None, ...}
tmp_path = PosixPath('/workspace/scratch/porota-governed311-9a9b/pytest-private/test_incomplete_or_drifted_sou3')

    @pytest.fixture
    def miniature_git_source(probe, tmp_path):
        repository, source = tmp_path/"git-object-authority", tmp_path/"source-archive"
        repository.mkdir(); source.mkdir()
        def git(*arguments):
            return subprocess.check_output(["git", "--no-replace-objects", "-C", str(repository),
                "-c", "user.name=RC6 offline fixture", "-c", "user.email=rc6-offline@example.invalid",
                "-c", "commit.gpgsign=false", "-c", "core.hooksPath=/dev/null", *arguments])
        git("init", "--quiet")
        for name, body in ((probe["PROFILE_PATH"], b"# pinned miniature wrapper\n"),
                           ("source_module.py", b"VALUE = 'original'\n")):
            for root in (repository, source):
                destination = root/name
                destination.parent.mkdir(parents=True, exist_ok=True)
                destination.write_bytes(body); destination.chmod(0o644)
        git("add", "--", probe["PROFILE_PATH"], "source_module.py")
        git("commit", "--quiet", "-m", "Native Git object qualification fixture")
        source_sha, source_tree = git("rev-parse", "HEAD").decode().strip(), git("rev-parse", "HEAD^{tree}").decode().strip()
        pin = {"schema":"rc6.complete-archive-source-pin.v1", "source_sha":source_sha,
            "source_tree":source_tree,"overlay_count":0,
            "raw_git_commit_sha256":hashlib.sha256(git("cat-file","commit",source_sha)).hexdigest(),
>           **probe["code_inventory"](source)}
              ^^^^^^^^^^^^^^^^^^^^^^^^^^^^^^^

tests/test_rc6_native_archive_horizon_wrapper.py:137: 
_ _ _ _ _ _ _ _ _ _ _ _ _ _ _ _ _ _ _ _ _ _ _ _ _ _ _ _ _ _ _ _ _ _ _ _ _ _ _ _ 

root = PosixPath('/workspace/scratch/porota-governed311-9a9b/pytest-private/test_incomplete_or_drifted_sou3/source-archive')

    def code_inventory(root):
        """Every source blob, exact physical mode and Git object ID; no overlays."""
        files, modes, blobs = {}, {}, {}
        directories = set()
        queue = [root]
        while queue:
            directory = queue.pop()
            for path in paths_at(directory):
                info = path.lstat()
                if stat.S_ISDIR(info.st_mode):
                    if stat.S_IMODE(info.st_mode) != 0o755:
>                       raise ValueError("NATIVE_PROFILE_CODE_DIRECTORY_MODE_MISMATCH")
E                       ValueError: NATIVE_PROFILE_CODE_DIRECTORY_MODE_MISMATCH

docs/audits/rc6-convergence-persistence-evidence/native_archive_v3_profile_probe_v2.py:118: ValueError
_ ERROR at setup of test_incomplete_or_drifted_source_pin_is_rejected_before_any_worker_fixture[extra_file] _

probe = {'__name__': '<run_path>', '__doc__': 'Native, private archive capacity measurement; source pin is mandatory.\n\nNo pr...t a complete immutable git archive, not an overlay or a PYTHONPATH mix.\n', '__package__': '', '__loader__': None, ...}
tmp_path = PosixPath('/workspace/scratch/porota-governed311-9a9b/pytest-private/test_incomplete_or_drifted_sou4')

    @pytest.fixture
    def miniature_git_source(probe, tmp_path):
        repository, source = tmp_path/"git-object-authority", tmp_path/"source-archive"
        repository.mkdir(); source.mkdir()
        def git(*arguments):
            return subprocess.check_output(["git", "--no-replace-objects", "-C", str(repository),
                "-c", "user.name=RC6 offline fixture", "-c", "user.email=rc6-offline@example.invalid",
                "-c", "commit.gpgsign=false", "-c", "core.hooksPath=/dev/null", *arguments])
        git("init", "--quiet")
        for name, body in ((probe["PROFILE_PATH"], b"# pinned miniature wrapper\n"),
                           ("source_module.py", b"VALUE = 'original'\n")):
            for root in (repository, source):
                destination = root/name
                destination.parent.mkdir(parents=True, exist_ok=True)
                destination.write_bytes(body); destination.chmod(0o644)
        git("add", "--", probe["PROFILE_PATH"], "source_module.py")
        git("commit", "--quiet", "-m", "Native Git object qualification fixture")
        source_sha, source_tree = git("rev-parse", "HEAD").decode().strip(), git("rev-parse", "HEAD^{tree}").decode().strip()
        pin = {"schema":"rc6.complete-archive-source-pin.v1", "source_sha":source_sha,
            "source_tree":source_tree,"overlay_count":0,
            "raw_git_commit_sha256":hashlib.sha256(git("cat-file","commit",source_sha)).hexdigest(),
>           **probe["code_inventory"](source)}
              ^^^^^^^^^^^^^^^^^^^^^^^^^^^^^^^

tests/test_rc6_native_archive_horizon_wrapper.py:137: 
_ _ _ _ _ _ _ _ _ _ _ _ _ _ _ _ _ _ _ _ _ _ _ _ _ _ _ _ _ _ _ _ _ _ _ _ _ _ _ _ 

root = PosixPath('/workspace/scratch/porota-governed311-9a9b/pytest-private/test_incomplete_or_drifted_sou4/source-archive')

    def code_inventory(root):
        """Every source blob, exact physical mode and Git object ID; no overlays."""
        files, modes, blobs = {}, {}, {}
        directories = set()
        queue = [root]
        while queue:
            directory = queue.pop()
            for path in paths_at(directory):
                info = path.lstat()
                if stat.S_ISDIR(info.st_mode):
                    if stat.S_IMODE(info.st_mode) != 0o755:
>                       raise ValueError("NATIVE_PROFILE_CODE_DIRECTORY_MODE_MISMATCH")
E                       ValueError: NATIVE_PROFILE_CODE_DIRECTORY_MODE_MISMATCH

docs/audits/rc6-convergence-persistence-evidence/native_archive_v3_profile_probe_v2.py:118: ValueError
_ ERROR at setup of test_incomplete_or_drifted_source_pin_is_rejected_before_any_worker_fixture[empty_directory] _

probe = {'__name__': '<run_path>', '__doc__': 'Native, private archive capacity measurement; source pin is mandatory.\n\nNo pr...t a complete immutable git archive, not an overlay or a PYTHONPATH mix.\n', '__package__': '', '__loader__': None, ...}
tmp_path = PosixPath('/workspace/scratch/porota-governed311-9a9b/pytest-private/test_incomplete_or_drifted_sou5')

    @pytest.fixture
    def miniature_git_source(probe, tmp_path):
        repository, source = tmp_path/"git-object-authority", tmp_path/"source-archive"
        repository.mkdir(); source.mkdir()
        def git(*arguments):
            return subprocess.check_output(["git", "--no-replace-objects", "-C", str(repository),
                "-c", "user.name=RC6 offline fixture", "-c", "user.email=rc6-offline@example.invalid",
                "-c", "commit.gpgsign=false", "-c", "core.hooksPath=/dev/null", *arguments])
        git("init", "--quiet")
        for name, body in ((probe["PROFILE_PATH"], b"# pinned miniature wrapper\n"),
                           ("source_module.py", b"VALUE = 'original'\n")):
            for root in (repository, source):
                destination = root/name
                destination.parent.mkdir(parents=True, exist_ok=True)
                destination.write_bytes(body); destination.chmod(0o644)
        git("add", "--", probe["PROFILE_PATH"], "source_module.py")
        git("commit", "--quiet", "-m", "Native Git object qualification fixture")
        source_sha, source_tree = git("rev-parse", "HEAD").decode().strip(), git("rev-parse", "HEAD^{tree}").decode().strip()
        pin = {"schema":"rc6.complete-archive-source-pin.v1", "source_sha":source_sha,
            "source_tree":source_tree,"overlay_count":0,
            "raw_git_commit_sha256":hashlib.sha256(git("cat-file","commit",source_sha)).hexdigest(),
>           **probe["code_inventory"](source)}
              ^^^^^^^^^^^^^^^^^^^^^^^^^^^^^^^

tests/test_rc6_native_archive_horizon_wrapper.py:137: 
_ _ _ _ _ _ _ _ _ _ _ _ _ _ _ _ _ _ _ _ _ _ _ _ _ _ _ _ _ _ _ _ _ _ _ _ _ _ _ _ 

root = PosixPath('/workspace/scratch/porota-governed311-9a9b/pytest-private/test_incomplete_or_drifted_sou5/source-archive')

    def code_inventory(root):
        """Every source blob, exact physical mode and Git object ID; no overlays."""
        files, modes, blobs = {}, {}, {}
        directories = set()
        queue = [root]
        while queue:
            directory = queue.pop()
            for path in paths_at(directory):
                info = path.lstat()
                if stat.S_ISDIR(info.st_mode):
                    if stat.S_IMODE(info.st_mode) != 0o755:
>                       raise ValueError("NATIVE_PROFILE_CODE_DIRECTORY_MODE_MISMATCH")
E                       ValueError: NATIVE_PROFILE_CODE_DIRECTORY_MODE_MISMATCH

docs/audits/rc6-convergence-persistence-evidence/native_archive_v3_profile_probe_v2.py:118: ValueError
_ ERROR at setup of test_incomplete_or_drifted_source_pin_is_rejected_before_any_worker_fixture[commit_digest_index] _

probe = {'__name__': '<run_path>', '__doc__': 'Native, private archive capacity measurement; source pin is mandatory.\n\nNo pr...t a complete immutable git archive, not an overlay or a PYTHONPATH mix.\n', '__package__': '', '__loader__': None, ...}
tmp_path = PosixPath('/workspace/scratch/porota-governed311-9a9b/pytest-private/test_incomplete_or_drifted_sou6')

    @pytest.fixture
    def miniature_git_source(probe, tmp_path):
        repository, source = tmp_path/"git-object-authority", tmp_path/"source-archive"
        repository.mkdir(); source.mkdir()
        def git(*arguments):
            return subprocess.check_output(["git", "--no-replace-objects", "-C", str(repository),
                "-c", "user.name=RC6 offline fixture", "-c", "user.email=rc6-offline@example.invalid",
                "-c", "commit.gpgsign=false", "-c", "core.hooksPath=/dev/null", *arguments])
        git("init", "--quiet")
        for name, body in ((probe["PROFILE_PATH"], b"# pinned miniature wrapper\n"),
                           ("source_module.py", b"VALUE = 'original'\n")):
            for root in (repository, source):
                destination = root/name
                destination.parent.mkdir(parents=True, exist_ok=True)
                destination.write_bytes(body); destination.chmod(0o644)
        git("add", "--", probe["PROFILE_PATH"], "source_module.py")
        git("commit", "--quiet", "-m", "Native Git object qualification fixture")
        source_sha, source_tree = git("rev-parse", "HEAD").decode().strip(), git("rev-parse", "HEAD^{tree}").decode().strip()
        pin = {"schema":"rc6.complete-archive-source-pin.v1", "source_sha":source_sha,
            "source_tree":source_tree,"overlay_count":0,
            "raw_git_commit_sha256":hashlib.sha256(git("cat-file","commit",source_sha)).hexdigest(),
>           **probe["code_inventory"](source)}
              ^^^^^^^^^^^^^^^^^^^^^^^^^^^^^^^

tests/test_rc6_native_archive_horizon_wrapper.py:137: 
_ _ _ _ _ _ _ _ _ _ _ _ _ _ _ _ _ _ _ _ _ _ _ _ _ _ _ _ _ _ _ _ _ _ _ _ _ _ _ _ 

root = PosixPath('/workspace/scratch/porota-governed311-9a9b/pytest-private/test_incomplete_or_drifted_sou6/source-archive')

    def code_inventory(root):
        """Every source blob, exact physical mode and Git object ID; no overlays."""
        files, modes, blobs = {}, {}, {}
        directories = set()
        queue = [root]
        while queue:
            directory = queue.pop()
            for path in paths_at(directory):
                info = path.lstat()
                if stat.S_ISDIR(info.st_mode):
                    if stat.S_IMODE(info.st_mode) != 0o755:
>                       raise ValueError("NATIVE_PROFILE_CODE_DIRECTORY_MODE_MISMATCH")
E                       ValueError: NATIVE_PROFILE_CODE_DIRECTORY_MODE_MISMATCH

docs/audits/rc6-convergence-persistence-evidence/native_archive_v3_profile_probe_v2.py:118: ValueError
_ ERROR at setup of test_rehashing_the_index_cannot_authorize_a_changed_uncommitted_blob _

probe = {'__name__': '<run_path>', '__doc__': 'Native, private archive capacity measurement; source pin is mandatory.\n\nNo pr...t a complete immutable git archive, not an overlay or a PYTHONPATH mix.\n', '__package__': '', '__loader__': None, ...}
tmp_path = PosixPath('/workspace/scratch/porota-governed311-9a9b/pytest-private/test_rehashing_the_index_canno0')

    @pytest.fixture
    def miniature_git_source(probe, tmp_path):
        repository, source = tmp_path/"git-object-authority", tmp_path/"source-archive"
        repository.mkdir(); source.mkdir()
        def git(*arguments):
            return subprocess.check_output(["git", "--no-replace-objects", "-C", str(repository),
                "-c", "user.name=RC6 offline fixture", "-c", "user.email=rc6-offline@example.invalid",
                "-c", "commit.gpgsign=false", "-c", "core.hooksPath=/dev/null", *arguments])
        git("init", "--quiet")
        for name, body in ((probe["PROFILE_PATH"], b"# pinned miniature wrapper\n"),
                           ("source_module.py", b"VALUE = 'original'\n")):
            for root in (repository, source):
                destination = root/name
                destination.parent.mkdir(parents=True, exist_ok=True)
                destination.write_bytes(body); destination.chmod(0o644)
        git("add", "--", probe["PROFILE_PATH"], "source_module.py")
        git("commit", "--quiet", "-m", "Native Git object qualification fixture")
        source_sha, source_tree = git("rev-parse", "HEAD").decode().strip(), git("rev-parse", "HEAD^{tree}").decode().strip()
        pin = {"schema":"rc6.complete-archive-source-pin.v1", "source_sha":source_sha,
            "source_tree":source_tree,"overlay_count":0,
            "raw_git_commit_sha256":hashlib.sha256(git("cat-file","commit",source_sha)).hexdigest(),
>           **probe["code_inventory"](source)}
              ^^^^^^^^^^^^^^^^^^^^^^^^^^^^^^^

tests/test_rc6_native_archive_horizon_wrapper.py:137: 
_ _ _ _ _ _ _ _ _ _ _ _ _ _ _ _ _ _ _ _ _ _ _ _ _ _ _ _ _ _ _ _ _ _ _ _ _ _ _ _ 

root = PosixPath('/workspace/scratch/porota-governed311-9a9b/pytest-private/test_rehashing_the_index_canno0/source-archive')

    def code_inventory(root):
        """Every source blob, exact physical mode and Git object ID; no overlays."""
        files, modes, blobs = {}, {}, {}
        directories = set()
        queue = [root]
        while queue:
            directory = queue.pop()
            for path in paths_at(directory):
                info = path.lstat()
                if stat.S_ISDIR(info.st_mode):
                    if stat.S_IMODE(info.st_mode) != 0o755:
>                       raise ValueError("NATIVE_PROFILE_CODE_DIRECTORY_MODE_MISMATCH")
E                       ValueError: NATIVE_PROFILE_CODE_DIRECTORY_MODE_MISMATCH

docs/audits/rc6-convergence-persistence-evidence/native_archive_v3_profile_probe_v2.py:118: ValueError
_ ERROR at setup of test_replace_refs_cannot_change_the_git_qualification_authority _

probe = {'__name__': '<run_path>', '__doc__': 'Native, private archive capacity measurement; source pin is mandatory.\n\nNo pr...t a complete immutable git archive, not an overlay or a PYTHONPATH mix.\n', '__package__': '', '__loader__': None, ...}
tmp_path = PosixPath('/workspace/scratch/porota-governed311-9a9b/pytest-private/test_replace_refs_cannot_chang0')

    @pytest.fixture
    def miniature_git_source(probe, tmp_path):
        repository, source = tmp_path/"git-object-authority", tmp_path/"source-archive"
        repository.mkdir(); source.mkdir()
        def git(*arguments):
            return subprocess.check_output(["git", "--no-replace-objects", "-C", str(repository),
                "-c", "user.name=RC6 offline fixture", "-c", "user.email=rc6-offline@example.invalid",
                "-c", "commit.gpgsign=false", "-c", "core.hooksPath=/dev/null", *arguments])
        git("init", "--quiet")
        for name, body in ((probe["PROFILE_PATH"], b"# pinned miniature wrapper\n"),
                           ("source_module.py", b"VALUE = 'original'\n")):
            for root in (repository, source):
                destination = root/name
                destination.parent.mkdir(parents=True, exist_ok=True)
                destination.write_bytes(body); destination.chmod(0o644)
        git("add", "--", probe["PROFILE_PATH"], "source_module.py")
        git("commit", "--quiet", "-m", "Native Git object qualification fixture")
        source_sha, source_tree = git("rev-parse", "HEAD").decode().strip(), git("rev-parse", "HEAD^{tree}").decode().strip()
        pin = {"schema":"rc6.complete-archive-source-pin.v1", "source_sha":source_sha,
            "source_tree":source_tree,"overlay_count":0,
            "raw_git_commit_sha256":hashlib.sha256(git("cat-file","commit",source_sha)).hexdigest(),
>           **probe["code_inventory"](source)}
              ^^^^^^^^^^^^^^^^^^^^^^^^^^^^^^^

tests/test_rc6_native_archive_horizon_wrapper.py:137: 
_ _ _ _ _ _ _ _ _ _ _ _ _ _ _ _ _ _ _ _ _ _ _ _ _ _ _ _ _ _ _ _ _ _ _ _ _ _ _ _ 

root = PosixPath('/workspace/scratch/porota-governed311-9a9b/pytest-private/test_replace_refs_cannot_chang0/source-archive')

    def code_inventory(root):
        """Every source blob, exact physical mode and Git object ID; no overlays."""
        files, modes, blobs = {}, {}, {}
        directories = set()
        queue = [root]
        while queue:
            directory = queue.pop()
            for path in paths_at(directory):
                info = path.lstat()
                if stat.S_ISDIR(info.st_mode):
                    if stat.S_IMODE(info.st_mode) != 0o755:
>                       raise ValueError("NATIVE_PROFILE_CODE_DIRECTORY_MODE_MISMATCH")
E                       ValueError: NATIVE_PROFILE_CODE_DIRECTORY_MODE_MISMATCH

docs/audits/rc6-convergence-persistence-evidence/native_archive_v3_profile_probe_v2.py:118: ValueError
=================================== FAILURES ===================================
_______ test_predeploy_executes_strict_provenance_in_final_single_build ________

candidate = {'repo': PosixPath('/workspace/scratch/porota-governed311-9a9b/pytest-private/test_predeploy_executes_strict0/candidat... PosixPath('/workspace/scratch/porota-governed311-9a9b/pytest-private/test_predeploy_executes_strict0/image-app'), ...}

    def test_predeploy_executes_strict_provenance_in_final_single_build(candidate):
        workflow = yaml.safe_load(Path(".github/workflows/porota-predeploy-v2.yml").read_text())
        steps = workflow["jobs"]["artifact-gate"]["steps"]
        by_name = {step["name"]: step for step in steps}
        names = list(by_name)
        freeze = "Freeze checkout byte provenance before build"
        build = "Build candidate exactly once"
        assert names.index(freeze) < names.index(build)
        assert "create" in by_name[freeze]["run"]
        assert "POROTA_SOURCE_PROVENANCE.json" in by_name[freeze]["run"]
        assert "porota.tree=" in by_name[build]["run"]
        assert "porota.source-manifest-sha256=" in by_name[build]["run"]
        assert " checkout " in by_name[build]["run"]
        assert "--source-manifest" in by_name["Artifact completeness and import closure"]["run"]
        export = by_name["Export frozen candidate artifacts"]
        assert " image-tar " in export["run"]
        assert " bundle " in export["run"]
        assert "if" not in export
        assert "porota-source-provenance.json" in by_name["Upload predeploy evidence"]["with"]["path"]
        audit_gate = "Issue 465 programable reauditing evidence gate"
        assert names.index(audit_gate) > names.index("Governed automatic test discovery and execution")
        assert "rc6_issue465_audit_gate.py verify" in by_name[audit_gate]["run"]
>       assert "--junit /tmp/porota-governed-tests.xml" in by_name[audit_gate]["run"]
E       assert '--junit /tmp/porota-governed-tests.xml' in 'set -Eeuo pipefail\npython scripts/rc6_issue465_audit_gate.py verify \\\n  --repo-root . \\\n  --junit "${POROTA_PRED...OTA_PREDEPLOY_TMP}/porota-governed-tests.json" \\\n  --out "${POROTA_PREDEPLOY_TMP}/porota-issue465-audit-gate.json"\n'

tests/test_issue465_provenance.py:830: AssertionError
_ test_10x_catalog_5x_observations_exercises_all_shadow_labs_and_five_factual_exits _

tmp_path = PosixPath('/workspace/scratch/porota-governed311-9a9b/pytest-private/test_10x_catalog_5x_observatio0')

    def test_10x_catalog_5x_observations_exercises_all_shadow_labs_and_five_factual_exits(tmp_path):
>       result = run_stress(tmp_path / "load")
                 ^^^^^^^^^^^^^^^^^^^^^^^^^^^^^

tests/test_issue465_stress.py:40: 
_ _ _ _ _ _ _ _ _ _ _ _ _ _ _ _ _ _ _ _ _ _ _ _ _ _ _ _ _ _ _ _ _ _ _ _ _ _ _ _ 
scripts/rc6_issue465_stress.py:591: in run_stress
    return _run_stress(root,catalog_count=catalog_count,observations_per_identity=observations_per_identity,
_ _ _ _ _ _ _ _ _ _ _ _ _ _ _ _ _ _ _ _ _ _ _ _ _ _ _ _ _ _ _ _ _ _ _ _ _ _ _ _ 

root = PosixPath('/workspace/scratch/porota-governed311-9a9b/pytest-private/test_10x_catalog_5x_observatio0/load')
catalog_count = 12000, observations_per_identity = 5, slow_disk = False
maximum_bytes = 134217728, allow_fail_closed = False, canonical_runtime = False
diagnostic_stacks = None, binding = None, parent_observer = None
parent_before = None

    def _run_stress(root, *, catalog_count, observations_per_identity, slow_disk, maximum_bytes,
                    allow_fail_closed, canonical_runtime, diagnostic_stacks, binding, parent_observer, parent_before):
        root = Path(root)
        root.mkdir(parents=True, exist_ok=True)
        if any(root.iterdir()):
            raise ValueError("EMPTY_SYNTHETIC_WORKSPACE_REQUIRED")
        if type(canonical_runtime) is not bool:
            raise ValueError("CANONICAL_RUNTIME_FLAG_INVALID")
        if diagnostic_stacks is not None:
            diagnostic_stacks = Path(diagnostic_stacks).absolute()
            if (diagnostic_stacks.exists() or diagnostic_stacks.is_symlink()
                    or diagnostic_stacks.parent.resolve(strict=True) != diagnostic_stacks.parent):
                raise ValueError("NEW_PRIVATE_DIAGNOSTIC_STACK_FILE_REQUIRED")
            diagnostic_stacks = str(diagnostic_stacks)
        database = root / "data" / "paper_v17" / "observer_v17.db" if canonical_runtime else root / "source.db"
        database.parent.mkdir(parents=True, exist_ok=True)
        if canonical_runtime:
            from cg_paper_workspace import artifact_root
            output = artifact_root(database) / "dynamic-shadow"
        else:
            output = root / "shadow"
        fixture_database(database, catalog_count=catalog_count,
                         observations_per_identity=observations_per_identity)
        source_before = source_custody_snapshot(database)
        before = source_before[""]["sha256"]
        ctx = mp.get_context("spawn")
        started, release, queue = ctx.Event(), ctx.Event(), ctx.Queue()
        child_args = (str(database), str(output), started, release, queue, slow_disk, maximum_bytes,
                      canonical_runtime, diagnostic_stacks)
        if binding is not None:
            child_args += (binding,)
        child = ctx.Process(target=_shadow_child,args=child_args)
        cycle_begin = time.monotonic(); deadline = cycle_begin+90
        child.start()
        shadow = {"status": "SHADOW_FAIL_CLOSED", "cycle_completion": False, "cycle_handled": False,
            "reason": "SHADOW_CONSERVATIVE_CYCLE_DEADLINE", "handler_resources": {}, "phases": [],
            "fsync": {"fsync_entered": False, "fsync_completed": False, "scope": "ACTUAL_STAGED_GENERATION_MEMBER_FSYNC"},
            "elapsed_seconds": 90., "cpu_seconds": 0., "peak_rss_bytes": 0}
        completed = False
        progress_receipts = []
        child_import_before = None
    
        def receive(message):
            nonlocal completed, shadow, child_import_before
            event = message.pop("_probe_event", None)
            progress_receipts.append({"event": event,
                "received_at_monotonic": time.monotonic(),
                "handler_name": message.get("handler_name"),
                "entered_at_monotonic": message.get("entered_at_monotonic"),
                "child_cpu_seconds": message.get("child_cpu_seconds"),
                "child_elapsed_seconds": message.get("elapsed_seconds"),
                "phases": list(message.get("phases", [])),
                "handler_names": sorted(message.get("handler_resources", {}))})
            if event == "IMPORT_PROVENANCE":
                child_import_before = message.get("import_provenance")
            elif event == "FINAL":
                if message.get("reason") == "NATIVE_IMPORT_WORKER_EXCEPTION":
                    # Preserve already received native progress/fsync fields. The
                    # exception wrapper cannot reconstruct unobserved work state.
                    shadow.update(message)
                else:
                    shadow = message
                completed = True
            elif event in {"PROGRESS", "FSYNC"}:
                shadow.update(message)
    
        try:
            # Drain native progress before fsync as well as afterwards. Waiting only
            # on the fsync event loses the actual completed stages when the original
            # ninety-second deadline expires first, and can stall a queue feeder.
            while not started.is_set() and not completed and time.monotonic() < deadline:
                try:
                    message = queue.get(timeout=min(.05, max(.001, deadline-time.monotonic())))
                except Empty:
                    continue
                receive(message)
            # The SHADOW child has separate source/IO ownership; it cannot call exits.
            exits = factual_exit_probe(root/"exit-paper.db")
            release.set()
            # Consume before joining: the multiprocessing feeder cannot finish a
            # large resource receipt while the parent is waiting for its exit.
            while not completed and time.monotonic() < deadline:
                try: message = queue.get(timeout=max(.01, deadline-time.monotonic()))
                except Empty: break
                receive(message)
            if not completed:
                # Read only already available messages, without extending the cycle
                # deadline or claiming that a missing fsync was entered.
                while not completed:
                    try:
                        message = queue.get_nowait()
                    except Empty:
                        break
                    receive(message)
                shadow.update(status="SHADOW_FAIL_CLOSED", cycle_completion=False,
                    cycle_handled=False, reason="SHADOW_CONSERVATIVE_CYCLE_DEADLINE")
                proc = Path("/proc") / str(child.pid) / "status"
                if proc.is_file():
                    for line in proc.read_text().splitlines():
                        if line.startswith("VmHWM:"):
                            shadow["peak_rss_bytes"] = max(shadow["peak_rss_bytes"], int(line.split()[1])*1024)
            child.join(max(0., deadline-time.monotonic()))
            if child.is_alive():
                shadow.update(child_cleanup_completed=False, child_cleanup_reason="SHADOW_CHILD_CLEANUP_DEADLINE")
            else:
                shadow["child_cleanup_completed"] = True
            if not child.is_alive() and child.exitcode != 0:
                if binding is None:
                    raise AssertionError(f"SHADOW_CHILD_EXIT:{child.exitcode}")
                shadow.update(status="SHADOW_FAIL_CLOSED",cycle_completion=False,cycle_handled=False,
                    last_native_reason=shadow.get("reason"),reason="NATIVE_IMPORT_WORKER_NONZERO_EXIT",
                    child_exitcode=child.exitcode,child_exit_reason="NATIVE_IMPORT_WORKER_NONZERO_EXIT")
        finally:
            release.set()
            if child.is_alive():
                child.terminate()
                child.join(5)
            queue.close()
            queue.join_thread()
        lifetime_rss = _reaped_child_lifetime_rss(child) if binding is not None else None
        shadow.setdefault("evidence_bytes", sum(p.stat().st_size for p in output.rglob("*") if p.is_file()))
        shadow.setdefault("evidence_files", sum(p.is_file() for p in output.rglob("*")))
        shadow.setdefault("full_pipeline_exercised", {"families", "lab", "entry_signals", "funnel"} <= set(shadow["handler_resources"]))
        shadow["probe_event_receipts"] = progress_receipts
        shadow["cycle_started_at_monotonic"] = cycle_begin
        source_after = source_custody_snapshot(database)
        unchanged = source_before == source_after
        fsync = shadow["fsync"]
        slow_proven = bool(slow_disk and fsync["fsync_entered"] and fsync["fsync_completed"]
            and fsync["entered_at_monotonic"] <= exits["started_at_monotonic"]
            <= exits["finished_at_monotonic"] <= fsync["completed_at_monotonic"])
        result = {"schema": "rc6.issue465.synthetic-stress.v2", "synthetic": True,
                "catalog_baseline": 1200, "catalog_count": catalog_count,
                "catalog_multiplier": catalog_count/1200,
                "observation_baseline_per_identity": 1,
                "observation_multiplier": observations_per_identity,
                "observations_materialized": catalog_count*observations_per_identity,
                "slow_disk_requested": slow_disk, "slow_disk_injected": fsync["fsync_entered"],
                "slow_fsync_exit_isolation_proven": slow_proven, "shadow": shadow,
                "factual_exits": exits, "source_database_unchanged": unchanged,
                "source_sha256": before, "real_orders_sent": 0,
                "source_custody_before": source_before, "source_custody_after": source_after,
                "source_custody_scope": "MAIN_WAL_SHM_JOURNAL_BYTES_AND_ALL_CUSTODY_STATS_NOATIME",
                "canonical_runtime_requested": canonical_runtime, "database": str(database), "evidence_root": str(output),
                "diagnostic_only": diagnostic_stacks is not None,
                "diagnostic_stack_file": diagnostic_stacks,
                "real_routes": "NOT_CALLED", "runtime_touched": False,
                "provider_requests": 0, "cpu_latency_claim": "DESCRIPTIVE_OFFLINE_ONLY"}
        result["completion_required"] = not allow_fail_closed
        result["cycle_deadline_seconds"] = 90
        result["resource_gates"] = {"source_database_unchanged": unchanged,
            "evidence_within_quota": shadow["evidence_bytes"] <= maximum_bytes,
            "rss_within_two_gib": shadow["peak_rss_bytes"] < 2 * 1024**3,
            "child_cleanup_completed": shadow["child_cleanup_completed"],
            "complete_committed_cycle": allow_fail_closed or shadow["cycle_completion"],
            "actual_slow_fsync_exit_isolation": not slow_disk or allow_fail_closed or slow_proven,
            "maximum_rss_bytes": 2 * 1024**3, "actual_rss_bytes": shadow["peak_rss_bytes"],
            "maximum_evidence_bytes": maximum_bytes, "actual_evidence_bytes": shadow["evidence_bytes"]}
        if lifetime_rss is not None:
            shadow["lifetime_resource_observation"] = lifetime_rss
            verified_rss = lifetime_rss["status"] == "VERIFIED_REAPED_CHILDREN_MAXIMUM"
            actual_rss = max(shadow["peak_rss_bytes"],lifetime_rss["peak_rss_bytes"]) if verified_rss else None
            result["resource_gates"].update(actual_rss_bytes=actual_rss,
                reported_worker_rss_bytes=shadow["peak_rss_bytes"],
                rss_within_two_gib=verified_rss and actual_rss < 2 * 1024**3,
                rss_scope=lifetime_rss["scope"])
        if binding is None:
            result["import_provenance"] = {"requested":False,"status":"NOT_AUDITED","transient_closure_verified":False}
        else:
            try:
                parent_final = parent_observer.finish()
            except Exception as error:
                parent_final = {"status":"UNVERIFIED_FINAL_BOUNDARY","transient_closure_verified":False,
                                "error_class":type(error).__name__,"reason":str(error)}
            child_final = shadow.get("import_provenance")
            sources = (binding["source_sha"],binding["source_tree"],binding["source_index_sha256"])
            child_bound = (isinstance(child_import_before,dict) and isinstance(child_final,dict)
                and all(proof.get("native_pid")==child.pid and proof.get("parent_pid")==os.getpid()
                    and tuple(proof.get(key) for key in ("source_sha","source_tree","source_index_sha256"))==sources
                    for proof in (child_import_before,child_final)))
            verified = bool(child_bound and completed and shadow.get("child_cleanup_completed") is True
                and child.exitcode==0 and parent_final.get("transient_closure_verified") is True
                and child_final.get("transient_closure_verified") is True)
            result["import_provenance"] = {"requested":True,"status":"VERIFIED_OBSERVED_WINDOWS" if verified else "UNVERIFIED",
                "source_sha":binding["source_sha"],"source_tree":binding["source_tree"],"source_index_sha256":binding["source_index_sha256"],
                "environment_before_fixtures":binding["parent_environment_before_fixtures"],
                "sys_path_before_fixtures":binding["sys_path_before_fixtures"],"launcher_pid":os.getpid(),"launcher_parent_pid":os.getppid(),
                "worker_pid":child.pid,"worker_exitcode":child.exitcode,"worker_cleanup_completed":shadow.get("child_cleanup_completed") is True,
                "worker_pid_source_binding_verified":child_bound,"parent_boundary_before":parent_before,"parent_final":parent_final,
                "worker_boundary_before":child_import_before,"worker_final":child_final,"transient_closure_verified":verified,
                "scope":"OBSERVED_PARENT_AND_WORKER_WINDOWS; BOOTSTRAP_AND_POSTBOUNDARY_IPC_TEARDOWN_NOT_FULL_LIFETIME_CLOSURE"}
        result["business_resource_complete"] = all(result["resource_gates"][key] for key in
                   ("source_database_unchanged", "evidence_within_quota", "rss_within_two_gib", "child_cleanup_completed",
                    "complete_committed_cycle", "actual_slow_fsync_exit_isolation"))
        result["import_proof_complete"] = binding is not None and result["import_provenance"]["transient_closure_verified"] is True
        if not result["business_resource_complete"]:
>           raise StressResourceLimit(result)
E           scripts.rc6_issue465_stress.StressResourceLimit: {"resource_gates": {"actual_evidence_bytes": 36884143, "actual_rss_bytes": 1725100032, "actual_slow_fsync_exit_isolation": true, "child_cleanup_completed": false, "complete_committed_cycle": false, "evidence_within_quota": true, "maximum_evidence_bytes": 134217728, "maximum_rss_bytes": 2147483648, "rss_within_two_gib": true, "source_database_unchanged": true}, "shadow_reason": "SHADOW_CONSERVATIVE_CYCLE_DEADLINE"}

scripts/rc6_issue465_stress.py:796: StressResourceLimit
_ test_empty_prepared_root_and_native_archive_have_bounded_honest_inventory_without_metadata_writes _

tmp_path = PosixPath('/workspace/scratch/porota-governed311-9a9b/pytest-private/test_empty_prepared_root_and_n0')

    def test_empty_prepared_root_and_native_archive_have_bounded_honest_inventory_without_metadata_writes(tmp_path):
        root = prepared(tmp_path)
        before = inventory(root)
        empty = inspect_archive(root)
        assert empty["state"] == "WITHIN_QUOTA" and empty["occupied_bytes"] == 0
        assert empty["files"] == 0 and empty["inodes"] == 1
        assert before == inventory(root)
        live = tmp_path / "live"
        with EvidenceFiles(live) as files:
            publish(files, 1)
        generation = next(live.glob("gen-*"))
        receipt = EvidenceRetention(live, archive_root=root).archive_generation(generation)
        before = inventory(root)
        result = inspect_archive(root)
        assert result["schema"] == SCHEMA and result["verification_level"] == LEVEL
        assert result["occupied_bytes"] == sum(path.stat().st_size for path in root.iterdir())
        assert result["allocated_bytes"] == sum(path.stat().st_blocks * 512 for path in root.iterdir())
        assert result["allocated_directory_bytes"] == root.stat().st_blocks * 512
        assert result["files"] == 4 and result["inodes"] == 5
        assert result["growth_remaining_bytes"] + result["occupied_bytes"] == 512 * 1024**2
        assert result["owned_temporary_count"] == 0 and result["free_bytes"] > 0
        assert result["state"] == "WITHIN_QUOTA" and receipt["durable"] is True
>       assert before == inventory(root)
E       AssertionError: assert {PosixPath('....1283706), ...} == {PosixPath('....1283706), ...}
E         
E         Omitting 4 identical items, use -vv to show
E         Differing items:
E         {PosixPath('.'): os.stat_result(st_mode=16832, st_ino=1219169, st_dev=27, st_nlink=2, st_uid=1000, st_gid=1000, st_size=4096, st_atime=1791283705, st_mtime=1791283706, st_ctime=1791283706)} != {PosixPath('.'): os.stat_result(st_mode=16832, st_ino=1219169, st_dev=27, st_nlink=2, st_uid=1000, st_gid=1000, st_size=4096, st_atime=1791283706, st_mtime=1791283706, st_ctime=1791283706)}
E         Use -v to get more diff

tests/test_rc6_archive_namespace.py:59: AssertionError
_ test_native_tiny_cli_executes_all_legacy_v3_corruption_and_missing_dependency_controls _

native_private_source = (PosixPath('/workspace/scratch/porota-governed311-9a9b/pytest-private/native-codec-source0/source'), PosixPath('/works...venance.v2', 'schema_version': 2, 'status': 'GREEN', 'candidate_sha': '209385ace3c3a1954db48a52f5f3c029ed8f3bde', ...})

    def test_native_tiny_cli_executes_all_legacy_v3_corruption_and_missing_dependency_controls(native_private_source):
        repo, path, manifest = native_private_source
        image_argument = "sha256:" + "a" * 64  # Caller argument only; no Docker was executed.
        completed = subprocess.run([sys.executable, "-B", "-m", "scripts.rc6_archive_v3_image_smoke",
            "--source-manifest", str(path), "--candidate-sha", manifest["candidate_sha"],
            "--tree-sha", manifest["candidate_tree_sha"], "--image-id", image_argument], cwd=repo,
            env=dict(os.environ, PYTHONDONTWRITEBYTECODE="1"), capture_output=True, timeout=30)
>       assert completed.returncode == 0, completed.stdout.decode() + completed.stderr.decode()
E       AssertionError: {"elapsed_seconds":0.336046104000161,"image_id_authority":"CALLER_MUST_VERIFY_DOCKER_AND_EXTERNAL_GITHUB_TUPLE","runtime_approval":false,"schema":"rc6.archive-codec-tiny-image-smoke.v1","scope":"NATIVE_PRIVATE_SYNTHETIC_CODEC_AND_ARCHIVE_FIXTURES_ONLY","signature":"SMOKE_RSS_LIMIT","status":"RED"}
E         
E       assert 1 == 0
E        +  where 1 = CompletedProcess(args=['/workspace/porota-rc6-venv311/bin/python', '-B', '-m', 'scripts.rc6_archive_v3_image_smoke', '...NATIVE_PRIVATE_SYNTHETIC_CODEC_AND_ARCHIVE_FIXTURES_ONLY","signature":"SMOKE_RSS_LIMIT","status":"RED"}\n', stderr=b'').returncode

tests/test_rc6_archive_v3_image_smoke.py:111: AssertionError
_ test_native_writer_restore_checks_every_wire_and_decodes_checkpoint_only_once _

tmp_path = PosixPath('/workspace/scratch/porota-governed311-9a9b/pytest-private/test_native_writer_restore_che0')
monkeypatch = <_pytest.monkeypatch.MonkeyPatch object at 0x7f07d2182c90>

    def test_native_writer_restore_checks_every_wire_and_decodes_checkpoint_only_once(tmp_path, monkeypatch):
        from rc6_shadow_runtime import serialization
        monkeypatch.setattr(serialization, "THRESHOLD", 1)
        native = native_fixture(tmp_path, count=3)
        calls = []
        original = serialization._storage_bytes
        def checked_storage(value, **kwargs):
            calls.append(value["logical_sha256"])
            return original(value, **kwargs)
        monkeypatch.setattr(serialization, "_storage_bytes", checked_storage)
        result = native.worker.files.read_writer_generation(checkpoint=True)
        expected = [native.cut["manifest"]["files"][role]["payload_digest"] for role in persistence.ROLES]
>       assert sorted(calls) == sorted(expected)
E       AssertionError: assert [] == ['6e41ca77aec...5ea3731cc5e5']
E         
E         Right contains 3 more items, first extra item: '6e41ca77aec2bf0759244117cde002a8686cab3becb1cb719190e5e553d158d3'
E         Use -v to get more diff

tests/test_rc6_committed_projection.py:176: AssertionError
_ test_native_writer_transaction_receipts_reuse_only_verified_bytes_and_never_return_a_cached_graph _

tmp_path = PosixPath('/workspace/scratch/porota-governed311-9a9b/pytest-private/test_native_writer_transaction0')
monkeypatch = <_pytest.monkeypatch.MonkeyPatch object at 0x7f07d2681090>

    def test_native_writer_transaction_receipts_reuse_only_verified_bytes_and_never_return_a_cached_graph(tmp_path, monkeypatch):
        from collections import Counter
        from rc6_shadow_runtime import serialization
        monkeypatch.setattr(serialization, "THRESHOLD", 1)
        native = native_fixture(tmp_path, count=3)
        original = serialization._storage_bytes
        calls = []
        def checked(value, **kwargs):
            calls.append(value["logical_sha256"])
            return original(value, **kwargs)
        monkeypatch.setattr(serialization, "_storage_bytes", checked)
        files = native.worker.files
        with files:
            first = files.read_writer_generation(checkpoint=True)
            first["checkpoint"]["as_of"] = "2099-01-01T00:00:00+00:00"
            first["export_contract"]["verified_payloads"]["report"]["payload_digest"] = "0"*64
            second = files.read_writer_generation(checkpoint=False)
            third = files.read_writer_generation(checkpoint=True)
            assert second["export_contract"]["verified_payloads"]["report"]["payload_digest"] != "0"*64
            assert third["checkpoint"] == native.cut["checkpoint"]
            expected = {role: native.cut["manifest"]["files"][role]["payload_digest"] for role in persistence.ROLES}
>           assert Counter(calls) == Counter({expected["report"]: 1, expected["checkpoint"]: 2, expected["status"]: 3})
E           AssertionError: assert Counter() == Counter({'a8f...67b6e899': 1})
E             
E             Right contains 3 more items:
E             {'5a5178ffd3a251f36dedb7c1e6f0921f26ab7753ac32c74ee797fe3a67b6e899': 1,
E              '8b0a1106e5279b3e35472c205566d4d3319e098b61643c7e90a1b1d8c0171b8a': 2,
E              'a8fa41eba1edf59e37a0c10d0210310bc85da6ff02c0b30f93f2f42f8014bb08': 3}
E             Use -v to get more diff

tests/test_rc6_committed_projection.py:202: AssertionError
_ test_prior_audit_gate_accepts_actual_native_convergence_parser_with_controlled_junit _

candidate = (PosixPath('/workspace/scratch/porota-governed311-9a9b/pytest-private/test_prior_audit_gate_accepts_0/repo'), PosixPat...'), PosixPath('/workspace/scratch/porota-governed311-9a9b/pytest-private/test_prior_audit_gate_accepts_0/report.json'))

    def test_prior_audit_gate_accepts_actual_native_convergence_parser_with_controlled_junit(candidate):
        """Real original Git/authority and both validators; XML is a parser fixture."""
        root, xml, _ = candidate
        governed = prior_audit_parser_fixture(root, xml)
>       result = audit465.verify(root, xml, governed)
                 ^^^^^^^^^^^^^^^^^^^^^^^^^^^^^^^^^^^^

tests/test_rc6_convergence_provenance.py:267: 
_ _ _ _ _ _ _ _ _ _ _ _ _ _ _ _ _ _ _ _ _ _ _ _ _ _ _ _ _ _ _ _ _ _ _ _ _ _ _ _ 
scripts/rc6_issue465_audit_gate.py:345: in verify
    require(stat.S_IMODE(info.st_mode) == (0o755 if current["git_mode"] == "100755" else 0o644),
_ _ _ _ _ _ _ _ _ _ _ _ _ _ _ _ _ _ _ _ _ _ _ _ _ _ _ _ _ _ _ _ _ _ _ _ _ _ _ _ 

condition = False, reason = 'FROZEN_DISK_MODE_MISMATCH'

    def require(condition, reason):
        if not condition:
>           raise AuditGateError(reason)
E           scripts.rc6_issue465_audit_gate.AuditGateError: FROZEN_DISK_MODE_MISMATCH

scripts/rc6_issue465_audit_gate.py:51: AuditGateError
_ test_late_nonfront_tracked_mutation_is_rejected_after_actual_full_provenance _

candidate = (PosixPath('/workspace/scratch/porota-governed311-9a9b/pytest-private/test_late_nonfront_tracked_mut0/repo'), PosixPat...'), PosixPath('/workspace/scratch/porota-governed311-9a9b/pytest-private/test_late_nonfront_tracked_mut0/report.json'))
monkeypatch = <_pytest.monkeypatch.MonkeyPatch object at 0x7f07d2e7c890>

    def test_late_nonfront_tracked_mutation_is_rejected_after_actual_full_provenance(candidate, monkeypatch):
        """Real validators and Git; XML is an explicit controlled parser input."""
        root, xml, _ = candidate
        governed = prior_audit_parser_fixture(root, xml)
        original = audit465._guarded_front_path
        helper = root / 'scripts/rc6_prior_regression_successors.py'
        assert not any(helper.relative_to(root).as_posix() in row['paths']
                       for row in json.loads((root / audit465.MATRIX).read_bytes())['workstreams'])
        changed = []
        def mutate_after_full_proof(*args):
            result = original(*args)
            if not changed:
                helper.write_bytes(helper.read_bytes() + b'\n# controlled late tracked mutation\n')
                changed.append(True)
            return result
        monkeypatch.setattr(audit465, '_guarded_front_path', mutate_after_full_proof)
>       with pytest.raises(audit465.AuditGateError, match='TRACKED_CHECKOUT_CHANGED'):
E       AssertionError: Regex pattern did not match.
E         Expected regex: 'TRACKED_CHECKOUT_CHANGED'
E         Actual message: 'FROZEN_DISK_MODE_MISMATCH'

tests/test_rc6_convergence_provenance.py:317: AssertionError
_ test_original_gate_receipt_binding_counterexample_and_current_native_rejection _

candidate = (PosixPath('/workspace/scratch/porota-governed311-9a9b/pytest-private/test_original_gate_receipt_bin0/repo'), PosixPat...'), PosixPath('/workspace/scratch/porota-governed311-9a9b/pytest-private/test_original_gate_receipt_bin0/report.json'))

    def test_original_gate_receipt_binding_counterexample_and_current_native_rejection(candidate):
        """Real old/current validators; controlled XML is not execution authentication."""
        root, xml, _ = candidate
        governed = prior_audit_parser_fixture(root, xml)
        proof = json.loads(governed.read_bytes())
        proof.update(candidate_sha='0' * 40, candidate_tree='0' * 40, junit_sha256='0' * 64)
        write_json(governed, proof)
        old_sha = '003dccb5d07ebf7f443e58e0bb6499837a0a8a52'
        old_source = provenance.git(REPO, 'show', old_sha + ':scripts/rc6_issue465_audit_gate.py', binary=True)
        old = types.ModuleType('controlled_original_receipt_binding_gate')
        exec(compile(old_source, old_sha + ':scripts/rc6_issue465_audit_gate.py', 'exec'), old.__dict__)
        # Preserve the actual native validator counterexample at its immutable old
        # source, without presenting synthetic case metadata as a real governed run.
>       assert old.verify(root, xml, governed)['status'] == 'GREEN'
               ^^^^^^^^^^^^^^^^^^^^^^^^^^^^^^^

tests/test_rc6_convergence_provenance.py:335: 
_ _ _ _ _ _ _ _ _ _ _ _ _ _ _ _ _ _ _ _ _ _ _ _ _ _ _ _ _ _ _ _ _ _ _ _ _ _ _ _ 
003dccb5d07ebf7f443e58e0bb6499837a0a8a52:scripts/rc6_issue465_audit_gate.py:327: in verify
    ???
_ _ _ _ _ _ _ _ _ _ _ _ _ _ _ _ _ _ _ _ _ _ _ _ _ _ _ _ _ _ _ _ _ _ _ _ _ _ _ _ 

condition = False, reason = 'FROZEN_DISK_MODE_MISMATCH'

>   ???
E   controlled_original_receipt_binding_gate.AuditGateError: FROZEN_DISK_MODE_MISMATCH

003dccb5d07ebf7f443e58e0bb6499837a0a8a52:scripts/rc6_issue465_audit_gate.py:51: AuditGateError
__ test_predeploy_inventory_fetches_before_governed_tests_and_the_only_build ___

    def test_predeploy_inventory_fetches_before_governed_tests_and_the_only_build():
        workflow = yaml.safe_load((REPO / ".github/workflows/porota-predeploy-v2.yml").read_text())
        steps = workflow["jobs"]["artifact-gate"]["steps"]
        names = [step["name"] for step in steps]
        inventory = names.index("Inventory original convergence source refs before governed tests")
        tests = names.index("Governed automatic test discovery and execution")
        build = names.index("Build candidate exactly once")
        final = names.index("Final convergence input and guard provenance")
        assert inventory < tests < final < build
        assert "--fetch-source-refs" in steps[inventory]["run"] and "--junit" not in steps[inventory]["run"]
>       assert "--junit /tmp/porota-governed-tests.xml" in steps[final]["run"]
E       assert '--junit /tmp/porota-governed-tests.xml' in 'set -Eeuo pipefail\npython scripts/rc6_convergence_provenance.py \\\n  --repo-root . --candidate-sha "$CANDIDATE_SHA"...TMP"], \'porota-governed-tests.xml\')))\nprint(\'POROTA_FINAL_MATERIAL_PROGRAMMING_GATES=GREEN\')\nPY_FINAL_MATERIAL\n'

tests/test_rc6_convergence_provenance.py:504: AssertionError
_________ test_foreign_archive_namespace_is_not_repaired[public_mode] __________

disk_path = PosixPath('/workspace/scratch/rc6-native-disk-wyy_sfpf')
monkeypatch = <_pytest.monkeypatch.MonkeyPatch object at 0x7f07d2bb2410>
mutation = 'public_mode'

    @pytest.mark.parametrize("mutation", ["symlink", "regular_file", "public_mode"])
    def test_foreign_archive_namespace_is_not_repaired(disk_path, monkeypatch, mutation):
        prepare_launcher(disk_path, monkeypatch, {})
        adapt_owner(monkeypatch)
        target = manager.DATA / Path(ARCHIVE).relative_to("/app/data")
        target.parent.mkdir(parents=True, exist_ok=True)
        if mutation == "symlink":
            foreign = disk_path / "foreign"
            foreign.mkdir()
            target.symlink_to(foreign, target_is_directory=True)
        elif mutation == "regular_file":
            target.write_bytes(b"FOREIGN")
        else:
            target.mkdir(mode=0o755)
        before = target.lstat()
>       with pytest.raises(ValueError, match="ARCHIVE_(PATH_ALIAS|ROOT_CUSTODY_REQUIRED)"):
E       Failed: DID NOT RAISE ValueError

tests/test_rc6_convergence_sre_archive.py:101: Failed
_ test_native_launcher_rejects_unknown_archive_before_container_stop_and_preserves_namespace _

disk_path = PosixPath('/workspace/scratch/rc6-native-disk-fiz8n5z3')
monkeypatch = <_pytest.monkeypatch.MonkeyPatch object at 0x7f07d2297950>

    def test_native_launcher_rejects_unknown_archive_before_container_stop_and_preserves_namespace(disk_path, monkeypatch):
>       _, _, calls = source_fixture(disk_path, monkeypatch)
                      ^^^^^^^^^^^^^^^^^^^^^^^^^^^^^^^^^^^^^^

tests/test_rc6_convergence_sre_archive.py:322: 
_ _ _ _ _ _ _ _ _ _ _ _ _ _ _ _ _ _ _ _ _ _ _ _ _ _ _ _ _ _ _ _ _ _ _ _ _ _ _ _ 
tests/test_rc6_convergence_sre_launcher.py:128: in source_fixture
    manifest = create_source_manifest(tmp_path); raw = canonical_bytes(manifest)
               ^^^^^^^^^^^^^^^^^^^^^^^^^^^^^^^^
_ _ _ _ _ _ _ _ _ _ _ _ _ _ _ _ _ _ _ _ _ _ _ _ _ _ _ _ _ _ _ _ _ _ _ _ _ _ _ _ 

repo_root = PosixPath('/workspace/scratch/rc6-native-disk-fiz8n5z3')
candidate_sha = None, candidate_tree_sha = None

    def create_source_manifest(
        repo_root: Path,
        candidate_sha: str | None = None,
        candidate_tree_sha: str | None = None,
    ) -> dict:
        repo_root = repo_root.resolve()
        head = _git(repo_root, "rev-parse", "HEAD").decode().strip()
        tree = _git(repo_root, "rev-parse", "HEAD^{tree}").decode().strip()
        if candidate_sha is not None and candidate_sha != head:
            raise ProvenanceError("CANDIDATE_SHA_MISMATCH")
        if candidate_tree_sha is not None and candidate_tree_sha != tree:
            raise ProvenanceError("CANDIDATE_TREE_MISMATCH")
        entries = _git(repo_root, "ls-tree", "-rz", "--full-tree", head).split(b"\0")
        source: list[tuple[str, str, str]] = []
        for entry in entries:
            if not entry:
                continue
            meta, name = entry.split(b"\t", 1)
            mode, kind, oid = meta.decode().split()
            path = safe_path(name.decode("utf-8"))
            if path in {SOURCE_MANIFEST_NAME, BUNDLE_MANIFEST_NAME}:
                raise ProvenanceError("RESERVED_GENERATED_METADATA_TRACKED:" + path)
            if kind != "blob" or mode not in {"100644", "100755"}:
                raise ProvenanceError("NON_REGULAR_GIT_SOURCE:" + path)
            source.append((path, mode, oid))
        source.sort()
        if not source or len(source) > MAX_SOURCE_FILES:
            raise ProvenanceError("SOURCE_FILE_COUNT_LIMIT")
    
        object_format = _git(repo_root, "rev-parse", "--show-object-format").decode().strip()
        if object_format not in {"sha1", "sha256"}:
            raise ProvenanceError("UNSUPPORTED_GIT_OBJECT_FORMAT")
        dockerignore_oid = next((oid for path, _, oid in source if path == ".dockerignore"), None)
        dockerignore = _git(repo_root, "cat-file", "blob", dockerignore_oid).decode() if dockerignore_oid else ""
        try:
            from scripts.porota_validate_deploy_artifact import is_runtime_relevant
        except ModuleNotFoundError:
            from porota_validate_deploy_artifact import is_runtime_relevant
        rows = []
        for path, mode, oid in source:
            src = repo_root / path
            for parent in src.parents:
                if parent == repo_root:
                    break
                if parent.is_symlink():
                    raise ProvenanceError("CHECKOUT_SOURCE_PARENT_SYMLINK:" + path)
            try:
                info = src.lstat()
            except OSError as exc:
                raise ProvenanceError("CHECKOUT_SOURCE_UNREADABLE:" + path) from exc
            if not stat.S_ISREG(info.st_mode) or info.st_nlink != 1:
                raise ProvenanceError("NON_REGULAR_CHECKOUT_SOURCE:" + path)
            # Hash the SHA256 and Git blob identity from the same opened bytes.
            # No filters, symlink reads or hash/read TOCTOU gap can authorize bytes.
            raw_sha256 = hashlib.sha256()
            blob_digest = hashlib.new(object_format)
            blob_digest.update(b"blob " + str(info.st_size).encode() + b"\0")
            count = 0
            descriptor = os.open(src, os.O_RDONLY | getattr(os, "O_NOFOLLOW", 0))
            with os.fdopen(descriptor, "rb") as handle:
                opened = os.fstat(handle.fileno())
                if (opened.st_dev, opened.st_ino) != (info.st_dev, info.st_ino):
                    raise ProvenanceError("CHECKOUT_SOURCE_REPLACED:" + path)
                for block in iter(lambda: handle.read(1024 * 1024), b""):
                    raw_sha256.update(block)
                    blob_digest.update(block)
                    count += len(block)
            if count != info.st_size or blob_digest.hexdigest() != oid:
                raise ProvenanceError("CHECKOUT_BYTE_MISMATCH:" + path)
            if stat.S_IMODE(info.st_mode) != canonical_file_mode(mode):
>               raise ProvenanceError("CHECKOUT_MODE_MISMATCH:" + path)
E               scripts.porota_artifact_provenance.ProvenanceError: CHECKOUT_MODE_MISMATCH:bd_ppi_readonly_guard.py

scripts/porota_artifact_provenance.py:252: ProvenanceError
_ test_actual_install_checks_all_inputs_and_aliases_before_first_atomic_copy[none] _

tmp_path = PosixPath('/workspace/scratch/porota-governed311-9a9b/pytest-private/test_actual_install_checks_all0')
mutation = 'none'

    @pytest.mark.parametrize("mutation", ["none", "bad_source_mode", "symlink_target", "hardlink_target", "parent_alias"])
    def test_actual_install_checks_all_inputs_and_aliases_before_first_atomic_copy(tmp_path, mutation):
        workflow = Path(".github/workflows/porota-deploy-v2-promote.yml").read_text()
        start = workflow.index('          sudo -n python3 - "$STAGE" "$REPO"')
        block = workflow[start:].split("<<'PY'\n", 1)[1].split("\n          PY", 1)[0]
        code = "\n".join(line[10:] for line in block.splitlines())
        stage, target = tmp_path / "stage", tmp_path / "target"
        stage.mkdir(); target.mkdir()
        paths = {"a.py": b"NEW_FIRST\n", "package/b.py": b"NEW_LAST\n"}
        for root in (stage, target):
            for relative, value in paths.items():
                write(root, relative, value if root == stage else b"OLD\n")
        write(stage, "POROTA_SOURCE_PROVENANCE.json", b'{"status":"GREEN"}\n')
        manifest = tmp_path / "manifest.json"
        manifest.write_bytes(canonical_bytes({"status": "GREEN", "files": [
            {"path": relative, "sha256": sha256_file(stage / relative), "git_mode": "100644"}
            for relative in paths]}))
        foreign = tmp_path / "foreign.py"; foreign.write_bytes(b"FOREIGN_UNTOUCHED\n")
        if mutation == "bad_source_mode": (stage / "package/b.py").chmod(0o666)
        elif mutation in {"symlink_target", "hardlink_target"}:
            (target / "package/b.py").unlink()
            if mutation == "symlink_target": (target / "package/b.py").symlink_to(foreign)
            else: os.link(foreign, target / "package/b.py")
        elif mutation == "parent_alias":
            alias = tmp_path / "foreign-package"; alias.mkdir()
            shutil.rmtree(target / "package")
            (target / "package").symlink_to(alias, target_is_directory=True)
        result = subprocess.run([sys.executable, "-", str(stage), str(target), str(manifest)],
                                input=code, text=True, capture_output=True)
>       assert (result.returncode == 0) is (mutation == "none")
E       assert (1 == 0) is ('none' == 'none'
E        +  where 1 = CompletedProcess(args=['/workspace/porota-rc6-venv311/bin/python', '-', '/workspace/scratch/porota-governed311-9a9b/py...stdout='', stderr='Traceback (most recent call last):\n  File "<stdin>", line 17, in <module>\nAssertionError: a.py\n').returncode
E         
E           none)

tests/test_rc6_convergence_sre_binding.py:578: AssertionError
___ test_package_and_hook_match_same_image_source_before_container_mutation ____

tmp_path = PosixPath('/workspace/scratch/porota-governed311-9a9b/pytest-private/test_package_and_hook_match_sa0')
monkeypatch = <_pytest.monkeypatch.MonkeyPatch object at 0x7f07d25a9910>

    def test_package_and_hook_match_same_image_source_before_container_mutation(tmp_path, monkeypatch):
>       manifest, labels, calls = source_fixture(tmp_path, monkeypatch)
                                  ^^^^^^^^^^^^^^^^^^^^^^^^^^^^^^^^^^^^^

tests/test_rc6_convergence_sre_launcher.py:141: 
_ _ _ _ _ _ _ _ _ _ _ _ _ _ _ _ _ _ _ _ _ _ _ _ _ _ _ _ _ _ _ _ _ _ _ _ _ _ _ _ 
tests/test_rc6_convergence_sre_launcher.py:128: in source_fixture
    manifest = create_source_manifest(tmp_path); raw = canonical_bytes(manifest)
               ^^^^^^^^^^^^^^^^^^^^^^^^^^^^^^^^
_ _ _ _ _ _ _ _ _ _ _ _ _ _ _ _ _ _ _ _ _ _ _ _ _ _ _ _ _ _ _ _ _ _ _ _ _ _ _ _ 

repo_root = PosixPath('/workspace/scratch/porota-governed311-9a9b/pytest-private/test_package_and_hook_match_sa0')
candidate_sha = None, candidate_tree_sha = None

    def create_source_manifest(
        repo_root: Path,
        candidate_sha: str | None = None,
        candidate_tree_sha: str | None = None,
    ) -> dict:
        repo_root = repo_root.resolve()
        head = _git(repo_root, "rev-parse", "HEAD").decode().strip()
        tree = _git(repo_root, "rev-parse", "HEAD^{tree}").decode().strip()
        if candidate_sha is not None and candidate_sha != head:
            raise ProvenanceError("CANDIDATE_SHA_MISMATCH")
        if candidate_tree_sha is not None and candidate_tree_sha != tree:
            raise ProvenanceError("CANDIDATE_TREE_MISMATCH")
        entries = _git(repo_root, "ls-tree", "-rz", "--full-tree", head).split(b"\0")
        source: list[tuple[str, str, str]] = []
        for entry in entries:
            if not entry:
                continue
            meta, name = entry.split(b"\t", 1)
            mode, kind, oid = meta.decode().split()
            path = safe_path(name.decode("utf-8"))
            if path in {SOURCE_MANIFEST_NAME, BUNDLE_MANIFEST_NAME}:
                raise ProvenanceError("RESERVED_GENERATED_METADATA_TRACKED:" + path)
            if kind != "blob" or mode not in {"100644", "100755"}:
                raise ProvenanceError("NON_REGULAR_GIT_SOURCE:" + path)
            source.append((path, mode, oid))
        source.sort()
        if not source or len(source) > MAX_SOURCE_FILES:
            raise ProvenanceError("SOURCE_FILE_COUNT_LIMIT")
    
        object_format = _git(repo_root, "rev-parse", "--show-object-format").decode().strip()
        if object_format not in {"sha1", "sha256"}:
            raise ProvenanceError("UNSUPPORTED_GIT_OBJECT_FORMAT")
        dockerignore_oid = next((oid for path, _, oid in source if path == ".dockerignore"), None)
        dockerignore = _git(repo_root, "cat-file", "blob", dockerignore_oid).decode() if dockerignore_oid else ""
        try:
            from scripts.porota_validate_deploy_artifact import is_runtime_relevant
        except ModuleNotFoundError:
            from porota_validate_deploy_artifact import is_runtime_relevant
        rows = []
        for path, mode, oid in source:
            src = repo_root / path
            for parent in src.parents:
                if parent == repo_root:
                    break
                if parent.is_symlink():
                    raise ProvenanceError("CHECKOUT_SOURCE_PARENT_SYMLINK:" + path)
            try:
                info = src.lstat()
            except OSError as exc:
                raise ProvenanceError("CHECKOUT_SOURCE_UNREADABLE:" + path) from exc
            if not stat.S_ISREG(info.st_mode) or info.st_nlink != 1:
                raise ProvenanceError("NON_REGULAR_CHECKOUT_SOURCE:" + path)
            # Hash the SHA256 and Git blob identity from the same opened bytes.
            # No filters, symlink reads or hash/read TOCTOU gap can authorize bytes.
            raw_sha256 = hashlib.sha256()
            blob_digest = hashlib.new(object_format)
            blob_digest.update(b"blob " + str(info.st_size).encode() + b"\0")
            count = 0
            descriptor = os.open(src, os.O_RDONLY | getattr(os, "O_NOFOLLOW", 0))
            with os.fdopen(descriptor, "rb") as handle:
                opened = os.fstat(handle.fileno())
                if (opened.st_dev, opened.st_ino) != (info.st_dev, info.st_ino):
                    raise ProvenanceError("CHECKOUT_SOURCE_REPLACED:" + path)
                for block in iter(lambda: handle.read(1024 * 1024), b""):
                    raw_sha256.update(block)
                    blob_digest.update(block)
                    count += len(block)
            if count != info.st_size or blob_digest.hexdigest() != oid:
                raise ProvenanceError("CHECKOUT_BYTE_MISMATCH:" + path)
            if stat.S_IMODE(info.st_mode) != canonical_file_mode(mode):
>               raise ProvenanceError("CHECKOUT_MODE_MISMATCH:" + path)
E               scripts.porota_artifact_provenance.ProvenanceError: CHECKOUT_MODE_MISMATCH:bd_ppi_readonly_guard.py

scripts/porota_artifact_provenance.py:252: ProvenanceError
________ test_correct_files_with_wrong_image_source_labels_are_rejected ________

tmp_path = PosixPath('/workspace/scratch/porota-governed311-9a9b/pytest-private/test_correct_files_with_wrong_0')
monkeypatch = <_pytest.monkeypatch.MonkeyPatch object at 0x7f07d069f650>

    def test_correct_files_with_wrong_image_source_labels_are_rejected(tmp_path, monkeypatch):
>       _, labels, _ = source_fixture(tmp_path, monkeypatch)
                       ^^^^^^^^^^^^^^^^^^^^^^^^^^^^^^^^^^^^^

tests/test_rc6_convergence_sre_launcher.py:153: 
_ _ _ _ _ _ _ _ _ _ _ _ _ _ _ _ _ _ _ _ _ _ _ _ _ _ _ _ _ _ _ _ _ _ _ _ _ _ _ _ 
tests/test_rc6_convergence_sre_launcher.py:128: in source_fixture
    manifest = create_source_manifest(tmp_path); raw = canonical_bytes(manifest)
               ^^^^^^^^^^^^^^^^^^^^^^^^^^^^^^^^
_ _ _ _ _ _ _ _ _ _ _ _ _ _ _ _ _ _ _ _ _ _ _ _ _ _ _ _ _ _ _ _ _ _ _ _ _ _ _ _ 

repo_root = PosixPath('/workspace/scratch/porota-governed311-9a9b/pytest-private/test_correct_files_with_wrong_0')
candidate_sha = None, candidate_tree_sha = None

    def create_source_manifest(
        repo_root: Path,
        candidate_sha: str | None = None,
        candidate_tree_sha: str | None = None,
    ) -> dict:
        repo_root = repo_root.resolve()
        head = _git(repo_root, "rev-parse", "HEAD").decode().strip()
        tree = _git(repo_root, "rev-parse", "HEAD^{tree}").decode().strip()
        if candidate_sha is not None and candidate_sha != head:
            raise ProvenanceError("CANDIDATE_SHA_MISMATCH")
        if candidate_tree_sha is not None and candidate_tree_sha != tree:
            raise ProvenanceError("CANDIDATE_TREE_MISMATCH")
        entries = _git(repo_root, "ls-tree", "-rz", "--full-tree", head).split(b"\0")
        source: list[tuple[str, str, str]] = []
        for entry in entries:
            if not entry:
                continue
            meta, name = entry.split(b"\t", 1)
            mode, kind, oid = meta.decode().split()
            path = safe_path(name.decode("utf-8"))
            if path in {SOURCE_MANIFEST_NAME, BUNDLE_MANIFEST_NAME}:
                raise ProvenanceError("RESERVED_GENERATED_METADATA_TRACKED:" + path)
            if kind != "blob" or mode not in {"100644", "100755"}:
                raise ProvenanceError("NON_REGULAR_GIT_SOURCE:" + path)
            source.append((path, mode, oid))
        source.sort()
        if not source or len(source) > MAX_SOURCE_FILES:
            raise ProvenanceError("SOURCE_FILE_COUNT_LIMIT")
    
        object_format = _git(repo_root, "rev-parse", "--show-object-format").decode().strip()
        if object_format not in {"sha1", "sha256"}:
            raise ProvenanceError("UNSUPPORTED_GIT_OBJECT_FORMAT")
        dockerignore_oid = next((oid for path, _, oid in source if path == ".dockerignore"), None)
        dockerignore = _git(repo_root, "cat-file", "blob", dockerignore_oid).decode() if dockerignore_oid else ""
        try:
            from scripts.porota_validate_deploy_artifact import is_runtime_relevant
        except ModuleNotFoundError:
            from porota_validate_deploy_artifact import is_runtime_relevant
        rows = []
        for path, mode, oid in source:
            src = repo_root / path
            for parent in src.parents:
                if parent == repo_root:
                    break
                if parent.is_symlink():
                    raise ProvenanceError("CHECKOUT_SOURCE_PARENT_SYMLINK:" + path)
            try:
                info = src.lstat()
            except OSError as exc:
                raise ProvenanceError("CHECKOUT_SOURCE_UNREADABLE:" + path) from exc
            if not stat.S_ISREG(info.st_mode) or info.st_nlink != 1:
                raise ProvenanceError("NON_REGULAR_CHECKOUT_SOURCE:" + path)
            # Hash the SHA256 and Git blob identity from the same opened bytes.
            # No filters, symlink reads or hash/read TOCTOU gap can authorize bytes.
            raw_sha256 = hashlib.sha256()
            blob_digest = hashlib.new(object_format)
            blob_digest.update(b"blob " + str(info.st_size).encode() + b"\0")
            count = 0
            descriptor = os.open(src, os.O_RDONLY | getattr(os, "O_NOFOLLOW", 0))
            with os.fdopen(descriptor, "rb") as handle:
                opened = os.fstat(handle.fileno())
                if (opened.st_dev, opened.st_ino) != (info.st_dev, info.st_ino):
                    raise ProvenanceError("CHECKOUT_SOURCE_REPLACED:" + path)
                for block in iter(lambda: handle.read(1024 * 1024), b""):
                    raw_sha256.update(block)
                    blob_digest.update(block)
                    count += len(block)
            if count != info.st_size or blob_digest.hexdigest() != oid:
                raise ProvenanceError("CHECKOUT_BYTE_MISMATCH:" + path)
            if stat.S_IMODE(info.st_mode) != canonical_file_mode(mode):
>               raise ProvenanceError("CHECKOUT_MODE_MISMATCH:" + path)
E               scripts.porota_artifact_provenance.ProvenanceError: CHECKOUT_MODE_MISMATCH:bd_ppi_readonly_guard.py

scripts/porota_artifact_provenance.py:252: ProvenanceError
_ test_mount_package_is_complete_and_all_regular_modes_and_aliases_are_checked[missing_module] _

tmp_path = PosixPath('/workspace/scratch/porota-governed311-9a9b/pytest-private/test_mount_package_is_complete0')
monkeypatch = <_pytest.monkeypatch.MonkeyPatch object at 0x7f07d22a48d0>
mutation = 'missing_module'

    @pytest.mark.parametrize("mutation", ["missing_module", "extra_module", "hardlink", "world_writable", "metadata_mode"])
    def test_mount_package_is_complete_and_all_regular_modes_and_aliases_are_checked(tmp_path, monkeypatch, mutation):
>       _, _, calls = source_fixture(tmp_path, monkeypatch)
                      ^^^^^^^^^^^^^^^^^^^^^^^^^^^^^^^^^^^^^

tests/test_rc6_convergence_sre_launcher.py:161: 
_ _ _ _ _ _ _ _ _ _ _ _ _ _ _ _ _ _ _ _ _ _ _ _ _ _ _ _ _ _ _ _ _ _ _ _ _ _ _ _ 
tests/test_rc6_convergence_sre_launcher.py:128: in source_fixture
    manifest = create_source_manifest(tmp_path); raw = canonical_bytes(manifest)
               ^^^^^^^^^^^^^^^^^^^^^^^^^^^^^^^^
_ _ _ _ _ _ _ _ _ _ _ _ _ _ _ _ _ _ _ _ _ _ _ _ _ _ _ _ _ _ _ _ _ _ _ _ _ _ _ _ 

repo_root = PosixPath('/workspace/scratch/porota-governed311-9a9b/pytest-private/test_mount_package_is_complete0')
candidate_sha = None, candidate_tree_sha = None

    def create_source_manifest(
        repo_root: Path,
        candidate_sha: str | None = None,
        candidate_tree_sha: str | None = None,
    ) -> dict:
        repo_root = repo_root.resolve()
        head = _git(repo_root, "rev-parse", "HEAD").decode().strip()
        tree = _git(repo_root, "rev-parse", "HEAD^{tree}").decode().strip()
        if candidate_sha is not None and candidate_sha != head:
            raise ProvenanceError("CANDIDATE_SHA_MISMATCH")
        if candidate_tree_sha is not None and candidate_tree_sha != tree:
            raise ProvenanceError("CANDIDATE_TREE_MISMATCH")
        entries = _git(repo_root, "ls-tree", "-rz", "--full-tree", head).split(b"\0")
        source: list[tuple[str, str, str]] = []
        for entry in entries:
            if not entry:
                continue
            meta, name = entry.split(b"\t", 1)
            mode, kind, oid = meta.decode().split()
            path = safe_path(name.decode("utf-8"))
            if path in {SOURCE_MANIFEST_NAME, BUNDLE_MANIFEST_NAME}:
                raise ProvenanceError("RESERVED_GENERATED_METADATA_TRACKED:" + path)
            if kind != "blob" or mode not in {"100644", "100755"}:
                raise ProvenanceError("NON_REGULAR_GIT_SOURCE:" + path)
            source.append((path, mode, oid))
        source.sort()
        if not source or len(source) > MAX_SOURCE_FILES:
            raise ProvenanceError("SOURCE_FILE_COUNT_LIMIT")
    
        object_format = _git(repo_root, "rev-parse", "--show-object-format").decode().strip()
        if object_format not in {"sha1", "sha256"}:
            raise ProvenanceError("UNSUPPORTED_GIT_OBJECT_FORMAT")
        dockerignore_oid = next((oid for path, _, oid in source if path == ".dockerignore"), None)
        dockerignore = _git(repo_root, "cat-file", "blob", dockerignore_oid).decode() if dockerignore_oid else ""
        try:
            from scripts.porota_validate_deploy_artifact import is_runtime_relevant
        except ModuleNotFoundError:
            from porota_validate_deploy_artifact import is_runtime_relevant
        rows = []
        for path, mode, oid in source:
            src = repo_root / path
            for parent in src.parents:
                if parent == repo_root:
                    break
                if parent.is_symlink():
                    raise ProvenanceError("CHECKOUT_SOURCE_PARENT_SYMLINK:" + path)
            try:
                info = src.lstat()
            except OSError as exc:
                raise ProvenanceError("CHECKOUT_SOURCE_UNREADABLE:" + path) from exc
            if not stat.S_ISREG(info.st_mode) or info.st_nlink != 1:
                raise ProvenanceError("NON_REGULAR_CHECKOUT_SOURCE:" + path)
            # Hash the SHA256 and Git blob identity from the same opened bytes.
            # No filters, symlink reads or hash/read TOCTOU gap can authorize bytes.
            raw_sha256 = hashlib.sha256()
            blob_digest = hashlib.new(object_format)
            blob_digest.update(b"blob " + str(info.st_size).encode() + b"\0")
            count = 0
            descriptor = os.open(src, os.O_RDONLY | getattr(os, "O_NOFOLLOW", 0))
            with os.fdopen(descriptor, "rb") as handle:
                opened = os.fstat(handle.fileno())
                if (opened.st_dev, opened.st_ino) != (info.st_dev, info.st_ino):
                    raise ProvenanceError("CHECKOUT_SOURCE_REPLACED:" + path)
                for block in iter(lambda: handle.read(1024 * 1024), b""):
                    raw_sha256.update(block)
                    blob_digest.update(block)
                    count += len(block)
            if count != info.st_size or blob_digest.hexdigest() != oid:
                raise ProvenanceError("CHECKOUT_BYTE_MISMATCH:" + path)
            if stat.S_IMODE(info.st_mode) != canonical_file_mode(mode):
>               raise ProvenanceError("CHECKOUT_MODE_MISMATCH:" + path)
E               scripts.porota_artifact_provenance.ProvenanceError: CHECKOUT_MODE_MISMATCH:bd_ppi_readonly_guard.py

scripts/porota_artifact_provenance.py:252: ProvenanceError
_ test_mount_package_is_complete_and_all_regular_modes_and_aliases_are_checked[extra_module] _

tmp_path = PosixPath('/workspace/scratch/porota-governed311-9a9b/pytest-private/test_mount_package_is_complete1')
monkeypatch = <_pytest.monkeypatch.MonkeyPatch object at 0x7f07d255f1d0>
mutation = 'extra_module'

    @pytest.mark.parametrize("mutation", ["missing_module", "extra_module", "hardlink", "world_writable", "metadata_mode"])
    def test_mount_package_is_complete_and_all_regular_modes_and_aliases_are_checked(tmp_path, monkeypatch, mutation):
>       _, _, calls = source_fixture(tmp_path, monkeypatch)
                      ^^^^^^^^^^^^^^^^^^^^^^^^^^^^^^^^^^^^^

tests/test_rc6_convergence_sre_launcher.py:161: 
_ _ _ _ _ _ _ _ _ _ _ _ _ _ _ _ _ _ _ _ _ _ _ _ _ _ _ _ _ _ _ _ _ _ _ _ _ _ _ _ 
tests/test_rc6_convergence_sre_launcher.py:128: in source_fixture
    manifest = create_source_manifest(tmp_path); raw = canonical_bytes(manifest)
               ^^^^^^^^^^^^^^^^^^^^^^^^^^^^^^^^
_ _ _ _ _ _ _ _ _ _ _ _ _ _ _ _ _ _ _ _ _ _ _ _ _ _ _ _ _ _ _ _ _ _ _ _ _ _ _ _ 

repo_root = PosixPath('/workspace/scratch/porota-governed311-9a9b/pytest-private/test_mount_package_is_complete1')
candidate_sha = None, candidate_tree_sha = None

    def create_source_manifest(
        repo_root: Path,
        candidate_sha: str | None = None,
        candidate_tree_sha: str | None = None,
    ) -> dict:
        repo_root = repo_root.resolve()
        head = _git(repo_root, "rev-parse", "HEAD").decode().strip()
        tree = _git(repo_root, "rev-parse", "HEAD^{tree}").decode().strip()
        if candidate_sha is not None and candidate_sha != head:
            raise ProvenanceError("CANDIDATE_SHA_MISMATCH")
        if candidate_tree_sha is not None and candidate_tree_sha != tree:
            raise ProvenanceError("CANDIDATE_TREE_MISMATCH")
        entries = _git(repo_root, "ls-tree", "-rz", "--full-tree", head).split(b"\0")
        source: list[tuple[str, str, str]] = []
        for entry in entries:
            if not entry:
                continue
            meta, name = entry.split(b"\t", 1)
            mode, kind, oid = meta.decode().split()
            path = safe_path(name.decode("utf-8"))
            if path in {SOURCE_MANIFEST_NAME, BUNDLE_MANIFEST_NAME}:
                raise ProvenanceError("RESERVED_GENERATED_METADATA_TRACKED:" + path)
            if kind != "blob" or mode not in {"100644", "100755"}:
                raise ProvenanceError("NON_REGULAR_GIT_SOURCE:" + path)
            source.append((path, mode, oid))
        source.sort()
        if not source or len(source) > MAX_SOURCE_FILES:
            raise ProvenanceError("SOURCE_FILE_COUNT_LIMIT")
    
        object_format = _git(repo_root, "rev-parse", "--show-object-format").decode().strip()
        if object_format not in {"sha1", "sha256"}:
            raise ProvenanceError("UNSUPPORTED_GIT_OBJECT_FORMAT")
        dockerignore_oid = next((oid for path, _, oid in source if path == ".dockerignore"), None)
        dockerignore = _git(repo_root, "cat-file", "blob", dockerignore_oid).decode() if dockerignore_oid else ""
        try:
            from scripts.porota_validate_deploy_artifact import is_runtime_relevant
        except ModuleNotFoundError:
            from porota_validate_deploy_artifact import is_runtime_relevant
        rows = []
        for path, mode, oid in source:
            src = repo_root / path
            for parent in src.parents:
                if parent == repo_root:
                    break
                if parent.is_symlink():
                    raise ProvenanceError("CHECKOUT_SOURCE_PARENT_SYMLINK:" + path)
            try:
                info = src.lstat()
            except OSError as exc:
                raise ProvenanceError("CHECKOUT_SOURCE_UNREADABLE:" + path) from exc
            if not stat.S_ISREG(info.st_mode) or info.st_nlink != 1:
                raise ProvenanceError("NON_REGULAR_CHECKOUT_SOURCE:" + path)
            # Hash the SHA256 and Git blob identity from the same opened bytes.
            # No filters, symlink reads or hash/read TOCTOU gap can authorize bytes.
            raw_sha256 = hashlib.sha256()
            blob_digest = hashlib.new(object_format)
            blob_digest.update(b"blob " + str(info.st_size).encode() + b"\0")
            count = 0
            descriptor = os.open(src, os.O_RDONLY | getattr(os, "O_NOFOLLOW", 0))
            with os.fdopen(descriptor, "rb") as handle:
                opened = os.fstat(handle.fileno())
                if (opened.st_dev, opened.st_ino) != (info.st_dev, info.st_ino):
                    raise ProvenanceError("CHECKOUT_SOURCE_REPLACED:" + path)
                for block in iter(lambda: handle.read(1024 * 1024), b""):
                    raw_sha256.update(block)
                    blob_digest.update(block)
                    count += len(block)
            if count != info.st_size or blob_digest.hexdigest() != oid:
                raise ProvenanceError("CHECKOUT_BYTE_MISMATCH:" + path)
            if stat.S_IMODE(info.st_mode) != canonical_file_mode(mode):
>               raise ProvenanceError("CHECKOUT_MODE_MISMATCH:" + path)
E               scripts.porota_artifact_provenance.ProvenanceError: CHECKOUT_MODE_MISMATCH:bd_ppi_readonly_guard.py

scripts/porota_artifact_provenance.py:252: ProvenanceError
_ test_mount_package_is_complete_and_all_regular_modes_and_aliases_are_checked[hardlink] _

tmp_path = PosixPath('/workspace/scratch/porota-governed311-9a9b/pytest-private/test_mount_package_is_complete2')
monkeypatch = <_pytest.monkeypatch.MonkeyPatch object at 0x7f07d1df37d0>
mutation = 'hardlink'

    @pytest.mark.parametrize("mutation", ["missing_module", "extra_module", "hardlink", "world_writable", "metadata_mode"])
    def test_mount_package_is_complete_and_all_regular_modes_and_aliases_are_checked(tmp_path, monkeypatch, mutation):
>       _, _, calls = source_fixture(tmp_path, monkeypatch)
                      ^^^^^^^^^^^^^^^^^^^^^^^^^^^^^^^^^^^^^

tests/test_rc6_convergence_sre_launcher.py:161: 
_ _ _ _ _ _ _ _ _ _ _ _ _ _ _ _ _ _ _ _ _ _ _ _ _ _ _ _ _ _ _ _ _ _ _ _ _ _ _ _ 
tests/test_rc6_convergence_sre_launcher.py:128: in source_fixture
    manifest = create_source_manifest(tmp_path); raw = canonical_bytes(manifest)
               ^^^^^^^^^^^^^^^^^^^^^^^^^^^^^^^^
_ _ _ _ _ _ _ _ _ _ _ _ _ _ _ _ _ _ _ _ _ _ _ _ _ _ _ _ _ _ _ _ _ _ _ _ _ _ _ _ 

repo_root = PosixPath('/workspace/scratch/porota-governed311-9a9b/pytest-private/test_mount_package_is_complete2')
candidate_sha = None, candidate_tree_sha = None

    def create_source_manifest(
        repo_root: Path,
        candidate_sha: str | None = None,
        candidate_tree_sha: str | None = None,
    ) -> dict:
        repo_root = repo_root.resolve()
        head = _git(repo_root, "rev-parse", "HEAD").decode().strip()
        tree = _git(repo_root, "rev-parse", "HEAD^{tree}").decode().strip()
        if candidate_sha is not None and candidate_sha != head:
            raise ProvenanceError("CANDIDATE_SHA_MISMATCH")
        if candidate_tree_sha is not None and candidate_tree_sha != tree:
            raise ProvenanceError("CANDIDATE_TREE_MISMATCH")
        entries = _git(repo_root, "ls-tree", "-rz", "--full-tree", head).split(b"\0")
        source: list[tuple[str, str, str]] = []
        for entry in entries:
            if not entry:
                continue
            meta, name = entry.split(b"\t", 1)
            mode, kind, oid = meta.decode().split()
            path = safe_path(name.decode("utf-8"))
            if path in {SOURCE_MANIFEST_NAME, BUNDLE_MANIFEST_NAME}:
                raise ProvenanceError("RESERVED_GENERATED_METADATA_TRACKED:" + path)
            if kind != "blob" or mode not in {"100644", "100755"}:
                raise ProvenanceError("NON_REGULAR_GIT_SOURCE:" + path)
            source.append((path, mode, oid))
        source.sort()
        if not source or len(source) > MAX_SOURCE_FILES:
            raise ProvenanceError("SOURCE_FILE_COUNT_LIMIT")
    
        object_format = _git(repo_root, "rev-parse", "--show-object-format").decode().strip()
        if object_format not in {"sha1", "sha256"}:
            raise ProvenanceError("UNSUPPORTED_GIT_OBJECT_FORMAT")
        dockerignore_oid = next((oid for path, _, oid in source if path == ".dockerignore"), None)
        dockerignore = _git(repo_root, "cat-file", "blob", dockerignore_oid).decode() if dockerignore_oid else ""
        try:
            from scripts.porota_validate_deploy_artifact import is_runtime_relevant
        except ModuleNotFoundError:
            from porota_validate_deploy_artifact import is_runtime_relevant
        rows = []
        for path, mode, oid in source:
            src = repo_root / path
            for parent in src.parents:
                if parent == repo_root:
                    break
                if parent.is_symlink():
                    raise ProvenanceError("CHECKOUT_SOURCE_PARENT_SYMLINK:" + path)
            try:
                info = src.lstat()
            except OSError as exc:
                raise ProvenanceError("CHECKOUT_SOURCE_UNREADABLE:" + path) from exc
            if not stat.S_ISREG(info.st_mode) or info.st_nlink != 1:
                raise ProvenanceError("NON_REGULAR_CHECKOUT_SOURCE:" + path)
            # Hash the SHA256 and Git blob identity from the same opened bytes.
            # No filters, symlink reads or hash/read TOCTOU gap can authorize bytes.
            raw_sha256 = hashlib.sha256()
            blob_digest = hashlib.new(object_format)
            blob_digest.update(b"blob " + str(info.st_size).encode() + b"\0")
            count = 0
            descriptor = os.open(src, os.O_RDONLY | getattr(os, "O_NOFOLLOW", 0))
            with os.fdopen(descriptor, "rb") as handle:
                opened = os.fstat(handle.fileno())
                if (opened.st_dev, opened.st_ino) != (info.st_dev, info.st_ino):
                    raise ProvenanceError("CHECKOUT_SOURCE_REPLACED:" + path)
                for block in iter(lambda: handle.read(1024 * 1024), b""):
                    raw_sha256.update(block)
                    blob_digest.update(block)
                    count += len(block)
            if count != info.st_size or blob_digest.hexdigest() != oid:
                raise ProvenanceError("CHECKOUT_BYTE_MISMATCH:" + path)
            if stat.S_IMODE(info.st_mode) != canonical_file_mode(mode):
>               raise ProvenanceError("CHECKOUT_MODE_MISMATCH:" + path)
E               scripts.porota_artifact_provenance.ProvenanceError: CHECKOUT_MODE_MISMATCH:bd_ppi_readonly_guard.py

scripts/porota_artifact_provenance.py:252: ProvenanceError
_ test_mount_package_is_complete_and_all_regular_modes_and_aliases_are_checked[world_writable] _

tmp_path = PosixPath('/workspace/scratch/porota-governed311-9a9b/pytest-private/test_mount_package_is_complete3')
monkeypatch = <_pytest.monkeypatch.MonkeyPatch object at 0x7f07d2693410>
mutation = 'world_writable'

    @pytest.mark.parametrize("mutation", ["missing_module", "extra_module", "hardlink", "world_writable", "metadata_mode"])
    def test_mount_package_is_complete_and_all_regular_modes_and_aliases_are_checked(tmp_path, monkeypatch, mutation):
>       _, _, calls = source_fixture(tmp_path, monkeypatch)
                      ^^^^^^^^^^^^^^^^^^^^^^^^^^^^^^^^^^^^^

tests/test_rc6_convergence_sre_launcher.py:161: 
_ _ _ _ _ _ _ _ _ _ _ _ _ _ _ _ _ _ _ _ _ _ _ _ _ _ _ _ _ _ _ _ _ _ _ _ _ _ _ _ 
tests/test_rc6_convergence_sre_launcher.py:128: in source_fixture
    manifest = create_source_manifest(tmp_path); raw = canonical_bytes(manifest)
               ^^^^^^^^^^^^^^^^^^^^^^^^^^^^^^^^
_ _ _ _ _ _ _ _ _ _ _ _ _ _ _ _ _ _ _ _ _ _ _ _ _ _ _ _ _ _ _ _ _ _ _ _ _ _ _ _ 

repo_root = PosixPath('/workspace/scratch/porota-governed311-9a9b/pytest-private/test_mount_package_is_complete3')
candidate_sha = None, candidate_tree_sha = None

    def create_source_manifest(
        repo_root: Path,
        candidate_sha: str | None = None,
        candidate_tree_sha: str | None = None,
    ) -> dict:
        repo_root = repo_root.resolve()
        head = _git(repo_root, "rev-parse", "HEAD").decode().strip()
        tree = _git(repo_root, "rev-parse", "HEAD^{tree}").decode().strip()
        if candidate_sha is not None and candidate_sha != head:
            raise ProvenanceError("CANDIDATE_SHA_MISMATCH")
        if candidate_tree_sha is not None and candidate_tree_sha != tree:
            raise ProvenanceError("CANDIDATE_TREE_MISMATCH")
        entries = _git(repo_root, "ls-tree", "-rz", "--full-tree", head).split(b"\0")
        source: list[tuple[str, str, str]] = []
        for entry in entries:
            if not entry:
                continue
            meta, name = entry.split(b"\t", 1)
            mode, kind, oid = meta.decode().split()
            path = safe_path(name.decode("utf-8"))
            if path in {SOURCE_MANIFEST_NAME, BUNDLE_MANIFEST_NAME}:
                raise ProvenanceError("RESERVED_GENERATED_METADATA_TRACKED:" + path)
            if kind != "blob" or mode not in {"100644", "100755"}:
                raise ProvenanceError("NON_REGULAR_GIT_SOURCE:" + path)
            source.append((path, mode, oid))
        source.sort()
        if not source or len(source) > MAX_SOURCE_FILES:
            raise ProvenanceError("SOURCE_FILE_COUNT_LIMIT")
    
        object_format = _git(repo_root, "rev-parse", "--show-object-format").decode().strip()
        if object_format not in {"sha1", "sha256"}:
            raise ProvenanceError("UNSUPPORTED_GIT_OBJECT_FORMAT")
        dockerignore_oid = next((oid for path, _, oid in source if path == ".dockerignore"), None)
        dockerignore = _git(repo_root, "cat-file", "blob", dockerignore_oid).decode() if dockerignore_oid else ""
        try:
            from scripts.porota_validate_deploy_artifact import is_runtime_relevant
        except ModuleNotFoundError:
            from porota_validate_deploy_artifact import is_runtime_relevant
        rows = []
        for path, mode, oid in source:
            src = repo_root / path
            for parent in src.parents:
                if parent == repo_root:
                    break
                if parent.is_symlink():
                    raise ProvenanceError("CHECKOUT_SOURCE_PARENT_SYMLINK:" + path)
            try:
                info = src.lstat()
            except OSError as exc:
                raise ProvenanceError("CHECKOUT_SOURCE_UNREADABLE:" + path) from exc
            if not stat.S_ISREG(info.st_mode) or info.st_nlink != 1:
                raise ProvenanceError("NON_REGULAR_CHECKOUT_SOURCE:" + path)
            # Hash the SHA256 and Git blob identity from the same opened bytes.
            # No filters, symlink reads or hash/read TOCTOU gap can authorize bytes.
            raw_sha256 = hashlib.sha256()
            blob_digest = hashlib.new(object_format)
            blob_digest.update(b"blob " + str(info.st_size).encode() + b"\0")
            count = 0
            descriptor = os.open(src, os.O_RDONLY | getattr(os, "O_NOFOLLOW", 0))
            with os.fdopen(descriptor, "rb") as handle:
                opened = os.fstat(handle.fileno())
                if (opened.st_dev, opened.st_ino) != (info.st_dev, info.st_ino):
                    raise ProvenanceError("CHECKOUT_SOURCE_REPLACED:" + path)
                for block in iter(lambda: handle.read(1024 * 1024), b""):
                    raw_sha256.update(block)
                    blob_digest.update(block)
                    count += len(block)
            if count != info.st_size or blob_digest.hexdigest() != oid:
                raise ProvenanceError("CHECKOUT_BYTE_MISMATCH:" + path)
            if stat.S_IMODE(info.st_mode) != canonical_file_mode(mode):
>               raise ProvenanceError("CHECKOUT_MODE_MISMATCH:" + path)
E               scripts.porota_artifact_provenance.ProvenanceError: CHECKOUT_MODE_MISMATCH:bd_ppi_readonly_guard.py

scripts/porota_artifact_provenance.py:252: ProvenanceError
_ test_mount_package_is_complete_and_all_regular_modes_and_aliases_are_checked[metadata_mode] _

tmp_path = PosixPath('/workspace/scratch/porota-governed311-9a9b/pytest-private/test_mount_package_is_complete4')
monkeypatch = <_pytest.monkeypatch.MonkeyPatch object at 0x7f07d2362d10>
mutation = 'metadata_mode'

    @pytest.mark.parametrize("mutation", ["missing_module", "extra_module", "hardlink", "world_writable", "metadata_mode"])
    def test_mount_package_is_complete_and_all_regular_modes_and_aliases_are_checked(tmp_path, monkeypatch, mutation):
>       _, _, calls = source_fixture(tmp_path, monkeypatch)
                      ^^^^^^^^^^^^^^^^^^^^^^^^^^^^^^^^^^^^^

tests/test_rc6_convergence_sre_launcher.py:161: 
_ _ _ _ _ _ _ _ _ _ _ _ _ _ _ _ _ _ _ _ _ _ _ _ _ _ _ _ _ _ _ _ _ _ _ _ _ _ _ _ 
tests/test_rc6_convergence_sre_launcher.py:128: in source_fixture
    manifest = create_source_manifest(tmp_path); raw = canonical_bytes(manifest)
               ^^^^^^^^^^^^^^^^^^^^^^^^^^^^^^^^
_ _ _ _ _ _ _ _ _ _ _ _ _ _ _ _ _ _ _ _ _ _ _ _ _ _ _ _ _ _ _ _ _ _ _ _ _ _ _ _ 

repo_root = PosixPath('/workspace/scratch/porota-governed311-9a9b/pytest-private/test_mount_package_is_complete4')
candidate_sha = None, candidate_tree_sha = None

    def create_source_manifest(
        repo_root: Path,
        candidate_sha: str | None = None,
        candidate_tree_sha: str | None = None,
    ) -> dict:
        repo_root = repo_root.resolve()
        head = _git(repo_root, "rev-parse", "HEAD").decode().strip()
        tree = _git(repo_root, "rev-parse", "HEAD^{tree}").decode().strip()
        if candidate_sha is not None and candidate_sha != head:
            raise ProvenanceError("CANDIDATE_SHA_MISMATCH")
        if candidate_tree_sha is not None and candidate_tree_sha != tree:
            raise ProvenanceError("CANDIDATE_TREE_MISMATCH")
        entries = _git(repo_root, "ls-tree", "-rz", "--full-tree", head).split(b"\0")
        source: list[tuple[str, str, str]] = []
        for entry in entries:
            if not entry:
                continue
            meta, name = entry.split(b"\t", 1)
            mode, kind, oid = meta.decode().split()
            path = safe_path(name.decode("utf-8"))
            if path in {SOURCE_MANIFEST_NAME, BUNDLE_MANIFEST_NAME}:
                raise ProvenanceError("RESERVED_GENERATED_METADATA_TRACKED:" + path)
            if kind != "blob" or mode not in {"100644", "100755"}:
                raise ProvenanceError("NON_REGULAR_GIT_SOURCE:" + path)
            source.append((path, mode, oid))
        source.sort()
        if not source or len(source) > MAX_SOURCE_FILES:
            raise ProvenanceError("SOURCE_FILE_COUNT_LIMIT")
    
        object_format = _git(repo_root, "rev-parse", "--show-object-format").decode().strip()
        if object_format not in {"sha1", "sha256"}:
            raise ProvenanceError("UNSUPPORTED_GIT_OBJECT_FORMAT")
        dockerignore_oid = next((oid for path, _, oid in source if path == ".dockerignore"), None)
        dockerignore = _git(repo_root, "cat-file", "blob", dockerignore_oid).decode() if dockerignore_oid else ""
        try:
            from scripts.porota_validate_deploy_artifact import is_runtime_relevant
        except ModuleNotFoundError:
            from porota_validate_deploy_artifact import is_runtime_relevant
        rows = []
        for path, mode, oid in source:
            src = repo_root / path
            for parent in src.parents:
                if parent == repo_root:
                    break
                if parent.is_symlink():
                    raise ProvenanceError("CHECKOUT_SOURCE_PARENT_SYMLINK:" + path)
            try:
                info = src.lstat()
            except OSError as exc:
                raise ProvenanceError("CHECKOUT_SOURCE_UNREADABLE:" + path) from exc
            if not stat.S_ISREG(info.st_mode) or info.st_nlink != 1:
                raise ProvenanceError("NON_REGULAR_CHECKOUT_SOURCE:" + path)
            # Hash the SHA256 and Git blob identity from the same opened bytes.
            # No filters, symlink reads or hash/read TOCTOU gap can authorize bytes.
            raw_sha256 = hashlib.sha256()
            blob_digest = hashlib.new(object_format)
            blob_digest.update(b"blob " + str(info.st_size).encode() + b"\0")
            count = 0
            descriptor = os.open(src, os.O_RDONLY | getattr(os, "O_NOFOLLOW", 0))
            with os.fdopen(descriptor, "rb") as handle:
                opened = os.fstat(handle.fileno())
                if (opened.st_dev, opened.st_ino) != (info.st_dev, info.st_ino):
                    raise ProvenanceError("CHECKOUT_SOURCE_REPLACED:" + path)
                for block in iter(lambda: handle.read(1024 * 1024), b""):
                    raw_sha256.update(block)
                    blob_digest.update(block)
                    count += len(block)
            if count != info.st_size or blob_digest.hexdigest() != oid:
                raise ProvenanceError("CHECKOUT_BYTE_MISMATCH:" + path)
            if stat.S_IMODE(info.st_mode) != canonical_file_mode(mode):
>               raise ProvenanceError("CHECKOUT_MODE_MISMATCH:" + path)
E               scripts.porota_artifact_provenance.ProvenanceError: CHECKOUT_MODE_MISMATCH:bd_ppi_readonly_guard.py

scripts/porota_artifact_provenance.py:252: ProvenanceError
_ test_actual_launcher_argv_mounts_validated_input_roots_readonly_for_both_children _

disk_path = PosixPath('/workspace/scratch/rc6-native-disk-o20hmrco')
monkeypatch = <_pytest.monkeypatch.MonkeyPatch object at 0x7f07cc3380d0>

    def test_actual_launcher_argv_mounts_validated_input_roots_readonly_for_both_children(disk_path, monkeypatch):
        tmp_path = disk_path
>       source_fixture(tmp_path, monkeypatch)

tests/test_rc6_convergence_sre_launcher.py:175: 
_ _ _ _ _ _ _ _ _ _ _ _ _ _ _ _ _ _ _ _ _ _ _ _ _ _ _ _ _ _ _ _ _ _ _ _ _ _ _ _ 
tests/test_rc6_convergence_sre_launcher.py:128: in source_fixture
    manifest = create_source_manifest(tmp_path); raw = canonical_bytes(manifest)
               ^^^^^^^^^^^^^^^^^^^^^^^^^^^^^^^^
_ _ _ _ _ _ _ _ _ _ _ _ _ _ _ _ _ _ _ _ _ _ _ _ _ _ _ _ _ _ _ _ _ _ _ _ _ _ _ _ 

repo_root = PosixPath('/workspace/scratch/rc6-native-disk-o20hmrco')
candidate_sha = None, candidate_tree_sha = None

    def create_source_manifest(
        repo_root: Path,
        candidate_sha: str | None = None,
        candidate_tree_sha: str | None = None,
    ) -> dict:
        repo_root = repo_root.resolve()
        head = _git(repo_root, "rev-parse", "HEAD").decode().strip()
        tree = _git(repo_root, "rev-parse", "HEAD^{tree}").decode().strip()
        if candidate_sha is not None and candidate_sha != head:
            raise ProvenanceError("CANDIDATE_SHA_MISMATCH")
        if candidate_tree_sha is not None and candidate_tree_sha != tree:
            raise ProvenanceError("CANDIDATE_TREE_MISMATCH")
        entries = _git(repo_root, "ls-tree", "-rz", "--full-tree", head).split(b"\0")
        source: list[tuple[str, str, str]] = []
        for entry in entries:
            if not entry:
                continue
            meta, name = entry.split(b"\t", 1)
            mode, kind, oid = meta.decode().split()
            path = safe_path(name.decode("utf-8"))
            if path in {SOURCE_MANIFEST_NAME, BUNDLE_MANIFEST_NAME}:
                raise ProvenanceError("RESERVED_GENERATED_METADATA_TRACKED:" + path)
            if kind != "blob" or mode not in {"100644", "100755"}:
                raise ProvenanceError("NON_REGULAR_GIT_SOURCE:" + path)
            source.append((path, mode, oid))
        source.sort()
        if not source or len(source) > MAX_SOURCE_FILES:
            raise ProvenanceError("SOURCE_FILE_COUNT_LIMIT")
    
        object_format = _git(repo_root, "rev-parse", "--show-object-format").decode().strip()
        if object_format not in {"sha1", "sha256"}:
            raise ProvenanceError("UNSUPPORTED_GIT_OBJECT_FORMAT")
        dockerignore_oid = next((oid for path, _, oid in source if path == ".dockerignore"), None)
        dockerignore = _git(repo_root, "cat-file", "blob", dockerignore_oid).decode() if dockerignore_oid else ""
        try:
            from scripts.porota_validate_deploy_artifact import is_runtime_relevant
        except ModuleNotFoundError:
            from porota_validate_deploy_artifact import is_runtime_relevant
        rows = []
        for path, mode, oid in source:
            src = repo_root / path
            for parent in src.parents:
                if parent == repo_root:
                    break
                if parent.is_symlink():
                    raise ProvenanceError("CHECKOUT_SOURCE_PARENT_SYMLINK:" + path)
            try:
                info = src.lstat()
            except OSError as exc:
                raise ProvenanceError("CHECKOUT_SOURCE_UNREADABLE:" + path) from exc
            if not stat.S_ISREG(info.st_mode) or info.st_nlink != 1:
                raise ProvenanceError("NON_REGULAR_CHECKOUT_SOURCE:" + path)
            # Hash the SHA256 and Git blob identity from the same opened bytes.
            # No filters, symlink reads or hash/read TOCTOU gap can authorize bytes.
            raw_sha256 = hashlib.sha256()
            blob_digest = hashlib.new(object_format)
            blob_digest.update(b"blob " + str(info.st_size).encode() + b"\0")
            count = 0
            descriptor = os.open(src, os.O_RDONLY | getattr(os, "O_NOFOLLOW", 0))
            with os.fdopen(descriptor, "rb") as handle:
                opened = os.fstat(handle.fileno())
                if (opened.st_dev, opened.st_ino) != (info.st_dev, info.st_ino):
                    raise ProvenanceError("CHECKOUT_SOURCE_REPLACED:" + path)
                for block in iter(lambda: handle.read(1024 * 1024), b""):
                    raw_sha256.update(block)
                    blob_digest.update(block)
                    count += len(block)
            if count != info.st_size or blob_digest.hexdigest() != oid:
                raise ProvenanceError("CHECKOUT_BYTE_MISMATCH:" + path)
            if stat.S_IMODE(info.st_mode) != canonical_file_mode(mode):
>               raise ProvenanceError("CHECKOUT_MODE_MISMATCH:" + path)
E               scripts.porota_artifact_provenance.ProvenanceError: CHECKOUT_MODE_MISMATCH:bd_ppi_readonly_guard.py

scripts/porota_artifact_provenance.py:252: ProvenanceError
_ test_real_launcher_disk_layout_copies_more_than_observer_tmpfs_and_cleans_private_copy _

disk_path = PosixPath('/workspace/scratch/rc6-native-disk-50maa9qn')
monkeypatch = <_pytest.monkeypatch.MonkeyPatch object at 0x7f07cc2978d0>
record_testsuite_property = <bound method LogXML.add_global_property of <_pytest.junitxml.LogXML object at 0x7f07fa4db5d0>>

    def test_real_launcher_disk_layout_copies_more_than_observer_tmpfs_and_cleans_private_copy(
            disk_path, monkeypatch, record_testsuite_property):
>       source_fixture(disk_path, monkeypatch)

tests/test_rc6_convergence_sre_scratch.py:255: 
_ _ _ _ _ _ _ _ _ _ _ _ _ _ _ _ _ _ _ _ _ _ _ _ _ _ _ _ _ _ _ _ _ _ _ _ _ _ _ _ 
tests/test_rc6_convergence_sre_launcher.py:128: in source_fixture
    manifest = create_source_manifest(tmp_path); raw = canonical_bytes(manifest)
               ^^^^^^^^^^^^^^^^^^^^^^^^^^^^^^^^
_ _ _ _ _ _ _ _ _ _ _ _ _ _ _ _ _ _ _ _ _ _ _ _ _ _ _ _ _ _ _ _ _ _ _ _ _ _ _ _ 

repo_root = PosixPath('/workspace/scratch/rc6-native-disk-50maa9qn')
candidate_sha = None, candidate_tree_sha = None

    def create_source_manifest(
        repo_root: Path,
        candidate_sha: str | None = None,
        candidate_tree_sha: str | None = None,
    ) -> dict:
        repo_root = repo_root.resolve()
        head = _git(repo_root, "rev-parse", "HEAD").decode().strip()
        tree = _git(repo_root, "rev-parse", "HEAD^{tree}").decode().strip()
        if candidate_sha is not None and candidate_sha != head:
            raise ProvenanceError("CANDIDATE_SHA_MISMATCH")
        if candidate_tree_sha is not None and candidate_tree_sha != tree:
            raise ProvenanceError("CANDIDATE_TREE_MISMATCH")
        entries = _git(repo_root, "ls-tree", "-rz", "--full-tree", head).split(b"\0")
        source: list[tuple[str, str, str]] = []
        for entry in entries:
            if not entry:
                continue
            meta, name = entry.split(b"\t", 1)
            mode, kind, oid = meta.decode().split()
            path = safe_path(name.decode("utf-8"))
            if path in {SOURCE_MANIFEST_NAME, BUNDLE_MANIFEST_NAME}:
                raise ProvenanceError("RESERVED_GENERATED_METADATA_TRACKED:" + path)
            if kind != "blob" or mode not in {"100644", "100755"}:
                raise ProvenanceError("NON_REGULAR_GIT_SOURCE:" + path)
            source.append((path, mode, oid))
        source.sort()
        if not source or len(source) > MAX_SOURCE_FILES:
            raise ProvenanceError("SOURCE_FILE_COUNT_LIMIT")
    
        object_format = _git(repo_root, "rev-parse", "--show-object-format").decode().strip()
        if object_format not in {"sha1", "sha256"}:
            raise ProvenanceError("UNSUPPORTED_GIT_OBJECT_FORMAT")
        dockerignore_oid = next((oid for path, _, oid in source if path == ".dockerignore"), None)
        dockerignore = _git(repo_root, "cat-file", "blob", dockerignore_oid).decode() if dockerignore_oid else ""
        try:
            from scripts.porota_validate_deploy_artifact import is_runtime_relevant
        except ModuleNotFoundError:
            from porota_validate_deploy_artifact import is_runtime_relevant
        rows = []
        for path, mode, oid in source:
            src = repo_root / path
            for parent in src.parents:
                if parent == repo_root:
                    break
                if parent.is_symlink():
                    raise ProvenanceError("CHECKOUT_SOURCE_PARENT_SYMLINK:" + path)
            try:
                info = src.lstat()
            except OSError as exc:
                raise ProvenanceError("CHECKOUT_SOURCE_UNREADABLE:" + path) from exc
            if not stat.S_ISREG(info.st_mode) or info.st_nlink != 1:
                raise ProvenanceError("NON_REGULAR_CHECKOUT_SOURCE:" + path)
            # Hash the SHA256 and Git blob identity from the same opened bytes.
            # No filters, symlink reads or hash/read TOCTOU gap can authorize bytes.
            raw_sha256 = hashlib.sha256()
            blob_digest = hashlib.new(object_format)
            blob_digest.update(b"blob " + str(info.st_size).encode() + b"\0")
            count = 0
            descriptor = os.open(src, os.O_RDONLY | getattr(os, "O_NOFOLLOW", 0))
            with os.fdopen(descriptor, "rb") as handle:
                opened = os.fstat(handle.fileno())
                if (opened.st_dev, opened.st_ino) != (info.st_dev, info.st_ino):
                    raise ProvenanceError("CHECKOUT_SOURCE_REPLACED:" + path)
                for block in iter(lambda: handle.read(1024 * 1024), b""):
                    raw_sha256.update(block)
                    blob_digest.update(block)
                    count += len(block)
            if count != info.st_size or blob_digest.hexdigest() != oid:
                raise ProvenanceError("CHECKOUT_BYTE_MISMATCH:" + path)
            if stat.S_IMODE(info.st_mode) != canonical_file_mode(mode):
>               raise ProvenanceError("CHECKOUT_MODE_MISMATCH:" + path)
E               scripts.porota_artifact_provenance.ProvenanceError: CHECKOUT_MODE_MISMATCH:bd_ppi_readonly_guard.py

scripts/porota_artifact_provenance.py:252: ProvenanceError
________ test_configured_iol_cache_is_reused_and_protected_as_an_input _________

tmp_path = PosixPath('/workspace/scratch/porota-governed311-9a9b/pytest-private/test_configured_iol_cache_is_r0')
monkeypatch = <_pytest.monkeypatch.MonkeyPatch object at 0x7f07d04d1550>

    def test_configured_iol_cache_is_reused_and_protected_as_an_input(tmp_path, monkeypatch):
        store, _ = make_store(tmp_path, count=1)
        cache_dir = tmp_path / "custom-market"
        cache_dir.mkdir()
        cache = cache_dir / "quotes.json"
        cache.write_text('{"symbols":[],"status":"SOURCE_UNAVAILABLE"}')
        monkeypatch.setenv("POROTA_IOL_SHADOW_CACHE_PATH", str(cache))
        with pytest.raises(ValueError, match="SEPARATE"):
            ShadowRuntime(store.path, evidence_root=cache_dir, source_roots=[])
        worker = ShadowRuntime(store.path, evidence_root=tmp_path / "shadow", source_roots=[])
>       worker.tick(PRE)

tests/test_rc6_shadow_runtime_wiring.py:317: 
_ _ _ _ _ _ _ _ _ _ _ _ _ _ _ _ _ _ _ _ _ _ _ _ _ _ _ _ _ _ _ _ _ _ _ _ _ _ _ _ 
rc6_shadow_runtime/worker.py:368: in tick
    report["economic_exit_lab"], checkpoint["lab"] = evaluate_runtime_lab(
rc6_shadow_runtime/lab.py:665: in evaluate_runtime_lab
    source_key, tails, rows, existing, truncated = _read(database, at, prior, row_limit)
                                                   ^^^^^^^^^^^^^^^^^^^^^^^^^^^^^^^^^^^^^
rc6_shadow_runtime/lab.py:109: in _read
    with source_connection(path, deadline=deadline) as (connection, source_info):
/home/agent/.local/share/uv/python/cpython-3.11.16-linux-x86_64-gnu/lib/python3.11/contextlib.py:137: in __enter__
    return next(self.gen)
           ^^^^^^^^^^^^^^
rc6_shadow_runtime/source_reads.py:28: in source_connection
    with readonly_copy(path, deadline=deadline, validate=False) as connection:
/home/agent/.local/share/uv/python/cpython-3.11.16-linux-x86_64-gnu/lib/python3.11/contextlib.py:137: in __enter__
    return next(self.gen)
           ^^^^^^^^^^^^^^
rc6_audit_evidence/sqlite_snapshot.py:132: in readonly_copy
    digests[suffix] = _read(Path(str(path) + suffix), info,
_ _ _ _ _ _ _ _ _ _ _ _ _ _ _ _ _ _ _ _ _ _ _ _ _ _ _ _ _ _ _ _ _ _ _ _ _ _ _ _ 

member = PosixPath('/workspace/scratch/porota-governed311-9a9b/pytest-private/test_configured_iol_cache_is_r0/paper.db')
expected = (27, 1505649, 33152, 1, 4096, 1791285378636659422, ...)
deadline = 4278.202271913
destination = <_io.BufferedWriter name='/tmp/rc6-sqlite-copy-58ejniwi/snapshot.sqlite'>
scratch_guard = None

    def _read(member, expected, *, deadline, destination=None, scratch_guard=None):
        # Preserve source atime too. If the caller cannot obtain O_NOATIME, a
        # source-owner capture is required; silently degrading would change it.
        if any(not hasattr(os, flag) for flag in ('O_NOFOLLOW', 'O_NOATIME', 'O_NONBLOCK')):
            raise SnapshotError('SOURCE_OWNER_CAPTURE_REQUIRED')
        # Inventory and open are separate operations. A substituted FIFO must
        # reach the metadata check without waiting for a writer at os.open.
        flags = os.O_RDONLY | os.O_NOFOLLOW | os.O_NOATIME | os.O_NONBLOCK
        digest = hashlib.sha256()
        try:
            descriptor = os.open(member, flags)
            with os.fdopen(descriptor, "rb") as stream:
                if _metadata(os.fstat(stream.fileno())) != expected:
>                   raise SnapshotError("SOURCE_SNAPSHOT_BUSY")
E                   rc6_audit_evidence.sqlite_scratch.SnapshotError: SOURCE_SNAPSHOT_BUSY

rc6_audit_evidence/sqlite_snapshot.py:63: SnapshotError
=========================== short test summary info ============================
FAILED tests/test_issue465_provenance.py::test_predeploy_executes_strict_provenance_in_final_single_build
FAILED tests/test_issue465_stress.py::test_10x_catalog_5x_observations_exercises_all_shadow_labs_and_five_factual_exits
FAILED tests/test_rc6_archive_namespace.py::test_empty_prepared_root_and_native_archive_have_bounded_honest_inventory_without_metadata_writes
FAILED tests/test_rc6_archive_v3_image_smoke.py::test_native_tiny_cli_executes_all_legacy_v3_corruption_and_missing_dependency_controls
FAILED tests/test_rc6_committed_projection.py::test_native_writer_restore_checks_every_wire_and_decodes_checkpoint_only_once
FAILED tests/test_rc6_committed_projection.py::test_native_writer_transaction_receipts_reuse_only_verified_bytes_and_never_return_a_cached_graph
FAILED tests/test_rc6_convergence_provenance.py::test_prior_audit_gate_accepts_actual_native_convergence_parser_with_controlled_junit
FAILED tests/test_rc6_convergence_provenance.py::test_late_nonfront_tracked_mutation_is_rejected_after_actual_full_provenance
FAILED tests/test_rc6_convergence_provenance.py::test_original_gate_receipt_binding_counterexample_and_current_native_rejection
FAILED tests/test_rc6_convergence_provenance.py::test_predeploy_inventory_fetches_before_governed_tests_and_the_only_build
FAILED tests/test_rc6_convergence_sre_archive.py::test_foreign_archive_namespace_is_not_repaired[public_mode]
FAILED tests/test_rc6_convergence_sre_archive.py::test_native_launcher_rejects_unknown_archive_before_container_stop_and_preserves_namespace
FAILED tests/test_rc6_convergence_sre_binding.py::test_actual_install_checks_all_inputs_and_aliases_before_first_atomic_copy[none]
FAILED tests/test_rc6_convergence_sre_launcher.py::test_package_and_hook_match_same_image_source_before_container_mutation
FAILED tests/test_rc6_convergence_sre_launcher.py::test_correct_files_with_wrong_image_source_labels_are_rejected
FAILED tests/test_rc6_convergence_sre_launcher.py::test_mount_package_is_complete_and_all_regular_modes_and_aliases_are_checked[missing_module]
FAILED tests/test_rc6_convergence_sre_launcher.py::test_mount_package_is_complete_and_all_regular_modes_and_aliases_are_checked[extra_module]
FAILED tests/test_rc6_convergence_sre_launcher.py::test_mount_package_is_complete_and_all_regular_modes_and_aliases_are_checked[hardlink]
FAILED tests/test_rc6_convergence_sre_launcher.py::test_mount_package_is_complete_and_all_regular_modes_and_aliases_are_checked[world_writable]
FAILED tests/test_rc6_convergence_sre_launcher.py::test_mount_package_is_complete_and_all_regular_modes_and_aliases_are_checked[metadata_mode]
FAILED tests/test_rc6_convergence_sre_launcher.py::test_actual_launcher_argv_mounts_validated_input_roots_readonly_for_both_children
FAILED tests/test_rc6_convergence_sre_scratch.py::test_real_launcher_disk_layout_copies_more_than_observer_tmpfs_and_cleans_private_copy
FAILED tests/test_rc6_shadow_runtime_wiring.py::test_configured_iol_cache_is_reused_and_protected_as_an_input
ERROR tests/test_rc6_convergence_sre_binding.py::test_full_frozen_payload_source_bundle_image_and_native_host_receipts_are_verified
ERROR tests/test_rc6_convergence_sre_binding.py::test_self_asserted_green_final_fip_must_recompute_actual_original_git_closure
ERROR tests/test_rc6_convergence_sre_binding.py::test_governed_exclusion_control_uses_exact_original_git_blob_and_ignores_evolved_candidate_policy
ERROR tests/test_rc6_convergence_sre_binding.py::test_governed_exclusion_drift_rejects_when_raw_fip_and_junit_stay_unchanged[empty]
ERROR tests/test_rc6_convergence_sre_binding.py::test_governed_exclusion_drift_rejects_when_raw_fip_and_junit_stay_unchanged[extra]
ERROR tests/test_rc6_convergence_sre_binding.py::test_governed_exclusion_drift_rejects_when_raw_fip_and_junit_stay_unchanged[different_path]
ERROR tests/test_rc6_convergence_sre_binding.py::test_governed_exclusion_drift_rejects_when_raw_fip_and_junit_stay_unchanged[duplicate]
ERROR tests/test_rc6_convergence_sre_binding.py::test_governed_exclusion_authority_cannot_be_rebound_to_another_original_source[wrong_source_digest]
ERROR tests/test_rc6_convergence_sre_binding.py::test_governed_exclusion_authority_cannot_be_rebound_to_another_original_source[rebound_handoff]
ERROR tests/test_rc6_convergence_sre_binding.py::test_governed_exclusion_authority_cannot_be_rebound_to_another_original_source[replacement_ref]
ERROR tests/test_rc6_convergence_sre_binding.py::test_final_release_barrier_rejects_pending_wrong_head_and_forged_raw_governed_receipts[raw_hash-DIGEST_MISMATCH]
ERROR tests/test_rc6_convergence_sre_binding.py::test_final_release_barrier_rejects_pending_wrong_head_and_forged_raw_governed_receipts[candidate-CANDIDATE_MISMATCH]
ERROR tests/test_rc6_convergence_sre_binding.py::test_final_release_barrier_rejects_pending_wrong_head_and_forged_raw_governed_receipts[tree-CANDIDATE_MISMATCH]
ERROR tests/test_rc6_convergence_sre_binding.py::test_final_release_barrier_rejects_pending_wrong_head_and_forged_raw_governed_receipts[inventory-CANDIDATE_MISMATCH]
ERROR tests/test_rc6_convergence_sre_binding.py::test_final_release_barrier_rejects_pending_wrong_head_and_forged_raw_governed_receipts[eligible_false-MATERIAL_GATES_OPEN]
ERROR tests/test_rc6_convergence_sre_binding.py::test_final_release_barrier_rejects_pending_wrong_head_and_forged_raw_governed_receipts[eligible_integer-MATERIAL_GATES_OPEN]
ERROR tests/test_rc6_convergence_sre_binding.py::test_final_release_barrier_rejects_pending_wrong_head_and_forged_raw_governed_receipts[material_false-MATERIAL_GATES_OPEN]
ERROR tests/test_rc6_convergence_sre_binding.py::test_final_release_barrier_rejects_pending_wrong_head_and_forged_raw_governed_receipts[pending-MATERIAL_GATES_OPEN]
ERROR tests/test_rc6_convergence_sre_binding.py::test_final_release_barrier_rejects_pending_wrong_head_and_forged_raw_governed_receipts[pending_dict-MATERIAL_GATES_OPEN]
ERROR tests/test_rc6_convergence_sre_binding.py::test_final_release_barrier_rejects_pending_wrong_head_and_forged_raw_governed_receipts[junit_hash-JUNIT_BINDING_INVALID]
ERROR tests/test_rc6_convergence_sre_binding.py::test_final_release_barrier_rejects_pending_wrong_head_and_forged_raw_governed_receipts[gov_boolean_zero-GOVERNED_RECEIPT_BINDING_INVALID]
ERROR tests/test_rc6_convergence_sre_binding.py::test_final_release_barrier_rejects_pending_wrong_head_and_forged_raw_governed_receipts[gov_foreign_head-GOVERNED_RECEIPT_BINDING_INVALID]
ERROR tests/test_rc6_convergence_sre_binding.py::test_final_release_barrier_rejects_pending_wrong_head_and_forged_raw_governed_receipts[gov_count-GOVERNED_RECEIPT_BINDING_INVALID]
ERROR tests/test_rc6_convergence_sre_binding.py::test_final_release_barrier_rejects_pending_wrong_head_and_forged_raw_governed_receipts[duplicate_junit-JUNIT_DUPLICATE_CASE]
ERROR tests/test_rc6_convergence_sre_binding.py::test_final_release_barrier_rejects_pending_wrong_head_and_forged_raw_governed_receipts[failed_junit-JUNIT_NONPASS]
ERROR tests/test_rc6_convergence_sre_binding.py::test_final_release_barrier_rejects_pending_wrong_head_and_forged_raw_governed_receipts[junit_alias-None]
ERROR tests/test_rc6_convergence_sre_binding.py::test_final_release_barrier_rejects_pending_wrong_head_and_forged_raw_governed_receipts[fip_alias-None]
ERROR tests/test_rc6_convergence_sre_binding.py::test_git_replace_objects_are_rejected_before_any_artifact_claim
ERROR tests/test_rc6_convergence_sre_binding.py::test_frozen_tiny_receipt_is_bound_to_raw_bytes_source_fixtures_and_image_id[missing-None]
ERROR tests/test_rc6_convergence_sre_binding.py::test_frozen_tiny_receipt_is_bound_to_raw_bytes_source_fixtures_and_image_id[alias-None]
ERROR tests/test_rc6_convergence_sre_binding.py::test_frozen_tiny_receipt_is_bound_to_raw_bytes_source_fixtures_and_image_id[digest-DIGEST_MISMATCH]
ERROR tests/test_rc6_convergence_sre_binding.py::test_frozen_tiny_receipt_is_bound_to_raw_bytes_source_fixtures_and_image_id[script-SOURCE_MISMATCH]
ERROR tests/test_rc6_convergence_sre_binding.py::test_frozen_tiny_receipt_is_bound_to_raw_bytes_source_fixtures_and_image_id[fixture-SOURCE_MISMATCH]
ERROR tests/test_rc6_convergence_sre_binding.py::test_frozen_tiny_receipt_is_bound_to_raw_bytes_source_fixtures_and_image_id[loaded_id-BINDING_INVALID]
ERROR tests/test_rc6_convergence_sre_binding.py::test_frozen_tiny_receipt_is_bound_to_raw_bytes_source_fixtures_and_image_id[missing_case-CASE_CLOSURE]
ERROR tests/test_rc6_convergence_sre_binding.py::test_frozen_tiny_receipt_is_bound_to_raw_bytes_source_fixtures_and_image_id[boolean_counter-SAFETY]
ERROR tests/test_rc6_convergence_sre_binding.py::test_frozen_tiny_receipt_is_bound_to_raw_bytes_source_fixtures_and_image_id[unknown_schema-NOT_GREEN]
ERROR tests/test_rc6_convergence_sre_binding.py::test_frozen_tiny_receipt_is_bound_to_raw_bytes_source_fixtures_and_image_id[root_uid-CUSTODY]
ERROR tests/test_rc6_convergence_sre_binding.py::test_frozen_tiny_receipt_is_bound_to_raw_bytes_source_fixtures_and_image_id[fake_import-IMPORT_BINDING]
ERROR tests/test_rc6_convergence_sre_binding.py::test_frozen_tiny_receipt_is_bound_to_raw_bytes_source_fixtures_and_image_id[self_approve-SCOPE_ESCALATION]
ERROR tests/test_rc6_convergence_sre_binding.py::test_frozen_tiny_receipt_is_bound_to_raw_bytes_source_fixtures_and_image_id[legacy_wire-CODEC_BYTES]
ERROR tests/test_rc6_convergence_sre_binding.py::test_frozen_tiny_receipt_is_bound_to_raw_bytes_source_fixtures_and_image_id[legacy_member-LEGACY_MEMBER_BINDING]
ERROR tests/test_rc6_convergence_sre_binding.py::test_frozen_tiny_receipt_is_bound_to_raw_bytes_source_fixtures_and_image_id[inspector_source-NAMESPACE_SCOPE]
ERROR tests/test_rc6_convergence_sre_binding.py::test_frozen_tiny_receipt_is_bound_to_raw_bytes_source_fixtures_and_image_id[signed_zero_claim-FLOAT_CONTROL]
ERROR tests/test_rc6_convergence_sre_binding.py::test_payload_cannot_replace_external_origin_with_self_asserted_json[workflow_id-999]
ERROR tests/test_rc6_convergence_sre_binding.py::test_payload_cannot_replace_external_origin_with_self_asserted_json[run_id-999]
ERROR tests/test_rc6_convergence_sre_binding.py::test_payload_cannot_replace_external_origin_with_self_asserted_json[run_attempt-4]
ERROR tests/test_rc6_convergence_sre_binding.py::test_payload_cannot_replace_external_origin_with_self_asserted_json[repository-foreign/repo]
ERROR tests/test_rc6_convergence_sre_binding.py::test_payload_cannot_replace_external_origin_with_self_asserted_json[workflow_path-.github/workflows/homonym.yml]
ERROR tests/test_rc6_convergence_sre_binding.py::test_payload_cannot_replace_external_origin_with_self_asserted_json[event-workflow_dispatch]
ERROR tests/test_rc6_convergence_sre_binding.py::test_payload_cannot_replace_external_origin_with_self_asserted_json[candidate_sha-ffffffffffffffffffffffffffffffffffffffff]
ERROR tests/test_rc6_convergence_sre_binding.py::test_payload_safety_and_capacity_metadata_types_fail_closed[image_size_bytes-True]
ERROR tests/test_rc6_convergence_sre_binding.py::test_payload_safety_and_capacity_metadata_types_fail_closed[real_orders_sent_required-False]
ERROR tests/test_rc6_convergence_sre_binding.py::test_payload_safety_and_capacity_metadata_types_fail_closed[build_once-1]
ERROR tests/test_rc6_convergence_sre_binding.py::test_payload_safety_and_capacity_metadata_types_fail_closed[paper_mode_required-REAL]
ERROR tests/test_rc6_convergence_sre_modes.py::test_checkout_complete_mode_changes_are_rejected[384]
ERROR tests/test_rc6_convergence_sre_modes.py::test_checkout_complete_mode_changes_are_rejected[416]
ERROR tests/test_rc6_convergence_sre_modes.py::test_checkout_complete_mode_changes_are_rejected[438]
ERROR tests/test_rc6_convergence_sre_modes.py::test_checkout_complete_mode_changes_are_rejected[2468]
ERROR tests/test_rc6_convergence_sre_modes.py::test_checkout_complete_mode_changes_are_rejected[1444]
ERROR tests/test_rc6_convergence_sre_modes.py::test_checkout_complete_mode_changes_are_rejected[932]
ERROR tests/test_rc6_convergence_sre_modes.py::test_image_complete_mode_changes_are_rejected[384]
ERROR tests/test_rc6_convergence_sre_modes.py::test_image_complete_mode_changes_are_rejected[416]
ERROR tests/test_rc6_convergence_sre_modes.py::test_image_complete_mode_changes_are_rejected[438]
ERROR tests/test_rc6_convergence_sre_modes.py::test_image_complete_mode_changes_are_rejected[2468]
ERROR tests/test_rc6_convergence_sre_modes.py::test_image_complete_mode_changes_are_rejected[1444]
ERROR tests/test_rc6_convergence_sre_modes.py::test_image_complete_mode_changes_are_rejected[932]
ERROR tests/test_rc6_convergence_sre_modes.py::test_bundle_complete_mode_changes_reject_even_with_rebound_outer_digest[384]
ERROR tests/test_rc6_convergence_sre_modes.py::test_bundle_complete_mode_changes_reject_even_with_rebound_outer_digest[416]
ERROR tests/test_rc6_convergence_sre_modes.py::test_bundle_complete_mode_changes_reject_even_with_rebound_outer_digest[438]
ERROR tests/test_rc6_convergence_sre_modes.py::test_bundle_complete_mode_changes_reject_even_with_rebound_outer_digest[2468]
ERROR tests/test_rc6_convergence_sre_modes.py::test_bundle_complete_mode_changes_reject_even_with_rebound_outer_digest[1444]
ERROR tests/test_rc6_convergence_sre_modes.py::test_bundle_complete_mode_changes_reject_even_with_rebound_outer_digest[932]
ERROR tests/test_rc6_convergence_sre_modes.py::test_generated_bundle_metadata_is_exactly_0644[POROTA_SOURCE_PROVENANCE.json]
ERROR tests/test_rc6_convergence_sre_modes.py::test_generated_bundle_metadata_is_exactly_0644[POROTA_DEPLOY_BUNDLE_MANIFEST.json]
ERROR tests/test_rc6_convergence_sre_modes.py::test_positive_git_modes_remain_0644_and_0755
ERROR tests/test_rc6_convergence_sre_published_evidence.py::test_real_saved_layer_replay_matches_git_bytes_and_all_modes
ERROR tests/test_rc6_convergence_sre_published_evidence.py::test_fully_rehashed_saved_image_rootfs_drift_rejects[same_bytes_writable]
ERROR tests/test_rc6_convergence_sre_published_evidence.py::test_fully_rehashed_saved_image_rootfs_drift_rejects[changed_bytes]
ERROR tests/test_rc6_convergence_sre_published_evidence.py::test_fully_rehashed_saved_image_rootfs_drift_rejects[deleted_file]
ERROR tests/test_rc6_convergence_sre_published_evidence.py::test_fully_rehashed_saved_image_rootfs_drift_rejects[parent_alias]
ERROR tests/test_rc6_convergence_sre_published_evidence.py::test_fully_rehashed_saved_image_rootfs_drift_rejects[extra_source]
ERROR tests/test_rc6_convergence_sre_published_evidence.py::test_opaque_whiteouts_and_repeated_compressed_layers_replay_native_order
ERROR tests/test_rc6_convergence_sre_published_evidence.py::test_downloaded_image_load_and_offline_smoke_require_exact_actual_id[False]
ERROR tests/test_rc6_convergence_sre_published_evidence.py::test_downloaded_image_load_and_offline_smoke_require_exact_actual_id[True]
ERROR tests/test_rc6_convergence_sre_published_evidence.py::test_replay_load_and_import_use_total_budget_while_http_and_codec_keep_thirty_seconds
ERROR tests/test_rc6_convergence_sre_published_evidence.py::test_expired_or_nonfinite_replay_budget_forbids_even_docker_load[expired]
ERROR tests/test_rc6_convergence_sre_published_evidence.py::test_expired_or_nonfinite_replay_budget_forbids_even_docker_load[exact-boundary]
ERROR tests/test_rc6_convergence_sre_published_evidence.py::test_expired_or_nonfinite_replay_budget_forbids_even_docker_load[nan]
ERROR tests/test_rc6_convergence_sre_published_evidence.py::test_expired_or_nonfinite_replay_budget_forbids_even_docker_load[infinite]
ERROR tests/test_rc6_convergence_sre_published_evidence.py::test_completed_load_past_total_deadline_cannot_start_image_or_emit_green
ERROR tests/test_rc6_convergence_sre_published_evidence.py::test_codec_uses_remaining_total_budget_and_expiry_cleans_only_its_private_container
ERROR tests/test_rc6_convergence_sre_published_evidence.py::test_import_timeout_cleans_only_its_private_container_without_starting_codec
ERROR tests/test_rc6_convergence_sre_published_evidence.py::test_failed_or_boolean_import_cleanup_cannot_claim_container_termination[1]
ERROR tests/test_rc6_convergence_sre_published_evidence.py::test_failed_or_boolean_import_cleanup_cannot_claim_container_termination[False]
ERROR tests/test_rc6_convergence_sre_published_evidence.py::test_main_rejects_total_expiry_during_context_cleanup_and_preserves_emitted_raw
ERROR tests/test_rc6_convergence_sre_published_evidence.py::test_main_completes_cleanup_and_flushed_result_within_original_total_budget
ERROR tests/test_rc6_convergence_sre_published_evidence.py::test_main_cannot_certify_late_result_or_flush_and_keeps_alarm_active[json_write]
ERROR tests/test_rc6_convergence_sre_published_evidence.py::test_main_cannot_certify_late_result_or_flush_and_keeps_alarm_active[json_flush]
ERROR tests/test_rc6_convergence_sre_published_evidence.py::test_main_cannot_certify_late_result_or_flush_and_keeps_alarm_active[green_write]
ERROR tests/test_rc6_convergence_sre_published_evidence.py::test_main_cannot_certify_late_result_or_flush_and_keeps_alarm_active[green_flush]
ERROR tests/test_rc6_convergence_sre_published_evidence.py::test_replay_tiny_execution_failure_cannot_be_replaced_by_primary_receipt[nonzero]
ERROR tests/test_rc6_convergence_sre_published_evidence.py::test_replay_tiny_execution_failure_cannot_be_replaced_by_primary_receipt[missing_json]
ERROR tests/test_rc6_convergence_sre_published_evidence.py::test_replay_tiny_execution_failure_cannot_be_replaced_by_primary_receipt[red]
ERROR tests/test_rc6_convergence_sre_published_evidence.py::test_replay_tiny_execution_failure_cannot_be_replaced_by_primary_receipt[foreign_image]
ERROR tests/test_rc6_convergence_sre_published_evidence.py::test_replay_tiny_execution_failure_cannot_be_replaced_by_primary_receipt[source_drift]
ERROR tests/test_rc6_convergence_sre_published_evidence.py::test_replay_tiny_execution_failure_cannot_be_replaced_by_primary_receipt[oversize]
ERROR tests/test_rc6_convergence_sre_published_evidence.py::test_replay_tiny_execution_failure_cannot_be_replaced_by_primary_receipt[timeout]
ERROR tests/test_rc6_convergence_sre_published_evidence.py::test_evidence_only_is_small_and_contains_no_image_or_bundle
ERROR tests/test_rc6_convergence_sre_published_evidence.py::test_secondary_preserves_downloaded_primary_final_input_provenance_bytes
ERROR tests/test_rc6_native_archive_horizon_wrapper.py::test_complete_source_qualification_uses_real_git_objects_and_exact_modes
ERROR tests/test_rc6_native_archive_horizon_wrapper.py::test_incomplete_or_drifted_source_pin_is_rejected_before_any_worker_fixture[file_bytes]
ERROR tests/test_rc6_native_archive_horizon_wrapper.py::test_incomplete_or_drifted_source_pin_is_rejected_before_any_worker_fixture[physical_mode]
ERROR tests/test_rc6_native_archive_horizon_wrapper.py::test_incomplete_or_drifted_source_pin_is_rejected_before_any_worker_fixture[blob_id_index]
ERROR tests/test_rc6_native_archive_horizon_wrapper.py::test_incomplete_or_drifted_source_pin_is_rejected_before_any_worker_fixture[mode_index]
ERROR tests/test_rc6_native_archive_horizon_wrapper.py::test_incomplete_or_drifted_source_pin_is_rejected_before_any_worker_fixture[extra_file]
ERROR tests/test_rc6_native_archive_horizon_wrapper.py::test_incomplete_or_drifted_source_pin_is_rejected_before_any_worker_fixture[empty_directory]
ERROR tests/test_rc6_native_archive_horizon_wrapper.py::test_incomplete_or_drifted_source_pin_is_rejected_before_any_worker_fixture[commit_digest_index]
ERROR tests/test_rc6_native_archive_horizon_wrapper.py::test_rehashing_the_index_cannot_authorize_a_changed_uncommitted_blob
ERROR tests/test_rc6_native_archive_horizon_wrapper.py::test_replace_refs_cannot_change_the_git_qualification_authority
Traceback (most recent call last):
  File "/workspace/scratch/porota_rc6_governed_v3.py", line 711, in <module>
    raise SystemExit(phase_child(options) if options.phase else main(options))
                     ^^^^^^^^^^^^^^^^^^^^
  File "/workspace/scratch/porota_rc6_governed_v3.py", line 576, in phase_child
    after = source_pin(root, args.source_sha, args.source_tree)
            ^^^^^^^^^^^^^^^^^^^^^^^^^^^^^^^^^^^^^^^^^^^^^^^^^^^
  File "/workspace/scratch/porota_rc6_governed_v3.py", line 215, in source_pin
    require(set(physical_after['files']) == set(records)
  File "/workspace/scratch/porota_rc6_governed_v3.py", line 38, in require
    raise ValueError(reason)
ValueError: PHYSICAL_SOURCE_EXTRA_MISSING_IGNORED_OR_EMPTY_DIRECTORY_FORBIDDEN
