artifact_id,path,uncompressed_bytes,sha256
11506363002,_temp/porota-predeploy-37674493598-1-b8406694081045f39beba990db53b05e/porota-source-provenance.json,2027336,279b192522fe6dd3489728b509a32a6e0a3eccb69b403f91b34d57b74c3c7d5e
11506363002,Porota-trading/Porota-trading/docs/audits/ISSUE465_REAUDIT.json,221873,e5a991729eadbf6f2673f90cfdf6ebe0e4d17492f1da6a89417bfd31860bb16c
11506363002,Porota-trading/Porota-trading/docs/audits/ISSUE465_REAUDIT.md,85759,6d74f958188d28b4ec5aab65aead4355c84c85c042655fbcf44a49ccfb088c55
11506363002,_temp/porota-predeploy-37674493598-1-b8406694081045f39beba990db53b05e/porota-installed-dependencies.txt,2994,d2b80f261b46f4529572f82677b20579e024af4d6bba1ea5d56e498d97337b29
11506363002,_temp/porota-predeploy-37674493598-1-b8406694081045f39beba990db53b05e/porota-predeploy-origin.json,275,86ed64c9d98bc51909336a106d9c4ff935be3e74cd630b894bbaf995466ccef5
11506363002,_temp/porota-predeploy-37674493598-1-b8406694081045f39beba990db53b05e/porota-governed-tests.xml,444345,d00fb90c3275881b00406275cea11d6ded6c6e609ee5eacb7157ea33834a3012
11506363002,_temp/porota-predeploy-37674493598-1-b8406694081045f39beba990db53b05e/porota-governed-tests.json,624,bce9eecefef42077c109c75c5cee9f45ae3a056792d0ea043c8dd1fecfc15160
11506363002,_temp/porota-predeploy-37674493598-1-b8406694081045f39beba990db53b05e/porota-test-collection.txt,14848,430da3384e04a1a722b8b0eb2f90ccf67e346747068d1b99f8c55b03847f0aa9
11506363002,_temp/porota-predeploy-37674493598-1-b8406694081045f39beba990db53b05e/porota-test-exclusions.txt,98,bdd48a5c799441805768e6f29b8ae4b7a032b67ff2572a5b21a8e23cfddc6393
11506363002,_temp/porota-predeploy-37674493598-1-b8406694081045f39beba990db53b05e/porota-test-workspace.json,2915,1a8dbc9b166cdfff6a02575792c415e0800795b7c913d6d1622404b76b2e897d
11506363002,_temp/porota-predeploy-37674493598-1-b8406694081045f39beba990db53b05e/porota-pytest-launch-intent.json,1751,610190f0950f9be840010c1f70a72ecb2297cda87c7005f63615cc731b6f05b4
11506363002,_temp/porota-predeploy-37674493598-1-b8406694081045f39beba990db53b05e/porota-pytest-owned-fin.json,80021,d3a3b454fa2d55785277219b5e08d214badbf9f98a466dd90d0107efbc612fdf
11506363002,_temp/porota-predeploy-37674493598-1-b8406694081045f39beba990db53b05e/porota-pytest-retained.json,35507,ccc9945dc961b24b65a6f8770c276af5d7fbf7bc9c50da50d8aad2596f38b59c
11506363002,_temp/porota-predeploy-37674493598-1-b8406694081045f39beba990db53b05e/porota-pytest-progress.json,280,5c727e66c19c2d546d87443bf72cbb512cb29a7aae71eda0f21e78c651420c53
11506363002,_temp/porota-predeploy-37674493598-1-b8406694081045f39beba990db53b05e/porota-pytest-native.log,13021,53b474db409deefa72bbb67e1e947f654404bc8c25eef4faff6a6514c8e824f3
11506363002,_temp/porota-predeploy-37674493598-1-b8406694081045f39beba990db53b05e/porota-pytest-postread.json,92812,633cf963d711b6b069add0605138b068691b112c3077eb204fcadf6e24d1764b
11506363002,_temp/porota-predeploy-37674493598-1-b8406694081045f39beba990db53b05e/porota-pytest-producers-postread.json,106709,eb198d7c7fe0c529c65ca0d14bb2ef91b3b2d18450d737d3b30072786685ab02
11506363002,_temp/porota-predeploy-37674493598-1-b8406694081045f39beba990db53b05e/porota-pytest-collection-launch-intent.json,1532,c8a144e93f51db7091a7d5750c54c8caa9dda23256ba228f27557f73f8e45723
11506363002,_temp/porota-predeploy-37674493598-1-b8406694081045f39beba990db53b05e/porota-pytest-collection-owned-fin.json,3273,d7b76c92ac79bffcfff4c12fc8ce7feab92fdbdece316ede2c7ee75582000def
11506363002,_temp/porota-predeploy-37674493598-1-b8406694081045f39beba990db53b05e/porota-pytest-collection-progress.json,281,86702f2999733272333cd1b813b6f9293ef7e414811acf4532bf065775bf851f
11506363002,_temp/porota-predeploy-37674493598-1-b8406694081045f39beba990db53b05e/porota-pytest-collection-retained.json,1912,9243dda7a94ca3cf86b7a6a202fa7953c1b0404f62c08accc538f5aedb36a178
11506363002,_temp/porota-predeploy-37674493598-1-b8406694081045f39beba990db53b05e/porota-pytest-collection-postread.json,8806,f6ebe97c0b174d500c01e5d3097a2406a50225493fbde7d3c064a50329d5bb35
11506363002,_temp/porota-predeploy-37674493598-1-b8406694081045f39beba990db53b05e/porota-negative-fixtures.json,396,3c4b2115f7eac8d4266d3c7a3f5c55c044f56778851c34a0651f5ee5184473c7
11506363002,_temp/porota-predeploy-37674493598-1-b8406694081045f39beba990db53b05e/porota-predeploy-evidence/issue465-stress/ISSUE465_REAUDIT_FOCAL.json,476396,58898ff69d19b21b1edd0e79cfd776336d82fafb3e0a84f011af8164c7ed5e55
11506363002,_temp/porota-predeploy-37674493598-1-b8406694081045f39beba990db53b05e/porota-predeploy-evidence/issue465-stress/ISSUE465_REAUDIT_RED.json,1266924,c753dc02bcc67c2e4d07a1fa2854587b6e2a8bb4a280b7c1626df5c8a4ca15be
11506363002,_temp/porota-predeploy-37674493598-1-b8406694081045f39beba990db53b05e/porota-predeploy-evidence/issue465-stress/catalog10x-observations5x.json,218213,ee5cd6c8a0d1edf4410f43da4298b8bd25d27b3112e20fd410b90e9e92dc791e
11506363002,_temp/porota-predeploy-37674493598-1-b8406694081045f39beba990db53b05e/porota-predeploy-evidence/issue465-stress/canonical-factory-stress.json,134859,b8d3e4a907415cf524da02752ce0a20795949a29dc8959916405676199aa11c4
11506363002,_temp/porota-predeploy-37674493598-1-b8406694081045f39beba990db53b05e/porota-predeploy-evidence/issue465-stress/multiprocess-budget-book.json,12316,1ab4cab8728c521149e09317b1c0cde0049aac5f5e965093c3bebc68ea38464b
11506363002,_temp/porota-predeploy-37674493598-1-b8406694081045f39beba990db53b05e/porota-predeploy-evidence/issue465-stress/multiprocess-budget-intraday.json,12796,65baef4641ebee8d9e3171673d7bbae800f986801041d5c2d6cdc1bcd6b4c7d4
11506363002,_temp/porota-predeploy-37674493598-1-b8406694081045f39beba990db53b05e/porota-predeploy-evidence/issue465-stress/native-budget-writer-lock.json,158,90335a0c0db490dcb076f20ba81b7c3c341b63f5ea3779498a46dad705f97172
11506363002,_temp/porota-predeploy-37674493598-1-b8406694081045f39beba990db53b05e/porota-predeploy-evidence/issue465-stress/native-same-lease-lifecycle.json,1388,032710cd842eabeb650026d393f868f76f0dd9d8a53ff057e9ae3d743c6d74ea
11506363002,_temp/porota-predeploy-37674493598-1-b8406694081045f39beba990db53b05e/porota-predeploy-evidence/issue465-stress/slow-disk-quota-1024.json,8111,ee9bf209370d5ab76b9a4eda2eeed8ba73958f077d7e5aac0466d29c03954595
11506363002,_temp/porota-predeploy-37674493598-1-b8406694081045f39beba990db53b05e/porota-predeploy-evidence/issue465-stress/slow-disk-quota-134217728.json,123384,db628e631a0612d6c26b846624488c58d20ea1c53dc63011004ab6d0ca4f3a0e
11506983141,admission.json,11281,0479874e11b99ade7723b33e7843f9969c212b89637e6a00bbaabe5ed7307303
11506797953,automatic-pr-before-preparation.json,11281,796b758be28f241b1ebb7e831145c241fdad8355b3ad41357380d621f9ff9b89
11506797953,automatic-pr-after-preparation-before-native.json,10175,c067216456febe6e713dd08229466ff609033bb95a3be785597abc19a15b462a
11506797953,automatic-pr-focal311-collection-prelaunch.json,10175,156fea38f9ea492ce3f9e9283789e2250034e8ba92a0fbd260190deb1cbe9b21
11506797953,automatic-pr-focal311-execution-prelaunch.json,10175,6ca29d1a0f3dd9d0325837b6c227be5890c98fd7f917538155c48be8f5fe9fa5
11506797953,error.json,187,037e5c6673186a3013cafeccec23b3a099d86d1c8b3339caf75f9435a5967a88
11506797953,focal311-collection.kernel.json,2047,bb2cf3616b3e335c58637b008b21421842ded4c6684ae3b85a505e833867280b
11506797953,focal311-collection.launch-intent.json,545,16049566842834602472e2f273a7ab1382ea3674854009aed81d4f10c2c16ccb
11506797953,focal311-execution.kernel.json,84838,7b7d40c2ed6a8601c4ece79f8b93424010335da13e2d37162c650d44f5d65129
11506797953,focal311-execution.launch-intent.json,544,7973736806b4efdb4ead1a5ad1cba019b219f841e84c4582e631ab58bb0a7d2c
11506797953,fullGit-original-inputs.kernel.json,1829,1d8d202388f3d46675746ef4145960368f22fc0ad4546dbb709543fe7ff4e83b
11506797953,fullGit-original-inputs.launch-intent.json,325,4f146259a2e25183c8286cf5780f95b4228e465f0e4d329a9af388780b5ee1e8
11506797953,launch.json,752,9a47a4f30f4944304635bc86766f717f380d641fac4a90125df51d9f75ef2882
11506797953,locked311-0.kernel.json,1879,54bdc8a9da0cc6c46d23ca14f93818473aa296c94554d25cf1ab0326006a1731
11506797953,locked311-0.launch-intent.json,365,321a022bf809930ee963d8015aa1e6e13816e32cc3544ebfecf84727eaeaa745
11506797953,locked311-1.kernel.json,1936,23550fa576e06588d09a700c8ba4ee39a8a2dc9c692be39238d0cb531e170d98
11506797953,locked311-1.launch-intent.json,433,faeb9cd36ca763b0390ff3c6e02a6ab9389aa458140c656acaaa143541b63840
11506797953,locked312-0.kernel.json,1866,f43ade9a5cbf439ca85f6adaca601d2be3ad8a9bdd3ca0623534f5f6efc2021a
11506797953,locked312-0.launch-intent.json,365,014b42948c097e3dfb1969ed3468c5384017e329c321f8b0f5fc6f952cab1111
11506797953,locked312-1.kernel.json,1932,ccebe1cad935fa44527a536887db11134ce7c5642f4fa2e9cb94bf5ba9fc0e2e
11506797953,locked312-1.launch-intent.json,433,3104b14067f97815f6c037cf1e7e6677d746e39d2c764637d61471188fff3ad2
11506797953,pipcheck311.kernel.json,1710,16fb90a3dbd452b87563452fb9ccf4872e161218b32288c544dba1d54e74d70a
11506797953,pipcheck311.launch-intent.json,208,46ebabce8935f765faf3f6c951b766cf7202f1b5f36fa694da6894a9920d670f
11506797953,pipcheck312.kernel.json,1711,866d637209d9d0aa80009f425b6729b525f0337cd14dea93dd79a786c8efb1de
11506797953,pipcheck312.launch-intent.json,208,73e8e1197578f7ca3b5032481207e4f03da1de348535d26074f83057726602a7
11506797953,prepared.json,682,f862e580124b2be0743602052524246931cae018b94232e6d23fc1a8d92b0850
11506797953,venv311.kernel.json,1954,e393f041368e84a8f104f96229bdf67241e5f5fdeb654f7a151361dc43db5acd
11506797953,venv311.launch-intent.json,441,c0bb796d0b347f075245541a8b4889f41ca099e68626cef2da2a3a7c86eabd64
11506797953,venv312.kernel.json,1943,45d0cc0ea847f27301193e60e625ec593fd269c200cd3605cf08fd5518d819dd
11506797953,venv312.launch-intent.json,441,ae8053bb3bd53c6dec48536ea98f113d4b8718276ede575addac2c660016b9cf
11570003188,sealed/0000.raw,747,0564e7712fa5712999d770f8649f5e25ccac8b1281181b2e021e5f5116440847
11570003188,sealed/0001.raw,8440,edc69f07fa9e9acc7c8a935b75cdf78723fbe20b7ea3f305ec790765285f196f
11570003188,diagnostic-result.json,10944,94d9b29e2d0a28c6d55f38b009fe0f2b1258e5c716d47426df5e2f21b130eecd
11570003188,sealed/0002.raw,773,334feb043f06cd8064c9d170fc652c5c92781b9060ecb7fb54faf5f1b7e0538a
11570003188,sealed/0003.raw,386,ecb3c54c1b241db5825f4bfaa4d912b7bf5d22fd93610296a9e76e90998a47c4
11570003188,sealed/0004.raw,2692,6460e45a9d3ad460620c53c37241587b8cb5e88b96fd126b7ed7f9cb4ebfcf66
11570003188,sealed/0005.raw,3197,bd165069a5c0c0f48a45fb78f37c9ddedbafb08b5289ccf066eb0110899a95b5
11570003188,sealed/0006.raw,1760,58d45fa1dc6ed6f772c69b693dd18b054511a8f8ec97015a7ea291d25343bf5c
11570003188,sealed/0007.raw,162,85ca5573bd8e893fdf5cd0f99a809b195a35ea123707de95c3273e26dbea480a
11570003188,sealed/0008.raw,2882,75d9204b717ef12dfd6d10f7732f53e622baae3326e5ca39bba5bab597363f0e
11570003188,sealed/manifest.json,3135,9379a66edca7943a18f664e655c9f214a7348de1a2f2a8bf691534cbd2cabf6c
11571100388,admission.json,24896,afa78ff1f591dd143c52025b158779a02869effef80eba329a221bb6331e8220
11570292861,admission.json,24896,afa78ff1f591dd143c52025b158779a02869effef80eba329a221bb6331e8220
11573037197,diagnostic-result.json,16309,177f5a3423fbd99c0a809bdb364c977bd67e83fc544d36b26c1edd89b7a1b668
11573037197,sealed/0002.raw,773,adb259c8ec9c7028c72730b25e18bf2cd69d5752de17286518e3c2b908ac3f66
11573037197,sealed/0001.raw,13805,65b7698aef089c746a0f51e3a74da04a96f3f43dabfa436fd1036672cd335d9f
11573037197,sealed/0000.raw,747,5fd9832757797ef6cd04fbfcf40d440f05fe8413c9a67f43ae492df69ef44a59
11573037197,sealed/0003.raw,5750,ced655afddae7917efadd42b47b287b4287026048afd1168a93a52f2bf2a1e9e
11573037197,sealed/0005.raw,3197,159cc7f8608a095cfd4d39ea8d720ae7f6648554e8391967526132da503eea0f
11573037197,sealed/0004.raw,2693,6e2e0c117d56807953c116c9912ecde5865a1e2522faa379c2784d6fef4e31ef
11573037197,sealed/0006.raw,1763,ecfa041cfa6f2f8250f2dab1b95018e215483d7264e8b1cb8f6ed401784dc368
11573037197,sealed/0007.raw,162,a3ca621b2ac1d344f0d0c5bdddf824bfc5a042181bf8e4a08fac65ac8da6077d
11573037197,sealed/0008.raw,2882,0d09d264c37b2a6c2b58401a166820c4ff15b3a4016a071df158294c159efdd5
11573037197,sealed/manifest.json,3139,72b927bd23a8270220e750a6e8e4003a27a9a65dc9b03a466b9784b78912c390
11573535653,admission.json,25109,b074d3220579612cf65827053c946cf4e1aa514e9589972559ba49bf2be983a8
11572813070,admission.json,25109,b074d3220579612cf65827053c946cf4e1aa514e9589972559ba49bf2be983a8
11579856009,admission.json,25580,9681591b95da5592742ab76463d4ad40131bd26b066e6c8d6e71be6464e658ac
11579900998,admission.json,25580,9681591b95da5592742ab76463d4ad40131bd26b066e6c8d6e71be6464e658ac
11579491712,diagnostic-result.json,14731,5fbc7359ff5a1b2a36a0f04902f7277f2aec7cc43812472efc48afd24249d95e
11579491712,sealed/0001.raw,12032,d5b7b6f3413c617075c4404e504d130a39a51f96e42c08bcaa242141955a941f
11579491712,sealed/0000.raw,746,36809be2f3fef1ced9c961fa0be8da3966d4923c826f48e5dc38cd9358fc6477
11579491712,sealed/0002.raw,8252,59479072214565cf74755648ac5fb04899bb2949403d985927021df60e23b754
11579491712,sealed/0003.raw,25838,faf400cbfb35946bd641c508957341fb03107bb1cb8c7bb1aa4a07ff447b10d0
11579491712,sealed/0004.raw,2853,92aabf8778af2680bed81097da33182161f52a35678e4f739f0c9d862694bb4f
11579491712,sealed/0005.raw,2884,b93a7d3f0c2060f53ab508e44663ea143a33ec828a5cd909bcd7380c603eea99
11579491712,sealed/manifest.json,2355,2747bae4105c94f515c50c026841c7a3587f012a9214e4c6c865d99359f98e24
11503036646,Horizon-launch.json,10319,020bc14025a14f0eaf04de3790066d5fb7f0694c14c26f8231b20dd5f124ccc3
11503036646,Horizon-original1201.launch-intent.json,842,ec56b03b069c76bed52f58db9946b5eeba1c58a0af15285f101bf48f815af79e
11503036646,Horizon-original1201.kernel.json,2353,9cc178a96ede6c78fe290858124598daa14af3ea37090fb303612e90b2df35c1
11503036646,Horizon-producer-owned-fin.json,3037,186112068e5d1632f9776fb75e024db80aabc8dd5b44d1125b4b739b10d122ac
11503036646,Horizon-terminal.json,16578,85d6e7946c8a453d6a6cfaaacb7aeae3ad70cf9ca916dff3b9a17a51ea06acd1
11503036646,final.json,892,7c770b4d3faf399658c1ed56f9e6ec521c68e56cf59cc04d54c0c16ecd303ae7
11503036646,fullGit-original-inputs.kernel.json,1824,169a02f83ace310ae382d8b616f8e0458647ee46e83c2350932800dcaca1553f
11503036646,fullGit-original-inputs.launch-intent.json,325,8720b8bdde26b2fe47efaf2535f73cb49735936864b5b467f0088433332b5ea2
11503036646,launch.json,754,6ded94599f5c973c066ffa1ff6c621d4519684a840872be57a96cf7f255197b1
11503036646,locked311-0.kernel.json,1868,7456f983e0e65738aeba3f9c8d7aab01af89ab74b66c9d3b022ec0ceb73d3344
11503036646,locked311-0.launch-intent.json,365,7ef7a9c42959251d1cb8207160aada6265e0c4c1a3eb21969cbaa92158739969
11503036646,locked311-1.kernel.json,1938,fa6b0372bd86a4365b1c933d18e22e08b000332fdde831c5a5f3af96eeef940e
11503036646,locked311-1.launch-intent.json,433,a96555406a19701b2c4a8854225fcdb12bc10d15535171c9e5a6fcd99dee7b50
11503036646,locked312-0.kernel.json,1867,7ca6fb36ba1265beeeb58c8816e3ab2d94fcfddde246d9c8794cef4288f10f57
11503036646,locked312-0.launch-intent.json,365,b409f00be48a6c85fda8e862e314d2ca33886744e450851557ed67643ab1402e
11503036646,locked312-1.kernel.json,1931,2468af2c544c9ee229c50a12e974276cbce57e0d382edc77dbe9723a8c7678b3
11503036646,locked312-1.launch-intent.json,433,4727af62f43b483838c481139cece11876fca9dad8a55b8502afc331a628f3ef
11503036646,pipcheck311.kernel.json,1722,896e431a5929abe7e9c334103c15c4bb4b60f4928ad35613a3ba54f0d3fa07b5
11503036646,pipcheck311.launch-intent.json,208,4a21fb03580e6ab4e4b1a08b40a9bec3c4dc838c63ec7d74acb2f6aa3555118e
11503036646,pipcheck312.kernel.json,1711,4b363d321d3e3b21196d3bb13085a372bdc45b805b7f79bdad1e10cd7c18ec7b
11503036646,pipcheck312.launch-intent.json,208,9293c32026d114ab62831f8f7487c781f7494d5a7927166299ee5fef3e17a917
11503036646,prepared.json,684,451e32085630fd3c10fd7e060b02019501157975fce57e1f51119538140d5183
11503036646,venv311.kernel.json,1944,9336648baa11826ae814817ef6704d2d828a2ffd6764d7333a008d78a60ba266
11503036646,venv311.launch-intent.json,441,b4fd552052f50e194222d1f8cd1a6c668ffbe241c432858a78e56dfc3c108c4e
11503036646,venv312.kernel.json,1953,7f7cb6290a983ea3870c959de9c75f099106ce478a7d347ee0ecfe7afb4b6c7c
11503036646,venv312.launch-intent.json,441,fedc4a2bdb84e51c64c10521272c64328fd5efcf369730b876bf354700f4c6cb
11503036646,wholeGit-export.launch-intent.json,589,36581fbed8c2fd33366463c51a1babe5caf03bf961db11ba49a8ddd251a3040e
11503036646,wholeGit-export.kernel.json,2091,57606605377f5b11bbc1e7fc84e5ba5d19e357021c7dc9cce2a1f8f129b8c691
11502637203,carrier/builder-binding.json,1295,aaeaa53bfa0252e27385f23a5d449894f0bb1a3fe7c58403e201a72f01c71df3
11502637203,carrier/git-askpass.py,140,db3ac1a01430624c587d38ab3c98227d749963399eccbc9083ec8514d8c193b1
11502637203,carrier/driver-derivations.json,1328,0454532cd79268e79d7656a401eb74d2e3ecbef3abc646c798ab79cbd49084ec
11502637203,carrier/source-authority.json,846,a9fa2b8a7ac96fc04af9fce04bb74a40d77745226108f41f9e739c4a95d7b146
11502637203,carrier/supplementary-result.json,17198,6d6a6a4646038d75f706540abf99dead21c0c81ae1624dfcf68d97942fa1c39f
11502637203,commands/Horizon-original1201.log,137,06a6805b22da82e703639ff93821ef662f09978a8bbf2f105e46a66797774560
11502637203,commands/fullGit-original-inputs.log,45451,ff6396eb48ce97311e8c1b78cd5c3df5057567e6a6dfa3aa33cc079405d6de72
11502637203,commands/locked311-0.log,1423,b0a05e29b30bde97e18f03610cbf7ffc980032641641c0254354da5b0d23b1a7
11502637203,commands/locked311-1.log,42876,9b1732f3b068f5187eaf72e675df4f7988be14562ed350b31c252aa727afeb88
11502637203,commands/locked312-0.log,783,c9c7fa6c48805efd20bf901dd434c4ba89d471ae509e793426797f84b21b2b79
11502637203,commands/locked312-1.log,40943,25d2771455e7f22233d632b562bbd56a144af6b93fdd54c9a1a096afdd39dd55
11502637203,commands/pipcheck311.log,30,9261363b733079a641c2e4cc9bc46ffa1d8336945a87f807b6cf68847dbc9b09
11502637203,commands/pipcheck312.log,30,9261363b733079a641c2e4cc9bc46ffa1d8336945a87f807b6cf68847dbc9b09
11502637203,commands/venv311.log,0,e3b0c44298fc1c149afbf4c8996fb92427ae41e4649b934ca495991b7852b855
11502637203,commands/venv312.log,0,e3b0c44298fc1c149afbf4c8996fb92427ae41e4649b934ca495991b7852b855
11502637203,commands/wholeGit-export.log,744,46bd723c838b3bb04a3bbe8ae960109afc1357e01c52b6825767e503a6e63697
11502637203,drivers/build_governed_sources.py,21374,40eddff3c0afa74002b8a722ae40b14e129b307fa7fc569b38955dff7c1f103a
11502637203,drivers/build_governed_sources.py.source.original,21454,03d08c3f362b12da70defa8f1e2388373d41e20a4ffc08e46f48fb9691667738
11502637203,drivers/governed_outer.py,37970,3c8e344db3c173e23ec5902d1dcc2160a18602c1e28580415ed86a81869ba0c6
11502637203,drivers/builder.declared-environment.diff,1392,91d09f3f550bd7fab9f901873d5d1d35f983571b8b7dc86b219cf29eb7fac266
11502637203,drivers/governed_outer.py.source.original,37959,7fa1aae01b863695e43f1b4de0b862fb8757281ea5506d791107651c5d057bc4
11502637203,drivers/original-required-19-objects.json,7920,492a3c0de260501776ee235ea5472da373d6c5881a4dfafca05518297fc16579
11502637203,drivers/original-required-19-objects.json.original,7920,492a3c0de260501776ee235ea5472da373d6c5881a4dfafca05518297fc16579
11502637203,drivers/outer.declared-environment.diff,669,4c79fb5715bbad21f2d3b9490a89ad536410692e40af9c776d285b593de10721
11502637203,horizon/driver-progress.json,232,c6fcdbb4585789e008f9d195580ebcf7738ce34117b7a601e59c6b08fc064f80
11502637203,horizon/driver-started.json,234,fc8efedef13a1cb03ec534f13e9ba2f76eb99e8d845024901ce411bb58920fcb
11502637203,horizon/native-horizon-result.json,7417161,985e50fcfecc33d451266b6ee563e426be6a10f2c087f3496f00cbdb653c5009
11502637203,horizon/native1201.log,4287,70485d8089ee3cd57c453d4c9fec9614377f5d01ccc5a3130620e356a18a2a1f
11502637203,horizon-control/code-preparation-after-all11.json,2297160,3e2af37099f9e012c8c0e7bf32f0256b9a906b97fa10b3517958b43a7c4dd713
11502637203,horizon-control/code-preparation-before-all11.json,2297160,ac3a0c34ea68508536b87ac1072a0d95ee22871bfc56bb67e94afccc881ce84b
11502637203,horizon-control/code-preparation.json,760212,1dabe770a14cbbfd9945655ee6b1f99d207fb16ab7bd79bd33c28be8b03b0e6d
11502637203,horizon-control/launch.json,10319,020bc14025a14f0eaf04de3790066d5fb7f0694c14c26f8231b20dd5f124ccc3
11502637203,horizon-control/producer-owned-fin.json,3037,186112068e5d1632f9776fb75e024db80aabc8dd5b44d1125b4b739b10d122ac
11502637203,horizon-control/source-before-all11.json,2297160,3e2af37099f9e012c8c0e7bf32f0256b9a906b97fa10b3517958b43a7c4dd713
11502637203,horizon-control/source-controls-before-all11.json,1570,adc59af88442d1301478e63467a3bdd2d700933e13584665943fcea9f465792a
11502637203,pin/source.commit.raw,979,ca9f0fd8451699b2b6e241604eeae265de021b03286a7628f4f210a4028bd450
11502637203,horizon-control/terminal.json,16578,85d6e7946c8a453d6a6cfaaacb7aeae3ad70cf9ca916dff3b9a17a51ea06acd1
11502637203,pin/source.export-durability.json,2924,0d51fb170ea4734d69262783d38e7ce84fca7b86413f598dde7111623fe6cfcc
11502637203,pin/source.index.json,1791343,d371d9496a1129bf86cd073e969003f5b49484000caec0b9f89bc4cf8f0c23c8
11502637203,preparation311/detach-final-Source.kernel.json,1755,e703ab134f0f2564eeb0e33f95c0e98a47b098399289465495ddf035938ee291
11502637203,preparation311/detach-final-Source.launch-intent.json,288,4c5cee58656624e6343e48359479e3f7d4db2ad43dd8c0fb2c2cdae4d6a46228
11502637203,preparation311/detach-final-Source.stdout-custody.json,371,8b85653ffaa6123bded9537865a2567ba8c0e9bf7489d82332e9b154fb4e4ef7
11502637203,preparation311/detach-final-Source.log,103,83fdad83631bf36f3cca9383b894fc147eb7dbf9d607b99f9aca85361c2521f0
11502637203,preparation311/fresh-GitHub-final-source-preparation-authority.json,846,a9fa2b8a7ac96fc04af9fce04bb74a40d77745226108f41f9e739c4a95d7b146
11502637203,preparation311/fresh-clone.kernel.json,1790,b1cf4eea221cc281e42e430640a8bdd9b6d0bea92bb097716425b9de0e477c80
11502637203,preparation311/fresh-clone.launch-intent.json,322,554802b1758edd0977c5ef4e11479b003cf367d69471791c4c26373c751e9a5f
11502637203,preparation311/fresh-clone.log,68,73e41cdc7a5f35b02980ab1f04b08358bfcdcc011bfb7571bd361a9511c8a8d1
11502637203,preparation311/fresh-clone.stdout-custody.json,370,e5e0330a9c33e6e46c80988790454bfd097ef8898a744876555740a52a06d4f4
11502637203,preparation311/fresh-source-clean.kernel.json,1746,bc0f023398c41e93b3fe0765035ffdc6bb626cb8602f001e88a64b4e70ddaa7a
11502637203,preparation311/fresh-source-clean.log,0,e3b0c44298fc1c149afbf4c8996fb92427ae41e4649b934ca495991b7852b855
11502637203,preparation311/fresh-source-clean.launch-intent.json,269,0252c4732ecaac4ff1df6f8265de7b0d228beb6c7a6b96c67619c559d12b8dc6
11502637203,preparation311/fresh-source-clean.stdout-custody.json,369,ab99ece11ce35cb5b590feff418b05eb20b184210954f5c2ec9b77b5e24f5604
11502637203,preparation311/fresh-source-shallow.kernel.json,1725,4c7ee991fe49b4ee70c4ec75f9b3765a3f9d9ce3aeba0f048c2f1aa8cad88c11
11502637203,preparation311/fresh-source-shallow.launch-intent.json,261,3f366f347c349ae231f4fe700abe4a6548f23b418df983b2c1389f10af9cda71
11502637203,preparation311/fresh-source-shallow.log,6,2ed27c1421e6928dbe13dbfdb5c59e1045b30341fe7ebe05700006bc5ac572c0
11502637203,preparation311/fresh-source-shallow.stdout-custody.json,369,cd5dbb0891999fe9d1d7e18ad77717c7f0af068c546cf064ebf434a6d692987e
11502637203,preparation311/fresh-source-tree.kernel.json,1712,ac5880f0e8408095601cc963e03d90b61672afbf3f6983e6fd3fddb3c09cc21a
11502637203,preparation311/fresh-source-tree.launch-intent.json,249,dcf157aba87a220b43dd508e85885549d348b570c4a5dc8319da9b00066cab9c
11502637203,preparation311/fresh-source-tree.log,41,b4cd52531318adf3970f61601fe2d152f87c4139091466bff19ef5b61fac7a64
11502637203,preparation311/fresh-source-tree.stdout-custody.json,370,69cded52234b430765b23192ecded5abc3962dc1bac2f26e7a6fd84ef13db843
11502637203,preparation311/installed157-closure-preparation.json,1544,0323dfd9a1cc4495232c303e236b30f050793d7d06ae784aabf91826e906b504
11502637203,preparation311/normal157-records-preparation.json,79118,9b1ae947e45c2abb661adef3fd3b7beb29d25c1a78c9d04b54c53e9911addcc4
11502637203,preparation311/original-required19-input.json,7920,492a3c0de260501776ee235ea5472da373d6c5881a4dfafca05518297fc16579
11502637203,preparation311/original00-fetch-literal.kernel.json,1890,d79bb936903c4dd1c0d77e2fbc62b8388b84cb828b9cd9d79d21bcd1afec5c29
11502637203,preparation311/original00-fetch-literal.launch-intent.json,422,b86ea9d46258889934815ae9d9be6fea1379798a9c56e4bf177e06826aebc1af
11502637203,preparation311/original00-fetch-literal.log,158,f9830729486ef31c458edb755c4e909c3dc89d24454cb32264099fbc52d38507
11502637203,preparation311/original00-fetch-literal.stdout-custody.json,371,6926200d6bc7076fe21ca0e528092915bf90c0998df3a8ac64661cb9e794c41e
11502637203,preparation311/original00-mirror-raw.kernel.json,1745,b74ba1cb57c6d5c970711329d3be7306b21d55ff0c06b2aa93eadc35a71cb9ad
11502637203,preparation311/original00-mirror-raw.launch-intent.json,284,47c91a1deffef9d603f67fc1fe33a1c0cfdd7bc3d8fb5ddb4f13ed230d7b429d
11502637203,preparation311/original00-mirror-raw.log,283,8a28a1ca4f7b68c7a2c7d7a709c2e3ec2a13cfaeb8f693461152e681c692dc3e
11502637203,preparation311/original00-mirror-raw.stdout-custody.json,371,c0138c87036da55453c7654eb855a56fb06589b17f291c4b3437dd4b646cf429
11502637203,preparation311/original00-presence.kernel.json,1771,93b5943ec5f74fa2c0433feb619e6b4b009ccba2170bd1ad95de4cfcff15ac24
11502637203,preparation311/original00-presence.launch-intent.json,291,18835fe7cc817b751657f37ed9c702b4812ad982eb881d71cc003ac0f02826de
11502637203,preparation311/original00-presence.stdout-custody.json,373,5e5594c849473ee0bf84808b87258a87066e8642c81d2655388154af72468a63
11502637203,preparation311/original00-presence.log,81,36776fc3c346e3f592ece294875f92532f05ba0ce710b550af828a7d949b4b93
11502637203,preparation311/original00-ref-presence.kernel.json,1772,15379c1d732ac337a0ede729b902ce2f1653c420fd4bf84c1d8049f0df277b46
11502637203,preparation311/original00-ref-presence.launch-intent.json,295,a2842f930f92f26835ce77ab997cc6e79b40f2439454b7cf587f259728212850
11502637203,preparation311/original00-ref-presence.log,0,e3b0c44298fc1c149afbf4c8996fb92427ae41e4649b934ca495991b7852b855
11502637203,preparation311/original00-ref-presence.stdout-custody.json,370,6fb9bfe98dfc3545040462b8bab8b76351a5c91376772045f3a434d73fd67874
11502637203,preparation311/original00-verified-raw.kernel.json,1750,b4bbf56c0cebb32147f0074812c7a7d2634019b37a99af93ab875b5cc82a40c3
11502637203,preparation311/original00-verified-raw.log,283,8a28a1ca4f7b68c7a2c7d7a709c2e3ec2a13cfaeb8f693461152e681c692dc3e
11502637203,preparation311/original00-verified-raw.launch-intent.json,286,3d95e8468871c5d21d0aeebb591dc55fdecaf35916b686f593841a5ac4eacdbc
11502637203,preparation311/original00-verified-raw.stdout-custody.json,371,cfa55bc5b41672779a092ab3d4152bb9a01f2375b407533f683ac3a5ec25dcee
11502637203,preparation311/original01-fetch-literal.kernel.json,1903,69450aa72ccd18a121ee44a29167c03f0edade40d8cad1f474dce0abd1f287d1
11502637203,preparation311/original01-fetch-literal.launch-intent.json,422,c1119c532ca5b5ee5c7983f139b37dd3c0de3f76eb60029179b1d8881c9d179f
11502637203,preparation311/original01-fetch-literal.log,158,c02fb8244291be9d5247db8853dd36ca7216350c08d2cf0e1931ca4af6d9ffdb
11502637203,preparation311/original01-fetch-literal.stdout-custody.json,371,aeeb32dc7315fac0238c585097d3c74d32386cddd9c0ee965cf7179a755ac212
11502637203,preparation311/original01-mirror-raw.kernel.json,1747,e81c58b6edd2dd5f056f7ff7b9f698d7e8e270df9a782002e99162fe0addad92
11502637203,preparation311/original01-mirror-raw.launch-intent.json,284,0468387913fc10af4e1b89d175741625348ed490b2147dd5ccd41ef9f648da99
11502637203,preparation311/original01-mirror-raw.log,279,c7586f94fb921cbff1005342f9ff82639728ff13bda947863eb15709d2ab3d02
11502637203,preparation311/original01-mirror-raw.stdout-custody.json,371,65a6e19b81d6ead70821f0f67f5bf3dd0e4a7435832e3fe96ce2f67945548f80
11502637203,preparation311/original01-presence.kernel.json,1755,55b138ad80320fbf5c279fb2a119bd3cb8f8e412ba4af5e0bf1ffc4d91b278f9
11502637203,preparation311/original01-presence.launch-intent.json,291,98c67230ad39431d77ef8dcef0eecb6597fa50ae7798b884daca6115c943915a
11502637203,preparation311/original01-presence.log,81,629ad55d73e5334655903b57f209e1b53b308551ff9bd08792f693dfcf399f0c
11502637203,preparation311/original01-presence.stdout-custody.json,373,a3fce7d1bc8cb641c8fc77ad36bcabca567c9810f273601c382bd9a93ccf9573
11502637203,preparation311/original01-ref-presence.kernel.json,1759,bdbc85bbc32ae031690f725b24ea72a21c8bb2dfc529e67334a5cfc79c71e0f1
11502637203,preparation311/original01-ref-presence.launch-intent.json,295,6bc7c84caf4d8401a3979962fe69a68d56ad2e29774423607c0a14d69fbcc3d6
11502637203,preparation311/original01-ref-presence.log,0,e3b0c44298fc1c149afbf4c8996fb92427ae41e4649b934ca495991b7852b855
11502637203,preparation311/original01-ref-presence.stdout-custody.json,370,eaad440ae62c70ef38ab17d43649c4fd9c0f1ad9eff65ab6389b059af5fc580c
11502637203,preparation311/original01-verified-raw.kernel.json,1763,d14fefad4a12e8eeec1ae12a71339bc64a001608e8dcc4d7db6b694e0ba3e542
11502637203,preparation311/original01-verified-raw.launch-intent.json,286,9c6d057b66b1f4af128830f540458a6298e28cacf110f280d23904ebfd824efc
11502637203,preparation311/original01-verified-raw.log,279,c7586f94fb921cbff1005342f9ff82639728ff13bda947863eb15709d2ab3d02
11502637203,preparation311/original01-verified-raw.stdout-custody.json,371,7ea201339e0fc53802ec50b22ff45a7c1e17b5d7ee48a07401bc25a4a0b2aa4d
11502637203,preparation311/original02-fetch-literal.kernel.json,1903,eb97f752a77e813323161594ef02c5e49b6d0568453ef8dda76264e4ba34a72c
11502637203,preparation311/original02-fetch-literal.launch-intent.json,422,b3ff7c7c8932caffdef98b3237fba0f78beccb27186036b777ffddf09ef8e94f
11502637203,preparation311/original02-fetch-literal.log,158,ec28f7ab7dc12a7ad889969e4a14a801daf9413b5814897945b5ea5c0a296d4a
11502637203,preparation311/original02-fetch-literal.stdout-custody.json,371,18dd153ae4d1d08cff6a5aa1735648ff876ccf338a0c10270a14da0cd1f88240
11502637203,preparation311/original02-mirror-raw.kernel.json,1779,f3e785296aeedd6b8f51d8471eabef28b5f7353ffc37c0005123072a74b57d05
11502637203,preparation311/original02-mirror-raw.log,280,adbe2cbc2c1d48bb769081fe7ea4a1ba2ddc9c4a31e6433ff7cc835730f82b92
11502637203,preparation311/original02-mirror-raw.launch-intent.json,284,50b6a8fceeaa072772082df079505e9a96144a4e4072df3769989e1d507592e1
11502637203,preparation311/original02-mirror-raw.stdout-custody.json,371,389c1acc08b53603ac085c49385d8f7639e42ce4e579aa168bce64f7689d80ad
11502637203,preparation311/original02-presence.kernel.json,1756,85de88e46534c936c49a67aa102b736b05e456a5fe09f01bfe5928d3b84c40a8
11502637203,preparation311/original02-presence.launch-intent.json,291,0ce194d072365b8dc3bcaefaa1aae34adf2ec75562b72d53d75640434bdc0666
11502637203,preparation311/original02-presence.log,81,5df0baa01d4365e782b2cc29ee18ed44b325ea246d76ad8f471be418a3dbefbc
11502637203,preparation311/original02-presence.stdout-custody.json,373,bc9be94c9a96e143c0bdd72f1a1fbee817e477b80c658a4b0d695e8e5287430d
11502637203,preparation311/original02-ref-presence.kernel.json,1759,0ed243bc4c1a10936fe5ad8651b2cd15afcc05c6bd023238436cb5bf599046c4
11502637203,preparation311/original02-ref-presence.log,0,e3b0c44298fc1c149afbf4c8996fb92427ae41e4649b934ca495991b7852b855
11502637203,preparation311/original02-ref-presence.launch-intent.json,295,81558189dfcbf60936b6b93d5c4230952706a4e6cb9dc466578dc9d17325b702
11502637203,preparation311/original02-ref-presence.stdout-custody.json,370,c355756aabf48d218b5718e642ab96fef98a63b73a3b985046e96ba4d70e3971
11502637203,preparation311/original02-verified-raw.kernel.json,1754,244e55bd60211ea68343bc5a920ce1fcae83f66106e4b2f082457e957bca4f25
11502637203,preparation311/original02-verified-raw.log,280,adbe2cbc2c1d48bb769081fe7ea4a1ba2ddc9c4a31e6433ff7cc835730f82b92
11502637203,preparation311/original02-verified-raw.launch-intent.json,286,85c0662b2b7fb43381eee7da82a6d790afe6ec7335cc03bdd684b36ca3844cd8
11502637203,preparation311/original02-verified-raw.stdout-custody.json,371,98c8534a9c77829627a472f8d50e663aec5b872d41afb87117c77ed37e79e655
11502637203,preparation311/original03-fetch-literal.kernel.json,1903,98edc1232265fe875398252eb5eea94d0c12257815cd0989599a08c4a542afbe
11502637203,preparation311/original03-fetch-literal.launch-intent.json,422,9646a20517314a118f176f10b7ba4b6ebaa23edba25ad0b944088a1858b68c3a
11502637203,preparation311/original03-fetch-literal.log,158,1eeb3554313f8d9030cf17f3f3ee25e571ab462648aa8c76992b2a5c04d55626
11502637203,preparation311/original03-fetch-literal.stdout-custody.json,371,f500763c27f229bf1ba63244570265e7864b92dd5bded8b270706ee383117f4d
11502637203,preparation311/original03-mirror-raw.kernel.json,1753,66498718bbcc3b024775ee55eb847e390fefa175235c3dbd20f74ecc9c1d18a4
11502637203,preparation311/original03-mirror-raw.launch-intent.json,284,7a3a84a3617fc18d26453f8dbed253c6a3f6e82353f484ce802587007b941c70
11502637203,preparation311/original03-mirror-raw.log,294,57cee62255e8e9f389f76521f0d23c5e3c01c0b1c60b5a4b9635194159982d17
11502637203,preparation311/original03-mirror-raw.stdout-custody.json,371,95293b9c781d2ab05c91826fac9d19563004b70443728d76ec6d31f3f32e9368
11502637203,preparation311/original03-presence.kernel.json,1757,50f88b4859193d77d8b62a6c0066455d742e0d180861e2085b2e31a2bec3d577
11502637203,preparation311/original03-presence.launch-intent.json,291,e779fc9581f98e05a281831ad035ad17142140fbd8f47359a51b65a0eee12d24
11502637203,preparation311/original03-presence.log,81,5d5b6ad2929ac2cc6f326dd731ad433e830c8d51a7d1a36c4603071658b9d5c0
11502637203,preparation311/original03-presence.stdout-custody.json,373,9bb30e40592d3520a5f5b391d6a86a06de81fb619d2734ebedf9962eaadc7350
11502637203,preparation311/original03-ref-presence.kernel.json,1763,c3c2326005ce1ca5434c347d941ec4a64d3a3986dee23ef51a5eea5b82976dc4
11502637203,preparation311/original03-ref-presence.launch-intent.json,295,68677c2803c3ba5035cc3f1e39ed63669fab97bf3c57911e641ea13ea31f3e61
11502637203,preparation311/original03-ref-presence.log,0,e3b0c44298fc1c149afbf4c8996fb92427ae41e4649b934ca495991b7852b855
11502637203,preparation311/original03-ref-presence.stdout-custody.json,370,0d7fb888e9ec914d18e3cd078180c515d7012e340d277b89af4fb1195a23a91a
11502637203,preparation311/original03-verified-raw.kernel.json,1763,e9687bf4f6e0f087eb6fed4d91f67cf5a89e798cace56a1f94acedd9ef79218c
11502637203,preparation311/original03-verified-raw.launch-intent.json,286,c54022c30633f62d50ee97ad524c6319c14b02f1f2dd9d7d1f6ad8164cd40918
11502637203,preparation311/original03-verified-raw.log,294,57cee62255e8e9f389f76521f0d23c5e3c01c0b1c60b5a4b9635194159982d17
11502637203,preparation311/original03-verified-raw.stdout-custody.json,371,5fcbab021852ec1dd045b4387b68f243e943efa6a492661df35dea11dbf79557
11502637203,preparation311/original04-fetch-literal.kernel.json,1915,07ffeca1987cfb078658213e6fe5736577075662cad3078be9e2ff2c2b95e40b
11502637203,preparation311/original04-fetch-literal.launch-intent.json,422,93127702c88d3edc37bc0b746183616505a4ac56419d14e3ffdaacb74d3a7dbb
11502637203,preparation311/original04-fetch-literal.log,158,29b0b3baab7b9747b932b126cfc65337e0ce5b72b71b0eec8454cb82a3836423
11502637203,preparation311/original04-fetch-literal.stdout-custody.json,371,4b452128e3ca855e34a0b3119586f487bbfd961e8f92dd53ee5e41b1872e7159
11502637203,preparation311/original04-mirror-raw.kernel.json,1761,37b54a5a083a47ac695f73960cb89c880874a31d51e4d1f84317a7eea6628911
11502637203,preparation311/original04-mirror-raw.launch-intent.json,284,c58e20125cff974f7dc7e61f8d3bfb80d01cce1f750926aedb8c153110a6b943
11502637203,preparation311/original04-mirror-raw.log,270,9505ec278915ab2e40de2e0f09bd50b2ffe9964e748fcea6185ca47fc723fd8a
11502637203,preparation311/original04-mirror-raw.stdout-custody.json,371,dc46e74c48383efdd1ad06f1cf07f9077bc0c21f7729522b96b85524d52eebab
11502637203,preparation311/original04-presence.kernel.json,1756,500379b80c58d81b8f922f574130f05394782b3a949f8af6f0fcb0c83a0c3a9a
11502637203,preparation311/original04-presence.launch-intent.json,291,9d228302d593a4e641d2eaf2550d7bafdeef4262da78bdb629108a948827f9a3
11502637203,preparation311/original04-presence.log,81,f5d76af0e6b31c2f8a96749045218657defd7de28db2f55398885b45bc360191
11502637203,preparation311/original04-presence.stdout-custody.json,373,aeba8748813758b66a11b69cb937a6cb51b6df75520083285eec24075721f1be
11502637203,preparation311/original04-ref-presence.kernel.json,1789,39fde94d660f9822a1ee69db528151db1af2805902c430bcd38360d2ebc9be88
11502637203,preparation311/original04-ref-presence.launch-intent.json,295,df96522af7dddf85cd0855cee70e41afc95f36c52608e94e6746e4351121f54f
11502637203,preparation311/original04-ref-presence.log,0,e3b0c44298fc1c149afbf4c8996fb92427ae41e4649b934ca495991b7852b855
11502637203,preparation311/original04-ref-presence.stdout-custody.json,370,665a4023d51aa0d039f3d96eec33ac9e4639654f6aa8b08a790a92577452cd7e
11502637203,preparation311/original04-verified-raw.kernel.json,1762,f87e4fd54a98616a18071b69f3b9044199a9239beaa55a0df579a5fdece496eb
11502637203,preparation311/original04-verified-raw.launch-intent.json,286,eae33613bc4c79be38de94a4a23cc19350f38acdb2611b1d6deef95f83bc7baa
11502637203,preparation311/original04-verified-raw.log,270,9505ec278915ab2e40de2e0f09bd50b2ffe9964e748fcea6185ca47fc723fd8a
11502637203,preparation311/original04-verified-raw.stdout-custody.json,371,a04faf9ef196fd8fd2db927159d04ecc2c848c969caa59fb86c4ab7dae9ccda2
11502637203,preparation311/original05-fetch-literal.kernel.json,1899,9be91721722cb33dd74c837e36e1f52bf337e99e6add3ccb41da0575412ac896
11502637203,preparation311/original05-fetch-literal.launch-intent.json,422,7cc8293d770f13f9170c030e300fd81db64e08ab2977a9a36aedbbdbcf1dafea
11502637203,preparation311/original05-fetch-literal.log,158,8699efe2353ad50416b6f8184b26b3db2019f2c81e504783449e50c42a2f8ad8
11502637203,preparation311/original05-fetch-literal.stdout-custody.json,371,fee544f6423ffc124423c77051bffefe62b055e39244b390bd859b0ddf49fe4a
11502637203,preparation311/original05-mirror-raw.kernel.json,1761,349df06812305b8a56a81b0521b3285f63a94018eeee505f9ffde7dd47e958ea
11502637203,preparation311/original05-mirror-raw.launch-intent.json,284,3f630d90be3e66827d9cad459c9d51b202d404b2b8b345d76087cf9084787400
11502637203,preparation311/original05-mirror-raw.log,276,5e272aeb61179527bf2e29c27f2487413fd5ca8f13a71877c0dfff14331578b6
11502637203,preparation311/original05-mirror-raw.stdout-custody.json,371,30d2ecf958595ea1ade80370e81ab09285940bc06f0f1652638b1749eae619e3
11502637203,preparation311/original05-presence.kernel.json,1757,a453fa6f0901816a1c02ad8a29a917ffdd05893efd886c6c6856bc597f004fc5
11502637203,preparation311/original05-presence.log,81,4b3594400028fb75b7619540b0f064c881381ba4ddcc13917fac33bde65dccad
11502637203,preparation311/original05-presence.launch-intent.json,291,f82ca1ec22a4d2fb45a0de482bcf800e4814d69900be3a33a8cfbaeb20508638
11502637203,preparation311/original05-presence.stdout-custody.json,373,79cbf31fabd578c58afacd1068abd885963166d21c25115ff8767f4a1c298d9c
11502637203,preparation311/original05-ref-presence.kernel.json,1759,d04358a396596e62a9d113683feebcebda56e1f02e37e8678f01d82b2a62cf20
11502637203,preparation311/original05-ref-presence.launch-intent.json,295,fd011015c2c28828ed5cd47acd93dd1f514e050fa4e0ea933bda6048eee3c215
11502637203,preparation311/original05-ref-presence.log,0,e3b0c44298fc1c149afbf4c8996fb92427ae41e4649b934ca495991b7852b855
11502637203,preparation311/original05-ref-presence.stdout-custody.json,370,2ff5e8829d4b7d0a1acddd17eef50860ecdb1d183625a1f400fa0b3e7d0a151d
11502637203,preparation311/original05-verified-raw.kernel.json,1750,4486886ef709a900d3da662d7622e7d88d07e6ac9bd9dabd418f0e1bcbb6f1b7
11502637203,preparation311/original05-verified-raw.launch-intent.json,286,68e340ba2d1130df9a543b06581709fbe66440d33d3beb16451a3fb103fbc68c
11502637203,preparation311/original05-verified-raw.log,276,5e272aeb61179527bf2e29c27f2487413fd5ca8f13a71877c0dfff14331578b6
11502637203,preparation311/original05-verified-raw.stdout-custody.json,371,64493abf9e19cd2a25266270a8840f2fd8555f5c236b08d097bc1c838626a3b4
11502637203,preparation311/original06-fetch-literal.kernel.json,1903,1b213a1c2363dc136fa3c348baed0c6cc7b2f254f0934e5ac85c79022b952bf2
11502637203,preparation311/original06-fetch-literal.launch-intent.json,422,307085eb5ed1be76fde43e988dc6a4f68c59b070960c89a55cbbdaa98d00ae32
11502637203,preparation311/original06-fetch-literal.log,158,c2c55603d8188684b8c5196a6550229674a7ceb1c65c852d5ddc12d5186182dd
11502637203,preparation311/original06-fetch-literal.stdout-custody.json,371,86a2c42f085f332f6f60061a8b13019b1ae607bc54142eae2f9ab517b93bb334
11502637203,preparation311/original06-mirror-raw.kernel.json,1748,23ff839a25df75caefaa7efbd303b02fa60b55320a447cfbd1721e0bfd2ac589
11502637203,preparation311/original06-mirror-raw.launch-intent.json,284,f7766c0402536abb1936a93bf56ae74a3da2229c6be669d3e5824f03a43e4028
11502637203,preparation311/original06-mirror-raw.log,285,27957c542c376fe44abfeeaa0b7b0ee0caa56a917ce83e944b6f24141911053d
11502637203,preparation311/original06-mirror-raw.stdout-custody.json,371,f941c3de4da3bd3c07ebb36c4c20f79c883c642240d2d20156c8c2d4bfb71e8a
11502637203,preparation311/original06-presence.kernel.json,1789,62a0d897b5ed90619ffe6b6eae259a1da2848997d9c00fb76346bbe8ddfc47a4
11502637203,preparation311/original06-presence.launch-intent.json,291,44884ad51b3c8bae5a30aabdfd7608fb27e72b209d451268b0504dea68979820
11502637203,preparation311/original06-presence.log,81,0c76bd929aec6f3ceeb2aa6e1bcbeaaa3694ac27d035d3f0e040d96563b45b5a
11502637203,preparation311/original06-presence.stdout-custody.json,373,907f75f444a1d2555db21a0d80bf8d09463dcfad101d4844996dead270046196
11502637203,preparation311/original06-ref-presence.kernel.json,1771,203c349790351b032a1f5bd2b90574ed160bb326094465485f0e0c590f157e31
11502637203,preparation311/original06-ref-presence.launch-intent.json,295,b55f5d703ddf6b186048f342ed34a21b5b556f0acdb19214d72e090a02b570f2
11502637203,preparation311/original06-ref-presence.log,0,e3b0c44298fc1c149afbf4c8996fb92427ae41e4649b934ca495991b7852b855
11502637203,preparation311/original06-ref-presence.stdout-custody.json,370,4f22c3c57a45dab4751642b7dda53c71625eb1067f4238784be6d1e2c13fc19c
11502637203,preparation311/original06-verified-raw.launch-intent.json,286,aab26e3f0c8cad196da6edff6b9ec20c655401af253683d3ff751355f1973f25
11502637203,preparation311/original06-verified-raw.kernel.json,1782,9b3ad2b058519034561baca532e20d344797b0d1dbddd7a6290ea9fa8496a019
11502637203,preparation311/original06-verified-raw.log,285,27957c542c376fe44abfeeaa0b7b0ee0caa56a917ce83e944b6f24141911053d
11502637203,preparation311/original06-verified-raw.stdout-custody.json,371,2e41adb051f0f0b31201f7b3f6936408a35bc340d45caea24c0127724e2838b1
11502637203,preparation311/original07-fetch-literal.kernel.json,1899,0831307df3a04c172b77d0cfe83d9ffc3d4f52e3ee5f1cb0b076d9eda2f1a7a4
11502637203,preparation311/original07-fetch-literal.log,155,533a156600609430f2b8f5ba7414638b14da921104504cde356001d92df4aaac
11502637203,preparation311/original07-fetch-literal.launch-intent.json,419,9bce612f85f5a8ce9ed8fa3141a637d30c578f8469d58efc3eef3670f5f28720
11502637203,preparation311/original07-fetch-literal.stdout-custody.json,371,d5334743950f27fb2d3de7e912487278783c1164f8038b93bdd02b881cfb631e
11502637203,preparation311/original07-mirror-raw.kernel.json,1762,3606f7873d61b58c7e098b58636576d18dc302b81d40da83b86a1e12ff7861af
11502637203,preparation311/original07-mirror-raw.launch-intent.json,284,07405bcece863a90c86cad8c768ba45fa5d3dc40cc2db1cb412c7cb6bc07885c
11502637203,preparation311/original07-mirror-raw.log,312,b8eab0252074d6b370d7fde578c74ae954755d7c05af5fb1bdefcab594833fb8
11502637203,preparation311/original07-mirror-raw.stdout-custody.json,371,082ec1d5ef6c1ab0ffbe6176ca5ed461634a2cd9abb1f1304cca3825d9362197
11502637203,preparation311/original07-presence.kernel.json,1756,5e2698bae2a1dba1911343c894f338fda6291a3dea5350b193333c7dd1be658a
11502637203,preparation311/original07-presence.launch-intent.json,291,c54547e167956a18272d81256776602d75df29d31633696480ba0d6b26c85fd0
11502637203,preparation311/original07-presence.log,81,b5a2405cc862e1c80afd647315f0421168322ee17a83102d83499bf167fad50b
11502637203,preparation311/original07-presence.stdout-custody.json,373,79520dc1ac5a2c2bc0ff3236715f8b85ffcfba6965a63cca1aeae6f356cf566f
11502637203,preparation311/original07-ref-presence.kernel.json,1754,a5c5fd9677851f6acb41dcd789e81f3f360561a355a10450c32e2387c8147975
11502637203,preparation311/original07-ref-presence.launch-intent.json,292,6c938fed845c14014a898f8ead722e029aa0616067d4016b1f97d9448bcfa5d2
11502637203,preparation311/original07-ref-presence.log,0,e3b0c44298fc1c149afbf4c8996fb92427ae41e4649b934ca495991b7852b855
11502637203,preparation311/original07-ref-presence.stdout-custody.json,370,ca348ff1ae5d93816443279ebb08bb4ef58c2c1dae1b1107ae7a3e8e9ebe37ea
11502637203,preparation311/original07-verified-raw.kernel.json,1752,b017d53f6c9d011a12cf569585f4ab2b34d6619b69ee5971938e45dbb30519fa
11502637203,preparation311/original07-verified-raw.launch-intent.json,286,4ae76f30d025b3d249165a845bb89f0b17b96cc477c9c424c0843fae0295e6fd
11502637203,preparation311/original07-verified-raw.log,312,b8eab0252074d6b370d7fde578c74ae954755d7c05af5fb1bdefcab594833fb8
11502637203,preparation311/original07-verified-raw.stdout-custody.json,371,fd89c87c7f4119941efa37e2693faa8c3a6fecd187196c1e43c1e808c927233e
11502637203,preparation311/original08-fetch-literal.kernel.json,1898,b8d865f1cbdb80282d87502a5ea6e08f50660d946a6cf14ec946b82a5f376f32
11502637203,preparation311/original08-fetch-literal.launch-intent.json,419,11a9928267bf0258fd8d6ed484439518eb7b29bf640da0ec99e52bb2c6075127
11502637203,preparation311/original08-fetch-literal.log,155,ce338bb69f0541138617b423b0cdaebeeea1cd129ca897d0f5e9696f094f8aa5
11502637203,preparation311/original08-fetch-literal.stdout-custody.json,371,35d335020de98ae321383ffb0c05b2bd540e6b08a38c1e8e62d21cc18660d783
11502637203,preparation311/original08-mirror-raw.kernel.json,1760,2ec325f984f1150323efe4692bcd834cc225543ed72184ca508c75ad37819f67
11502637203,preparation311/original08-mirror-raw.log,312,b4ca41d3094b6094c8a1c052f1bc7e8f47cacf2a36947774874149f8877b5da9
11502637203,preparation311/original08-mirror-raw.launch-intent.json,284,5164647e11af575e31ba294b6ce3827b01289956338228051a68ef4ef0a8fa0f
11502637203,preparation311/original08-mirror-raw.stdout-custody.json,371,3603d1bf9651dae319f2f28c0d1a7e1db61bb840526acdf0c2c174929d776bdf
11502637203,preparation311/original08-presence.kernel.json,1756,646f69f12a08b47b4f5083b7c9b3090d27e2a06c933972f4b63394f9868912e0
11502637203,preparation311/original08-presence.launch-intent.json,291,40c7d9c467419a1a59ebd921949abcd197506f8d8ae78d914acb8fa2688664e2
11502637203,preparation311/original08-presence.log,81,7fb078b8e589df88850a49ed116585b1b8861fd88b9e579a6c3026346818b6e9
11502637203,preparation311/original08-presence.stdout-custody.json,373,34a7533cb400d33e9248be6136a2a0f74ec0dd2a2d944c3cfe8061b1f3b1b9aa
11502637203,preparation311/original08-ref-presence.kernel.json,1753,d9c153e26ee750f995533262b56309f8909c7591f3052875a9ca8b0ce74f8674
11502637203,preparation311/original08-ref-presence.launch-intent.json,292,6b055cd8f2428bcd6cfd21d77d3fbe1440778e2881c07576bf2bc4705f862485
11502637203,preparation311/original08-ref-presence.log,0,e3b0c44298fc1c149afbf4c8996fb92427ae41e4649b934ca495991b7852b855
11502637203,preparation311/original08-ref-presence.stdout-custody.json,370,dcf8dd89c879e8cb313125fef751f51fbe3dc1540a8231dfb32fa836df893b02
11502637203,preparation311/original08-verified-raw.kernel.json,1751,ba03255c89ebe2560e9a5e65ad405beb538025a5cd2ddeb19f6515f461cfe53f
11502637203,preparation311/original08-verified-raw.launch-intent.json,286,412a960dd98ef5ac3aac4223af6555e9db15763179534e107ffb4149b4a3b30b
11502637203,preparation311/original08-verified-raw.log,312,b4ca41d3094b6094c8a1c052f1bc7e8f47cacf2a36947774874149f8877b5da9
11502637203,preparation311/original08-verified-raw.stdout-custody.json,371,7eeef67ce355d6787ca29f8f73c3063f0b77d020f088af602ea1ef0720aa1263
11502637203,preparation311/original09-fetch-literal.kernel.json,1900,0857dc6d37cf2e86224960238492147434a5b39dd783ff59069020dd9ddd3caa
11502637203,preparation311/original09-fetch-literal.launch-intent.json,419,33504d5e7426714393b67088ca6b1d16d7b8a7ae74195891d88b4eb88bfdc0a1
11502637203,preparation311/original09-fetch-literal.log,155,0d5bc9dfc55fae5cb780d8e290ea9bc8d658c9f3e3365a33d25a77c34df3b4a8
11502637203,preparation311/original09-fetch-literal.stdout-custody.json,371,aae8b8e4a65b8cdc543a2b5f687070f8a59eac171ac1b699f6523f9f2173d6be
11502637203,preparation311/original09-mirror-raw.launch-intent.json,284,aef1fa8df77072fd30c6f3b7d06028ed9758e944ce310368a62521e386610f24
11502637203,preparation311/original09-mirror-raw.kernel.json,1761,4766e4d9ef17549829d51be43d8f5cbcf549eee2405a67b63157cf5868b0c013
11502637203,preparation311/original09-mirror-raw.log,346,21af3627bafa4cd811e41ce3d1be0a34cd35b5d284fdf9dbace6c3d0a92b4982
11502637203,preparation311/original09-mirror-raw.stdout-custody.json,371,2284c1f15651c0b9909ef42c55bffee6b3a34d064515de5604f75556a30b4e28
11502637203,preparation311/original09-presence.launch-intent.json,291,8bade4abdbd1d085b8b6993c8b19643c84bfa654f83bc1deaf875c5166346a72
11502637203,preparation311/original09-presence.kernel.json,1759,9124a318ade2366856050b587a2fa567982cdda7dc9c05028ffef0e74878a5b2
11502637203,preparation311/original09-presence.log,81,62f06cf08af92684aaa28aba86af9e221d5183264a70f5e3d23d00bdd74aa901
11502637203,preparation311/original09-presence.stdout-custody.json,373,6e716a4eb66b4320cc00b7654753683901dc9e7e099626bd067d23c1f9c3bc46
11502637203,preparation311/original09-ref-presence.kernel.json,1757,81760b377a9ac84c2c8fa62a99547967295333d434c3e6a08257526398082563
11502637203,preparation311/original09-ref-presence.launch-intent.json,292,bae1d17fc2a627cd876773323fab61e010b1af6a0fc9fba4af6045c4fa1ab887
11502637203,preparation311/original09-ref-presence.log,0,e3b0c44298fc1c149afbf4c8996fb92427ae41e4649b934ca495991b7852b855
11502637203,preparation311/original09-ref-presence.stdout-custody.json,370,74b976cff70f396deb20ac4f8326c2f78adef6671881b3cf08f48723702285f4
11502637203,preparation311/original09-verified-raw.kernel.json,1753,52a5423bb7f7d3d14e71e36764fd9d0803ed5c94bf27a4cafc2fd2913610bbb0
11502637203,preparation311/original09-verified-raw.launch-intent.json,286,76822d311c30f8cccf4826945fb8e644eb506e77544473eb45578b31cbd9c749
11502637203,preparation311/original09-verified-raw.log,346,21af3627bafa4cd811e41ce3d1be0a34cd35b5d284fdf9dbace6c3d0a92b4982
11502637203,preparation311/original09-verified-raw.stdout-custody.json,371,643986378e09bba48cd23f0de15373f2e487dab3360f3893d33d576ecb918400
11502637203,preparation311/original10-fetch-literal.kernel.json,1888,6279b34676c065e76989c886bff832047405681888b1404a5646245a96451413
11502637203,preparation311/original10-fetch-literal.launch-intent.json,419,c43633356c9f06351ce1b35988db54b2d6e6357c16db9e37dfe220a08aa921d8
11502637203,preparation311/original10-fetch-literal.log,155,21b65a60988b9afc71fe327ace14885362519e6ff55bbc9e997904a5864c7961
11502637203,preparation311/original10-fetch-literal.stdout-custody.json,371,21c32c5ebf7cdbe4016b25401060bdccb4a8afb25eddf413a93b4412d5dc8f1f
11502637203,preparation311/original10-mirror-raw.kernel.json,1747,152b6d069c6847cddec09547379c6b19f1674e8c0fba6e54d9b5a550f87048e5
11502637203,preparation311/original10-mirror-raw.launch-intent.json,284,27d295c7f1999e6ee00c56d73f146c327996138e36fe37262c6b840e6146099b
11502637203,preparation311/original10-mirror-raw.log,329,26eb4eb565d7474ea9293bea429f369e7581924a16fba0786b2561420a7d911a
11502637203,preparation311/original10-mirror-raw.stdout-custody.json,371,275b3da3e1578750fea4c57d3aa2249c16c6b98b5a5bb06ba70e89c1ad5a2c23
11502637203,preparation311/original10-presence.kernel.json,1757,b54de3f84707944bd453e4c2fe3552a526f86ea350f65a4e025234506588274a
11502637203,preparation311/original10-presence.launch-intent.json,291,e603d173fa3dd66f07063955db5b9079fdfd55c659a03945f340167527fe024d
11502637203,preparation311/original10-presence.log,81,657ab79aa491d4124d3dca7ced223d00e00528947e9dcc6b1acd14b6964bcb10
11502637203,preparation311/original10-ref-presence.kernel.json,1755,529cbc8b7705ef329fe16591e12346e8816c2ac498ea079e703d50aba1167950
11502637203,preparation311/original10-presence.stdout-custody.json,373,34afb22303d57482210aba858200d73333832379548ebc9630cdb8fc76539016
11502637203,preparation311/original10-ref-presence.launch-intent.json,292,8adb3c2ce4f3c76c4780e83eceba3152803eb645c73edfacc78bb20a4ed5e0b7
11502637203,preparation311/original10-ref-presence.log,0,e3b0c44298fc1c149afbf4c8996fb92427ae41e4649b934ca495991b7852b855
11502637203,preparation311/original10-ref-presence.stdout-custody.json,370,f3c1ec397f2ae23f0664e30a818cc6346e7e9ff5e6f616c1f3b51ec97014fbe7
11502637203,preparation311/original10-verified-raw.kernel.json,1750,cf5896a3b5e439374870a2a273697e0651a7e7f12545bfc5862c4ca75964250f
11502637203,preparation311/original10-verified-raw.launch-intent.json,286,d2110cfc019593fc424bc9742ff9df40fec79595d2cf42826c2236c66d2ee06d
11502637203,preparation311/original10-verified-raw.log,329,26eb4eb565d7474ea9293bea429f369e7581924a16fba0786b2561420a7d911a
11502637203,preparation311/original10-verified-raw.stdout-custody.json,371,9934d36aff67e03a4063e3a83732a8da3f067e52add07dbb288b41745188ce66
11502637203,preparation311/original11-bind-fresh-ref.kernel.json,1827,663b3b5cc7cc9454575b1a1ab19261400aedd69cdec0fb62cf833b15d0789773
11502637203,preparation311/original11-bind-fresh-ref.launch-intent.json,364,2ebdecbf6834c07767abc57a58d1b0f4baf532ca3fdcc17b910b4baa85929e76
11502637203,preparation311/original11-bind-fresh-ref.log,0,e3b0c44298fc1c149afbf4c8996fb92427ae41e4649b934ca495991b7852b855
11502637203,preparation311/original11-bind-fresh-ref.stdout-custody.json,369,39b959a7f5d5dfba96bcde6854fc2a69d3b3176a82958a061a0bfd35c6f16966
11502637203,preparation311/original11-presence.kernel.json,1756,065d47b866f0391e9d9f584a4f4a8a48c3ad4d55837937e2b2c44bf024ab270d
11502637203,preparation311/original11-presence.launch-intent.json,291,9fa6c36101f9ff2f23bb1c68db2e34bdcdea0ab294ee8d099e8835be6cb4944e
11502637203,preparation311/original11-presence.log,0,e3b0c44298fc1c149afbf4c8996fb92427ae41e4649b934ca495991b7852b855
11502637203,preparation311/original11-presence.stdout-custody.json,369,eaf9723446db1fe449a2f4cd0e13ee74f6b5fb81e85a7bac12c64d97849b5d6f
11502637203,preparation311/original11-ref-presence.kernel.json,1766,540f2b376733d54bce9b3c5a83f1ee1af2feb3dd1ce8c74d3f4e6dbcf76bf9dd
11502637203,preparation311/original11-ref-presence.launch-intent.json,297,72fe4e503054dcc8202811db49eb76583336e30b9011593d9e08b81216d2abc7
11502637203,preparation311/original11-ref-presence.log,0,e3b0c44298fc1c149afbf4c8996fb92427ae41e4649b934ca495991b7852b855
11502637203,preparation311/original11-ref-presence.stdout-custody.json,370,9b505ee73edcf33e86a8366699472dec080712dbbe923a8090b0e643e8140cf7
11502637203,preparation311/original11-verified-raw.kernel.json,1781,772502ccb024cfee5ea72aff540ef954356329e3d2d4d94fd0900d0df305733b
11502637203,preparation311/original11-verified-raw.launch-intent.json,286,ffdc3caffb4045873b7e34610d69cac04b0f36d61e0d814e902ca9781da0cdc3
11502637203,preparation311/original11-verified-raw.stdout-custody.json,372,5f45708a58b8223a8c90da163179f6db345f2421c134abc916bbc0db7c050b87
11502637203,preparation311/original11-verified-raw.log,1195,326ce2a7c72410d47bddf21feca6d5395f67ea872d843889f6481ff7d3a4b0bc
11502637203,preparation311/original12-fetch-literal.kernel.json,1899,a96b2e37e6d9ec05ffc64aebe698e89a0a268bc030c4b16f96d90f0392fd6647
11502637203,preparation311/original12-fetch-literal.launch-intent.json,419,d1ab3dfe7a116cc8cf5569061d7b71104a384e82b188e70e2509c9bcb30be50d
11502637203,preparation311/original12-fetch-literal.log,155,7a8c0b0833e8993464115a5aac78360dea9dfd63001d9c3825f1a39c23c8c4ed
11502637203,preparation311/original12-fetch-literal.stdout-custody.json,371,b60d00fae66d5ac2034a9a6b4826c6c0a568709619940831f822414f856a52cc
11502637203,preparation311/original12-mirror-raw.kernel.json,1753,ae7997768a13c395b1afd8016f7eb535c802f35bee8be6a21d153bba449c471b
11502637203,preparation311/original12-mirror-raw.launch-intent.json,284,1b04100ed9c46099934ba61d584ea7381861021d32475c698ac12ff00a1f2974
11502637203,preparation311/original12-mirror-raw.log,553,a4708bf809102097875c77f1b9847ec96556a7eaf9ea3a9ba107f90311a49d8e
11502637203,preparation311/original12-mirror-raw.stdout-custody.json,371,302737ff078f620abd6ca087384439969c2d46b093c40b0a8fcb9069a0a1c785
11502637203,preparation311/original12-presence.kernel.json,1757,b8b505d80d4c4177393f2ef8e4c84478a81388762ef73c9d08ca245f4d5cd17b
11502637203,preparation311/original12-presence.launch-intent.json,291,a52bfb8698ded5cb683ffe78ad1993a03f44c4661efd73dd9e0aca89a7798049
11502637203,preparation311/original12-presence.log,81,6c4bde355fed1f5f9e274b5e1e8154b635237cd5e1ae4410a5572da073c120e2
11502637203,preparation311/original12-presence.stdout-custody.json,373,0c80d1798033a6fc613200a922a5aa05299c37fd384c505c3641b4e907af25a9
11502637203,preparation311/original12-ref-presence.kernel.json,1760,d8256032d8a59f0d2aa7698f8c332e41bef49e93a4b93968d1f5f2df6038b3a2
11502637203,preparation311/original12-ref-presence.launch-intent.json,292,3f8366a688990e2c25f1f3544f673e99b409c1e860d8f67409191485414fd492
11502637203,preparation311/original12-ref-presence.log,0,e3b0c44298fc1c149afbf4c8996fb92427ae41e4649b934ca495991b7852b855
11502637203,preparation311/original12-ref-presence.stdout-custody.json,370,26d3b2ef761a2d485c256fb7f6052e0910e641bb931dcb44137a7735805c4579
11502637203,preparation311/original12-verified-raw.kernel.json,1749,dad594cf9233d3d48a832f2cffd5fa1ffcf1ee893826959b7d465a09f9bd798f
11502637203,preparation311/original12-verified-raw.launch-intent.json,286,534f66cd090f7eab8f068805cfd1830120ab4cb04d1b885d05b691d6523f1118
11502637203,preparation311/original12-verified-raw.log,553,a4708bf809102097875c77f1b9847ec96556a7eaf9ea3a9ba107f90311a49d8e
11502637203,preparation311/original12-verified-raw.stdout-custody.json,371,fa903c39847639713a23cd0d65216ef0fb0e6d68e4f2fded620920f53d3b0cfb
11502637203,preparation311/original13-fetch-literal.kernel.json,1887,c8f021ea41ba232d5920d8a3ea67becc51e81b32ce17d07221afa1a030fd4145
11502637203,preparation311/original13-fetch-literal.launch-intent.json,419,2a07cffcf461c7d856e6be4cf3f18035268f0f50ed8a83e4109eb40bcf18418b
11502637203,preparation311/original13-fetch-literal.log,155,e948cba201a7c56f1aa7b3720bd1cfeae36017437757794d3f4f1b9ec10919ae
11502637203,preparation311/original13-fetch-literal.stdout-custody.json,371,f82a375e578b8bb53b74929c4f4888377a86900366fd99d54db1206fb1bfdab7
11502637203,preparation311/original13-mirror-raw.kernel.json,1753,cb04e3bac5d84fecf7a10a060bb5bd0959ead1c9726c128b0f993abe279d1b50
11502637203,preparation311/original13-mirror-raw.launch-intent.json,284,418894c8cecb3cc5cdad47351cd5cfc938e00de89bf739313a89b03105c06bdb
11502637203,preparation311/original13-mirror-raw.log,484,cfe53b9425a5948af393593d12e8ca937e38ab06ed4d23e0c287a3996488467a
11502637203,preparation311/original13-mirror-raw.stdout-custody.json,371,6c712c2bb95d4292b7edfe4d9753bd0927452afa4f5b8d0e502537569d55eb14
11502637203,preparation311/original13-presence.kernel.json,1755,f8c3c9f8d6fc70c7512f5233f87104dff72673e686bf6839ba28a72308b4aca5
11502637203,preparation311/original13-presence.launch-intent.json,291,06da6135d8fe738ff41a77eaebc0e1f2cc2b3204d79826afa30ff065aa0cd456
11502637203,preparation311/original13-presence.log,81,814c3c03dd877e2bc90ba817beae5c21e7cd9b00634d297ed5f0513867faf564
11502637203,preparation311/original13-presence.stdout-custody.json,373,580ccc287f153c1ff690611dfb4bf83c426d11bf5221a88b97b7086988d03028
11502637203,preparation311/original13-ref-presence.kernel.json,1756,bcf07b5e3da5d43964b382ad53e2b24d88f7dfe03b4993284832d7a1404223d8
11502637203,preparation311/original13-ref-presence.launch-intent.json,292,ed77a78b6989666d7fb1543388829380a5616bbe180a8ffd6387832711387911
11502637203,preparation311/original13-ref-presence.log,0,e3b0c44298fc1c149afbf4c8996fb92427ae41e4649b934ca495991b7852b855
11502637203,preparation311/original13-ref-presence.stdout-custody.json,370,2153b01fc381cd8dbee8f1ffb414c89797055304450a51c805a9276e83b463fa
11502637203,preparation311/original13-verified-raw.kernel.json,1780,36ad17d369d4f06ffa2b0309c0f5a430cc3d2ff233a97db5f8986976f858238b
11502637203,preparation311/original13-verified-raw.launch-intent.json,286,ddc604c23b6175b42afe0a136560de0a7347a803307f6c9fd176b99f1497f418
11502637203,preparation311/original13-verified-raw.log,484,cfe53b9425a5948af393593d12e8ca937e38ab06ed4d23e0c287a3996488467a
11502637203,preparation311/original13-verified-raw.stdout-custody.json,371,b2e540e99cc1c7d4970d6c5ce038eb6c6e8a388b54bfba6b1f9774089eaa2579
11502637203,preparation311/original14-fetch-literal.kernel.json,1885,33cc7cb48a6795e8f5d44520e46d317b33c16308807903df642701f8ba3aa67e
11502637203,preparation311/original14-fetch-literal.launch-intent.json,419,82756ca0117f8863c7f36526c9b092f69eb8df2586ff834af24f7ff334784ef3
11502637203,preparation311/original14-fetch-literal.log,155,1cd6664d0c9c349c96306c8765a2932362fb5199c7a02ed6f41d12fbffc745f4
11502637203,preparation311/original14-fetch-literal.stdout-custody.json,371,1559e40101c51a007010318709ecfef7b5d2844c884fd759e2965d6a7319b942
11502637203,preparation311/original14-mirror-raw.kernel.json,1747,2985be03d1879411cce3dbbb8900f10836ae00a005518413adf20b958d1dd9b2
11502637203,preparation311/original14-mirror-raw.launch-intent.json,284,2b4a02f24a328258f1f526d33699d237eb1d774935e51a10923e4f0179d9b5fd
11502637203,preparation311/original14-mirror-raw.stdout-custody.json,371,e0e9b9787caa405bd0cac3cd5f9a254805b37ec527bb6b32214cdf95c2279189
11502637203,preparation311/original14-mirror-raw.log,308,06b984f079ff3aca06e32620329e81dc8c66f214daf9094243191c93a98d9c31
11502637203,preparation311/original14-presence.kernel.json,1770,58a9472c975f52e5846aedd9e4a1c4c773776a86a4ee7f69f14e8415356c7713
11502637203,preparation311/original14-presence.launch-intent.json,291,b624bd94563e2c574e7b1031ad47c197aad3eab0082f578b0ea454491e9dbfde
11502637203,preparation311/original14-presence.log,81,abfd4ef31b749ac344585e11fd005c27555f421dd8e3f26e36c0a5b54a0e93c0
11502637203,preparation311/original14-presence.stdout-custody.json,373,589a99ca4c7abf9788e10a1e8e8785f387200bd05900322d6fdc28fc115ca59f
11502637203,preparation311/original14-ref-presence.kernel.json,1770,84182fa18f7b8e790ca38e5b8b87ca9902b1f6a9ab32f2263a5d864a06d3c1f5
11502637203,preparation311/original14-ref-presence.launch-intent.json,292,1e1c222261ffa49791f121c7a23b610a053e06a430c50e80b3d2efab91d793f1
11502637203,preparation311/original14-ref-presence.log,0,e3b0c44298fc1c149afbf4c8996fb92427ae41e4649b934ca495991b7852b855
11502637203,preparation311/original14-ref-presence.stdout-custody.json,370,cfd699250ac54ee7701e1190fd839d16ff3d582fdedf875cb51d6d9b1a3ea76d
11502637203,preparation311/original14-verified-raw.kernel.json,1763,ba10b97d72ab3dea885eef5bf6631b76ab166a727ff67efb9d52d3336a702c95
11502637203,preparation311/original14-verified-raw.launch-intent.json,286,eed41ee26bd19143421e30d3368870c839e2e91175c66211ff8c896f2bfa844b
11502637203,preparation311/original14-verified-raw.log,308,06b984f079ff3aca06e32620329e81dc8c66f214daf9094243191c93a98d9c31
11502637203,preparation311/original14-verified-raw.stdout-custody.json,371,8dba6b5ee546d303138bd58b6434b6a08a50d7c40177df6fce1bef875c9e67ba
11502637203,preparation311/original15-fetch-literal.kernel.json,1900,19a82b11a63cd60fcbae3735a4346aac1e6ff1ba587e5031b1e6d96eee6f0b34
11502637203,preparation311/original15-fetch-literal.launch-intent.json,419,6b62f6e839fa051a394d04aeb3f44b037f5e4f8cba1cdc4c24a94ed967219169
11502637203,preparation311/original15-fetch-literal.log,155,a433e9e2db223456061e4aa118ed0168d95d83cd9f70b4c9ec1cbdb4282419c3
11502637203,preparation311/original15-fetch-literal.stdout-custody.json,371,8db6d19aba96463abc39915856a456af07db993bfcc9970b9977d6b716b984ae
11502637203,preparation311/original15-mirror-raw.launch-intent.json,284,85ef6aafa3585e0982ca225364bb6788ef6ed1cbe14b151f4417d52aef3d342e
11502637203,preparation311/original15-mirror-raw.log,317,de30544c8f42e0bb0cd9ec8018df6684b136890a5fbe774cf006c162c882b523
11502637203,preparation311/original15-mirror-raw.kernel.json,1745,3b7809320969e6f5db682ac7614d390af0dd2e2d00b3740e8cb3392bbe53ef2c
11502637203,preparation311/original15-mirror-raw.stdout-custody.json,371,04cc5471c8af262a6ee51b08304ad92eb95d7bdc7a641af96e681a2e8c5e5119
11502637203,preparation311/original15-presence.kernel.json,1760,4a130d4ca077a39d4dc94f657e893bbbe6d4e1743bc4ff2acb9a3500e88a916b
11502637203,preparation311/original15-presence.log,81,65555c56a819ca198c898a99f9218351e9fcfb6f88ded06c7b2313b5dcb620a9
11502637203,preparation311/original15-presence.launch-intent.json,291,cdb8eb85660d94af800cc7eba5a7661a164f4845108763618388dc022799d9e0
11502637203,preparation311/original15-presence.stdout-custody.json,373,2a18e4279bfb5a2b90617c13ad80de70e13b51b6496731e494d20b92174607d7
11502637203,preparation311/original15-ref-presence.kernel.json,1768,f1b6bd6bda93028ed6421ab45e7a97fac0a9e7bd9b0e6d1396f518f81e33bd52
11502637203,preparation311/original15-ref-presence.launch-intent.json,292,95e452cc90176a66ace33f0ad90da8d844aac67bb30756e67f6169f2ea4146bb
11502637203,preparation311/original15-ref-presence.log,0,e3b0c44298fc1c149afbf4c8996fb92427ae41e4649b934ca495991b7852b855
11502637203,preparation311/original15-ref-presence.stdout-custody.json,370,fdef8eb77a920de451e04b13b3eca0ef579c8a3e3ae930a4a355dc9900560b83
11502637203,preparation311/original15-verified-raw.kernel.json,1750,ed6e1c832c0f7bcf7075409858e4a373446dc83c8c0c6195083d6d323e4bb557
11502637203,preparation311/original15-verified-raw.launch-intent.json,286,4b3f675e0e78c21384f093a78b241a056de06de377563aecc1d295a7c1833c72
11502637203,preparation311/original15-verified-raw.log,317,de30544c8f42e0bb0cd9ec8018df6684b136890a5fbe774cf006c162c882b523
11502637203,preparation311/original15-verified-raw.stdout-custody.json,371,01fdbf915cd435c2bdc7164b3274752118be9ed41048b6521fd50a8e0ed660d3
11502637203,preparation311/original16-fetch-literal.kernel.json,1887,5d0e56ef848b97047ba88b2d0571aa47cec0f967e026b73aac2cd015c40eb044
11502637203,preparation311/original16-fetch-literal.launch-intent.json,419,f2600a586815df55fe52acbcb0c30742f20aaf7c5f4b8e85ff7db87f18c6a824
11502637203,preparation311/original16-fetch-literal.stdout-custody.json,371,9b1d184da46c825643fdacee9648a630a75707f4de0c52992b0b2e51219ff2ac
11502637203,preparation311/original16-fetch-literal.log,155,ce4e10587cdb92c625c255815352e5fc8a9e63e8401e4d74970ac62e3e4e9fbb
11502637203,preparation311/original16-mirror-raw.kernel.json,1748,bf6577334eefd2f6ccf6f3164c22fa5c9aba71d93f01c4c5d98f1d7630d8f270
11502637203,preparation311/original16-mirror-raw.launch-intent.json,284,035c4807406160298effbeb50476f8feb1667db636461863c7ea45647dbca9ab
11502637203,preparation311/original16-mirror-raw.log,744,c195a51b7928cc109de2ac556f7129de8bfc5e595143214c1097267d82d9a8c8
11502637203,preparation311/original16-mirror-raw.stdout-custody.json,371,5d5be215f40bef0e4a201193b27dd17dc8267810472e39788a37a865ced9d009
11502637203,preparation311/original16-presence.kernel.json,1788,9943597a4726cc7de6225f3081263f94efbc64be78fdd4732d2074b454d4ace5
11502637203,preparation311/original16-presence.launch-intent.json,291,a9f01738117211b4d1b87036b8ef037d009443141f52da20b950d0596d50974e
11502637203,preparation311/original16-presence.log,81,22dbb4f577d838d4d440fa5629d61d37b9a1daf983eb576233c2a2704a72fafd
11502637203,preparation311/original16-presence.stdout-custody.json,373,1a3db16f4f16bd62da8d5ee582ecb20dd1a7376546ae03d88904a0becf0507a3
11502637203,preparation311/original16-ref-presence.kernel.json,1757,2309cff84901dfaf54977d6777791bf4eb2ecebc955cc4447fa082ab3eb73eee
11502637203,preparation311/original16-ref-presence.log,0,e3b0c44298fc1c149afbf4c8996fb92427ae41e4649b934ca495991b7852b855
11502637203,preparation311/original16-ref-presence.launch-intent.json,292,5629e9f5def40428842aca8f558fde5735a2b7e65fb06e71a31f905710edac67
11502637203,preparation311/original16-ref-presence.stdout-custody.json,370,420c6fc68bb7f9b601ae9cc0bc2c843a9a68a339fd09aa9018ecd03234571774
11502637203,preparation311/original16-verified-raw.kernel.json,1749,2d6eb1b972a0f6223347205387eeb56088e750b4790096806cc73961bacead97
11502637203,preparation311/original16-verified-raw.log,744,c195a51b7928cc109de2ac556f7129de8bfc5e595143214c1097267d82d9a8c8
11502637203,preparation311/original16-verified-raw.launch-intent.json,286,c7c9a32d6926476857139ebe250a9c03b5c70b0fa15b394d2d152249a0ae0bdc
11502637203,preparation311/original16-verified-raw.stdout-custody.json,371,6fee171f9a8db5be6b684ab59641866a64a1ea1ad3a5641583c33647a7b90c49
11502637203,preparation311/original17-fetch-literal.kernel.json,1912,9805939b04717645bcab9d160ad92226c0bf32405b5a07bfe7d9c35228e6af29
11502637203,preparation311/original17-fetch-literal.launch-intent.json,419,d696fca76cde62be215a4384738961b24aae99836ddf55cee46d7d9cf458a746
11502637203,preparation311/original17-fetch-literal.log,155,c825bd1391001b69ac1639843b17354bd34873929d7025dea5c8244dbbab1d6d
11502637203,preparation311/original17-fetch-literal.stdout-custody.json,371,56d4fe677606699fc1acc2cb051640487e0bcae5e0016fbb8075c0a3029f559a
11502637203,preparation311/original17-mirror-raw.launch-intent.json,284,7b96b871e3c3e1318187660a4581031c5fa0a0d04b644723e3712d23d57bffab
11502637203,preparation311/original17-mirror-raw.kernel.json,1761,9363e0ccd2022919d766a3729039926dfebf68752f6a18c457da88629dc38568
11502637203,preparation311/original17-mirror-raw.log,275,aaf4c85f5eb22e716a60ba1b2bb390aae15431860cf31c08ad31fb0c461dafd2
11502637203,preparation311/original17-mirror-raw.stdout-custody.json,371,d3752f1652f959ca9724d5f59b637fb2d4d52f5b2f03f164ce0a7222a254c497
11502637203,preparation311/original17-presence.kernel.json,1770,afdc7ec1bdf586945bc26998c3cee2233ead99b611b43a6d540d75c1b746082f
11502637203,preparation311/original17-presence.launch-intent.json,291,8de59383ce5db238722dbec9e4b984f3d5025d6743a5b7a06c326fd055cfd5fb
11502637203,preparation311/original17-presence.log,81,64eb3e2887bbd7be10ddd5a696f2fa9814dc4206c1deb1e42f62519a1c89fb1f
11502637203,preparation311/original17-presence.stdout-custody.json,373,9853d3eb4c6b1d12889fa8a557303593dae00e5c76cbb767c9638a127fab93f9
11502637203,preparation311/original17-ref-presence.kernel.json,1755,3e75c8af61646c96581a974760d231f0f56ff71d5cb7097dfb84e719c0789e2a
11502637203,preparation311/original17-ref-presence.launch-intent.json,292,1d661a07fd788651470693e7217e9bfde005f8eba4e721432e89bf4acb6155f0
11502637203,preparation311/original17-ref-presence.log,0,e3b0c44298fc1c149afbf4c8996fb92427ae41e4649b934ca495991b7852b855
11502637203,preparation311/original17-ref-presence.stdout-custody.json,370,ac16e1306628945f5a46b93817b539a7ae4a2d2b45fa29ca515ad633dff6b368
11502637203,preparation311/original17-verified-raw.kernel.json,1750,48150d82b781ea68b33b6bc0968b7338bae698292dd3160bc90db89469b3a473
11502637203,preparation311/original17-verified-raw.launch-intent.json,286,ce350abd490746f1c8222e058818890f31c544b13aa19857a569c9f4aa534720
11502637203,preparation311/original17-verified-raw.log,275,aaf4c85f5eb22e716a60ba1b2bb390aae15431860cf31c08ad31fb0c461dafd2
11502637203,preparation311/original17-verified-raw.stdout-custody.json,371,ea6ea62e91842ffe3b1fac09bb8b61cd85e0d50bf0d0f719dd1447e71c0adeba
11502637203,preparation311/original18-fetch-literal.kernel.json,1887,6835fcc5f9c7ba709044c463ad75899aba27cc71ac804e554eb366b170f4d556
11502637203,preparation311/original18-fetch-literal.launch-intent.json,419,13bc21e4410f3b1c8cea83e552186e8d6fb5ed9d1c7240d6915b445913529da1
11502637203,preparation311/original18-fetch-literal.log,155,5b690da57b0465bbd3c72dff3f820a7bb57dc355abee1231d727c7db1bf945e3
11502637203,preparation311/original18-mirror-raw.kernel.json,1749,4cb8dec4d14028b97bebdb2943261a55a2433c7765981125e85f1a01b019f183
11502637203,preparation311/original18-fetch-literal.stdout-custody.json,371,ee2fb90b83b44cb0ac191da4e15687509ad5a260dc54f62b913d7f504705edc5
11502637203,preparation311/original18-mirror-raw.launch-intent.json,284,919f0e701d316add08640160e37b901593b3ddcca99ccf93073f57805b5a6361
11502637203,preparation311/original18-mirror-raw.log,279,ef0f22a950e34a2a196f9b98cb523d5d2a884ac137cd0045a6746bbde752e3d2
11502637203,preparation311/original18-mirror-raw.stdout-custody.json,371,eace7e095398cb88fe6d3049442a15b4d697bcda10d977631dd343a3cc033e85
11502637203,preparation311/original18-presence.kernel.json,1758,52dd39ec36f4ac5ff12141424bcd649349b7ae8e701b852c34a854433355cb8b
11502637203,preparation311/original18-presence.launch-intent.json,291,27559db2a76c20428a0655ff3c21ff3cbbd45caa21115448a793881af698d751
11502637203,preparation311/original18-presence.log,81,0988fcbcaa2d11724bf7c78b1da91652cd6f06ac46828fc285a56d9c8a4de1ea
11502637203,preparation311/original18-presence.stdout-custody.json,373,03fef8e3a413e50c20b91652f487a04860f46b0bf00c6026ffa77da68afa9ce5
11502637203,preparation311/original18-ref-presence.kernel.json,1756,ee9e2e66976d6c91677d9a0ac1c89453c422ce34eae3ca12c270b0db7273bb21
11502637203,preparation311/original18-ref-presence.launch-intent.json,292,52e487bd99bdfcfeb2dd4fc07fa8757b3fc787153bc42254f211608eec705f3d
11502637203,preparation311/original18-ref-presence.stdout-custody.json,370,030647750b657bab54e42a175a47d350fc5ed9d126820c2893181699c12a36f6
11502637203,preparation311/original18-ref-presence.log,0,e3b0c44298fc1c149afbf4c8996fb92427ae41e4649b934ca495991b7852b855
11502637203,preparation311/original18-verified-raw.kernel.json,1754,bc627b20f568150d293e598422fa0b05ff26b02a745207bbcad563b5bf48f087
11502637203,preparation311/original18-verified-raw.launch-intent.json,286,263b821ec12f964d2f757a079205e7148d59acd0775fbc245556e9f073ee3e20
11502637203,preparation311/original18-verified-raw.stdout-custody.json,371,b1d86f620b7a805b2f8b04ba4cc391f6116948bdbb1e27d8476d36ed4160d676
11502637203,preparation311/original18-verified-raw.log,279,ef0f22a950e34a2a196f9b98cb523d5d2a884ac137cd0045a6746bbde752e3d2
11502637203,preparation311/preflight-input.json,809,72e2d10d140dee50f91a53862a642f65c02a130610e93706ad1f7b7463b1eae9
11502637203,preparation311/preparation-source-receipt.json,1577,20bcec27ff04c66f9bd249d4160995a5645eb362f02e9806c15a2f22eb124389
11502637203,preparation311/prepared-native-binding.NOT-AUTHORIZED.json,1559,3a0fda43886857de24c8855b6df8a16aa1ed4a8a316f3691ba576df74d5173e3
11502637203,preparation311/scope-inventory-preparation.json,8661258,57357941a4d308c3d559ed8f3b775f07b11f8c41cfe00b77082a820979ff03a0
11502637203,preparation311/selected-epoch-original-preflight.kernel.json,1858,1a6c0ccde6b1a7b490997b5d0f6634c0950c9007f438bff3d8b898268efa5cd8
11502637203,preparation311/selected-epoch-original-preflight.launch-intent.json,387,03ee00341607517e28afc99f7065548c15414ab6ae73a962eadee86e2c95d4c3
11502637203,preparation311/selected-epoch-original-preflight.log,187,8bf338f379e2a188ffdb97f647fbc4d0760f1a322fdece7b247bef55011ab718
11502637203,preparation311/selected-epoch-original-preflight.stdout-custody.json,371,26038afd9df76352da390fab3e794cf466897513f1f0e488533dd2f0e42f9c0a
11502637203,preparation311/set-canonical-origin.kernel.json,1767,102f15fdece3c7f481e26d5d3736a4feda917aae5fa6eafdd6e29ceb74a83b4e
11502637203,preparation311/set-canonical-origin.launch-intent.json,303,95211bcee0f79457d1646bac534115629242322c3793d22f83f9c50d9415d6f5
11502637203,preparation311/set-canonical-origin.log,0,e3b0c44298fc1c149afbf4c8996fb92427ae41e4649b934ca495991b7852b855
11502637203,preparation311/set-canonical-origin.stdout-custody.json,369,bca7736fefeeb2b50ae63c8dab72718578dcf643b548413839d784fa93e12f6f
11502637203,preparation311/source-preflight-after.index.json,2951753,462b9b4dd26ed5f1e0069923c782abccc8acdf24aa17bbf8925db8c689e7df81
11502637203,preparation311/source-preflight-before.index.json,2951753,08c3e6e1b92aadb3f687e01c7e732e8626b582099540e8e79ba1d795549316e2
11502637203,preparation311/transport-final-commit.kernel.json,1760,514f66c5a9b26dcca66be90a9684b632d72c053c5110b116d943a9f5ff20239f
11502637203,preparation311/transport-final-commit.launch-intent.json,284,b3d2d0a305c1c9451070a3cd0424772d397258620d586b4747f592e134a64689
11502637203,preparation311/transport-final-commit.log,979,ca9f0fd8451699b2b6e241604eeae265de021b03286a7628f4f210a4028bd450
11502637203,preparation311/transport-final-commit.stdout-custody.json,371,b78257e971bfc0a0cfaa2a04a529191a08afd7a0e4334b41fedd354ef2e5eb24
11502637203,preparation311/transport-fullness.kernel.json,1736,c7eb6611d8b64df55ff68fa45fe4e66a2fc8b688463db9f8476eb1995395763f
11502637203,preparation311/transport-fullness.launch-intent.json,259,07268a19db8cb14674e4c49ddafd530ac656302697e25d78b696ce1a39be0606
11502637203,preparation311/transport-fullness.log,6,2ed27c1421e6928dbe13dbfdb5c59e1045b30341fe7ebe05700006bc5ac572c0
11502637203,preparation311/transport-fullness.stdout-custody.json,369,baf4941922e8b1b625904df1107885876f2cc2f629043ca2c923edc4dd614b18
11502637203,preparation312/detach-final-Source.launch-intent.json,288,f32b7a2f624f8c67576a7706b788ec5d37785bf103b768fd6a8a4b3086fb0f8f
11502637203,preparation312/detach-final-Source.kernel.json,1756,7e318d17f0a079639d3a39be728e6e7cc26ad705c21698f33080836a376ab3a8
11502637203,preparation312/detach-final-Source.log,103,83fdad83631bf36f3cca9383b894fc147eb7dbf9d607b99f9aca85361c2521f0
11502637203,preparation312/detach-final-Source.stdout-custody.json,371,953189b8bc033e89b82064afaa711c8f8aed0a152f498133b451f6b2c7b22bab
11502637203,preparation312/fresh-GitHub-final-source-preparation-authority.json,846,a9fa2b8a7ac96fc04af9fce04bb74a40d77745226108f41f9e739c4a95d7b146
11502637203,preparation312/fresh-clone.kernel.json,1790,11ab3dfbea5a6c5b33c3b3988714c6db45aca16a89dd844ad3f3079b9348d97c
11502637203,preparation312/fresh-clone.launch-intent.json,322,77535cf3da20a842781df44fca8bed2e08ccca54c9980d7017172e615b0c74ee
11502637203,preparation312/fresh-clone.log,68,f164bbb371324a7b00a0c4bd98e919a1f83fb357802f0bb6e25a61550ea0538e
11502637203,preparation312/fresh-source-clean.kernel.json,1734,9261c99b081515b408b929ee08616fe4e82c7bbd923570e3922f542ca97e2743
11502637203,preparation312/fresh-clone.stdout-custody.json,370,0c8e0a8691b052a5259ed2f6843c19f95f121ab4d3a2f7d080d38ef46c68f311
11502637203,preparation312/fresh-source-clean.launch-intent.json,269,23787e82ca8f31971d371b5b362ee1897c56591520ae5d53166d8714c7e625e1
11502637203,preparation312/fresh-source-clean.log,0,e3b0c44298fc1c149afbf4c8996fb92427ae41e4649b934ca495991b7852b855
11502637203,preparation312/fresh-source-clean.stdout-custody.json,369,406dd1220b7452ca2c13124d879d37deb91dba348713c4703d5b42972a715003
11502637203,preparation312/fresh-source-shallow.kernel.json,1725,c0a17db32f8017826464d2548661f902b1865065b91e23076d8b43b0c16b47aa
11502637203,preparation312/fresh-source-shallow.launch-intent.json,261,045cfb9a7a71b496b81e8ef052ed3de0411b042c4423f026f1259f232f11acce
11502637203,preparation312/fresh-source-shallow.log,6,2ed27c1421e6928dbe13dbfdb5c59e1045b30341fe7ebe05700006bc5ac572c0
11502637203,preparation312/fresh-source-shallow.stdout-custody.json,369,af8a1809445e30bdc16fb43a77690cf8ee1010ae924626a9b2f89aae5c95f8d8
11502637203,preparation312/fresh-source-tree.kernel.json,1727,b4f59d3ed9ddcd69da306aa846a5f0cd5e4bc7602a9914fd842cf4e00e2d8f56
11502637203,preparation312/fresh-source-tree.launch-intent.json,249,42438bb5ae28d8189afd88aab23525236377b1fcc2e0f17de9184a2e9f467cd7
11502637203,preparation312/fresh-source-tree.log,41,b4cd52531318adf3970f61601fe2d152f87c4139091466bff19ef5b61fac7a64
11502637203,preparation312/fresh-source-tree.stdout-custody.json,370,9f6c2b43c17bc92e9547e3c220474c27923247e182a4488e95d476d3950a3b69
11502637203,preparation312/installed157-closure-preparation.json,1544,7c13203059bb8805164cd6eeea53e8242359bb6f1b223ef8c78bd91c34e409d0
11502637203,preparation312/normal157-records-preparation.json,79118,c40c34c3281dc9fccf31d7337fb51e1b089651cd89ba2438d3f76accb03a3bcd
11502637203,preparation312/original-required19-input.json,7920,492a3c0de260501776ee235ea5472da373d6c5881a4dfafca05518297fc16579
11502637203,preparation312/original00-fetch-literal.kernel.json,1889,21cbcb651b5934394189eb4b06d191c3b8078882b2e9ccb98a18333041436b7a
11502637203,preparation312/original00-fetch-literal.log,158,f9830729486ef31c458edb755c4e909c3dc89d24454cb32264099fbc52d38507
11502637203,preparation312/original00-fetch-literal.stdout-custody.json,371,991ed648eedc95f1d818336f294c1b7fbe8193c08548e4065eb4370a14ec3554
11502637203,preparation312/original00-fetch-literal.launch-intent.json,422,d0d04563023bf074eb769bdc35a56ec68bdd4e3fb97a2d6ae5176e2b7708808e
11502637203,preparation312/original00-mirror-raw.kernel.json,1748,af809d693fc3d2eeb3e91ddafb1b4cce2a0f7f269692d090026d7701ec6c1380
11502637203,preparation312/original00-mirror-raw.launch-intent.json,284,47c91a1deffef9d603f67fc1fe33a1c0cfdd7bc3d8fb5ddb4f13ed230d7b429d
11502637203,preparation312/original00-mirror-raw.stdout-custody.json,371,04bbb87cdb024ec0014bf2f61ec1dc66d9cc53127e9dceca71c50555c640c6d9
11502637203,preparation312/original00-mirror-raw.log,283,8a28a1ca4f7b68c7a2c7d7a709c2e3ec2a13cfaeb8f693461152e681c692dc3e
11502637203,preparation312/original00-presence.kernel.json,1757,f7b69692d05ade9344776502b114749967eed709e38dabed93ac6949cc47683a
11502637203,preparation312/original00-presence.log,81,36776fc3c346e3f592ece294875f92532f05ba0ce710b550af828a7d949b4b93
11502637203,preparation312/original00-presence.launch-intent.json,291,6a90a35ed99f8ac148d69eaf49bd1e4b7d9c2fb89910638d123c4a52ad093058
11502637203,preparation312/original00-presence.stdout-custody.json,373,2695154e9f929223439912abd067e5212d705042a3ed1dba97c9ebbf612e1a9b
11502637203,preparation312/original00-ref-presence.kernel.json,1759,a3fb55eaff1bae703f58d26d0a760bdf05fe029bfaddbda14cad3b77db364637
11502637203,preparation312/original00-ref-presence.launch-intent.json,295,3f501000fd3c61f95ff502c1cd54fe97a387895167ef48efb86252718c3517e2
11502637203,preparation312/original00-ref-presence.log,0,e3b0c44298fc1c149afbf4c8996fb92427ae41e4649b934ca495991b7852b855
11502637203,preparation312/original00-ref-presence.stdout-custody.json,370,07fc6053d1c818aec4f24b7b1f1708d328eb68d2b8ba608449e1424ed16a2f7a
11502637203,preparation312/original00-verified-raw.kernel.json,1750,27893bf02bf18489ffbf3355b0488eef6021149540ae2da9e9f81d1cb2cee8b0
11502637203,preparation312/original00-verified-raw.launch-intent.json,286,b84f8b14039f51f7828745a7f24f21dec10c8511eff2df8c0dcc6e61873c3bfa
11502637203,preparation312/original00-verified-raw.log,283,8a28a1ca4f7b68c7a2c7d7a709c2e3ec2a13cfaeb8f693461152e681c692dc3e
11502637203,preparation312/original00-verified-raw.stdout-custody.json,371,d2aff75dc60aa6408385c0e11efc35af6181e8b4d46bb9eb5a40997939c19114
11502637203,preparation312/original01-fetch-literal.kernel.json,1903,c649a0682bc3dc78b234f5fd6bf99bde4ccb9ba1aeddcde375bd7f9edd261617
11502637203,preparation312/original01-fetch-literal.launch-intent.json,422,4528dcc234f186a1546a0e431092b5a90162f51e517bc8d2b92b278ea194bffd
11502637203,preparation312/original01-fetch-literal.log,158,c02fb8244291be9d5247db8853dd36ca7216350c08d2cf0e1931ca4af6d9ffdb
11502637203,preparation312/original01-fetch-literal.stdout-custody.json,371,6c2f343be48dd2df62df25f509a906082def84c18a80e99fa157d801cd31d9e8
11502637203,preparation312/original01-mirror-raw.kernel.json,1748,474d2378b97634c1c714b32063651e59dd5408d8e7126b14f1e3f2f3b2c474ad
11502637203,preparation312/original01-mirror-raw.launch-intent.json,284,0468387913fc10af4e1b89d175741625348ed490b2147dd5ccd41ef9f648da99
11502637203,preparation312/original01-mirror-raw.stdout-custody.json,371,fdf23973566a0e322ed241ace268df17de06d187dd71158c716a1a5f19217ae7
11502637203,preparation312/original01-mirror-raw.log,279,c7586f94fb921cbff1005342f9ff82639728ff13bda947863eb15709d2ab3d02
11502637203,preparation312/original01-presence.kernel.json,1771,424be80883187595ea57de8651c8994c6932d58dee24ffca935b2002a8f7c097
11502637203,preparation312/original01-presence.launch-intent.json,291,dfdfb5505371fba1fc7ba0b780a0ae11dce7cecf282e6869557e11ea5d3c345f
11502637203,preparation312/original01-presence.log,81,629ad55d73e5334655903b57f209e1b53b308551ff9bd08792f693dfcf399f0c
11502637203,preparation312/original01-ref-presence.kernel.json,1762,eb7770dcab4278a9d034113344d92ba2cc188ef360be4c9df8aac6a2ca7156c6
11502637203,preparation312/original01-ref-presence.log,0,e3b0c44298fc1c149afbf4c8996fb92427ae41e4649b934ca495991b7852b855
11502637203,preparation312/original01-ref-presence.launch-intent.json,295,2e3a7cfd7abd4d30f4813406c4edc16cb6afbb8ce2f8253b04af5924e2c93bc5
11502637203,preparation312/original01-presence.stdout-custody.json,373,e423d8ff9c9c8f75bd54b7a74a8520c4d0dc93cac3f1046447c0b5916b182698
11502637203,preparation312/original01-ref-presence.stdout-custody.json,370,6ec9cba6798918105ec90b7034e82d96d232b521d22f650e09e20adf719a28dc
11502637203,preparation312/original01-verified-raw.kernel.json,1749,0ccafa915c406b848cf69322f896cd04294677dd9a9258eaf4efbdb46661310a
11502637203,preparation312/original01-verified-raw.launch-intent.json,286,472e263eff999142bd78485a0d65b096997f0d3a97accd780aa466a9f0099f90
11502637203,preparation312/original01-verified-raw.log,279,c7586f94fb921cbff1005342f9ff82639728ff13bda947863eb15709d2ab3d02
11502637203,preparation312/original01-verified-raw.stdout-custody.json,371,17e7a8316150f139616186c6bf785640d1247ec8bc83d83b88a6d87572f0bebc
11502637203,preparation312/original02-fetch-literal.launch-intent.json,422,030b893472d0b3ace5b9eefee0687416f24c2349f482aa2819ff5f528503636f
11502637203,preparation312/original02-fetch-literal.log,158,ec28f7ab7dc12a7ad889969e4a14a801daf9413b5814897945b5ea5c0a296d4a
11502637203,preparation312/original02-fetch-literal.stdout-custody.json,371,7297ccbac61266b0e442a4c9cb59953c9cfa50a73930c3bc67d4ab9e9b273255
11502637203,preparation312/original02-fetch-literal.kernel.json,1903,e75a633d6cd73e5cbf875f5f0024d327fabdfa6cb0e9ea0e23d465cd0e323394
11502637203,preparation312/original02-mirror-raw.kernel.json,1747,8d16109d14c7a7978c83ed7bdb3437f2360089f83e3e5441bf005eda7f4a474a
11502637203,preparation312/original02-mirror-raw.log,280,adbe2cbc2c1d48bb769081fe7ea4a1ba2ddc9c4a31e6433ff7cc835730f82b92
11502637203,preparation312/original02-mirror-raw.stdout-custody.json,371,0739a0c28e75a853b337e1b76ecfdac28d01081b33a3d867acea98ee5447fefc
11502637203,preparation312/original02-presence.kernel.json,1758,262b510d6a812a4afc0af781eec321d4283ceba24091fb5e1496a8cd85aa3ef1
11502637203,preparation312/original02-mirror-raw.launch-intent.json,284,50b6a8fceeaa072772082df079505e9a96144a4e4072df3769989e1d507592e1
11502637203,preparation312/original02-presence.launch-intent.json,291,b7d9dfc265192b597d760d413157e580e479857cc5330fdc6878949b21ee5451
11502637203,preparation312/original02-presence.log,81,5df0baa01d4365e782b2cc29ee18ed44b325ea246d76ad8f471be418a3dbefbc
11502637203,preparation312/original02-presence.stdout-custody.json,373,22bb206a858bc13c4c548e932aa07a99b62ab8678b64aa2384bdd475345628b3
11502637203,preparation312/original02-ref-presence.kernel.json,1758,bfa09f109feb9573c1b5df92d50868e143891f47da4d0e3d07768dae623b9d89
11502637203,preparation312/original02-ref-presence.launch-intent.json,295,0fdbca712429f5617c2dfa916afdb743b677a8d618bccec92f916479b54f91a2
11502637203,preparation312/original02-ref-presence.log,0,e3b0c44298fc1c149afbf4c8996fb92427ae41e4649b934ca495991b7852b855
11502637203,preparation312/original02-ref-presence.stdout-custody.json,370,a14205cd13ba89efadc3c121184b20f0e6b5569069050790f00998f942dc21b2
11502637203,preparation312/original02-verified-raw.kernel.json,1751,9c1381c200751a4898eac537d0c2efd2b511e38c042aa05c29ff7615905c7de4
11502637203,preparation312/original02-verified-raw.launch-intent.json,286,66a2ffca5df2558a45e8b6ae24e5643aecb5c5bbeea357a8c9a7a38061f27b83
11502637203,preparation312/original02-verified-raw.log,280,adbe2cbc2c1d48bb769081fe7ea4a1ba2ddc9c4a31e6433ff7cc835730f82b92
11502637203,preparation312/original02-verified-raw.stdout-custody.json,371,a9b30d0f0d37958bd3ca96bfe945bb44fc6ae266cd63283ba7da09da74edc619
11502637203,preparation312/original03-fetch-literal.kernel.json,1903,96ca27869eafe413690224d6b19821dc75c17e3eca2020216507630eb46db914
11502637203,preparation312/original03-fetch-literal.launch-intent.json,422,3d1e060fc8fc3c21f2f6fd21170f872dddcdf6274f22317dcb5f886d7a838f86
11502637203,preparation312/original03-fetch-literal.log,158,1eeb3554313f8d9030cf17f3f3ee25e571ab462648aa8c76992b2a5c04d55626
11502637203,preparation312/original03-fetch-literal.stdout-custody.json,371,fe0f6a35cae6ea83ebb608152d12fd686604f47c964f0d22ecb0189499ff3c6e
11502637203,preparation312/original03-mirror-raw.kernel.json,1780,b3f2cfedf04b14e29aea65db82d14999f19d24fe7645addd47a91d22f8477465
11502637203,preparation312/original03-mirror-raw.launch-intent.json,284,7a3a84a3617fc18d26453f8dbed253c6a3f6e82353f484ce802587007b941c70
11502637203,preparation312/original03-mirror-raw.stdout-custody.json,371,14a1cac4676a3e3655fd0bf9bc20d7b64b68875959eaff1d7b4b9fa61b228f89
11502637203,preparation312/original03-presence.kernel.json,1758,48492eaa0205519e9f06edaa2abd6584cee0d73b8cffa7a7a7c810e59551dcf1
11502637203,preparation312/original03-mirror-raw.log,294,57cee62255e8e9f389f76521f0d23c5e3c01c0b1c60b5a4b9635194159982d17
11502637203,preparation312/original03-presence.launch-intent.json,291,6660024f361f24209a0d8282f63f0009f8dacded0f74f3b006a1254be8293479
11502637203,preparation312/original03-presence.log,81,5d5b6ad2929ac2cc6f326dd731ad433e830c8d51a7d1a36c4603071658b9d5c0
11502637203,preparation312/original03-presence.stdout-custody.json,373,a5f1daad2eacd2e34ac969d82355b21e6837b6aee99b7f4dad82060b8cad31c3
11502637203,preparation312/original03-ref-presence.kernel.json,1764,65011a2af62a725e5930a1c4319afe35633e9cc7b3f9fef9ba43ad1bc13cb716
11502637203,preparation312/original03-ref-presence.launch-intent.json,295,513d2beda8663b054d0013ccb5001efbc971c30682ac9785069267560a8309a8
11502637203,preparation312/original03-ref-presence.stdout-custody.json,370,3bf6c7aec1ed6e8beca9eabdda7cf9f4b4d77de7809c111a7e3b8244eb0a00d7
11502637203,preparation312/original03-verified-raw.kernel.json,1750,76696ea46477b8e7797bdd1d6507c82c93c3a380e5dc0231dab2e20e521550cd
11502637203,preparation312/original03-verified-raw.launch-intent.json,286,7dd96ae102e95d0692a66e97a3820b3d1a3a4ef246d2cb5bce630305eae531e9
11502637203,preparation312/original03-ref-presence.log,0,e3b0c44298fc1c149afbf4c8996fb92427ae41e4649b934ca495991b7852b855
11502637203,preparation312/original03-verified-raw.log,294,57cee62255e8e9f389f76521f0d23c5e3c01c0b1c60b5a4b9635194159982d17
11502637203,preparation312/original03-verified-raw.stdout-custody.json,371,009cd11956a58bd24f5e432fc8bf1b5bbd367a52125d76bcbe1c839214ee05ea
11502637203,preparation312/original04-fetch-literal.kernel.json,1890,d4201813b5d3dc91f7c97e454df4e96d1636269a5e9abe8e8542e8ba1e41c473
11502637203,preparation312/original04-fetch-literal.launch-intent.json,422,e2d7901a1c89b56306da8eaceb0ca8edf7b29867d89f15b1ff96911ffc19b209
11502637203,preparation312/original04-fetch-literal.log,158,29b0b3baab7b9747b932b126cfc65337e0ce5b72b71b0eec8454cb82a3836423
11502637203,preparation312/original04-fetch-literal.stdout-custody.json,371,073405af96bf5d237851eef60374b0dfaf66b369ea2277f73f5b89916e61ccee
11502637203,preparation312/original04-mirror-raw.kernel.json,1762,ef97184dbd220a2209afb22d0f008e1fdc169fcba3de5da18ad0722ff46fbe7c
11502637203,preparation312/original04-mirror-raw.launch-intent.json,284,c58e20125cff974f7dc7e61f8d3bfb80d01cce1f750926aedb8c153110a6b943
11502637203,preparation312/original04-mirror-raw.log,270,9505ec278915ab2e40de2e0f09bd50b2ffe9964e748fcea6185ca47fc723fd8a
11502637203,preparation312/original04-mirror-raw.stdout-custody.json,371,408ae5eaab3e83c93387fadc8290209732a689eaf0c8d698728524ae68bfe03c
11502637203,preparation312/original04-presence.kernel.json,1789,2fb100164ee051a6af52a006cd8cef9588adf0ba21a1e04dcc8393633f4b8aa0
11502637203,preparation312/original04-presence.launch-intent.json,291,2b2a0c225b25b8b66baf85cc9a817b575c0a0d8ed93fb732704564a12947e057
11502637203,preparation312/original04-presence.log,81,f5d76af0e6b31c2f8a96749045218657defd7de28db2f55398885b45bc360191
11502637203,preparation312/original04-presence.stdout-custody.json,373,4401daf3e2c52341dc3365bc5f4167ea3b0e960ffc7d1a6177740a1e59af3d4b
11502637203,preparation312/original04-ref-presence.kernel.json,1764,b7c648f4fa281a84d168962a7aecb98963a9dc1e07a543291ace2d7428810e49
11502637203,preparation312/original04-ref-presence.launch-intent.json,295,25fed73a5acf268918e8515c268ffd0888837081bdd2bcc70f1f6f9fe0e6b4d8
11502637203,preparation312/original04-ref-presence.log,0,e3b0c44298fc1c149afbf4c8996fb92427ae41e4649b934ca495991b7852b855
11502637203,preparation312/original04-verified-raw.kernel.json,1755,fc2c84716011d57da7a53c4907c1b9d8651b3ebad3f417e236638b82cdd28e2c
11502637203,preparation312/original04-ref-presence.stdout-custody.json,370,160a0877f5b39d4e91116068cbc959cfef0f1ffb19b3f0f63f9efe0648c1ab21
11502637203,preparation312/original04-verified-raw.launch-intent.json,286,5b49a22054bbcdf49d1e1b7e752b1e5c304d1d8f19dba6424af3704c53b15761
11502637203,preparation312/original04-verified-raw.log,270,9505ec278915ab2e40de2e0f09bd50b2ffe9964e748fcea6185ca47fc723fd8a
11502637203,preparation312/original04-verified-raw.stdout-custody.json,371,2afc1069f6fca61510f5963ee66e0bb52ea0b728e0fb78f15b9a4189725d265b
11502637203,preparation312/original05-fetch-literal.kernel.json,1903,6ecc1a5e4a67c7ff6e54a0757e21ebf3d11194d3e81d666c2c01aa3fc727a91e
11502637203,preparation312/original05-fetch-literal.launch-intent.json,422,f1bed71daa1dec25e7d7d3d4dbaadca13fe869fe7ef0fa0c5f672592e1bd741d
11502637203,preparation312/original05-fetch-literal.log,158,8699efe2353ad50416b6f8184b26b3db2019f2c81e504783449e50c42a2f8ad8
11502637203,preparation312/original05-fetch-literal.stdout-custody.json,371,17c6f0ac8c9e4f84145d6281e4bf6f6924e5c6d304b505f6ac369c2ccc3ac96c
11502637203,preparation312/original05-mirror-raw.kernel.json,1748,e8b9fbb31f04103310b4f14926debc86c714a7a059e564b71534c4aed93b8728
11502637203,preparation312/original05-mirror-raw.launch-intent.json,284,3f630d90be3e66827d9cad459c9d51b202d404b2b8b345d76087cf9084787400
11502637203,preparation312/original05-mirror-raw.log,276,5e272aeb61179527bf2e29c27f2487413fd5ca8f13a71877c0dfff14331578b6
11502637203,preparation312/original05-mirror-raw.stdout-custody.json,371,069a12e2f986e45700a593e81b919b8279a6fc5e9f6a8633e7714cf2e3a6275e
11502637203,preparation312/original05-presence.kernel.json,1762,37cf563022d5c214e7e1c55904d070e4f13c0889ade801e74d559d8b85d8f8e5
11502637203,preparation312/original05-presence.launch-intent.json,291,57b12b34110d6e0b79417f1023567362bc29d548e32005a7a887f7374bd0fac9
11502637203,preparation312/original05-presence.log,81,4b3594400028fb75b7619540b0f064c881381ba4ddcc13917fac33bde65dccad
11502637203,preparation312/original05-presence.stdout-custody.json,373,2f3ab285e4d8c67fdcd30d23b6dbdd4bc6501ea108875a2a8741f2e8f3b45016
11502637203,preparation312/original05-ref-presence.kernel.json,1759,f77979a17018b535af830efd92310fb63f7982829627e44236d390e37313e516
11502637203,preparation312/original05-ref-presence.launch-intent.json,295,643bf134b1948d590575cec71364829208ff40dab5762e010a7feaaadc61ab3f
11502637203,preparation312/original05-ref-presence.log,0,e3b0c44298fc1c149afbf4c8996fb92427ae41e4649b934ca495991b7852b855
11502637203,preparation312/original05-ref-presence.stdout-custody.json,370,382defb5c7969d35dcbb17fb67dfec8975cd43cf7624f9afd70d43e506c74803
11502637203,preparation312/original05-verified-raw.kernel.json,1763,14120f883b37c3dbdf31790e686852dbc7af5baf89f82b318709fdfeaa458ee2
11502637203,preparation312/original05-verified-raw.launch-intent.json,286,8618d028d9356b358b737a68c136ac31df5f0772ff36cbd8968a17ac0cd1e25b
11502637203,preparation312/original05-verified-raw.log,276,5e272aeb61179527bf2e29c27f2487413fd5ca8f13a71877c0dfff14331578b6
11502637203,preparation312/original05-verified-raw.stdout-custody.json,371,f818ac5f8e0e017d493b424780dedded27cf248bb995602af8aa18d519bd1612
11502637203,preparation312/original06-fetch-literal.kernel.json,1890,4c527963ab14da8d432e7f5a9edd020f444ac1fdaadc155dd121ef8296486aa0
11502637203,preparation312/original06-fetch-literal.launch-intent.json,422,15c69d068912b97c18f1cf453b4356bb1c0afa5524531fd9b237dc7f3b219581
11502637203,preparation312/original06-fetch-literal.log,158,c2c55603d8188684b8c5196a6550229674a7ceb1c65c852d5ddc12d5186182dd
11502637203,preparation312/original06-fetch-literal.stdout-custody.json,371,23410d771fc7c71e1dfda7f3ec45f5033fffcf7e9b948502745f4ff341243a7b
11502637203,preparation312/original06-mirror-raw.kernel.json,1749,2dbc2d038aa67d2afaa22b2effbffffcdca1d602e79530690a16c59bebfcfd65
11502637203,preparation312/original06-mirror-raw.launch-intent.json,284,f7766c0402536abb1936a93bf56ae74a3da2229c6be669d3e5824f03a43e4028
11502637203,preparation312/original06-mirror-raw.log,285,27957c542c376fe44abfeeaa0b7b0ee0caa56a917ce83e944b6f24141911053d
11502637203,preparation312/original06-mirror-raw.stdout-custody.json,371,52756dac4a57ae6620bbeae7833fc789426f48e1c84685db4e6f19c9be841371
11502637203,preparation312/original06-presence.kernel.json,1757,ec3f1eedcbef0c7d3d3768cb414de51865a0f0bac439b23ce9ae022f15c391fd
11502637203,preparation312/original06-presence.launch-intent.json,291,5c22d7b8668e662e9f6c2da14c81be7c13ca136304df90d097ed4a59c1711cc1
11502637203,preparation312/original06-presence.log,81,0c76bd929aec6f3ceeb2aa6e1bcbeaaa3694ac27d035d3f0e040d96563b45b5a
11502637203,preparation312/original06-presence.stdout-custody.json,373,6ac7dd940d828a91daa2b008df28a01cce9e93cb41e1e0527f48c38e5c800f78
11502637203,preparation312/original06-ref-presence.kernel.json,1759,cadb4467d64235bf9d717f7115f8fa3a38c14cdb76836639ad327433f30fba07
11502637203,preparation312/original06-ref-presence.launch-intent.json,295,ac07fa3daf46a74319ddf09bad561ad3daaf0ae0ff1ecb86e63a8ab881412d53
11502637203,preparation312/original06-ref-presence.log,0,e3b0c44298fc1c149afbf4c8996fb92427ae41e4649b934ca495991b7852b855
11502637203,preparation312/original06-ref-presence.stdout-custody.json,370,03f0445c2d0cc59992ebd1c024f5ae6ad63cf826dda878e160f670b060cd5cc8
11502637203,preparation312/original06-verified-raw.kernel.json,1750,ba924f665f4db65a447f11c4777dc65d250baecd9488d3e8a5440138e41f185a
11502637203,preparation312/original06-verified-raw.launch-intent.json,286,14c6ce149f660705c11a944ebd6558d4439c10c338ab56b91621947293221c33
11502637203,preparation312/original06-verified-raw.log,285,27957c542c376fe44abfeeaa0b7b0ee0caa56a917ce83e944b6f24141911053d
11502637203,preparation312/original06-verified-raw.stdout-custody.json,371,86ad11341fa88845e7718ea05388cacacebb634f6f2770464dd2a0377c5f3c7b
11502637203,preparation312/original07-fetch-literal.kernel.json,1888,800e577bd5a658d0cfbc3c03f5e3a3775f082a0ebb56bba6de319908e80fb9cd
11502637203,preparation312/original07-fetch-literal.launch-intent.json,419,38b7929972e3038ae66221397dc44de7e6700cefc7970f633d654fd2c964ff46
11502637203,preparation312/original07-fetch-literal.log,155,533a156600609430f2b8f5ba7414638b14da921104504cde356001d92df4aaac
11502637203,preparation312/original07-fetch-literal.stdout-custody.json,371,2143245043130aaf8048929f95c6e3e5e7cfb8c2fd90ca4fc7b60a7c49829979
11502637203,preparation312/original07-mirror-raw.kernel.json,1762,8ccebabe9d552c0b3b380205c2f30f9f628d4e0bb6486a7d0a2c4d9e27e671b6
11502637203,preparation312/original07-mirror-raw.launch-intent.json,284,07405bcece863a90c86cad8c768ba45fa5d3dc40cc2db1cb412c7cb6bc07885c
11502637203,preparation312/original07-mirror-raw.log,312,b8eab0252074d6b370d7fde578c74ae954755d7c05af5fb1bdefcab594833fb8
11502637203,preparation312/original07-mirror-raw.stdout-custody.json,371,d2d415dd773985c302ed90b7119dd59743ffdbe1bccba635741255fa4597fa66
11502637203,preparation312/original07-presence.kernel.json,1758,46ec18aa10f249eb1a88df0e1af5bc93fdc8301cf23a1c16395139c9d6865de4
11502637203,preparation312/original07-presence.launch-intent.json,291,997379ac44523388c7e10c3646c958b122b893fab5220cd986f40968b5eb619e
11502637203,preparation312/original07-presence.log,81,b5a2405cc862e1c80afd647315f0421168322ee17a83102d83499bf167fad50b
11502637203,preparation312/original07-presence.stdout-custody.json,373,ce8d6fb90a273a5fc3386934bba918c36ade7447fc7975b7e20212471d9587d8
11502637203,preparation312/original07-ref-presence.launch-intent.json,292,f35cb0820f4320b1fb92d40307f36559f7cfc5b29d39cfd375e5bf29074f751e
11502637203,preparation312/original07-ref-presence.kernel.json,1756,53aa2c4134d9a45b05d6f5858c9a8c2681a6a96d69b8516ff5f420e36573080c
11502637203,preparation312/original07-ref-presence.log,0,e3b0c44298fc1c149afbf4c8996fb92427ae41e4649b934ca495991b7852b855
11502637203,preparation312/original07-ref-presence.stdout-custody.json,370,f9542f854da98c627da55b207ebe8d779929ed4a7ef180378358569c76ce0fd0
11502637203,preparation312/original07-verified-raw.launch-intent.json,286,e2f2e8c14324878277caebeb6ca531ca35b8e8bb1f8170dd2456cafc49d21ee5
11502637203,preparation312/original07-verified-raw.kernel.json,1762,04fe77b3cf115de7b9fa5e7c8fb2f5c94bc14abb1ef35a3ffa603787dfa6883e
11502637203,preparation312/original07-verified-raw.stdout-custody.json,371,abd71f1bec4bcbc870416e4520ca7b494c0a48f1a6f2cf85d71555096f33bb52
11502637203,preparation312/original07-verified-raw.log,312,b8eab0252074d6b370d7fde578c74ae954755d7c05af5fb1bdefcab594833fb8
11502637203,preparation312/original08-fetch-literal.kernel.json,1900,bf7c5b341a81c758bcc41db4aab8e6ab42f9b86799b5af826f341ff9e4a9ccef
11502637203,preparation312/original08-fetch-literal.launch-intent.json,419,25e8b19a5db16cf232ed9aafd5bcc6d5e9f5570b9b20a875cb59bb02c4c97fde
11502637203,preparation312/original08-fetch-literal.log,155,ce338bb69f0541138617b423b0cdaebeeea1cd129ca897d0f5e9696f094f8aa5
11502637203,preparation312/original08-fetch-literal.stdout-custody.json,371,bbc576be59aaa42fd4195fc01c00be6618f7334286ebe7bd46ac1c564c90b5d2
11502637203,preparation312/original08-mirror-raw.kernel.json,1762,7770a6e935c6f0b83bbd48b3c9a4b69f84b9db060753214960d67d752fee9944
11502637203,preparation312/original08-mirror-raw.launch-intent.json,284,5164647e11af575e31ba294b6ce3827b01289956338228051a68ef4ef0a8fa0f
11502637203,preparation312/original08-mirror-raw.log,312,b4ca41d3094b6094c8a1c052f1bc7e8f47cacf2a36947774874149f8877b5da9
11502637203,preparation312/original08-mirror-raw.stdout-custody.json,371,7445a83bc830f94739385a5e875c8a71ea2d0cafba6ed87cbe6b1598032725be
11502637203,preparation312/original08-presence.kernel.json,1756,3e6c5936c2edf5b31dd0cebe9c4b222c8dac9bdfc24e83f562561fa7712d1102
11502637203,preparation312/original08-presence.launch-intent.json,291,a20aca99f0a18ce3b8746aa746a6ce4ce2a81ac1521a3fa39dca6e17b8ad972d
11502637203,preparation312/original08-presence.log,81,7fb078b8e589df88850a49ed116585b1b8861fd88b9e579a6c3026346818b6e9
11502637203,preparation312/original08-presence.stdout-custody.json,373,4d9f5bce04dfb488ec2a881ed9962c3eba866995dca7c6f1ad6146308fd7ec40
11502637203,preparation312/original08-ref-presence.kernel.json,1757,731dbf8a6ceb524d3a7c083910f8689c1948b48bc8452fbca4943eb5d86f9541
11502637203,preparation312/original08-ref-presence.launch-intent.json,292,fd253ff184af813a99b6eaac48184c9f328d785f208c2b94ecc4797f491a2812
11502637203,preparation312/original08-ref-presence.log,0,e3b0c44298fc1c149afbf4c8996fb92427ae41e4649b934ca495991b7852b855
11502637203,preparation312/original08-ref-presence.stdout-custody.json,370,21d724ceec92ffabe61893d76e579773f3946e17b857fa2ecd2b0b39f554f5e9
11502637203,preparation312/original08-verified-raw.kernel.json,1782,40726aa9bf0804fc9f1466f895d1c0ae398ab38ad77fb81d82af11e3854df4c3
11502637203,preparation312/original08-verified-raw.launch-intent.json,286,6f24b5191ffffd9c9b38b495b7e68c4ee5ab3385edab630e802f33987f1bd3d5
11502637203,preparation312/original08-verified-raw.log,312,b4ca41d3094b6094c8a1c052f1bc7e8f47cacf2a36947774874149f8877b5da9
11502637203,preparation312/original08-verified-raw.stdout-custody.json,371,2a7065243676220ca8ac14410bf21d6acd7a175200497b8df087bc2ac5afa3c2
11502637203,preparation312/original09-fetch-literal.kernel.json,1898,45b5dd70acbd4fbaec0ad437e2e5e4737a898db0277443be1e3416f530203228
11502637203,preparation312/original09-fetch-literal.launch-intent.json,419,62b335f06986fb0e3d8bae5a1635761cdb0eeabcedce958fc0336c8d34dd8d78
11502637203,preparation312/original09-fetch-literal.log,155,0d5bc9dfc55fae5cb780d8e290ea9bc8d658c9f3e3365a33d25a77c34df3b4a8
11502637203,preparation312/original09-fetch-literal.stdout-custody.json,371,d81dcdb89f36c1f5ac6f808a67a8b0de86d1c4434d83ffb8b11a80466bfe6b21
11502637203,preparation312/original09-mirror-raw.kernel.json,1748,4638f6035848d0fbf06a81fbabf97c7bc5b96d359eda80d416e0bec8b4183787
11502637203,preparation312/original09-mirror-raw.launch-intent.json,284,aef1fa8df77072fd30c6f3b7d06028ed9758e944ce310368a62521e386610f24
11502637203,preparation312/original09-mirror-raw.log,346,21af3627bafa4cd811e41ce3d1be0a34cd35b5d284fdf9dbace6c3d0a92b4982
11502637203,preparation312/original09-mirror-raw.stdout-custody.json,371,dde1882f3fc94eb13f2768f9366f54d758f467b581f856b28974564547c3b372
11502637203,preparation312/original09-presence.kernel.json,1757,b6f17bc622d4507b7fdc29ea9c306289fdff93d1503ad284d0f5a6e7a108bfe3
11502637203,preparation312/original09-presence.launch-intent.json,291,88e1fc8669b19b61bf5f468d3a72e9f3736b8e774b959bbe64bd8ee3854bdb3e
11502637203,preparation312/original09-presence.log,81,62f06cf08af92684aaa28aba86af9e221d5183264a70f5e3d23d00bdd74aa901
11502637203,preparation312/original09-presence.stdout-custody.json,373,5a427df7e09755cd8a4485224203b82b1ce5c74730c7dec097c4faf3b25acdda
11502637203,preparation312/original09-ref-presence.kernel.json,1756,a63042e540ce4edd597ec8cd45ac2bdb82b7be67a75af82689927b820a06c79c
11502637203,preparation312/original09-ref-presence.launch-intent.json,292,6bc4e29a35dbed197f2a20f5a3ef97a2d768d2e21d02454f656eff7ecc4dbc23
11502637203,preparation312/original09-ref-presence.log,0,e3b0c44298fc1c149afbf4c8996fb92427ae41e4649b934ca495991b7852b855
11502637203,preparation312/original09-ref-presence.stdout-custody.json,370,0484cdb220eb59384587b3f1aba3170db915676b4efdc7fb8821bb1ce5dfdbd2
11502637203,preparation312/original09-verified-raw.kernel.json,1750,b7743074051d564f27dff74087ba87b0abc667b8d1273576c2840210873033a9
11502637203,preparation312/original09-verified-raw.launch-intent.json,286,c25130aecce1fa030215247c974d894fcf99d128c5bb6292dd37cb5f7301aad2
11502637203,preparation312/original09-verified-raw.log,346,21af3627bafa4cd811e41ce3d1be0a34cd35b5d284fdf9dbace6c3d0a92b4982
11502637203,preparation312/original09-verified-raw.stdout-custody.json,371,c23273659d56856657720675dead6f96d0cac54362684b383ccf11b9f5559258
11502637203,preparation312/original10-fetch-literal.kernel.json,1887,17950722ee1c64b5a0d7a94920ed639a62aedd947897ad07470b39e4565a7b79
11502637203,preparation312/original10-fetch-literal.launch-intent.json,419,7598883d5f813999d98fcbf4922a1ed22af4afd54d95dab288d35de4cb913773
11502637203,preparation312/original10-fetch-literal.log,155,21b65a60988b9afc71fe327ace14885362519e6ff55bbc9e997904a5864c7961
11502637203,preparation312/original10-fetch-literal.stdout-custody.json,371,d0fa590bbb0ae927e3448920207dcddc5a00c5c7fd7c250017c8edfc0f950eb8
11502637203,preparation312/original10-mirror-raw.kernel.json,1749,2f7c0d6c329fa7b04fe36db622e4092161f3c785c874ec2c8d125241db243526
11502637203,preparation312/original10-mirror-raw.launch-intent.json,284,27d295c7f1999e6ee00c56d73f146c327996138e36fe37262c6b840e6146099b
11502637203,preparation312/original10-mirror-raw.log,329,26eb4eb565d7474ea9293bea429f369e7581924a16fba0786b2561420a7d911a
11502637203,preparation312/original10-mirror-raw.stdout-custody.json,371,0117ac3d4a67f1f399273dd32eccd4817eb0d9ab6b95087697bed4e0b3e2959b
11502637203,preparation312/original10-presence.kernel.json,1757,53be8cea962d81a86c22bf37d32ea58b82eb8caca39c149c7fa41d00838ba2ee
11502637203,preparation312/original10-presence.launch-intent.json,291,a9e5bfbd4074c8413ad3d78bc8199cf82a555d67b20d07e257a2f646dfd0c9e2
11502637203,preparation312/original10-presence.log,81,657ab79aa491d4124d3dca7ced223d00e00528947e9dcc6b1acd14b6964bcb10
11502637203,preparation312/original10-presence.stdout-custody.json,373,cdec59e32724df95a38dab94968d2733bfaf7141e9d7323ab8013a6457e897bc
11502637203,preparation312/original10-ref-presence.kernel.json,1757,af0f786f76e15f574404e081222bee1bd1dbbfcbcd430347d135f05ae9d7b338
11502637203,preparation312/original10-ref-presence.launch-intent.json,292,d44de5989caf9c9d123b2b2fcc4ae92bffaf43080a2fe5e9cb4b0fe4cc9b9d5e
11502637203,preparation312/original10-ref-presence.log,0,e3b0c44298fc1c149afbf4c8996fb92427ae41e4649b934ca495991b7852b855
11502637203,preparation312/original10-ref-presence.stdout-custody.json,370,d47051050d72c013468d248c2e06c6f85f29de48b1e47806a2f63a3a9d2bcdc1
11502637203,preparation312/original10-verified-raw.kernel.json,1762,ee83b603d85639da178aef803555ea65b38200ebca21c8051e1e343627d961e2
11502637203,preparation312/original10-verified-raw.launch-intent.json,286,0bf83e637bc8d0baf9e93625a38e02872a602e0440f2d9d355398fe12ce42e3f
11502637203,preparation312/original10-verified-raw.log,329,26eb4eb565d7474ea9293bea429f369e7581924a16fba0786b2561420a7d911a
11502637203,preparation312/original10-verified-raw.stdout-custody.json,371,2c50fc80a4a9b8fa7f04ba1a2ae6183e170decdb9d8bcba8a60c18594eeee99a
11502637203,preparation312/original11-bind-fresh-ref.kernel.json,1840,fd87d556df81d9123fc9e4b680c043295dc4cbf43139fab17d8fb96bbcbc39c1
11502637203,preparation312/original11-bind-fresh-ref.launch-intent.json,364,ecaf257e8111cebf5210b2dd61f1e9d4670de0d070bddab04e8c7f3f29c63732
11502637203,preparation312/original11-bind-fresh-ref.log,0,e3b0c44298fc1c149afbf4c8996fb92427ae41e4649b934ca495991b7852b855
11502637203,preparation312/original11-presence.kernel.json,1754,08a59242fe217a5809115980bd8db423a1ebf70b7f926a5a362abe530b0109ee
11502637203,preparation312/original11-bind-fresh-ref.stdout-custody.json,369,f5e20633f5710c9c13d8827972c52fc3a2ef7fd6c3214a4b880e023ca44a5132
11502637203,preparation312/original11-presence.launch-intent.json,291,e5f224a16ff854edfce832100dac8d9795890a362636c4bda393d6028cc97fb5
11502637203,preparation312/original11-presence.log,0,e3b0c44298fc1c149afbf4c8996fb92427ae41e4649b934ca495991b7852b855
11502637203,preparation312/original11-presence.stdout-custody.json,369,7049e6948ab05c29abf6fd6533e68ad52e5a055cc52b73aad13273aa9dbc0e09
11502637203,preparation312/original11-ref-presence.kernel.json,1761,1c2efd96d6e4cba7f9978078f4911934d0ef60f1f87d4e898004ff8e61e2924f
11502637203,preparation312/original11-ref-presence.launch-intent.json,297,de0b55b652af270d5a4dc6032803a79886a563aff405fc63030c0ed0227b783a
11502637203,preparation312/original11-ref-presence.log,0,e3b0c44298fc1c149afbf4c8996fb92427ae41e4649b934ca495991b7852b855
11502637203,preparation312/original11-ref-presence.stdout-custody.json,370,cdcc2c985877fb07f992bb02c24f97f2b830e664a0519b338bb3ef8d6de010ff
11502637203,preparation312/original11-verified-raw.kernel.json,1750,f20fef04945db39c151b628588efc4d91d38b571777df549b8fcb4be1e41e75c
11502637203,preparation312/original11-verified-raw.launch-intent.json,286,8665f2f6cb8d681ee6e10cdb99451f3c18a09c1f7fc28e017b06faf0837711f6
11502637203,preparation312/original11-verified-raw.log,1195,326ce2a7c72410d47bddf21feca6d5395f67ea872d843889f6481ff7d3a4b0bc
11502637203,preparation312/original11-verified-raw.stdout-custody.json,372,4c06076ab24e1f6616890daed51ffeef6674c79f8c6c03c70cfed05c99133104
11502637203,preparation312/original12-fetch-literal.kernel.json,1899,cef0b2cdef234af27fcfae97fb2c19203296408f13d3912334a02ff4fae0f799
11502637203,preparation312/original12-fetch-literal.stdout-custody.json,371,2714ab038385b4d8abcb32c67a345048d427cc1facf9b0a9539548bcf1824ab1
11502637203,preparation312/original12-mirror-raw.kernel.json,1753,d08e76724138c503fa0caf1932d88292a67cd6863396340f5ca29e2e8da719c2
11502637203,preparation312/original12-fetch-literal.log,155,7a8c0b0833e8993464115a5aac78360dea9dfd63001d9c3825f1a39c23c8c4ed
11502637203,preparation312/original12-fetch-literal.launch-intent.json,419,21638a85917ff9a9867c9116331f15fd33e03037c27f952bd7e55e3cefbe40c7
11502637203,preparation312/original12-mirror-raw.launch-intent.json,284,1b04100ed9c46099934ba61d584ea7381861021d32475c698ac12ff00a1f2974
11502637203,preparation312/original12-mirror-raw.stdout-custody.json,371,dd5ddfce5d59c2ca49cf8a7d6672c464def0c4add0902369cbcc1cd5dc080e80
11502637203,preparation312/original12-presence.kernel.json,1770,db2da92bc31db261e11d121cb8b96f728ccfb54cc292b52f952639efa1931a38
11502637203,preparation312/original12-mirror-raw.log,553,a4708bf809102097875c77f1b9847ec96556a7eaf9ea3a9ba107f90311a49d8e
11502637203,preparation312/original12-presence.launch-intent.json,291,ee24ad78392d2d87ff4f51aef70b249872e3db84461e5e876801ed4112d722f0
11502637203,preparation312/original12-presence.log,81,6c4bde355fed1f5f9e274b5e1e8154b635237cd5e1ae4410a5572da073c120e2
11502637203,preparation312/original12-ref-presence.kernel.json,1756,8a5ddde750d2151c16ac68e9f042b6a3fcc39b2e3907cbe87d9011220d5fe8d1
11502637203,preparation312/original12-presence.stdout-custody.json,373,5c87feb3828cf87b275d848c9c01bb7bf1ad0d4eb5a10478550f59e926d8b311
11502637203,preparation312/original12-ref-presence.launch-intent.json,292,369bfc16fecedf797207335e3371475c1aaa996dddbbcadcf455623ae1902428
11502637203,preparation312/original12-ref-presence.log,0,e3b0c44298fc1c149afbf4c8996fb92427ae41e4649b934ca495991b7852b855
11502637203,preparation312/original12-ref-presence.stdout-custody.json,370,f4e6566fd97c0ff0bf7d7315bf1d3e986ba4799eb92d7dec94cd5b4fc190ec0d
11502637203,preparation312/original12-verified-raw.kernel.json,1756,8cc79759481feaf2663c482f3d9c6a96e6bc387ab6fe79bf5ef44a77624276c2
11502637203,preparation312/original12-verified-raw.launch-intent.json,286,ac526ecd021893c03d816ddd3e80c806f7b365c4b2b45edc2c5090f94733b852
11502637203,preparation312/original12-verified-raw.stdout-custody.json,371,7b05d97e15e54aace2037675b6c80ce31b45e9457e0fecd67b488408ffffe97b
11502637203,preparation312/original13-fetch-literal.kernel.json,1900,3df8c5c1076fc6204aa0dfbd0c1964f68940061fa0d971da7bf6810b08556c1b
11502637203,preparation312/original13-fetch-literal.launch-intent.json,419,fc5e4cb87b47979e58c94d251aa0646cd1f1a60fcf6261506da2c5b168d7286f
11502637203,preparation312/original12-verified-raw.log,553,a4708bf809102097875c77f1b9847ec96556a7eaf9ea3a9ba107f90311a49d8e
11502637203,preparation312/original13-fetch-literal.log,155,e948cba201a7c56f1aa7b3720bd1cfeae36017437757794d3f4f1b9ec10919ae
11502637203,preparation312/original13-fetch-literal.stdout-custody.json,371,529fc16423d5cfe2da6d19bd45eaf6266849f217418888908e65a44c88616eb3
11502637203,preparation312/original13-mirror-raw.kernel.json,1760,c5f2453637b938c4d551dd8dfe265277e6d33115cd2ae9d969fc8072604f3a77
11502637203,preparation312/original13-mirror-raw.launch-intent.json,284,418894c8cecb3cc5cdad47351cd5cfc938e00de89bf739313a89b03105c06bdb
11502637203,preparation312/original13-mirror-raw.log,484,cfe53b9425a5948af393593d12e8ca937e38ab06ed4d23e0c287a3996488467a
11502637203,preparation312/original13-mirror-raw.stdout-custody.json,371,77204e9d63630d076175024cc911f42a4f9ed5cc639bb8eaafe0046e03c33e89
11502637203,preparation312/original13-presence.kernel.json,1756,1f1d886f0e8e7b5770b878900c2e14c47af2cc5430b8e5c410a96d715f7f365c
11502637203,preparation312/original13-presence.launch-intent.json,291,2cdf7d366ecada4cd31f2d51877de6c00e379fb02a713040068dab8cf6f7bf73
11502637203,preparation312/original13-presence.log,81,814c3c03dd877e2bc90ba817beae5c21e7cd9b00634d297ed5f0513867faf564
11502637203,preparation312/original13-presence.stdout-custody.json,373,eee1f6839dc23cce14824297d5888b777694f1750dbb071aa676b8003b4209be
11502637203,preparation312/original13-ref-presence.kernel.json,1756,2f1f35447f574ba72862a340585eaec89d8238c9f882f8bb750f0650b3011737
11502637203,preparation312/original13-ref-presence.launch-intent.json,292,1fa033baebceefa4c1cf934460128a30e04d7b6cc6b91071834d1ccd9fc7d02b
11502637203,preparation312/original13-ref-presence.log,0,e3b0c44298fc1c149afbf4c8996fb92427ae41e4649b934ca495991b7852b855
11502637203,preparation312/original13-ref-presence.stdout-custody.json,370,64003c81c1b61ba73c460ae6593d27e38e8e4016fa6fe7f0674c7840552dcbd4
11502637203,preparation312/original13-verified-raw.kernel.json,1750,c029467facc969066972faf11694531f99a35d0a0bd38e829cc39c648862096a
11502637203,preparation312/original13-verified-raw.launch-intent.json,286,a07d1e32c5647bd448763066d5a5697592474d2c76fb8a1acf5639bd5a1cb646
11502637203,preparation312/original13-verified-raw.log,484,cfe53b9425a5948af393593d12e8ca937e38ab06ed4d23e0c287a3996488467a
11502637203,preparation312/original13-verified-raw.stdout-custody.json,371,5dfda29c59ae950c454c996f3238c8b014fcfb355a142b52afefaaf100c2394d
11502637203,preparation312/original14-fetch-literal.kernel.json,1887,191a8a8d16dc5eed38f9b3d0b1e6b4a7430535254494dc25216d45d113a434df
11502637203,preparation312/original14-fetch-literal.launch-intent.json,419,c44d7b8264c280149513b8e06a4cfb4b631f3431c94c8c94c3c7cf6dc1ecaa7b
11502637203,preparation312/original14-fetch-literal.stdout-custody.json,371,99a4157c50309d7044772a4643b9e5cf7e85bf90303930cf90db2d67f10f4b74
11502637203,preparation312/original14-fetch-literal.log,155,1cd6664d0c9c349c96306c8765a2932362fb5199c7a02ed6f41d12fbffc745f4
11502637203,preparation312/original14-mirror-raw.kernel.json,1746,254876ab5298691a9b41087d9dbe6af24474f56cf09150092f58db40a9bf6045
11502637203,preparation312/original14-mirror-raw.launch-intent.json,284,2b4a02f24a328258f1f526d33699d237eb1d774935e51a10923e4f0179d9b5fd
11502637203,preparation312/original14-mirror-raw.log,308,06b984f079ff3aca06e32620329e81dc8c66f214daf9094243191c93a98d9c31
11502637203,preparation312/original14-presence.kernel.json,1762,d817a57b93fb8d01fe24d4f3da667f92424eef2798ba9c8c731c69c81ee65b0d
11502637203,preparation312/original14-mirror-raw.stdout-custody.json,371,ef4c2eb77a3d41b4f506e30e7cec94e8bec1e5942cd79b7ab73eea72a7296e73
11502637203,preparation312/original14-presence.launch-intent.json,291,240011b8849bccae32e787e083606ea15f747de8e151a5bea0847567945874d8
11502637203,preparation312/original14-presence.log,81,abfd4ef31b749ac344585e11fd005c27555f421dd8e3f26e36c0a5b54a0e93c0
11502637203,preparation312/original14-presence.stdout-custody.json,373,399d3087f8404b93650555ce1297bd43eb00748a5d631e74df6a4ba7229cfeab
11502637203,preparation312/original14-ref-presence.kernel.json,1756,4a74ac0a23f289ffaa112261f6cc057ffaa62ef4cbaa326327a55c7e9f0e7be2
11502637203,preparation312/original14-ref-presence.launch-intent.json,292,e679b698f5560d31bfa228e6b5bf0ea19341a3fb398eee5b9529add78895a19c
11502637203,preparation312/original14-ref-presence.log,0,e3b0c44298fc1c149afbf4c8996fb92427ae41e4649b934ca495991b7852b855
11502637203,preparation312/original14-ref-presence.stdout-custody.json,370,905d0d0e451d0b3fea9ac96fe1967016e43864450f1fe959a911c80044056b99
11502637203,preparation312/original14-verified-raw.kernel.json,1763,f4a7ded2982d17de78e8f1b5b11a3837e1fca6480a39915a20727565b1f2afd7
11502637203,preparation312/original14-verified-raw.launch-intent.json,286,39d2e59acc0e6ae4b13755376647ccf236e14658659f4c0e2cfd71ee2dd64424
11502637203,preparation312/original14-verified-raw.stdout-custody.json,371,bf0ac009b6d23d4c19af18d55272d1a43e3137012a615b2ab613b486dd78f61f
11502637203,preparation312/original14-verified-raw.log,308,06b984f079ff3aca06e32620329e81dc8c66f214daf9094243191c93a98d9c31
11502637203,preparation312/original15-fetch-literal.kernel.json,1888,0c14e7be6255433acad61842cdf6b04889076e21778b12f2b80626a112acffc0
11502637203,preparation312/original15-fetch-literal.launch-intent.json,419,56298d4cd190beb1f69223807eb98fcc8f7ad4b62411b561aea9bae882bd4dc1
11502637203,preparation312/original15-fetch-literal.log,155,a433e9e2db223456061e4aa118ed0168d95d83cd9f70b4c9ec1cbdb4282419c3
11502637203,preparation312/original15-fetch-literal.stdout-custody.json,371,58593675581dbfb863aca212da06e28163ddd581aeefc0135b4368fdc954c3ce
11502637203,preparation312/original15-mirror-raw.kernel.json,1748,4414e631b4dc3b93f37700b0a49732caf83199aa11f71c2465af5a4002010f16
11502637203,preparation312/original15-mirror-raw.launch-intent.json,284,85ef6aafa3585e0982ca225364bb6788ef6ed1cbe14b151f4417d52aef3d342e
11502637203,preparation312/original15-mirror-raw.stdout-custody.json,371,76c90487c24db8d852cef39d448239d29f7675f61d3a20b4f7453d68be072158
11502637203,preparation312/original15-mirror-raw.log,317,de30544c8f42e0bb0cd9ec8018df6684b136890a5fbe774cf006c162c882b523
11502637203,preparation312/original15-presence.kernel.json,1757,20ed76c99660c615a17fda250535c964546fe3e80f4163f1b2574cc69c113f5f
11502637203,preparation312/original15-presence.launch-intent.json,291,52a4c0c25047e5045be00b468d0b87f748a659386e63986f4355608e65459ada
11502637203,preparation312/original15-presence.log,81,65555c56a819ca198c898a99f9218351e9fcfb6f88ded06c7b2313b5dcb620a9
11502637203,preparation312/original15-presence.stdout-custody.json,373,a59ecc6cfca1a59a2d0e78906d2f6fef0d96dbe9baf319bee866da3de2f684c0
11502637203,preparation312/original15-ref-presence.kernel.json,1756,933680bddb69ac1e25fb5241c4f1d6fe91c7a764f268b52be9f826a6e420d6e1
11502637203,preparation312/original15-ref-presence.launch-intent.json,292,a8fcfb09e20a1e308baa9824545f00e412829035357e2466d39e5cb6cb199565
11502637203,preparation312/original15-ref-presence.log,0,e3b0c44298fc1c149afbf4c8996fb92427ae41e4649b934ca495991b7852b855
11502637203,preparation312/original15-ref-presence.stdout-custody.json,370,12b122ff78d25c8d1d784ced698089eda49c45361730aa74dbc189dabf3d2caa
11502637203,preparation312/original15-verified-raw.kernel.json,1750,aafa4cbf55b4e47eec197db4e91b530ea1ead52f24d76b9f2c414a5bb24e9925
11502637203,preparation312/original15-verified-raw.launch-intent.json,286,b85732d2a9be13368388ff5750b87b249827ea1a0833cd3e2de9ebf0bb005bec
11502637203,preparation312/original15-verified-raw.log,317,de30544c8f42e0bb0cd9ec8018df6684b136890a5fbe774cf006c162c882b523
11502637203,preparation312/original15-verified-raw.stdout-custody.json,371,34765b99d589832836eb550a2050506592d0bab3942991a7bda04827d1f96a2f
11502637203,preparation312/original16-fetch-literal.kernel.json,1887,1a0171dafa12ca3bedec00fb8fc944e47242c2dfd0db11a8d038b09a4625e7ec
11502637203,preparation312/original16-fetch-literal.launch-intent.json,419,53609233e51d5263591b84ceb73d0222a5f25473cfc93602a0ec78d8b5850463
11502637203,preparation312/original16-fetch-literal.stdout-custody.json,371,76f20aebeaf56fd51be98b8856fbb5b3628710f8ccae9cca5a68fc9aa8a73d91
11502637203,preparation312/original16-fetch-literal.log,155,ce4e10587cdb92c625c255815352e5fc8a9e63e8401e4d74970ac62e3e4e9fbb
11502637203,preparation312/original16-mirror-raw.launch-intent.json,284,035c4807406160298effbeb50476f8feb1667db636461863c7ea45647dbca9ab
11502637203,preparation312/original16-mirror-raw.kernel.json,1761,efb7ae51f216fe91b2a5da2bc49a0deeb66079bb14c6eabe15765b578456e0c6
11502637203,preparation312/original16-mirror-raw.log,744,c195a51b7928cc109de2ac556f7129de8bfc5e595143214c1097267d82d9a8c8
11502637203,preparation312/original16-mirror-raw.stdout-custody.json,371,ae2da88443c52789741f463ec8028264fadfadfadad45a07b37bf24988e0258d
11502637203,preparation312/original16-presence.kernel.json,1757,23d4406a71bd6fbc87add2c7692bdc8af96fc8056cf41526dc5eb2d53dd7ccaf
11502637203,preparation312/original16-presence.launch-intent.json,291,4f86c26aa606492a46e94ffa68c520a6b1e84e22a78514604fce29799877a969
11502637203,preparation312/original16-presence.log,81,22dbb4f577d838d4d440fa5629d61d37b9a1daf983eb576233c2a2704a72fafd
11502637203,preparation312/original16-presence.stdout-custody.json,373,87c9e988e9f3787de81ff3f59220d3d2f0a612de05ce1673afae9f2bed103cc2
11502637203,preparation312/original16-ref-presence.kernel.json,1756,0bc75ceb1845eb8e99a9ab57fb0da449167c7375af03bcffe274935715378262
11502637203,preparation312/original16-ref-presence.launch-intent.json,292,fa8210fd08edfa579a8299818fddd7f9ce78ea5fee893ab79da60da5f2866026
11502637203,preparation312/original16-ref-presence.log,0,e3b0c44298fc1c149afbf4c8996fb92427ae41e4649b934ca495991b7852b855
11502637203,preparation312/original16-ref-presence.stdout-custody.json,370,bbc9ca4cf17469077d2932b4019785fce17043c2405455a8fc3245691baaf37b
11502637203,preparation312/original16-verified-raw.kernel.json,1762,b2b9c2d506161fefd46577c900a0b273b2b338b2b839930f6d9ba498c144def7
11502637203,preparation312/original16-verified-raw.launch-intent.json,286,d2fa75d92dbec6bbead210d9db1866e8a8821b7ec95c5183f309b92f7fb196bd
11502637203,preparation312/original16-verified-raw.log,744,c195a51b7928cc109de2ac556f7129de8bfc5e595143214c1097267d82d9a8c8
11502637203,preparation312/original16-verified-raw.stdout-custody.json,371,77908b9489459a5258ac7cacbca2f2984a9779c6514ed325f223fddfa63cf953
11502637203,preparation312/original17-fetch-literal.kernel.json,1888,d71288c6dbc812bafb8db92dc799bdadcb575a5009ce6e64ac008d0cda24a635
11502637203,preparation312/original17-fetch-literal.launch-intent.json,419,5fd34013e42d8a584ecd632a167e7bc410fa51821822728fa6364cbbc737d0f1
11502637203,preparation312/original17-fetch-literal.log,155,c825bd1391001b69ac1639843b17354bd34873929d7025dea5c8244dbbab1d6d
11502637203,preparation312/original17-fetch-literal.stdout-custody.json,371,9ec1bf735a1ab88539c20f6a17df20878bfb802d8e775e2dff683e42d1d55a9a
11502637203,preparation312/original17-mirror-raw.kernel.json,1747,25a737bf6100ac5a808b2ff5c8df2ef963b69c6d8aa66d747a53b7b4c86180bf
11502637203,preparation312/original17-mirror-raw.launch-intent.json,284,7b96b871e3c3e1318187660a4581031c5fa0a0d04b644723e3712d23d57bffab
11502637203,preparation312/original17-mirror-raw.log,275,aaf4c85f5eb22e716a60ba1b2bb390aae15431860cf31c08ad31fb0c461dafd2
11502637203,preparation312/original17-mirror-raw.stdout-custody.json,371,414f024c962b3ad9e71dc2f7b6d7bde65b4eb20574540278c66c6a578a0d5430
11502637203,preparation312/original17-presence.kernel.json,1757,ca4125f0bb08b96d8fd5f025d11c1ee8e57a39113ba0c2b90e1c28625a25519a
11502637203,preparation312/original17-presence.launch-intent.json,291,8a21d55abe1ca060ef7efb9c09eb905c9e1e238bf142e1424b4e81176f466e7e
11502637203,preparation312/original17-presence.log,81,64eb3e2887bbd7be10ddd5a696f2fa9814dc4206c1deb1e42f62519a1c89fb1f
11502637203,preparation312/original17-ref-presence.kernel.json,1756,92847e5bc943f636aaad94f753f81c7b3aca1d716e34a9748112aee9389f9539
11502637203,preparation312/original17-presence.stdout-custody.json,373,4a2e1506c38c2c572f5b2f546b2bbbdf892aba434b68dca3476d9e05a1e96ae5
11502637203,preparation312/original17-ref-presence.launch-intent.json,292,910b5440fd0757a8b41c65c92afcc089784c77eb935b68175ea24a50571d1acc
11502637203,preparation312/original17-ref-presence.log,0,e3b0c44298fc1c149afbf4c8996fb92427ae41e4649b934ca495991b7852b855
11502637203,preparation312/original17-ref-presence.stdout-custody.json,370,191865e1d957f67cdddf304baf5b060bf2b09263a221902aee3b3773edc81bc7
11502637203,preparation312/original17-verified-raw.kernel.json,1750,ce81a1881a1071e69bb495e4e2ffad7ee6d5cf261536cc0c4a7822c4dd745cd1
11502637203,preparation312/original17-verified-raw.launch-intent.json,286,e6404944ce5aa975b93c5b9b5bfd53a4a9424c6ef92f18f6c412185f351cc69d
11502637203,preparation312/original17-verified-raw.log,275,aaf4c85f5eb22e716a60ba1b2bb390aae15431860cf31c08ad31fb0c461dafd2
11502637203,preparation312/original17-verified-raw.stdout-custody.json,371,8726e67acdef7c0cb9fe3f1c758ab6493e3cc2a97102b062133c51eeaff66504
11502637203,preparation312/original18-fetch-literal.kernel.json,1885,fb55af999bc47433fcce54bf3a118aa937bc13b17dc6a7b7a959f24c8e93eb41
11502637203,preparation312/original18-fetch-literal.launch-intent.json,419,1d149212022a7ebe00d12629bc0c13b8662a1633476251dbfb9ec92fb786a3e6
11502637203,preparation312/original18-fetch-literal.log,155,5b690da57b0465bbd3c72dff3f820a7bb57dc355abee1231d727c7db1bf945e3
11502637203,preparation312/original18-fetch-literal.stdout-custody.json,371,58494419348463146a9c8ee86cba0f9a0bf9e3ce44eba5a458a1b16a1c61a06a
11502637203,preparation312/original18-mirror-raw.kernel.json,1747,9ad80e47d6fb712681a75f15e97534c4e25f822d571752e058065a2fcf344e5c
11502637203,preparation312/original18-mirror-raw.launch-intent.json,284,919f0e701d316add08640160e37b901593b3ddcca99ccf93073f57805b5a6361
11502637203,preparation312/original18-mirror-raw.log,279,ef0f22a950e34a2a196f9b98cb523d5d2a884ac137cd0045a6746bbde752e3d2
11502637203,preparation312/original18-mirror-raw.stdout-custody.json,371,546eee662cedefe3d846cbc0f5ae1075bd076932688a037ed415b6b79c2b0f11
11502637203,preparation312/original18-presence.kernel.json,1757,b8c86897e522961ea899173acf1fe0b768ab62f689ccffb28c70209805b023a8
11502637203,preparation312/original18-presence.launch-intent.json,291,8d729b43cb0a7d5fa1fb461002e52d3b871070a6fb915d40f8904730c4a498c7
11502637203,preparation312/original18-presence.stdout-custody.json,373,9b57747e2108853f4a24a6296cfabbcc89bd15398b4b3a663b4355cb797f5d93
11502637203,preparation312/original18-ref-presence.kernel.json,1769,d12905e36322cae4c3860554281592026ae01f21301fc6e6582714ad032fbc45
11502637203,preparation312/original18-presence.log,81,0988fcbcaa2d11724bf7c78b1da91652cd6f06ac46828fc285a56d9c8a4de1ea
11502637203,preparation312/original18-ref-presence.launch-intent.json,292,21e6277218d70e0535c214a08f1f4d116b484153007e95f3b616070adbd63700
11502637203,preparation312/original18-ref-presence.log,0,e3b0c44298fc1c149afbf4c8996fb92427ae41e4649b934ca495991b7852b855
11502637203,preparation312/original18-verified-raw.kernel.json,1754,267c584fbf9127b33bd35fe15b82f96d8ff396b9ca1bb68b5e37da1d2fd9f22d
11502637203,preparation312/original18-ref-presence.stdout-custody.json,370,aad3918815b184bfac061e5998f38c33ef302d1a97b18c2cfda7baab2a7e61cb
11502637203,preparation312/original18-verified-raw.launch-intent.json,286,fc841b93e8492be8c3d025d8bebe04e31d0f4a6a31fe94a0db755f991c1f45f6
11502637203,preparation312/original18-verified-raw.log,279,ef0f22a950e34a2a196f9b98cb523d5d2a884ac137cd0045a6746bbde752e3d2
11502637203,preparation312/original18-verified-raw.stdout-custody.json,371,b9e9165726a72bc58b5f9dbfcf66f39847b7ab750e09064a2d0e6de82d2ae7e8
11502637203,preparation312/preflight-input.json,809,b88cd4600d1d4737231020994afcb5109efd60cd91966987066f542f0a198038
11502637203,preparation312/preparation-source-receipt.json,1577,036f55fde5f6a6daf7257e23653d2aca80a9ae3c0623d553cd7a4936abe68b82
11502637203,preparation312/prepared-native-binding.NOT-AUTHORIZED.json,1559,85ebd99602e94c486f54e8e8554d4bcabf253b17c54018b70739233d70c0c997
11502637203,preparation312/scope-inventory-preparation.json,8661258,ff5b72fa607fdd86871e3ee9cf6e67e6fbf6d115e49120341a9d0dda1b5dbd53
11502637203,preparation312/selected-epoch-original-preflight.kernel.json,1853,2fd10feac801a08ace6c39173a329487696bc107330337eb586cb46818e525a0
11502637203,preparation312/selected-epoch-original-preflight.log,187,6e04970bc5f3c98162d6326cd4e272d4675634bc8b524310ea3f5cf295cec8f3
11502637203,preparation312/selected-epoch-original-preflight.launch-intent.json,387,9ff90b53bcd493a352d4bf30a56215c73d358ebeea985add7039e06ce6bc181b
11502637203,preparation312/set-canonical-origin.kernel.json,1780,a41df081656b790803ecaa0e70d8245b282baf084d373bf7f6405fba04a3db15
11502637203,preparation312/selected-epoch-original-preflight.stdout-custody.json,371,cae7adfc01170dc32f3d22463c191f58b2164a17df9eef5ce075b259cb05a469
11502637203,preparation312/set-canonical-origin.launch-intent.json,303,71e01ab492f1ef485e172e5a2bd9cb9bf992e00f45f504f895b9aef301abae1a
11502637203,preparation312/set-canonical-origin.log,0,e3b0c44298fc1c149afbf4c8996fb92427ae41e4649b934ca495991b7852b855
11502637203,preparation312/set-canonical-origin.stdout-custody.json,369,73eb0225d3a0baa884abf49606cb658c1485acf572c5bb231a7b38941a6fda23
11502637203,preparation312/source-preflight-after.index.json,2951753,5621607d8a5995bc06c54d9b3d02f45c84d38ce33e1900a0f184f814035f1763
11502637203,preparation312/transport-final-commit.kernel.json,1748,ee7857b841afdfc6039ea094aebdc988d86dbb2bbe6da4e3bef47f078e86dbc5
11502637203,preparation312/source-preflight-before.index.json,2951753,6858609d252d2db5d92cd391d3d367c269e88d2d4dd655a66938211f0f695d06
11502637203,preparation312/transport-final-commit.log,979,ca9f0fd8451699b2b6e241604eeae265de021b03286a7628f4f210a4028bd450
11502637203,preparation312/transport-final-commit.launch-intent.json,284,b3d2d0a305c1c9451070a3cd0424772d397258620d586b4747f592e134a64689
11502637203,preparation312/transport-final-commit.stdout-custody.json,371,786a8f0741ab25fbe407096a1c6bbd167f7b224ecf0aa32a7efd4220a9358f88
11502637203,preparation312/transport-fullness.kernel.json,1723,af65efeb257a0b74c2972f72f7ab64051dbc86d75cdfb685ca01f694f0ea2308
11502637203,preparation312/transport-fullness.launch-intent.json,259,07268a19db8cb14674e4c49ddafd530ac656302697e25d78b696ce1a39be0606
11502637203,preparation312/transport-fullness.log,6,2ed27c1421e6928dbe13dbfdb5c59e1045b30341fe7ebe05700006bc5ac572c0
11502637203,preparation312/transport-fullness.stdout-custody.json,369,09bf74a0be363617117766762bb699bf105c3a606db74f9bc3c26fbaa92171fb
11502637203,raw-lossless.manifest.json,980768,4af6d5f2f0d08de84b90ef6672a38417c7ed95acf12b9a4fa4d0d8fbbc876a04
11492865414,final.json,896,7370af8fb90a74ab944f7d71d69328e89fe39120f68994a9a041ca8d69666621
11492865414,fullGit-original-inputs.kernel.json,1830,8ce121f0cd120f416ef3675fcd23f2c70034e898519c6265c7c746a33011b543
11492865414,fullGit-original-inputs.launch-intent.json,325,3807b47f564c7f0c977cebff914651657309a8218dffa5ae99b4eed97f064b13
11492865414,fullGov312.kernel.json,1811,a870a224972fb11213d76e828c89a514580a7c690a0158705939d30f2ccfe029
11492865414,fullGov312.launch-intent.json,308,38f23848a099412828985bf855edaf861468f7ea0436c3411a85ab80c2f4affb
11492865414,launch.json,757,6897aecab2e9568646cf6353b593f7f231da26622eb1daa4b35a561400dab71b
11492865414,locked311-0.kernel.json,1878,f11acf02618a1f29c5d021f05b32b6513df5cc7adcea636de67be7a943f8e1b0
11492865414,locked311-0.launch-intent.json,365,e49b7a4bdba091a7aa4a6c052afaff65044b6975f00c65f0f30e276e0a076d9b
11492865414,locked311-1.kernel.json,1926,238616e34616cafff5df1991b8edf448b7943d3680e7c7adb5e4e7109b204ecb
11492865414,locked311-1.launch-intent.json,433,d0a7663119a46db6af29657bedd436c3f0b38e736426c04a2f6b81346c537723
11492865414,locked312-0.kernel.json,1878,b6dca2a8048d2361e2eb813317ba3a526be03b60c64c95fbc1c62f9dfed4cb03
11492865414,locked312-1.kernel.json,1930,4565bac791593dd20c230c21f47bec3031211ffb8269d4df07b08701f38686cc
11492865414,locked312-0.launch-intent.json,365,a2eb54e94389d57babad6548d38f13f5832bdedb46204af77b84fd841e9a6970
11492865414,locked312-1.launch-intent.json,433,44fd21f480cdb976d8b439f7ebb601bbb481ad12d5772af8323eee7d9f2e5127
11492865414,pipcheck311.kernel.json,1723,b09539a930337b6889895789e0e2f36f456db5246c494527b4b2047edaca9a36
11492865414,pipcheck311.launch-intent.json,208,001849b1fb07634f11894848c61ef32870f7ae22d18182b9e4d8c887b3d8b7df
11492865414,pipcheck312.kernel.json,1711,23442f0b5341dd6e0e970e9f1d69831d50a2334f9a0417f4122b3d7ab8b0c285
11492865414,pipcheck312.launch-intent.json,208,2d4bc5be9af279be36abbe27c812d621f1bb5bc3764eb5c667209774323f84ff
11492865414,prepared.json,688,8da3b669a38c865f6f1a47a503a5d5ca10e678d37db28416b9539d63c48ce3b5
11492865414,venv311.kernel.json,1955,6519549413e7b2ab3d39731e8d4dbcc1a788250dea684a2e30f6e4b0b769fa72
11492865414,venv311.launch-intent.json,441,be277cafcd022800f363f42cc57de701fdaecf7fc10ce1eb36cffe50b9218f71
11492865414,venv312.kernel.json,1943,0788275feced96ca48db2526b4f317f8e19db3bda05ad2d1334a7aa1290f9ad4
11492865414,venv312.launch-intent.json,441,893fc5bc81f1c8b26d9594175c965a06cdc29c56289f9dca105ad7bf359ecdf4
11492830480,Gov312/collection.child-finalization.json,1719,ae9649a2ca15a5b213d458e36f34dcfd3263c1b0c2df99f92606ca5536d9fd8b
11492830480,Gov312/collection.kernel.json,2333,61d0331215466979e4e612ae067e4bbb8a9e2f6b360e867ce8aa3f6eedd89610
11492830480,Gov312/collection.log,14696,a9a1f2db8e795603312db2f2eeb7a20956fbb653cd477caa04122e2cee56069e
11492830480,Gov312/collection.namespace.json,1354,9433e34c82ab40879092c8e29b873b5bf93395a20a75855e8a815bfe61e4fd64
11492830480,Gov312/collection.observations.json,10575886,b65210df3e723d9748ac43bece081a0651906e4542720034d1411503873d23a4
11492830480,Gov312/collection.offline-capability.json,604,5d4fb73194874469a92a5a8cde6da5e78c7499bdb81b5ef6a3c880253e98ffb8
11492830480,Gov312/collection.parent-source-after.index.json,2947166,5e6781eef20d6119463eb91e5b88662981ffd986e7dbe808c7dfec17d85ed4cf
11492830480,Gov312/collection.parent-source-before.index.json,2947166,8724a06dbfb4585799d8c6ccb2e8f4c5f78eddf47c3ff7e3a77777d7dca12732
11492830480,Gov312/collection.source-after.index.json,2947166,5e6781eef20d6119463eb91e5b88662981ffd986e7dbe808c7dfec17d85ed4cf
11492830480,Gov312/collection.source-before.index.json,2947166,8724a06dbfb4585799d8c6ccb2e8f4c5f78eddf47c3ff7e3a77777d7dca12732
11492830480,Gov312/convergence-inventory.json,8661258,ff5b72fa607fdd86871e3ee9cf6e67e6fbf6d115e49120341a9d0dda1b5dbd53
11492830480,Gov312/execution.child-finalization.json,1911,5be7b9a55017e0f5342e109f45ecb3c6791fb6ea7c57dde2edc1d39cc7e72099
11492830480,Gov312/execution.kernel.json,222073,1213b8b57a58e2c9f2aea29be47f21753b127e8e1dca4bc670f5b934ee5bcc99
11492830480,Gov312/execution.log,12734,f0f84fc23e174061d264c75b0749972f6190ff08df01225263636bf7a8852ca5
11492830480,Gov312/execution.namespace.json,1346,54320da7bbab1937544c84ffb7fd536d5f6bb150fec8ded9eefc209e5f4e564f
11492830480,Gov312/execution.observations.json,10478280,4d105de164641e3c4b9eeb4750cedde49e8a313beddf44b75f0cb45da8bb2417
11492830480,Gov312/execution.offline-capability.json,604,5d4fb73194874469a92a5a8cde6da5e78c7499bdb81b5ef6a3c880253e98ffb8
11492830480,Gov312/execution.parent-source-before.index.json,2947166,5e6781eef20d6119463eb91e5b88662981ffd986e7dbe808c7dfec17d85ed4cf
11492830480,Gov312/execution.source-after.index.json,2947166,0b016038b502361689b6972b86ade769d07ccb9ef91e49d625983a9d7da2f8ef
11492830480,Gov312/execution.source-before.index.json,2947166,5e6781eef20d6119463eb91e5b88662981ffd986e7dbe808c7dfec17d85ed4cf
11492830480,Gov312/external-runner.py,65172,fdfba719d6dde27cf7c59cc3356f2ac492bb958f73646e1c8cde503575febedf
11492830480,Gov312/governed-error.json,319,6b34dd2c3b897b2e3b7def6800df531c845f5ba86a0a306c661b76aac1c258c5
11492830480,Gov312/launch.json,3320,b720af107b07e2dbb6b8f8e61b38b4ae0f8aa20f7844ee631894553b4fdc8595
11492830480,Gov312/porota-governed-tests.xml,5609622,c7002c3bc26cd4e4abd1a6ebccfe7d83c81e7e0af29b0c8611b1674ac50357d4
11492830480,Gov312/source-before.index.json,2947166,8724a06dbfb4585799d8c6ccb2e8f4c5f78eddf47c3ff7e3a77777d7dca12732
11492830480,Gov312-execution-issue465/ISSUE465_REAUDIT_FOCAL.json,476396,58898ff69d19b21b1edd0e79cfd776336d82fafb3e0a84f011af8164c7ed5e55
11492830480,Gov312-execution-issue465/ISSUE465_REAUDIT_RED.json,1266924,c753dc02bcc67c2e4d07a1fa2854587b6e2a8bb4a280b7c1626df5c8a4ca15be
11492830480,Gov312-execution-issue465/canonical-factory-stress.json,134197,602b2e6e83f62ed283e6205c692cb16cdb116ecdac152fea114c0a713d0b8c81
11492830480,Gov312-execution-issue465/catalog10x-observations5x.json,238305,b3ed6924981de0b579d314e1c23507594162409cdc951d2dde82147344bfb7da
11492830480,Gov312-execution-issue465/multiprocess-budget-book.json,12445,b1051f256829ff439ee33a9f377b3f11feb4ab8233d714377084a3b625a65591
11492830480,Gov312-execution-issue465/multiprocess-budget-intraday.json,13115,71d9dbd9704e8abd337646480ce798f97b152eb00e7dfa83aec64568a16abc00
11492830480,Gov312-execution-issue465/native-budget-writer-lock.json,158,90335a0c0db490dcb076f20ba81b7c3c341b63f5ea3779498a46dad705f97172
11492830480,Gov312-execution-issue465/native-same-lease-lifecycle.json,1390,04ac9530b7228b1ec0d6ce934236b6115e7240001574f7218330c421bd8afd66
11492830480,Gov312-execution-issue465/slow-disk-quota-1024.json,8092,37d7d047e20649b415c1539b5dd8dda8f3cbbb944549eb1ac2628d91eb3e87e8
11492830480,Gov312-execution-issue465/slow-disk-quota-134217728.json,123346,9d4ac93d89f274f8c25c75098115a1edff09903d8490b3931abaaec080f142f2
11492830480,GovOuter312/actual-collection-and-JUnit-identities.json,4993002,11702868734c594a6fe3706ce0f7ba7f394e3fdb4fc6976ac9a203d61e623bd6
11492830480,GovOuter312/collection.namespace-custody.json,306,2da66443eabc577e657e1d7ea7d3fd9b078e090d15b0f47a3359ad9efcd099ac
11492830480,GovOuter312/collection.observation-custody.json,314,160a402a330c7b29b35d79f0a76f9e8a458b3112ec76ec3a2c447175c4fa5179
11492830480,GovOuter312/execution.namespace-custody.json,306,99244895f9539f57ffd93e1d3cf9f17e1d62ee552564673a211515acacdf6e74
11492830480,GovOuter312/execution.observation-custody.json,314,c12b501da44fbf85992d1ce3582dae1b6bc89ecd270a06aabdeee9db43590cb8
11492830480,GovOuter312/installed-closure-before.json,1544,7c13203059bb8805164cd6eeea53e8242359bb6f1b223ef8c78bd91c34e409d0
11492830480,GovOuter312/launch-intent.json,701,e89cafe2aa88ce936a82603bcea353907d4b50ef9b350b70a95bc33f2a53f690
11492830480,GovOuter312/launch.json,3378,f9113f019ad82b0e2ac7022d07b781a09cb4579f6ba95648438ef506ce6b9a57
11492830480,GovOuter312/native-phase-controls-closed.json,167877,f65655dd0a2f84e98d68f7c4694cc67c18f395a5154a27bcec13f512672569a5
11492830480,GovOuter312/native-wholeGov.log,729,767a3f040fec021783db63a9b5d114e79ab008a84b49bcc28641407b27fdad1a
11492830480,GovOuter312/original19-git-proofs.json,3441,73db53f750e1a72b9fa8e80932923039c6b2253fb048f21365894486a3e3bb32
11492830480,GovOuter312/outer-kernel.json,2072,36926d1cdfb59ca21e3494b79e0ca39759403efa7d2bd83c53a81586591fbb92
11492830480,GovOuter312/progress-00000.json,270,bfb39018b27ddcd228da7c25872f7bb9456cb7f04b4cd77bc23de64b730fb968
11492830480,GovOuter312/progress-00001.json,263,30f4e391c38d61ddd5110026980b8a7691f07887e46b083cffc7207dd0a22f29
11492830480,GovOuter312/progress-00002.json,258,07f5c64b7a7cfcfe7d82d6d55d65b754bf82a2bf1b1450d27944a226121c251f
11492830480,GovOuter312/progress-00003.json,257,208ec248c656a95c860f98cd91f9bd57486ef4350a787d040bd76f9366e96d60
11492830480,GovOuter312/progress-00004.json,264,1fd097fd4a6961c544d46f4ec2673885c1c2de84b682f2dc5163a4d79e33917e
11492830480,GovOuter312/progress-00006.json,264,5337a23ab1487ea771edf8791e065f7edd30503380dc45d2622d6a10a8393818
11492830480,GovOuter312/progress-00005.json,264,d9eb84f4738eaf52ea25593a7ad79ed46c0740eabad3732efeb49a5bcc1e9594
11492830480,GovOuter312/progress-00007.json,264,b35200abde093c96c0da08119ede644b7cff29e05699ce4e3dfe1bf6c75ab5e4
11492830480,GovOuter312/progress-00008.json,264,f69b063bcd4ae832477031b57cd792360225e19fea9fe383dce44e6399b76956
11492830480,GovOuter312/progress-00010.json,259,7ed760f2618ac264598b970b622030b9ac4653918d26a43cf49f88f713722be9
11492830480,GovOuter312/progress-00009.json,259,e21446f5a3c6712626c131e9a6beb3f78ed1e386736518f16fee9b76388d2d27
11492830480,GovOuter312/progress-00011.json,258,0901ca94e5586826ceeba0843f840ed3c6b8b4e4efc87c72d7ae305f55a61fed
11492830480,GovOuter312/progress-00012.json,264,653398dc5e83fb0c2e84720cfa7e7f74b656c2c0daa0d79c13114a06f97fd434
11492830480,GovOuter312/progress-00013.json,259,9860cee59bab9df876998beb7bc55946dc56d26ff8aea922a2e519e2906df00f
11492830480,GovOuter312/progress-00014.json,259,ad29212a44002df950620cbf74c555638f96f0317055a9df2150647db7701c6c
11492830480,GovOuter312/progress-00015.json,259,6c959406a948f597eceedf12a92c6854b2568d6e253ed22730868936dc4f692c
11492830480,GovOuter312/progress-00016.json,259,c10ca67375a1a02f46e40c8e58e89b1519830afe3d925abe960071e46ee4841e
11492830480,GovOuter312/progress-00017.json,259,a68ab21d4f0efed1bbe12561e51955759f517066e212db64925fc51ef5af2269
11492830480,GovOuter312/progress-00018.json,259,1d3450d4fd64083bdfd3432d8579344b0ddb4e90d2f5b3435f801ca45b55a2f6
11492830480,GovOuter312/progress-00019.json,259,93d65b6c3c5fec5b307150b9ff6d33a499d33bd8ba9bc6a5d497d68ec37b66ac
11492830480,GovOuter312/progress-00020.json,259,4cd555f5e9d8649af699b1916c7c7c0f2264e6c9d2e921b9af9923488b54295b
11492830480,GovOuter312/progress-00021.json,259,30f4fe94fe10010c66cc9e841b3cc379e088162cd89896b8680393b67cb2fbe9
11492830480,GovOuter312/progress-00022.json,259,aec834ba4f870e5f6f469a624238aa2ab53d7f586cded6a64fe640e9b498e96c
11492830480,GovOuter312/progress-00023.json,259,e6dae2b12334d7d4f6f67cdfae52d747610ab642cb3b44c587aa069bd8521273
11492830480,GovOuter312/progress-00024.json,263,618e702dc1a50e04972fc98fca3acd076d3f6a63c56d3341a18ffb82e5f73311
11492830480,GovOuter312/progress-00025.json,264,0c3fc06db5e36dc08463556d7a1423c2bbf253d62f527de0a28130b91b7dbbce
11492830480,GovOuter312/progress-00026.json,260,e35b5174c5c7ee16245fa1d16574c1125ea0b536c80fe9d8620a7b4fe93283ec
11492830480,GovOuter312/progress-00027.json,260,c02b91d0a0d6408d7c8ef5e0882a00a31314c460f4f6bbe4e75196e691599b27
11492830480,GovOuter312/progress-00028.json,259,b7c5a1c00b742ea8550e6a7909c8b7557d2fdfbffea96c7482085682c03b6ba6
11492830480,GovOuter312/progress-00029.json,260,4afbfa4fb37726051cc1f8b671fb309017e3f6323bfbe4f7d84943967d7951dc
11492830480,GovOuter312/progress-00030.json,260,1dc3b0d4bc70855d941ba28997b0224e76ebc19f78a4e9c954a79de426236364
11492830480,GovOuter312/progress-00031.json,260,4a35e72fd803b9083ee35e859a32568a3c902783fa9bfed2026a1e9be26d90c8
11492830480,GovOuter312/progress-00032.json,260,4dfe3f54287c3774a43a8f57e425d782be15bb03f19c6d3a188cf21dc23903b0
11492830480,GovOuter312/progress-00033.json,260,b4d78e0ae100e933af78b88e76dece82233fdf6419ad09b68a5d1b47f820fda3
11492830480,GovOuter312/progress-00034.json,260,6d4c5401fcc050c2277ae7ca35bae60fe308c3853b12112d78fb578dd0b9ce8e
11492830480,GovOuter312/progress-00035.json,260,875a4cd355502c9ac0313c473b0a611d0d1f5fd6886f71d73b7800a703e6b321
11492830480,GovOuter312/progress-00036.json,260,48876a9aec4b86721001bda47484d8d1e25056d17d43aa5a1ff3e5881ffef251
11492830480,GovOuter312/progress-00037.json,260,b15e20f40ecf58d15895a77f1bb92d286924d8655d6daba38241a4cd95c518ea
11492830480,GovOuter312/progress-00038.json,264,fe7e2cf4c8ca2163c08ea1b54e6b48c6168a29eb4a0f30df96781ef895cc7c1b
11492830480,GovOuter312/progress-00039.json,260,db1bd6692ff54f57b6e9034530f4ce93db4eca8b26fb5e73ca7562aaded7d1f8
11492830480,GovOuter312/progress-00040.json,260,58bb0ed227f7c6553d44fe4b5867fa5b53a9c7e36653a99bcc3ed7f85f5c41c2
11492830480,GovOuter312/progress-00041.json,260,ecf3d5acda57187161f37cb0e6798761b5a4def9b464b78c3c012c7c896ddef0
11492830480,GovOuter312/progress-00042.json,259,3c7f46056d9deb0cae1ce9564b9375e87256d260f31e1421956c47bffc2149ab
11492830480,GovOuter312/progress-00043.json,260,e77431a0e37fecfcd2233b5b9b39473aad02d5ac861a65051b7815c126819711
11492830480,GovOuter312/progress-00044.json,260,87d03b1024175fc54cfcdf2ec8a8354272f8af17e3e13f430732588f60152a44
11492830480,GovOuter312/progress-00045.json,260,b753c2347dcde14a12a7ac2da48ea0c630915a38ae695e34486850fbec7aa49e
11492830480,GovOuter312/progress-00046.json,264,6297bf4c1f8ad576d83d04015d3022ffc2f19b2cf924e368c5fe9b67de650dc0
11492830480,GovOuter312/progress-00047.json,260,92932bf01f29de3c7baa397e24465891052d519e0dcb3e5ba7b2adff39f8416d
11492830480,GovOuter312/progress-00048.json,260,189e4168ea1aec89db3c015a352c38e140dbc751d0b8afa8202c074b36d8b2cd
11492830480,GovOuter312/progress-00049.json,260,de0f27ecc6934efa8d6954f9ca790613c6c42b26a453205963f9f048a9adc735
11492830480,GovOuter312/progress-00050.json,259,7dfeb72c0d5e741a7a7b6e2c1228f0c1e1709adbbb5fcabad2a25bed33f3bc6e
11492830480,GovOuter312/progress-00051.json,264,f604c66fbda8082e62688241d15c86122b6483311ed9414fdee94709336b0937
11492830480,GovOuter312/progress-00052.json,264,7c0fec4c1523b36bee783f681a4bd30bf2ba2432b87bbd7546480199eaafc444
11492830480,GovOuter312/progress-00053.json,260,09a18faae4a6c111d266e3aeabcddb9a1702e54931ea7dfde7ae3bcdad4db133
11492830480,GovOuter312/progress-00054.json,264,eb7f40403b6aa190737f316e0bfb721eaed377ccec9c74cee270fbbca1f69904
11492830480,GovOuter312/progress-00055.json,260,480177015bb6b46daa6f6077acc14279b5a4dced9ecd03e985f8ff44555a7c29
11492830480,GovOuter312/progress-00056.json,260,dded9821e44414c38ef827b1467c79d6c32d9a640cb6f13f7a719f0f1974f205
11492830480,GovOuter312/progress-00057.json,264,8ccff8c83da9165bb1a4da1264b81d59308097c5e66e4c80eb4a6dc558cd68cd
11492830480,GovOuter312/progress-00058.json,260,ecb9c328cca642d176c24b451333edb91cb793103254515c1b6172bcc77c8b3d
11492830480,GovOuter312/progress-00059.json,264,11f8293d94dba4c8afece353af21d50f97a315bdc833eb504d40d4ac0f7bc2e4
11492830480,GovOuter312/progress-00060.json,264,cbfe4d3f477f7b7fbbf6d67f26a55c9c1f0430ca91632a54da98f8f45ce6675e
11492830480,GovOuter312/progress-00061.json,264,2af7f21ed6fe39e20b2eae5b0979fb752b5ad2a3f80309e1aa768946bab8b748
11492830480,GovOuter312/progress-00062.json,264,4024abfb58a3ae715627e26cdf8686df98a8a98cd9afb3a22a67dc2f1fd4a46e
11492830480,GovOuter312/progress-00063.json,260,b33eda09b48581058cdd8ab08c1cc36cc860b30a566d2ec0deaed2d1da7b8f93
11492830480,GovOuter312/progress-00064.json,264,e1236c16ff86c83b1c6b92cff38ee95f3496c7c61a76eab00954779f314b1a6e
11492830480,GovOuter312/progress-00065.json,264,13a2186913966eb5720b3b89c41e67c448e8ac5937469addf5c0c135e733230b
11492830480,GovOuter312/progress-00066.json,260,8ee6359d2ad70724a3f2e5c068233f5b74242b6530030f00dc6a1215162767bb
11492830480,GovOuter312/progress-00067.json,260,0020d28a77846f2f839659d22cfd88d3da5a77496fa973a84997c5311e9649ab
11492830480,GovOuter312/progress-00068.json,260,78ed6f0824d90eec6fe382d1ded45e66382429c59e0ff43560123a9251640bc6
11492830480,GovOuter312/progress-00069.json,260,ebd54eabcaf6fc66b25776e92afc078f3a3c968df4a5bebc10c1a79672d6df37
11492830480,GovOuter312/progress-00070.json,260,28ee1735a9f7a4e56917ce9dbf64790d29208eba10132b4e8d5f176ca07dbed8
11492830480,GovOuter312/progress-00071.json,264,2e51cfc9dbb6aeeff60cafe76e7ab35a0d4fb5a39f61133851a451fe8a19a9ab
11492830480,GovOuter312/progress-00072.json,260,a9c0964104f0996cd0b774521b1ee63e7a70ca9210ea91c6788b865a4d30dd97
11492830480,GovOuter312/progress-00073.json,264,1e8edd1969a78fe25ffb74cbd6f842b188941cfdb34679f9b9f24246f80e18cf
11492830480,GovOuter312/progress-00074.json,264,4925678705d7c362b76b190443c97b3d6cbfce7f9d212879416ca4962119b22b
11492830480,GovOuter312/progress-00075.json,259,a5671631225a03a734b6bc606c04274d2e95111fb23f5f668456179a685555b6
11492830480,GovOuter312/receipt.json,148800,257a1d0267d1abff7c43f32b25833a94ebc39b3ac1ae4a562a6a1fb70d3b7a36
11492830480,GovOuter312/records157-after.json,78961,e7ca88d2ac9acf9ae3760b98779cf758296009605f7f613dcfc95267156e08e5
11492830480,GovOuter312/records157-before.json,78961,f038d1002cd75e3ef5cd6c72004118770dffb93bd44c85125070f7e7dcb04dd4
11492830480,GovOuter312/remote-final-source-authority.json,846,2735b1f18ce0b6910a7d99eb5da6ac63303f4443008b42fdcf3096ecb815abb8
11492830480,GovOuter312/retained-native-namespaces-metadata.json,1968,20c7626fa2677fb3f72fc12c9036facf88b40fc433cb4eb742309c86770fef7b
11492830480,GovOuter312/source-after.index.json,2947166,0b016038b502361689b6972b86ade769d07ccb9ef91e49d625983a9d7da2f8ef
11492830480,GovOuter312/source-before.index.json,2947166,8724a06dbfb4585799d8c6ccb2e8f4c5f78eddf47c3ff7e3a77777d7dca12732
11492830480,GovOuter312/scope-inventory-before.json,8661258,ff5b72fa607fdd86871e3ee9cf6e67e6fbf6d115e49120341a9d0dda1b5dbd53
11492830480,carrier/builder-binding.json,1295,9fe94fda61382bb056f182f3ac629c44dd476456382c56af9253887b2152e6c8
11492830480,carrier/git-askpass.py,140,db3ac1a01430624c587d38ab3c98227d749963399eccbc9083ec8514d8c193b1
11492830480,carrier/driver-derivations.json,1328,e60f4fcd086a963d62f2bd7532ca6c88d3e808ba4466fa962e60392fba77cb92
11492830480,carrier/gov312-authorized.json,1601,cb833e1d76d39c1293affbf01b921a633a18a2d71934e4438eec7305be851ca7
11492830480,carrier/source-authority.json,846,2735b1f18ce0b6910a7d99eb5da6ac63303f4443008b42fdcf3096ecb815abb8
11492830480,carrier/supplementary-result.json,316928,12fec8d72aefe220213554f1e517973cd301ac3fbfd381ac6be073806069e38a
11492830480,commands/fullGit-original-inputs.log,45451,5ddbb7d5448a9c99d5be113ecc0eed1940c680012ec4da7076a85910b383668c
11492830480,commands/fullGov312.log,21231,86877ae02ec6d683a57bc033effdf064d77864f9e2c9f49c21301cdbab8d20fc
11492830480,commands/locked311-0.log,1424,36652c477886dcdef228b54dd5c555ae1b0acfe501059f63baa4f5629c862f12
11492830480,commands/locked311-1.log,42888,74bf7eb16cb815036d98d68e9cce8991855f31f6d0377247a01171059e48b790
11492830480,commands/locked312-0.log,783,c9c7fa6c48805efd20bf901dd434c4ba89d471ae509e793426797f84b21b2b79
11492830480,commands/locked312-1.log,40943,4f0c10c35f33ff1d3f4ea512c558606e384ca2f10e6059adf257ec23eb19b678
11492830480,commands/pipcheck311.log,30,9261363b733079a641c2e4cc9bc46ffa1d8336945a87f807b6cf68847dbc9b09
11492830480,commands/pipcheck312.log,30,9261363b733079a641c2e4cc9bc46ffa1d8336945a87f807b6cf68847dbc9b09
11492830480,commands/venv311.log,0,e3b0c44298fc1c149afbf4c8996fb92427ae41e4649b934ca495991b7852b855
11492830480,commands/venv312.log,0,e3b0c44298fc1c149afbf4c8996fb92427ae41e4649b934ca495991b7852b855
11492830480,drivers/build_governed_sources.py,21374,f648866cf9d40ac214eb5cae14c4cae0d4ad693010b41566e87c9d7cedf8408c
11492830480,drivers/build_governed_sources.py.source.original,21454,03d08c3f362b12da70defa8f1e2388373d41e20a4ffc08e46f48fb9691667738
11492830480,drivers/builder.declared-environment.diff,1392,a555616452ffd37844a1c6d17b3ff098bc6403e2b568cf544aaea59406cff413
11492830480,drivers/governed_outer.py,37970,3c8e344db3c173e23ec5902d1dcc2160a18602c1e28580415ed86a81869ba0c6
11492830480,drivers/governed_outer.py.source.original,37959,7fa1aae01b863695e43f1b4de0b862fb8757281ea5506d791107651c5d057bc4
11492830480,drivers/original-required-19-objects.json,7920,492a3c0de260501776ee235ea5472da373d6c5881a4dfafca05518297fc16579
11492830480,drivers/original-required-19-objects.json.original,7920,492a3c0de260501776ee235ea5472da373d6c5881a4dfafca05518297fc16579
11492830480,drivers/outer.declared-environment.diff,669,4c79fb5715bbad21f2d3b9490a89ad536410692e40af9c776d285b593de10721
11492830480,preparation311/detach-final-Source.kernel.json,1756,ce09b2654104bd2dc4a5b86914fc0ba9c62bce90c06573d7bf5320a63c614ac4
11492830480,preparation311/detach-final-Source.launch-intent.json,288,f382b95b5d0e1f3808a6e35d16c132cb8c573e07827877a5242aed44eaee7da9
11492830480,preparation311/detach-final-Source.log,103,83fdad83631bf36f3cca9383b894fc147eb7dbf9d607b99f9aca85361c2521f0
11492830480,preparation311/detach-final-Source.stdout-custody.json,370,0a518324035b7e405b7db394146bca7997bbc683725e9652e7ac50e2c0b8fcb2
11492830480,preparation311/fresh-GitHub-final-source-preparation-authority.json,846,2735b1f18ce0b6910a7d99eb5da6ac63303f4443008b42fdcf3096ecb815abb8
11492830480,preparation311/fresh-clone.kernel.json,1788,883784ea3ed936ee9c1a83700caf733b41365acba1e3e5c7f5bac4caff8fe6e5
11492830480,preparation311/fresh-clone.log,68,83855418418b69900adc2b98edeb1649121f88cca8fbb888826d2931cc571210
11492830480,preparation311/fresh-clone.launch-intent.json,322,053cc5d7bf8c48290bd1fe93b2a2c016cd8c7e2798f8a945348adcea5aa51dde
11492830480,preparation311/fresh-clone.stdout-custody.json,369,1a44ac43ed55fad8b319cd2e00cd9ff0f7cb91d4de84c1484e75aaf2268be16b
11492830480,preparation311/fresh-source-clean.kernel.json,1736,947bbc6ec20509deaec24a657245138b688c86c24021ac304c1dd17affddf094
11492830480,preparation311/fresh-source-clean.launch-intent.json,269,c2579540ad8a837eb67237fc3d43ba13f80ce4a1844f75172a9b43373c5851db
11492830480,preparation311/fresh-source-clean.log,0,e3b0c44298fc1c149afbf4c8996fb92427ae41e4649b934ca495991b7852b855
11492830480,preparation311/fresh-source-clean.stdout-custody.json,368,7e99358002fda9455b87b4c576d3213f65d4bc4cad656716f9f812c611d3fcd0
11492830480,preparation311/fresh-source-shallow.kernel.json,1723,48e92cd5092e5f78b3f00eea126faa8d134bbf06a6a5490cb1da0fe245767232
11492830480,preparation311/fresh-source-shallow.launch-intent.json,261,390ed4ab0d903a9243f6d061f9815670c07b61a3037630d3889e1a75288550a9
11492830480,preparation311/fresh-source-shallow.log,6,2ed27c1421e6928dbe13dbfdb5c59e1045b30341fe7ebe05700006bc5ac572c0
11492830480,preparation311/fresh-source-shallow.stdout-custody.json,368,c55889c638f498ed89209db37a61ecdcdda64879e9fe77e68fe982ccdf85e657
11492830480,preparation311/fresh-source-tree.kernel.json,1714,9ef4ca7c82e198ba8c23c5d685429595eb3334933f679c82757ac0a76ca2112c
11492830480,preparation311/fresh-source-tree.launch-intent.json,249,14c8cfff8441316e27e9f571b61d94df3d6a027c60e2249640c1eef9f8968da4
11492830480,preparation311/fresh-source-tree.log,41,b4cd52531318adf3970f61601fe2d152f87c4139091466bff19ef5b61fac7a64
11492830480,preparation311/fresh-source-tree.stdout-custody.json,369,1269f38e6a641fed28ae62e0e2082f9052c26e0ee89a5a7e866793d3c48b41b5
11492830480,preparation311/normal157-records-preparation.json,78961,2b3134a1fa6468b71d7bc5fc97f3c7a84cd94c6ec62e9e9226b8062ed3e70be0
11492830480,preparation311/installed157-closure-preparation.json,1544,0323dfd9a1cc4495232c303e236b30f050793d7d06ae784aabf91826e906b504
11492830480,preparation311/original-required19-input.json,7920,492a3c0de260501776ee235ea5472da373d6c5881a4dfafca05518297fc16579
11492830480,preparation311/original00-fetch-literal.kernel.json,1889,9e9d30c3d95c51b3aac10fe9937ecaf0c96286ba90c58271c6478e448e283d02
11492830480,preparation311/original00-fetch-literal.launch-intent.json,422,2fccd04827ee52da1117a477b096af8eb74d5f5e046593cd700cc9a3436648a7
11492830480,preparation311/original00-fetch-literal.log,158,f9830729486ef31c458edb755c4e909c3dc89d24454cb32264099fbc52d38507
11492830480,preparation311/original00-fetch-literal.stdout-custody.json,370,91f0a15b38f52f7b70d609fac1b58470c00e04314cf942ca3edd9c4e45504ce2
11492830480,preparation311/original00-mirror-raw.kernel.json,1745,89cbfa8b36c85ce3beca7b177fd6ef38a2c1cc9629563ca2f1f73c6638a0693b
11492830480,preparation311/original00-mirror-raw.launch-intent.json,284,592adc1fc844b59b64281554bd3c550e699fb8159d29bfe4779647ae3e48cb4f
11492830480,preparation311/original00-mirror-raw.log,283,8a28a1ca4f7b68c7a2c7d7a709c2e3ec2a13cfaeb8f693461152e681c692dc3e
11492830480,preparation311/original00-mirror-raw.stdout-custody.json,370,dbc084d2932a1312e81e9fee228e93d261198642ea54461092798ba99387b65a
11492830480,preparation311/original00-presence.kernel.json,1756,460781ebe076627ae19caa7a0515a6348ac1bc50c4f77fff5bdaeb1232b10663
11492830480,preparation311/original00-presence.launch-intent.json,291,72ced11d8b3c924ba160d3cddf4b6045aa7d78eb1d7c76504554d5ed1dcf44c0
11492830480,preparation311/original00-presence.log,81,36776fc3c346e3f592ece294875f92532f05ba0ce710b550af828a7d949b4b93
11492830480,preparation311/original00-presence.stdout-custody.json,372,d1e4deaa73dd1084672298b0e4ccd22bb5cd07d2cac0226d3448b9a908955706
11492830480,preparation311/original00-ref-presence.kernel.json,1772,8e08812554709d4cc2d750c651b87877d26d6f41a42a9751cf616e41d1395638
11492830480,preparation311/original00-ref-presence.launch-intent.json,295,8741c053b1a3f4cede38a34d0e71a2bfae7493308892c6da09b0d7ea8df64f16
11492830480,preparation311/original00-ref-presence.log,0,e3b0c44298fc1c149afbf4c8996fb92427ae41e4649b934ca495991b7852b855
11492830480,preparation311/original00-ref-presence.stdout-custody.json,369,79d4a77db329a8cf888cb239faba8f2250071fae4ef1ac0c7aef7ab1597fe90b
11492830480,preparation311/original00-verified-raw.kernel.json,1751,5aae2d1c001b0e104d8c9c86f132576dc16de14c05a769babee020e0b5bda553
11492830480,preparation311/original00-verified-raw.launch-intent.json,286,2bcb1eb298787d3f5c04773ddbefecae0c8345696b3eb319f9f7489b7c88543f
11492830480,preparation311/original00-verified-raw.log,283,8a28a1ca4f7b68c7a2c7d7a709c2e3ec2a13cfaeb8f693461152e681c692dc3e
11492830480,preparation311/original00-verified-raw.stdout-custody.json,370,2dff14dd7d8b3eba773fcc28a56d52f577f2694ecb86518303a0d37907a45911
11492830480,preparation311/original01-fetch-literal.kernel.json,1891,f4b5818fdf439d5be702f58b76a02ab9428f89290545386ca3c9925c504061fd
11492830480,preparation311/original01-fetch-literal.launch-intent.json,422,24f77e9c74ca99795524027dff66f4a62eb5c2def457624f73552636c350c825
11492830480,preparation311/original01-fetch-literal.log,158,c02fb8244291be9d5247db8853dd36ca7216350c08d2cf0e1931ca4af6d9ffdb
11492830480,preparation311/original01-fetch-literal.stdout-custody.json,370,402782e257f71d25cefab6bc6209628bad22d8c327ddba97dfe39f6913d6b92b
11492830480,preparation311/original01-mirror-raw.kernel.json,1761,44795a48b82d75d7ecd7b3181d5688d6ed42711ab63046f26b0c4556ecbb272d
11492830480,preparation311/original01-mirror-raw.launch-intent.json,284,96244273c824c76111c74009f1b2875d7a2a9e320d35d8084c706c1bb8a0fa07
11492830480,preparation311/original01-mirror-raw.log,279,c7586f94fb921cbff1005342f9ff82639728ff13bda947863eb15709d2ab3d02
11492830480,preparation311/original01-mirror-raw.stdout-custody.json,370,f82ec9209e2f5d9a9e292147dd19c8b0d5a9e60dd6588198e6d93ec81c659d9b
11492830480,preparation311/original01-presence.kernel.json,1770,63d867b5d640254924b35e0f9b579b61c66248c1f3329b25f37dcea6b3ad3257
11492830480,preparation311/original01-presence.launch-intent.json,291,a120d239dadf016de1b1c72664c5443f52dddfcb4af5b178e49a489c57abd15d
11492830480,preparation311/original01-presence.log,81,629ad55d73e5334655903b57f209e1b53b308551ff9bd08792f693dfcf399f0c
11492830480,preparation311/original01-presence.stdout-custody.json,372,88d3cbf8656d2ba96d937166d5ae0de740b60042d44082d4e0968b7dee3a22f2
11492830480,preparation311/original01-ref-presence.kernel.json,1772,4b1a5b8a40f0a15678a1edc18c93f8e4097438ec68d31f6ab21d25f9d5275102
11492830480,preparation311/original01-ref-presence.launch-intent.json,295,d424d80ee10336d6b2e18e9589d2f1b2d8215c35d9809825b05852a5fea90cab
11492830480,preparation311/original01-ref-presence.log,0,e3b0c44298fc1c149afbf4c8996fb92427ae41e4649b934ca495991b7852b855
11492830480,preparation311/original01-ref-presence.stdout-custody.json,369,5d702de3122dc2d9b201a4fe04afa424f862b999846280582770ac72bc95e181
11492830480,preparation311/original01-verified-raw.kernel.json,1764,9a0fa96718471b392e09a29b8dbb4db9b347a73e6f3af412956b48edf9bdc8b7
11492830480,preparation311/original01-verified-raw.launch-intent.json,286,b68d55a1c9054c919ee91af514ac3d0b585c2b77a83e09e0c8beb6401b6f3e95
11492830480,preparation311/original01-verified-raw.log,279,c7586f94fb921cbff1005342f9ff82639728ff13bda947863eb15709d2ab3d02
11492830480,preparation311/original01-verified-raw.stdout-custody.json,370,cf9ed6963776919d323bd14a9336473b010d8195b9ce4b4dc8492b67bd9c428d
11492830480,preparation311/original02-fetch-literal.kernel.json,1915,abe97d603620216464b0985dafb41348bfaaf2b3e1d8646fa4a792ecfbcd6542
11492830480,preparation311/original02-fetch-literal.launch-intent.json,422,caa59b836715947cbad4e88e914599f5e7b0ea13e06fe24b10ca2ce726e0377a
11492830480,preparation311/original02-fetch-literal.log,158,ec28f7ab7dc12a7ad889969e4a14a801daf9413b5814897945b5ea5c0a296d4a
11492830480,preparation311/original02-fetch-literal.stdout-custody.json,370,d9136d99fd2280ea1e9daa9fa688cffa62f70c583ee5c92b0181c37a7c5e012a
11492830480,preparation311/original02-mirror-raw.kernel.json,1747,f0ebdf8dbf25dd13a5a1ef3e51988e2715a90e52317ed98c88ec90409ad1dc63
11492830480,preparation311/original02-mirror-raw.launch-intent.json,284,3aae26f7bf41a298f53c1deffd5aaa96acb66ebbec8e4a80ee3615c062756fd6
11492830480,preparation311/original02-mirror-raw.log,280,adbe2cbc2c1d48bb769081fe7ea4a1ba2ddc9c4a31e6433ff7cc835730f82b92
11492830480,preparation311/original02-mirror-raw.stdout-custody.json,370,b6509fab74d7c423c6a1e4ad349e824148a9c4a1440cb1a3be587c861c8e20ea
11492830480,preparation311/original02-presence.kernel.json,1757,79ddf25e47398fa04774964a31b1f2094d2cd977578624b0f4d53f7dffb51dfb
11492830480,preparation311/original02-presence.launch-intent.json,291,b6d2bb83e1c144343fc0df4dcba9f38859877d7a3a0c05f0eb54a5177f9f8728
11492830480,preparation311/original02-presence.log,81,5df0baa01d4365e782b2cc29ee18ed44b325ea246d76ad8f471be418a3dbefbc
11492830480,preparation311/original02-presence.stdout-custody.json,372,074e7e1750f620a7c02bfd83aad92c5541b470e21eb81b95afc2d1f64b53c0de
11492830480,preparation311/original02-ref-presence.kernel.json,1788,6b2513719a170f1b1de3f1e37bc910bfd7cbe0075c46f66f47939b86b83a0a3e
11492830480,preparation311/original02-ref-presence.launch-intent.json,295,ebc5d2602da18c6d81ce3bb6b89b3cf1147570abfa85effb3cf129c8f29c2fad
11492830480,preparation311/original02-ref-presence.log,0,e3b0c44298fc1c149afbf4c8996fb92427ae41e4649b934ca495991b7852b855
11492830480,preparation311/original02-verified-raw.kernel.json,1748,fa5309051936dc08bc5d4e5a522c6fb981a4f1c1ecfb510d56bda3f8e53edb43
11492830480,preparation311/original02-ref-presence.stdout-custody.json,369,b382c7ee41e8ef1e227167ffe8e011e78898dc2061e52d80de7e5f7c8cfc7637
11492830480,preparation311/original02-verified-raw.launch-intent.json,286,4e66db8abec84c5813b8f334f813d94fe0cd8f732d41498b4ea0df5286b44055
11492830480,preparation311/original02-verified-raw.log,280,adbe2cbc2c1d48bb769081fe7ea4a1ba2ddc9c4a31e6433ff7cc835730f82b92
11492830480,preparation311/original02-verified-raw.stdout-custody.json,370,68a0760fd7c8a9fc24298594948f3b3b38926ead3962305302d222134917095e
11492830480,preparation311/original03-fetch-literal.kernel.json,1903,380f1bc9533c665da1652cbc320ba4206c33af8bfdf53c1baf4a25e94677ad34
11492830480,preparation311/original03-fetch-literal.launch-intent.json,422,f7ad15b5864db0e4a0b7e3bd1bee260b119b4602a324b5a1521db3ded3a76466
11492830480,preparation311/original03-fetch-literal.log,158,1eeb3554313f8d9030cf17f3f3ee25e571ab462648aa8c76992b2a5c04d55626
11492830480,preparation311/original03-fetch-literal.stdout-custody.json,370,b6902f594a6a26d579720182c77663c0fd14b63d8f995ebaf0fa16401d64f6bc
11492830480,preparation311/original03-mirror-raw.kernel.json,1748,d7cc13d9c43ee8ddb04462dd211b726816947fc591892af870f929053dc93175
11492830480,preparation311/original03-mirror-raw.launch-intent.json,284,4bd5ec686b89fe4b6281f64d577be1093144b062d59f2578576409dbcf2376b1
11492830480,preparation311/original03-mirror-raw.log,294,57cee62255e8e9f389f76521f0d23c5e3c01c0b1c60b5a4b9635194159982d17
11492830480,preparation311/original03-mirror-raw.stdout-custody.json,370,d109537a85e350da754da8ff16c7bd475dc52c2d4f66197efca846eef22eda1a
11492830480,preparation311/original03-presence.kernel.json,1758,5c3e0971f8351d33820f2e4aec3e449a4f4f79b25621152fd0eb35a91396f06b
11492830480,preparation311/original03-presence.launch-intent.json,291,083cc10a932b3484deba9f057bcd76ff40bbce0db5f72880ce269168fa69b665
11492830480,preparation311/original03-presence.log,81,5d5b6ad2929ac2cc6f326dd731ad433e830c8d51a7d1a36c4603071658b9d5c0
11492830480,preparation311/original03-presence.stdout-custody.json,372,e9ba4272a2d38d092baeba1a8efbd4d24349639cacb849280a2d390ce1fbf1fc
11492830480,preparation311/original03-ref-presence.launch-intent.json,295,b8a00e40858cd2b957adc001ec9c46f96d1e21cd060280312e7fc207bbbd393e
11492830480,preparation311/original03-ref-presence.log,0,e3b0c44298fc1c149afbf4c8996fb92427ae41e4649b934ca495991b7852b855
11492830480,preparation311/original03-ref-presence.kernel.json,1770,1667d492f321f5f89161bef9aa637971d65226e18988e546dc6e5ff1fafd267e
11492830480,preparation311/original03-ref-presence.stdout-custody.json,369,47f3a3b8ba696d7f49e42fc80c3368bd95fe08713c9780f70b99739ec3274883
11492830480,preparation311/original03-verified-raw.kernel.json,1750,2b8d4d7c6d082ef0d918efe85895c204858cd72b3f8f715c6d715914e2ec915e
11492830480,preparation311/original03-verified-raw.launch-intent.json,286,7a86444921d7d8fd0cfc2e905f92b4a85730501f7433931712e88183e01033bd
11492830480,preparation311/original03-verified-raw.log,294,57cee62255e8e9f389f76521f0d23c5e3c01c0b1c60b5a4b9635194159982d17
11492830480,preparation311/original03-verified-raw.stdout-custody.json,370,9db330a4885493260e3b9ae343e254c46f4b58bea364051b105da41f3c62b289
11492830480,preparation311/original04-fetch-literal.kernel.json,1903,59e080ed3c55a94913d4c6ebe5fd5fd537f4262511fa412d522a093f92642910
11492830480,preparation311/original04-fetch-literal.launch-intent.json,422,3af6189f5e7c7bad615d6bc25d034fa4ac22b1b1043fa891037e305458bf3b6f
11492830480,preparation311/original04-fetch-literal.log,158,29b0b3baab7b9747b932b126cfc65337e0ce5b72b71b0eec8454cb82a3836423
11492830480,preparation311/original04-fetch-literal.stdout-custody.json,370,4eded766777317912be4ccf39f0892d21d4f8ac52cca3e7288d7ae8c102c3d08
11492830480,preparation311/original04-mirror-raw.kernel.json,1752,f8f7410f3428c4ab55abb93fd187dd51c7ca29c572d663a96c335dbc3c830a8d
11492830480,preparation311/original04-mirror-raw.launch-intent.json,284,2b713d8047e496d772b4b7226328ed99ec16d8ed86498ea1d5846dc033c81e6f
11492830480,preparation311/original04-mirror-raw.stdout-custody.json,370,3065099bd65c9ca26e8ec818974f5648ec6a8a92e1fc9e8279ed25ff2631ee52
11492830480,preparation311/original04-mirror-raw.log,270,9505ec278915ab2e40de2e0f09bd50b2ffe9964e748fcea6185ca47fc723fd8a
11492830480,preparation311/original04-presence.kernel.json,1762,a4e3355ddf3641e1a8d0462c410c0abe9fd9a537b2dec8cc4d64a8c02a70a132
11492830480,preparation311/original04-presence.launch-intent.json,291,e02d138bd28a7388ae9f11d960ba0ad0193470d7cb1b17804818956d423a284c
11492830480,preparation311/original04-presence.log,81,f5d76af0e6b31c2f8a96749045218657defd7de28db2f55398885b45bc360191
11492830480,preparation311/original04-presence.stdout-custody.json,372,c2de905ec63d29747220269895ba229a5ef3457fda0091a30f1c047962b68cb5
11492830480,preparation311/original04-ref-presence.kernel.json,1759,e1f42cfb5c2af973d849bf590b98509a3ed5eb69f20403eb1a2a239d112250fe
11492830480,preparation311/original04-ref-presence.launch-intent.json,295,ed065c7abeaa8dce148e16804802e5c762c5ab3d888df22d4c61ab339b09ea12
11492830480,preparation311/original04-ref-presence.log,0,e3b0c44298fc1c149afbf4c8996fb92427ae41e4649b934ca495991b7852b855
11492830480,preparation311/original04-ref-presence.stdout-custody.json,369,2ca4960a66c74e4901460fc67728ef63f80149693b4e29ff3fa613c0a24415c4
11492830480,preparation311/original04-verified-raw.kernel.json,1782,82963d0a014f54185ab8a142db1d0cad306b4d03c60b4b81ee0e7b0047b19cbc
11492830480,preparation311/original04-verified-raw.launch-intent.json,286,75c89b1ed3fdefd09ee22c4d8f6b5e5bf443edb7f315cf901c49c1b0ef5f160c
11492830480,preparation311/original04-verified-raw.log,270,9505ec278915ab2e40de2e0f09bd50b2ffe9964e748fcea6185ca47fc723fd8a
11492830480,preparation311/original05-fetch-literal.kernel.json,1890,33b976afc2833c24226ac9532004f09ffdc3e8d14d26800f3e6f0710b01a31a8
11492830480,preparation311/original04-verified-raw.stdout-custody.json,370,76c8a8c1b82051e7596bab60a97aeba65f055fcd224e2ecdcff6b9efc5c0aa6b
11492830480,preparation311/original05-fetch-literal.launch-intent.json,422,ec0a6663608dd95f7cdd068e8778815710a427ce52025a9cbb528cf0006d2814
11492830480,preparation311/original05-fetch-literal.log,158,8699efe2353ad50416b6f8184b26b3db2019f2c81e504783449e50c42a2f8ad8
11492830480,preparation311/original05-fetch-literal.stdout-custody.json,370,b087458147fc2708d4d8f1431144b5837d8aa939e1af8ce32ca7c4ac648f0fa7
11492830480,preparation311/original05-mirror-raw.launch-intent.json,284,34dc7d9807bb9d55aa084a86bb6b572cfd26e05dd8bd8d040223f98db05c49ea
11492830480,preparation311/original05-mirror-raw.kernel.json,1779,e161404a5a848821c4c563374807d2c89e8d08f9b44f02c6cd37c845046c2164
11492830480,preparation311/original05-mirror-raw.log,276,5e272aeb61179527bf2e29c27f2487413fd5ca8f13a71877c0dfff14331578b6
11492830480,preparation311/original05-mirror-raw.stdout-custody.json,370,353e012c3dd3e13ee07d4291f2064792fa5084d1e97c60118eba0a3797521e0f
11492830480,preparation311/original05-presence.kernel.json,1756,c0c249e186de43a7d857d0c86078fcd7143ea12aed2a7aecc56dbf918d5aefde
11492830480,preparation311/original05-presence.launch-intent.json,291,03c029b6cff495e43238720defbf1356bd62d9a66f7c58c6dca21a89083bf058
11492830480,preparation311/original05-presence.log,81,4b3594400028fb75b7619540b0f064c881381ba4ddcc13917fac33bde65dccad
11492830480,preparation311/original05-presence.stdout-custody.json,372,9ce8979ca86f879d8c8707236524c1c8c16dce4c8842575b307b3ca224e858ba
11492830480,preparation311/original05-ref-presence.kernel.json,1763,84673f9d81a954cd180b8878fe864d485791075ec5601a5ecd8fa6a9e9730559
11492830480,preparation311/original05-ref-presence.launch-intent.json,295,9a8e7803286ab55e06f407453f278f3a1b69c6c51c75a983085eb09d73cb8de4
11492830480,preparation311/original05-ref-presence.log,0,e3b0c44298fc1c149afbf4c8996fb92427ae41e4649b934ca495991b7852b855
11492830480,preparation311/original05-ref-presence.stdout-custody.json,369,2c7e0046e30c4d7d075106a1f0506a2f17e6bc03d33a9f83f9b56a162a32a440
11492830480,preparation311/original05-verified-raw.kernel.json,1749,b14fc7fc1db113db3378a3d2203d8414b1182688c2eff43a9e5c434e9f4e3c05
11492830480,preparation311/original05-verified-raw.launch-intent.json,286,d96ff549ca8a4af5ef8e9682ab7d444c50fd4a01402192156f1a1e95b2a9cdab
11492830480,preparation311/original05-verified-raw.log,276,5e272aeb61179527bf2e29c27f2487413fd5ca8f13a71877c0dfff14331578b6
11492830480,preparation311/original05-verified-raw.stdout-custody.json,370,5de0453d3e5c9622b1acadbf1a75187aff02a2525dd63ba87948a6da617caafe
11492830480,preparation311/original06-fetch-literal.kernel.json,1891,69ac0df561c2a67f3eeaf5d0fc70da7f53646549e2fbc874799b3176b325dcec
11492830480,preparation311/original06-fetch-literal.launch-intent.json,422,6131567c2966d1cd7ea57966d3dd0d98d2865e8a1613da9f521ab843e494f63f
11492830480,preparation311/original06-fetch-literal.log,158,c2c55603d8188684b8c5196a6550229674a7ceb1c65c852d5ddc12d5186182dd
11492830480,preparation311/original06-fetch-literal.stdout-custody.json,370,1d61a7dcf6da8735485c083b85fb5cce06265647cd61b81e70753bc618bae141
11492830480,preparation311/original06-mirror-raw.kernel.json,1779,8964ca265f36ed2102a0437e1b49b90ecd91d15d3907c78cf4b06ee9dc7dcc2e
11492830480,preparation311/original06-mirror-raw.launch-intent.json,284,6b9fd67a3cd175b8b5b1e1652a37701875cb86ee998029c488eb2ea94531b905
11492830480,preparation311/original06-mirror-raw.log,285,27957c542c376fe44abfeeaa0b7b0ee0caa56a917ce83e944b6f24141911053d
11492830480,preparation311/original06-mirror-raw.stdout-custody.json,370,0c5c1cd424a4240e1da649b40f4f8e848ec673aecdcdb7b7ec624ae8e318813f
11492830480,preparation311/original06-presence.kernel.json,1757,d84ac28d2e1db411318640fbfd0d8dbe3af3c02c501c34140a5e5f8a4b1f5fb6
11492830480,preparation311/original06-presence.launch-intent.json,291,0d9568653dc26c7077e273d5c143e93a963bc864adc6d29a1763a2e3cbed18ca
11492830480,preparation311/original06-presence.log,81,0c76bd929aec6f3ceeb2aa6e1bcbeaaa3694ac27d035d3f0e040d96563b45b5a
11492830480,preparation311/original06-presence.stdout-custody.json,372,75acd6157ae689ff7fde0e9c14d3a935c1f5673bd34caa2e6cfe475f58356e65
11492830480,preparation311/original06-ref-presence.kernel.json,1758,3a36727c7cc15a1dd7f625c38e47c64bbc56d5dadd6f32591f74160646aee516
11492830480,preparation311/original06-ref-presence.launch-intent.json,295,59c23b3e014ab36b4a6214c95de45c41ea171e75e1b8f6875c28e65caf4fc1ea
11492830480,preparation311/original06-ref-presence.log,0,e3b0c44298fc1c149afbf4c8996fb92427ae41e4649b934ca495991b7852b855
11492830480,preparation311/original06-ref-presence.stdout-custody.json,369,5fac80e9f512f49dc61e0fc30306c914e3fd556991103c738d78c5289a1b41d4
11492830480,preparation311/original06-verified-raw.kernel.json,1750,64e09dd0a962646de7c4e2c7d322dfd906359df222e572819b9c1a54c42a518a
11492830480,preparation311/original06-verified-raw.launch-intent.json,286,daf57ff647fb1efa77b451b97314441cce7b05d9d49afce456a1f14e4b47c9cb
11492830480,preparation311/original06-verified-raw.stdout-custody.json,370,7c79b16645976e523d33c9245fd6851a32a8d8ca3e72163f0cc04dabc13b0fd6
11492830480,preparation311/original06-verified-raw.log,285,27957c542c376fe44abfeeaa0b7b0ee0caa56a917ce83e944b6f24141911053d
11492830480,preparation311/original07-fetch-literal.kernel.json,1887,6eb389199ab0d7c064b125edcf37f1939117d6b5d9a532f2d52ef2c29713a3e2
11492830480,preparation311/original07-fetch-literal.launch-intent.json,419,36cf26706aebd972698398a27ede245c20ef2beaf4aebb1ee093a7b02357a91f
11492830480,preparation311/original07-fetch-literal.log,155,533a156600609430f2b8f5ba7414638b14da921104504cde356001d92df4aaac
11492830480,preparation311/original07-fetch-literal.stdout-custody.json,370,6ab1d70c80e32deed0b67ef377c60e6172e0f21e7df09c8e9392f02818da71cf
11492830480,preparation311/original07-mirror-raw.kernel.json,1779,a3e6164361070001bacee7bebbf89c3a59b443bdf35cc188f46b5f8893649e41
11492830480,preparation311/original07-mirror-raw.launch-intent.json,284,a3efbfd846a6bbf6dcfd534af37c754b99af0a12728b3a0e8cd8e6de328c69c1
11492830480,preparation311/original07-mirror-raw.log,312,b8eab0252074d6b370d7fde578c74ae954755d7c05af5fb1bdefcab594833fb8
11492830480,preparation311/original07-mirror-raw.stdout-custody.json,370,edaf1ca727fcc4fe85a8ccb1e77b9b2b1ee72744b77238a1d670d4a8696633c1
11492830480,preparation311/original07-presence.kernel.json,1762,b86ba8ace42d29398052bcf6005549f5478ff09d61c5c5532e6012d14b51569c
11492830480,preparation311/original07-presence.log,81,b5a2405cc862e1c80afd647315f0421168322ee17a83102d83499bf167fad50b
11492830480,preparation311/original07-ref-presence.kernel.json,1768,6918af33d39f8949b22a1e7d72888c857872ca5877aa3db9f8638e1612dbc586
11492830480,preparation311/original07-presence.stdout-custody.json,372,b7aa36c7e4773e5f8b38dab1f86eb4bb4f939da962c787a119122e6752d4c618
11492830480,preparation311/original07-presence.launch-intent.json,291,b1c4e8dbb5f2ffa486104f03aa2aef78874ec2d8815402e83637c646581a2d02
11492830480,preparation311/original07-ref-presence.launch-intent.json,292,484a9c29556c9ca32a39bbae5e33d8f8101b94d1f7028d5e72d49c0d007ab53a
11492830480,preparation311/original07-ref-presence.log,0,e3b0c44298fc1c149afbf4c8996fb92427ae41e4649b934ca495991b7852b855
11492830480,preparation311/original07-ref-presence.stdout-custody.json,369,b17ea35e81b4471f6294bc6b9c07bf28185e34e536b511dc78597aa476a1122e
11492830480,preparation311/original07-verified-raw.kernel.json,1750,afe33e7891b0425d1bd00bfacbc40f44f17f0ef8e314d6e2ea8fefa5ae6eba0d
11492830480,preparation311/original07-verified-raw.launch-intent.json,286,b8e887c89744a3990b23feca76e13a2373b46427b1f0d278cfbef1c4cf92007d
11492830480,preparation311/original07-verified-raw.log,312,b8eab0252074d6b370d7fde578c74ae954755d7c05af5fb1bdefcab594833fb8
11492830480,preparation311/original07-verified-raw.stdout-custody.json,370,90e677769184b5b8ec497104b2fbd1ae8d07a411a5bf02121721506f33de230e
11492830480,preparation311/original08-fetch-literal.kernel.json,1901,cc26c0db547826f2d7cb3e213dc9ad0dc801e2da526a15b944b5c2f8640c8cb2
11492830480,preparation311/original08-fetch-literal.launch-intent.json,419,60b51244df14c8afc8547ae86ea761dd5fb4768ae97092b069f97c99a06e3a07
11492830480,preparation311/original08-fetch-literal.stdout-custody.json,370,62c67e9446928745ad27d3f0db60b8e849208942541d92498653d15a3c26cfd9
11492830480,preparation311/original08-fetch-literal.log,155,ce338bb69f0541138617b423b0cdaebeeea1cd129ca897d0f5e9696f094f8aa5
11492830480,preparation311/original08-mirror-raw.kernel.json,1762,e98253e04b8718a1d8544e2176ff869d5516e1f4bf726ce506a8223b3db8f968
11492830480,preparation311/original08-mirror-raw.launch-intent.json,284,11880f7c09630d7fc51a3d513c4c8c5470504cf0ef753e36188a620aa947ca26
11492830480,preparation311/original08-mirror-raw.log,312,b4ca41d3094b6094c8a1c052f1bc7e8f47cacf2a36947774874149f8877b5da9
11492830480,preparation311/original08-mirror-raw.stdout-custody.json,370,2689c5aecbc0891df141de7ef1f3222a88bd6fdb5da03233a40191c1ba2506d8
11492830480,preparation311/original08-presence.kernel.json,1758,3690d3d3b33d1bbec993aa44cff7393f74b6aaf0d769ede300a3d2813a55d7e0
11492830480,preparation311/original08-presence.launch-intent.json,291,15634d4794959f40ddb5da340a33fddf94067964f0a73f5388454df804a23fbd
11492830480,preparation311/original08-presence.log,81,7fb078b8e589df88850a49ed116585b1b8861fd88b9e579a6c3026346818b6e9
11492830480,preparation311/original08-ref-presence.kernel.json,1756,7ec6420f3069a83595f66ba2f6b62ec4a01b27eeb6a646955eddfcd7eeef7b62
11492830480,preparation311/original08-presence.stdout-custody.json,372,759eaff18e301b5fe4f38c7a0603c7135a41e316f819122ee053dc3bc52d393f
11492830480,preparation311/original08-ref-presence.launch-intent.json,292,2f5814d2120fa2f0bf448164e9e6599bcb6cf008d0b22398721a8b9fb08263f3
11492830480,preparation311/original08-ref-presence.stdout-custody.json,369,b1b30793ea3b020ffc1d75cadc5b5979dd6e8898325594a4ead921ea6f48b65b
11492830480,preparation311/original08-verified-raw.kernel.json,1763,9ee2cbe6e912df66b4e9424808294898c06fad24ef2367c6f119e6a2e6efa45f
11492830480,preparation311/original08-ref-presence.log,0,e3b0c44298fc1c149afbf4c8996fb92427ae41e4649b934ca495991b7852b855
11492830480,preparation311/original08-verified-raw.launch-intent.json,286,23c7519d8b8b9dd230c07f0ca9f491d4e5b69921d5df5182c6d5c9659309ad0b
11492830480,preparation311/original08-verified-raw.log,312,b4ca41d3094b6094c8a1c052f1bc7e8f47cacf2a36947774874149f8877b5da9
11492830480,preparation311/original08-verified-raw.stdout-custody.json,370,94122b33334d094f749a11d720ed9e61ad2ea9cf29c335e4d5b799266566db40
11492830480,preparation311/original09-fetch-literal.kernel.json,1911,52f4d3c8dfe02e9144c38664b6234a3a4b7cb883d893e6b8afed8e2723ac5938
11492830480,preparation311/original09-fetch-literal.launch-intent.json,419,c114c0ecd53e5750b4f524f5918345095f5b7f636fce94d80dd5fbbc0a73c9ac
11492830480,preparation311/original09-fetch-literal.log,155,0d5bc9dfc55fae5cb780d8e290ea9bc8d658c9f3e3365a33d25a77c34df3b4a8
11492830480,preparation311/original09-fetch-literal.stdout-custody.json,370,67a59ed4bf6a35018920161467174c59e72923f58742c592e7e4c3bfe2a69aaa
11492830480,preparation311/original09-mirror-raw.launch-intent.json,284,255882505003f81b1814f32c904ad41e53393f3bdbc7b6eba3669ec6328d3f94
11492830480,preparation311/original09-mirror-raw.kernel.json,1748,581e01ecf64505b655205ec80e50e66522c6c73e23763c676c4112fd4a6243fe
11492830480,preparation311/original09-mirror-raw.log,346,21af3627bafa4cd811e41ce3d1be0a34cd35b5d284fdf9dbace6c3d0a92b4982
11492830480,preparation311/original09-mirror-raw.stdout-custody.json,370,e9a257bd22f78b57c0ddb1bd3b1a1e4fead3ded39e7738a96b4fb989643b4a75
11492830480,preparation311/original09-presence.launch-intent.json,291,86fb86eba9d825073e9e9cf009c6e5e921cd566fd8e5af0c4e7c8dddbc6774c3
11492830480,preparation311/original09-presence.log,81,62f06cf08af92684aaa28aba86af9e221d5183264a70f5e3d23d00bdd74aa901
11492830480,preparation311/original09-presence.kernel.json,1763,90052663f7341da97b69ea41e41a3b096064f175e37656c55b0c9cfe7eec9f2f
11492830480,preparation311/original09-presence.stdout-custody.json,372,e27c6726e853ffe3b010a0aff91ff1eb97a6a67e4461169dca192b78f13351d8
11492830480,preparation311/original09-ref-presence.kernel.json,1755,666c02f02fccefa7e52c8e1ae7bb556d561c9353d71db8711d23cffac483dade
11492830480,preparation311/original09-ref-presence.launch-intent.json,292,cabd073e49aa63ff72962a7af1c472b19f5732224e7141d16261cd74fd44dcac
11492830480,preparation311/original09-ref-presence.log,0,e3b0c44298fc1c149afbf4c8996fb92427ae41e4649b934ca495991b7852b855
11492830480,preparation311/original09-verified-raw.kernel.json,1763,c646f9fc8bfb6b7afb55b3c82963fa65091dbbf7603f44587d7216a764b0d70b
11492830480,preparation311/original09-ref-presence.stdout-custody.json,369,b76f98553850a1a15cf46c1f8192d0f71f707a6b0914f92e64c29046f6ec1513
11492830480,preparation311/original09-verified-raw.launch-intent.json,286,23202407a39a2bbd8b8c9c208343ceb73b4ff8c128b1fa5adcbd82a0e7fc45cf
11492830480,preparation311/original09-verified-raw.log,346,21af3627bafa4cd811e41ce3d1be0a34cd35b5d284fdf9dbace6c3d0a92b4982
11492830480,preparation311/original09-verified-raw.stdout-custody.json,370,955b3c6fdda547741ce62645146b843421789c050c03951fa50e5712fdf86910
11492830480,preparation311/original10-fetch-literal.kernel.json,1889,9b59323458caedb247360f07c4df4d003b519ba84a15ce61c3b4e372226a9c68
11492830480,preparation311/original10-fetch-literal.launch-intent.json,419,eb8ef7fbd07434647cc4cfdf037ca55e9721bd70bb1551668b8d534a6a2b7108
11492830480,preparation311/original10-fetch-literal.log,155,21b65a60988b9afc71fe327ace14885362519e6ff55bbc9e997904a5864c7961
11492830480,preparation311/original10-fetch-literal.stdout-custody.json,370,e086b257bdc63e91c2bd4a468d0bf0e30ca52e67c43c938bc5cec3a52424705f
11492830480,preparation311/original10-mirror-raw.launch-intent.json,284,fc3fc58a6954f661295b913052aa3e4f519832e527e5e2c807c7a9a9b9b80b4d
11492830480,preparation311/original10-mirror-raw.kernel.json,1761,65c0cce445498a487eb0d6ed3fd49151ffe2821fd34a0d8065af07151b6f0cfe
11492830480,preparation311/original10-mirror-raw.log,329,26eb4eb565d7474ea9293bea429f369e7581924a16fba0786b2561420a7d911a
11492830480,preparation311/original10-mirror-raw.stdout-custody.json,370,faf6d7c7a51c77538da462f6289803d4a979ba1e0175678a6777b6f7a91ecf14
11492830480,preparation311/original10-presence.kernel.json,1757,55c8f0800bcbdbc387034ba2c8c37d962620f68f0956c252b8540eb733e1739f
11492830480,preparation311/original10-presence.launch-intent.json,291,ba8b32fb9defe3309b36bd7300625cd6f906fefdbb863dbf368c2e46a220743c
11492830480,preparation311/original10-presence.log,81,657ab79aa491d4124d3dca7ced223d00e00528947e9dcc6b1acd14b6964bcb10
11492830480,preparation311/original10-presence.stdout-custody.json,372,57db3218260a84494aa6044dd361f8b3e55c5b4e5fdae8fd2c8c800678b78db4
11492830480,preparation311/original10-ref-presence.kernel.json,1755,3c74e8febb6060c2980fbfb1921a73f90526289e7c755eff2a9dee4669db32bd
11492830480,preparation311/original10-ref-presence.launch-intent.json,292,ed18f615bd813cf17a209635d02ec47639f2ff368fb81128a022d0c763f003f4
11492830480,preparation311/original10-ref-presence.log,0,e3b0c44298fc1c149afbf4c8996fb92427ae41e4649b934ca495991b7852b855
11492830480,preparation311/original10-ref-presence.stdout-custody.json,369,fcb6dbdcb840d2f86eba4d304de8bf74992b44c19ca6c26a9b8a13ab14ba313d
11492830480,preparation311/original10-verified-raw.kernel.json,1749,44054b52c06916a3f6d25910515d977c8ad19894ba593babe862248a2e4c578e
11492830480,preparation311/original10-verified-raw.launch-intent.json,286,64e47b760efc299299ea7ad4454a02d59b97de67c9a1b35c839643e7169608f7
11492830480,preparation311/original10-verified-raw.log,329,26eb4eb565d7474ea9293bea429f369e7581924a16fba0786b2561420a7d911a
11492830480,preparation311/original10-verified-raw.stdout-custody.json,370,f6fc5de3bcf362f0e19a54bd4cd2691709afb50537fe71edeab9bc773c9322d8
11492830480,preparation311/original11-bind-fresh-ref.kernel.json,1833,23b2278036ab2382861e9c86e406062bd156004036bda5d26fa9e0b08a72a76f
11492830480,preparation311/original11-bind-fresh-ref.launch-intent.json,364,b00ffa3596aee59592e51e1d2077073911b9447a9c0a20cd2f6bb598c4625350
11492830480,preparation311/original11-bind-fresh-ref.log,0,e3b0c44298fc1c149afbf4c8996fb92427ae41e4649b934ca495991b7852b855
11492830480,preparation311/original11-bind-fresh-ref.stdout-custody.json,368,a3a013c37f29dbf9d45b98fa09884a84a2df1997864094d3a2efcdf30c37a599
11492830480,preparation311/original11-presence.kernel.json,1767,f4bad4537856ebb64b2bc0948180da037648a2d1791e6c04473de350525259ea
11492830480,preparation311/original11-presence.launch-intent.json,291,10196e6eaa2afbcc98eb6adddf30c0443a097005e81dc04c3d2f4de301c8d069
11492830480,preparation311/original11-presence.log,0,e3b0c44298fc1c149afbf4c8996fb92427ae41e4649b934ca495991b7852b855
11492830480,preparation311/original11-presence.stdout-custody.json,368,5da7697ec31e81e456a42f9019eb39212b955061e671543ce6f9d8ebac9fe11e
11492830480,preparation311/original11-ref-presence.kernel.json,1762,9013e790d619a9439a61947d0169d951a25ec0698086ded3e461629fbb0595b5
11492830480,preparation311/original11-ref-presence.launch-intent.json,297,b020f93cb8ce40070dd81806f814fcfd38e21c380d4925cf3ea01db2630b2bfd
11492830480,preparation311/original11-ref-presence.log,0,e3b0c44298fc1c149afbf4c8996fb92427ae41e4649b934ca495991b7852b855
11492830480,preparation311/original11-ref-presence.stdout-custody.json,369,9cfc434410a57300242868ea19b981f7c6cdd27efef48cd912dba9b9c03ea6dc
11492830480,preparation311/original11-verified-raw.kernel.json,1750,8ba77c0ddd44579eff7e48cebc38d52dba1d9ddc2c0bcca04682d94a8893d05f
11492830480,preparation311/original11-verified-raw.launch-intent.json,286,9b75be03084821c8a04ec348b3070139fcaca28d4a04f8ac2e0f1b11cb3d85d0
11492830480,preparation311/original11-verified-raw.log,1195,326ce2a7c72410d47bddf21feca6d5395f67ea872d843889f6481ff7d3a4b0bc
11492830480,preparation311/original11-verified-raw.stdout-custody.json,371,8195fddcdb7715614b21fe22beb66d588b6d2ab2aa60ff477a05c4d0f692cc4a
11492830480,preparation311/original12-fetch-literal.kernel.json,1888,fbadeb9c7227d0a61063d9942c3e2e20be15afcff6bde815d6076b09a4b14b98
11492830480,preparation311/original12-fetch-literal.launch-intent.json,419,3ebba3fde805eb98718d52f43b3b9ea77402c12217e8bd123022715cc52fc70c
11492830480,preparation311/original12-fetch-literal.log,155,7a8c0b0833e8993464115a5aac78360dea9dfd63001d9c3825f1a39c23c8c4ed
11492830480,preparation311/original12-fetch-literal.stdout-custody.json,370,2be302aaf77b8e34e35c6192741e8e01b60280a72be6aa51b54b20d2916e5224
11492830480,preparation311/original12-mirror-raw.launch-intent.json,284,27723ddd8268cc574e49c19d6bc8ce95c2471e3005dbc57ac9f1c2c576b8488f
11492830480,preparation311/original12-mirror-raw.kernel.json,1748,ccf658123575832df01ba5b645635fcc1acfcf81c6e33d5b5f654131952c4850
11492830480,preparation311/original12-mirror-raw.log,553,a4708bf809102097875c77f1b9847ec96556a7eaf9ea3a9ba107f90311a49d8e
11492830480,preparation311/original12-mirror-raw.stdout-custody.json,370,907af4a8112aeda222b964ba14df1147b5fd57248a7bfc91cd1677a2c23d091a
11492830480,preparation311/original12-presence.kernel.json,1769,e83c9c83af992070ab55da1207bff259a151c28837ba26052f508b360684b5e1
11492830480,preparation311/original12-presence.launch-intent.json,291,11de78c14b8d9f2cf03f09e1847ad2d3e5dc642dd4e8027ef7dbb74a4788b699
11492830480,preparation311/original12-presence.log,81,6c4bde355fed1f5f9e274b5e1e8154b635237cd5e1ae4410a5572da073c120e2
11492830480,preparation311/original12-ref-presence.kernel.json,1756,5086f7ec23cad13bfc5a880dbb0129697005950734b336760a88e47bd9834ee7
11492830480,preparation311/original12-presence.stdout-custody.json,372,b8ee8e9496bbe92f774e4a4cf62cc584faf87a31607cd2815d377eab90962970
11492830480,preparation311/original12-ref-presence.launch-intent.json,292,7dc4e36d2fa9c7794d26cef115556beade5f6a79e5193fc245ce81627dded9fe
11492830480,preparation311/original12-ref-presence.log,0,e3b0c44298fc1c149afbf4c8996fb92427ae41e4649b934ca495991b7852b855
11492830480,preparation311/original12-verified-raw.kernel.json,1750,2ae3626d7bb4d2a0b9c8f9ce5e4826c69ebf189ace269e640df16e8aff35e15f
11492830480,preparation311/original12-ref-presence.stdout-custody.json,369,a89c86a2f8a6713e635dad14f434f7cd617492d0d8944039fbef3cda43b7b363
11492830480,preparation311/original12-verified-raw.launch-intent.json,286,7daaf9f8ecda933d0fa604c4bf2d76cc8828fc45cbc67a4c1b5e8182c825ec94
11492830480,preparation311/original12-verified-raw.log,553,a4708bf809102097875c77f1b9847ec96556a7eaf9ea3a9ba107f90311a49d8e
11492830480,preparation311/original12-verified-raw.stdout-custody.json,370,1bc242a1909bdc5fc60543d1eec2de2298ab819b327e5951670e89f92c5f1dc2
11492830480,preparation311/original13-fetch-literal.kernel.json,1899,7861ebda4264ff410e6aa5a4781c6f9a4d1c9d973a86a5fdfb6a65a0441aacdf
11492830480,preparation311/original13-fetch-literal.launch-intent.json,419,be533b6fbbb43f99c978dd6b1f99b14754c83f4f13dac62440b64b27bb7a67c7
11492830480,preparation311/original13-fetch-literal.log,155,e948cba201a7c56f1aa7b3720bd1cfeae36017437757794d3f4f1b9ec10919ae
11492830480,preparation311/original13-fetch-literal.stdout-custody.json,370,3923d83e676fe1be70319b15a32bef9818045591cdd5c9268fc2f6c78add254c
11492830480,preparation311/original13-mirror-raw.kernel.json,1761,a7da3488c632a0d70f77d270db6c510a266b4e81a53b98e479b746763fc8e939
11492830480,preparation311/original13-mirror-raw.launch-intent.json,284,5266e077c6ad342372405056d7c0339e01f4e9f3757597bf358c1c48a48aecc2
11492830480,preparation311/original13-presence.kernel.json,1758,901f460953b67192110979a677007f768a2480f08891353f9f6ab941d72ab5d7
11492830480,preparation311/original13-mirror-raw.stdout-custody.json,370,25aaee0c6c6be1ec66d5d7d48eb205e852a9d8ed7362c7932cc4d0abd2777416
11492830480,preparation311/original13-presence.launch-intent.json,291,a84ed98187c81c375eb0db9c0c8fbfdbbfa3992f1ba9326834023ea376667e84
11492830480,preparation311/original13-mirror-raw.log,484,cfe53b9425a5948af393593d12e8ca937e38ab06ed4d23e0c287a3996488467a
11492830480,preparation311/original13-presence.log,81,814c3c03dd877e2bc90ba817beae5c21e7cd9b00634d297ed5f0513867faf564
11492830480,preparation311/original13-ref-presence.kernel.json,1756,277ad5dd27ba227bcc27b67d73cb3b46f7a39751bacb11ab80323ccb7f27f538
11492830480,preparation311/original13-presence.stdout-custody.json,372,ab316018639d9b287107016df6372194dfe8ca6769d8b7db973640b93df19a0d
11492830480,preparation311/original13-ref-presence.launch-intent.json,292,270478cf1c7bcad6404357ca459b4481cec73dacf8dbda4cf0b5bbc1d849646d
11492830480,preparation311/original13-ref-presence.log,0,e3b0c44298fc1c149afbf4c8996fb92427ae41e4649b934ca495991b7852b855
11492830480,preparation311/original13-ref-presence.stdout-custody.json,369,8f4fa495983da27a3d36aa18709cfe5e3877ea88d8d41c459eb7177368ba369c
11492830480,preparation311/original13-verified-raw.kernel.json,1762,c1f909665dbc62c1f6fdb12175a1590663a17a6f51988254ac7050aa2a8fe7d5
11492830480,preparation311/original13-verified-raw.launch-intent.json,286,2d303517ba17541d699f88a741e8b9b2589b9e0a30036b2b3e41ed412de69c62
11492830480,preparation311/original13-verified-raw.log,484,cfe53b9425a5948af393593d12e8ca937e38ab06ed4d23e0c287a3996488467a
11492830480,preparation311/original13-verified-raw.stdout-custody.json,370,d0630c63cee002c8a2fa64549fcb43f3897ef4fb1f960c40d02b2ffddd42f32e
11492830480,preparation311/original14-fetch-literal.kernel.json,1888,cb664a63dd142900fa052b47807d30799fd36883b8cfb3363af575178bcf36ff
11492830480,preparation311/original14-fetch-literal.launch-intent.json,419,4050b65f96f1efb9e36f6520a495c7c5fb4fd053cfe93658f79ff7307dde9637
11492830480,preparation311/original14-fetch-literal.log,155,1cd6664d0c9c349c96306c8765a2932362fb5199c7a02ed6f41d12fbffc745f4
11492830480,preparation311/original14-fetch-literal.stdout-custody.json,370,6cd66f1b8169f82b91713fb22f8e467d6f38b3c3ecc8f58a5437a58387f20797
11492830480,preparation311/original14-mirror-raw.launch-intent.json,284,37ad4696bb78268c5aa3b25bb5eab231da01fba1c2d9972c26cceaf7a2728912
11492830480,preparation311/original14-mirror-raw.log,308,06b984f079ff3aca06e32620329e81dc8c66f214daf9094243191c93a98d9c31
11492830480,preparation311/original14-mirror-raw.kernel.json,1749,4b8a3e314d44455e35b36a1334ad37a718ac6262dd72598d99a3099255e53f7a
11492830480,preparation311/original14-mirror-raw.stdout-custody.json,370,02caefd51b32cbb85d55ec11562634d51f1d8cba10ee6cd274961f66e7d009f9
11492830480,preparation311/original14-presence.launch-intent.json,291,6a4d29b69f245882551f8b55f3f3135317f6971d898505f550d26646f0f5fc35
11492830480,preparation311/original14-presence.kernel.json,1757,c81d262be9529644376d4d31d716ebcdedcadfcb36b756413cf35dc9450496bd
11492830480,preparation311/original14-presence.log,81,abfd4ef31b749ac344585e11fd005c27555f421dd8e3f26e36c0a5b54a0e93c0
11492830480,preparation311/original14-presence.stdout-custody.json,372,2f2d73f2f0e2386cfab2935f62e5449f02bbb49d0c0dc9f36aae57580be3ecd3
11492830480,preparation311/original14-ref-presence.kernel.json,1760,47d11cc1d1e3cfe9f1c3fbef0b9edc02167ddfd385860a44c1894860d5c0e618
11492830480,preparation311/original14-ref-presence.launch-intent.json,292,954fe77621da1e6f98eab3b04c6ea8b0037f07564f680680f7a68c9abead53fe
11492830480,preparation311/original14-ref-presence.log,0,e3b0c44298fc1c149afbf4c8996fb92427ae41e4649b934ca495991b7852b855
11492830480,preparation311/original14-ref-presence.stdout-custody.json,369,5fec61eda827427045eb1341cc8e539273789bca2caca648bf4ad3d5ee57a041
11492830480,preparation311/original14-verified-raw.kernel.json,1749,adeea70b7d9f3853dbafd04dbb716b0a5c9756cbe09ff996f4b23dd52b4cb15b
11492830480,preparation311/original14-verified-raw.launch-intent.json,286,4fe8e6b744fe9cc2f20cc2cc6da1a044f1b606c60264ba9f27aa73a7c62c3778
11492830480,preparation311/original14-verified-raw.log,308,06b984f079ff3aca06e32620329e81dc8c66f214daf9094243191c93a98d9c31
11492830480,preparation311/original14-verified-raw.stdout-custody.json,370,594832c887bc0a46b6b40b0c0e459d1156fab620851f87c1d970be276d70c9ad
11492830480,preparation311/original15-fetch-literal.kernel.json,1900,01f53feb3b27497a4bf18b6336c8b6703155a3264abe0b7e2a00a72a8ffdf6e6
11492830480,preparation311/original15-fetch-literal.launch-intent.json,419,2ada44bc2dd558bbf5336edd7c6e9a5390711c7c671b82033b74ff231ea4278c
11492830480,preparation311/original15-fetch-literal.log,155,a433e9e2db223456061e4aa118ed0168d95d83cd9f70b4c9ec1cbdb4282419c3
11492830480,preparation311/original15-fetch-literal.stdout-custody.json,370,a1b14170b2c05605b8b19b0f46c78584c483a88d9867b3deac94ae17c0c1c30e
11492830480,preparation311/original15-mirror-raw.kernel.json,1779,e856ac41c79e94e31f48aac75cfd8ab8ae6fe1f0b9a7de8a004e23299f2bb619
11492830480,preparation311/original15-mirror-raw.launch-intent.json,284,304aeff3ee8a777a62fb445c15160805ce90d992220b0e724f05aa6a52af488b
11492830480,preparation311/original15-mirror-raw.log,317,de30544c8f42e0bb0cd9ec8018df6684b136890a5fbe774cf006c162c882b523
11492830480,preparation311/original15-mirror-raw.stdout-custody.json,370,4d1d22fc5adfeacaef3e7192c8462e7b23411224e98e777ff9e057ab21e52c7c
11492830480,preparation311/original15-presence.kernel.json,1770,d6df75d7b6021a1fb23475d83d78f7c4b65a654c84c42629495572b237a2529e
11492830480,preparation311/original15-presence.launch-intent.json,291,8cdc3a0128e98e020828239f0c6c5dae31c4c87df457be2c0c32d987871fa127
11492830480,preparation311/original15-presence.log,81,65555c56a819ca198c898a99f9218351e9fcfb6f88ded06c7b2313b5dcb620a9
11492830480,preparation311/original15-presence.stdout-custody.json,372,127145a564d88f250760e4dc5dc196f0f46dbe157e58f35d043eb9f2240b9039
11492830480,preparation311/original15-ref-presence.kernel.json,1768,cbec99afae13fc5339858e36f59f8be1f0e05d3dee694e5292f1f3ef6140d094
11492830480,preparation311/original15-ref-presence.log,0,e3b0c44298fc1c149afbf4c8996fb92427ae41e4649b934ca495991b7852b855
11492830480,preparation311/original15-ref-presence.launch-intent.json,292,839f55e073d4cb6b024ebdd2ce7696906a420beec4f0533aa64505e7d72446f5
11492830480,preparation311/original15-ref-presence.stdout-custody.json,369,7f3a9672f90bb97d61f1345d3eae7bc53d2d466a95e91a6219da89d62e121d63
11492830480,preparation311/original15-verified-raw.kernel.json,1762,6308cbdac00b836a2285957cacabe7ecf6dfc5346450defb298a9f6ebf337a52
11492830480,preparation311/original15-verified-raw.log,317,de30544c8f42e0bb0cd9ec8018df6684b136890a5fbe774cf006c162c882b523
11492830480,preparation311/original15-verified-raw.stdout-custody.json,370,8546c6b2ca0d4437e91c874e088c6d0829758fc8d7bb4806c8c46f3426bd1ad6
11492830480,preparation311/original15-verified-raw.launch-intent.json,286,eb954304f643c1d2d80b7f764dbe33ca16f583926296090a83478460dce68f08
11492830480,preparation311/original16-fetch-literal.kernel.json,1888,79b0708713e5d7734f7b8699dff2542aa962dd3d27c5a25b2b64dc08ff027c53
11492830480,preparation311/original16-fetch-literal.launch-intent.json,419,d362c30f49127bbabfa9e4ffd3bfa426a41a41c85d49c2b88f1d9c82428bb840
11492830480,preparation311/original16-fetch-literal.log,155,ce4e10587cdb92c625c255815352e5fc8a9e63e8401e4d74970ac62e3e4e9fbb
11492830480,preparation311/original16-fetch-literal.stdout-custody.json,370,67dc3e672ef39c82b30b4417ba16fe47304e28c9d3b2a7c1b678114d0e1477ad
11492830480,preparation311/original16-mirror-raw.kernel.json,1747,4d724ac7d1eff3f154f05b117db99cd1dc2ffd4256ff4078f5064da87412d48b
11492830480,preparation311/original16-mirror-raw.launch-intent.json,284,5b61ad0d3255e6f4b4bc9f7345267cffaf7c9e8d57ce2c760b07cc83936d6942
11492830480,preparation311/original16-mirror-raw.log,744,c195a51b7928cc109de2ac556f7129de8bfc5e595143214c1097267d82d9a8c8
11492830480,preparation311/original16-mirror-raw.stdout-custody.json,370,e6ece4659d10e2b3f22055ccf587717acf06428b19007d6436238b033fc9b2ee
11492830480,preparation311/original16-presence.kernel.json,1758,0ccb859b66cf274b6b51aae5cfc190942de1c2ce93887094f00b3cc2ad0bb1cf
11492830480,preparation311/original16-presence.launch-intent.json,291,5f24347cac0fc0b1d6523532b8ddc965e86e14ab0f59b5007650aa509b9e200d
11492830480,preparation311/original16-presence.stdout-custody.json,372,54c2ba5de14eec3ea9a8db488777162f8ed8662cf42e52ab69c1af18d560b7dd
11492830480,preparation311/original16-ref-presence.kernel.json,1769,1980591b1d5f07d06ef6eeac945d79db0d22455f57313d6453585f9e93f9ed10
11492830480,preparation311/original16-presence.log,81,22dbb4f577d838d4d440fa5629d61d37b9a1daf983eb576233c2a2704a72fafd
11492830480,preparation311/original16-ref-presence.launch-intent.json,292,7bca289f648b391994769be1bc10ddc0e007dadad92cc65dc2c21fb1fc81e3a8
11492830480,preparation311/original16-ref-presence.log,0,e3b0c44298fc1c149afbf4c8996fb92427ae41e4649b934ca495991b7852b855
11492830480,preparation311/original16-ref-presence.stdout-custody.json,369,7c6fde05cd996916f5aaa51a996f881c139bccaf6eae0736fefe69287af5e1a1
11492830480,preparation311/original16-verified-raw.kernel.json,1763,a43339a3a05bce8f53a0588c47f0411b4f3fcd42032e002cf72a69b9adcc85e1
11492830480,preparation311/original16-verified-raw.launch-intent.json,286,e3d00dfe31a178da6a0ee730513e6536290a920f10079a05a3bbee39292f97a4
11492830480,preparation311/original16-verified-raw.log,744,c195a51b7928cc109de2ac556f7129de8bfc5e595143214c1097267d82d9a8c8
11492830480,preparation311/original16-verified-raw.stdout-custody.json,370,24efcfb12beb8e6abb9be3bcb399e55098b8f336eb7449d04b5be31d700c0fa0
11492830480,preparation311/original17-fetch-literal.kernel.json,1888,28192b43c155f999012ac29fd54dc265baa8d6df543efc05cb1d1f25d1239c53
11492830480,preparation311/original17-fetch-literal.launch-intent.json,419,b6415b73b81c331e5cc24ab046acfd4a3376a79bea49b41a2c30c054ec0bba19
11492830480,preparation311/original17-fetch-literal.log,155,c825bd1391001b69ac1639843b17354bd34873929d7025dea5c8244dbbab1d6d
11492830480,preparation311/original17-fetch-literal.stdout-custody.json,370,e585a18594b3aef0ec166405f04993282a5473a619ed44f920b6999b560c4cd6
11492830480,preparation311/original17-mirror-raw.kernel.json,1779,24416c05a426e1d38aa89a117b1e3d8dda291064bac51451cb0a7fd5fd20fda7
11492830480,preparation311/original17-mirror-raw.launch-intent.json,284,1620bf4cae95d40468758f97d24baf64f7a0ec2109ae23d24aaf4b97598c27e4
11492830480,preparation311/original17-mirror-raw.log,275,aaf4c85f5eb22e716a60ba1b2bb390aae15431860cf31c08ad31fb0c461dafd2
11492830480,preparation311/original17-mirror-raw.stdout-custody.json,370,0c830585b9f0c2b10f3d1037bd044d8e56fe5818cfd7b39803fb4df187f31c7f
11492830480,preparation311/original17-presence.kernel.json,1756,a24fee31b8dd9b04501b9820572b8832265f4c37ca55ce92fab0eae60b9ee77d
11492830480,preparation311/original17-presence.launch-intent.json,291,2e6df9d46ff9420f8ad12fc2647c7cdebfd4544682ebd36f4acae6c0c292b195
11492830480,preparation311/original17-presence.log,81,64eb3e2887bbd7be10ddd5a696f2fa9814dc4206c1deb1e42f62519a1c89fb1f
11492830480,preparation311/original17-presence.stdout-custody.json,372,e167596a899388f92b62dca8157f3e0fb4ed0f13074f0af3e7f7148c3e64a8e3
11492830480,preparation311/original17-ref-presence.kernel.json,1757,99dc40d86cc3c1ea0ceb82683f22ebbc53dad7ba3359ab988d2cbeb18ccccdb3
11492830480,preparation311/original17-ref-presence.log,0,e3b0c44298fc1c149afbf4c8996fb92427ae41e4649b934ca495991b7852b855
11492830480,preparation311/original17-ref-presence.stdout-custody.json,369,35f954e0ed4f783b13ece922d755c61befa6e4d76039e45169a033ec95cd2d49
11492830480,preparation311/original17-verified-raw.kernel.json,1750,d6e3f761c91a0c1d0147d37781df30201dc2a0af1c384f78d6b01fa7e6983a60
11492830480,preparation311/original17-ref-presence.launch-intent.json,292,53610e83d81d11bf3a0d049ffcc40a2a8a13d122c3b6d9962de1ce61603b406c
11492830480,preparation311/original17-verified-raw.launch-intent.json,286,c1e0865d655a6a537aeded2679a450e818a7789c226f52200d2b7921b9204a59
11492830480,preparation311/original17-verified-raw.stdout-custody.json,370,1e91c33a66d9dfb4fed79430124d1db15ecb96c49c5cc6fc2124efa53c2149d1
11492830480,preparation311/original17-verified-raw.log,275,aaf4c85f5eb22e716a60ba1b2bb390aae15431860cf31c08ad31fb0c461dafd2
11492830480,preparation311/original18-fetch-literal.kernel.json,1898,e8e04164ec51bc5f6c6fd5444238811d8a68f264051854574803d7d1799a7f20
11492830480,preparation311/original18-fetch-literal.launch-intent.json,419,f433db1af7eaa9d9ac5ec5fc60018aae12b8533ee5e9c04cce3aaed8b11ef033
11492830480,preparation311/original18-fetch-literal.log,155,5b690da57b0465bbd3c72dff3f820a7bb57dc355abee1231d727c7db1bf945e3
11492830480,preparation311/original18-fetch-literal.stdout-custody.json,370,6b358f3341c1f1faecb088ff70bf52c0a30913274d1ade8b91514f05813946f5
11492830480,preparation311/original18-mirror-raw.kernel.json,1762,6db7882252e59653dac276e7c06255ec379d1577ea5a0a3cd65f162f7cf12364
11492830480,preparation311/original18-mirror-raw.launch-intent.json,284,766a25f2f21b8c2002c663756f500caab6b733520139adec80bf16332b528a3a
11492830480,preparation311/original18-mirror-raw.log,279,ef0f22a950e34a2a196f9b98cb523d5d2a884ac137cd0045a6746bbde752e3d2
11492830480,preparation311/original18-mirror-raw.stdout-custody.json,370,29c30258901baecf6bf6d2a0b1eb328ec6fae7c8dae77f0e062b5eb99c808dd2
11492830480,preparation311/original18-presence.kernel.json,1756,faf0ee6c8634242b27d9b4df36b8761c2233af8e93ca7b6f91101da32037041e
11492830480,preparation311/original18-presence.launch-intent.json,291,5e4f8ef4a40c259f55019840c4ae438387550112a0ea0448ce4b858a6d362ab3
11492830480,preparation311/original18-presence.log,81,0988fcbcaa2d11724bf7c78b1da91652cd6f06ac46828fc285a56d9c8a4de1ea
11492830480,preparation311/original18-presence.stdout-custody.json,372,f77e84754e7786d7bbf29861101b4ad6c5ec9cc217e63eb98970e148d608f73a
11492830480,preparation311/original18-ref-presence.kernel.json,1756,21c138d0a21f48b3bed22968b8eff3ac17299700ab3d11009bc76adc33cb8391
11492830480,preparation311/original18-ref-presence.launch-intent.json,292,8a0b6a2cc3a64f6951623ab64891399f63b3b62b5225b0b1b2c448523686a3ee
11492830480,preparation311/original18-ref-presence.log,0,e3b0c44298fc1c149afbf4c8996fb92427ae41e4649b934ca495991b7852b855
11492830480,preparation311/original18-ref-presence.stdout-custody.json,369,e47ff8966eb90e1a1e8430f9360c13c53a42936e3354f80e31be95961e8a3244
11492830480,preparation311/original18-verified-raw.kernel.json,1761,66d161e063af3bf5898e8c7c933a8d95af12fa532303ee90af75c6013d2de5eb
11492830480,preparation311/original18-verified-raw.launch-intent.json,286,14f115afbcdd9999fee7efefbbf75a5e56157e3709d5dd30a85276bdceeeef55
11492830480,preparation311/original18-verified-raw.log,279,ef0f22a950e34a2a196f9b98cb523d5d2a884ac137cd0045a6746bbde752e3d2
11492830480,preparation311/original18-verified-raw.stdout-custody.json,370,9181eeda20df30675996a8f98b08755cada0f90ea35a1d01e95b9fc1abf261cf
11492830480,preparation311/preflight-input.json,809,18958712eac9db32170f01cf1d52e25b1182d811921116cd2e1548fc6150174d
11492830480,preparation311/prepared-native-binding.NOT-AUTHORIZED.json,1559,5e1e09f834266dcec9b0451f218d05f470faa4579b6476aba4dcdd8897fc138a
11492830480,preparation311/preparation-source-receipt.json,1577,840a287f8c1b7bdb3a0cd4bcd7bd32afd261ace71f524f4505ddfe0e0d34d919
11492830480,preparation311/scope-inventory-preparation.json,8661258,57357941a4d308c3d559ed8f3b775f07b11f8c41cfe00b77082a820979ff03a0
11492830480,preparation311/selected-epoch-original-preflight.kernel.json,1861,d49780196cfb9bfbd6a602e381d363ad096a285f63231b68381764135154270f
11492830480,preparation311/selected-epoch-original-preflight.launch-intent.json,387,14fa9fdaf19fde59b98dd507a439a3c129fdefb990cde01acb4edcfdad78c4f4
11492830480,preparation311/selected-epoch-original-preflight.log,187,96a234c0e20f77463cdc547f061dc8a0f5db4f958ca8de367367b77262b3c238
11492830480,preparation311/selected-epoch-original-preflight.stdout-custody.json,370,689c032cf28985d5d4a27f05ba4cbcf499c731ff99de8ef59a8774e58f213944
11492830480,preparation311/set-canonical-origin.kernel.json,1766,18191ce98284df11b11201eb258aa0c581c5e08386c8dbf20700bb5d820d004e
11492830480,preparation311/set-canonical-origin.launch-intent.json,303,c478e6c1115e7f07536c9553df89e2dea00d134d5d8d5752cda789ebc1235ce0
11492830480,preparation311/set-canonical-origin.log,0,e3b0c44298fc1c149afbf4c8996fb92427ae41e4649b934ca495991b7852b855
11492830480,preparation311/set-canonical-origin.stdout-custody.json,368,945cf6f4c0c8836b04d4a4195e153dedcf86f7bd8c5302cb0c908abb77938708
11492830480,preparation311/source-preflight-after.index.json,2947166,b0ac57b7baceb2950910dad18fc055fa5c968101d1922e49cdea1f26c8bd70c8
11492830480,preparation311/transport-final-commit.kernel.json,1747,c43ce9f8d1b1c1c7bb00fdf04c45f655a77bfa6676658660d3e094c0a50a29d0
11492830480,preparation311/source-preflight-before.index.json,2947166,367bec1382a6548f9be00de2bbfa42872aba2b0748f8ec6035ccad0c911c2d9c
11492830480,preparation311/transport-final-commit.launch-intent.json,284,847fbf549d90e3e0dc4415114781d5f029f6241da6cc242a48e56fff36ae0ca9
11492830480,preparation311/transport-final-commit.log,979,ca9f0fd8451699b2b6e241604eeae265de021b03286a7628f4f210a4028bd450
11492830480,preparation311/transport-fullness.kernel.json,1736,cab53284f79388a48357d19cde77158b0f05f27367573f2cbcea20a0274cdbe1
11492830480,preparation311/transport-fullness.log,6,2ed27c1421e6928dbe13dbfdb5c59e1045b30341fe7ebe05700006bc5ac572c0
11492830480,preparation311/transport-fullness.launch-intent.json,259,2e79cb706628cc8a1b3188edd1ce6f97f50b6b0aff4662fe1a5e4812f1d3f124
11492830480,preparation311/transport-final-commit.stdout-custody.json,370,f5676d19bfa3aee8548fdebfe4bdd2ca82bfa4d6fbcca4717d67ad7ed949e0ad
11492830480,preparation311/transport-fullness.stdout-custody.json,368,c41477c09792699025726a3e6c3066f2fced3e8fc238ba078ee6649716c3dd12
11492830480,preparation312/detach-final-Source.launch-intent.json,288,9499ce016bfea1b068ae4fd1ec784143d2bc7897d4a22c6bfbcd1429a828d6cf
11492830480,preparation312/detach-final-Source.kernel.json,1767,d7eb7bb01a6f3468633ca6c91b9b2e191a6fd6287cf0fe6379ddf64d35adcf18
11492830480,preparation312/detach-final-Source.log,103,83fdad83631bf36f3cca9383b894fc147eb7dbf9d607b99f9aca85361c2521f0
11492830480,preparation312/detach-final-Source.stdout-custody.json,370,f6a084323fe99b243a80b9a8327717f1bc355090df511bf24b01048eb244f218
11492830480,preparation312/fresh-GitHub-final-source-preparation-authority.json,846,2735b1f18ce0b6910a7d99eb5da6ac63303f4443008b42fdcf3096ecb815abb8
11492830480,preparation312/fresh-clone.kernel.json,1787,4bceaa2aa84b6eff736876bdc42c34ca78d56b6358b13083e25e5503ccc608b3
11492830480,preparation312/fresh-clone.launch-intent.json,322,9977269c6b30e4eb33c7ce9ba212271e537c7b5cd8e740266dc377b3b0b4ec46
11492830480,preparation312/fresh-clone.log,68,bcf90110bc0a99ccf9ea4366c248f061ed02a907390233e9875cb2e673e8f6ee
11492830480,preparation312/fresh-clone.stdout-custody.json,369,128fc809c0de058a5b958625c86599362ad909c056a64430e1c9bf6c9758685b
11492830480,preparation312/fresh-source-clean.kernel.json,1747,1ad0263fffee78082da2cba827ee10e074d6bff990f96fbd981ac8da2b14e5e8
11492830480,preparation312/fresh-source-clean.launch-intent.json,269,de35cf8b43b0634f2b76f7ac994b8180871f48be808b3144e49ecb2557af566b
11492830480,preparation312/fresh-source-clean.log,0,e3b0c44298fc1c149afbf4c8996fb92427ae41e4649b934ca495991b7852b855
11492830480,preparation312/fresh-source-clean.stdout-custody.json,368,78539e4806302d3f174f0836661d6aacc4ce30355e31e22c00cc8f7aedde10bf
11492830480,preparation312/fresh-source-shallow.kernel.json,1756,fed14d14211dfee1a31273f3fc40c94440024b165c35bb83dfe5863dfa3ecbd8
11492830480,preparation312/fresh-source-shallow.launch-intent.json,261,f6b6bd8b0dd571a26c1456e6b6d2bfdae3a907d5ad05dbf7b20fc130274be9c7
11492830480,preparation312/fresh-source-shallow.log,6,2ed27c1421e6928dbe13dbfdb5c59e1045b30341fe7ebe05700006bc5ac572c0
11492830480,preparation312/fresh-source-shallow.stdout-custody.json,368,23df82b74b01739cfa08184b8458a687bbef1d15fe7b1c4f37ee464b4e0bb8b3
11492830480,preparation312/fresh-source-tree.kernel.json,1713,406ee2068fe589a8b4a0fa897fe52fba41ffa3b9980204b053b7d4fa8a65c76a
11492830480,preparation312/fresh-source-tree.launch-intent.json,249,ac10d7bd93d820aea967a91fcd00043b052dcb3d16dd419e24169f5e981d63c8
11492830480,preparation312/fresh-source-tree.stdout-custody.json,369,de0d73437637535f7718e723b3f401326963a7a093563dab23b13ddf3124ec9d
11492830480,preparation312/fresh-source-tree.log,41,b4cd52531318adf3970f61601fe2d152f87c4139091466bff19ef5b61fac7a64
11492830480,preparation312/normal157-records-preparation.json,78961,f038d1002cd75e3ef5cd6c72004118770dffb93bd44c85125070f7e7dcb04dd4
11492830480,preparation312/installed157-closure-preparation.json,1544,7c13203059bb8805164cd6eeea53e8242359bb6f1b223ef8c78bd91c34e409d0
11492830480,preparation312/original-required19-input.json,7920,492a3c0de260501776ee235ea5472da373d6c5881a4dfafca05518297fc16579
11492830480,preparation312/original00-fetch-literal.kernel.json,1899,c3fdd26fb531bace07480638b585e0e93b3c1ffd84c7ce7a8a14eb18ef05b7af
11492830480,preparation312/original00-fetch-literal.log,158,f9830729486ef31c458edb755c4e909c3dc89d24454cb32264099fbc52d38507
11492830480,preparation312/original00-fetch-literal.launch-intent.json,422,db98d2b4b5cb335baf35df61456e187a91977e9b73cbcf475679cb6a375295d1
11492830480,preparation312/original00-fetch-literal.stdout-custody.json,370,5684568e0ead3c8ed76bd859725549526eadf8d166c74cde416c5bbc4dc5300a
11492830480,preparation312/original00-mirror-raw.kernel.json,1780,bc25566e1beafd9ed45ca2e0020ce2fe3ceb20fb465dd607474e242a5c848a49
11492830480,preparation312/original00-mirror-raw.launch-intent.json,284,592adc1fc844b59b64281554bd3c550e699fb8159d29bfe4779647ae3e48cb4f
11492830480,preparation312/original00-mirror-raw.log,283,8a28a1ca4f7b68c7a2c7d7a709c2e3ec2a13cfaeb8f693461152e681c692dc3e
11492830480,preparation312/original00-mirror-raw.stdout-custody.json,370,2bac1e6e7aba00eb34babdc3262542d55357c5ad7d4dd07856149808d95afd90
11492830480,preparation312/original00-presence.kernel.json,1762,e5189de382050dae2eabb3b9cd5e92e9c2e8a22d8fa44118231640dc9380eaa8
11492830480,preparation312/original00-presence.log,81,36776fc3c346e3f592ece294875f92532f05ba0ce710b550af828a7d949b4b93
11492830480,preparation312/original00-presence.launch-intent.json,291,f96e0a0b1e7ae1a7d4790fe4108b2e7bdc0c69c0092837bc85ec527e30564128
11492830480,preparation312/original00-presence.stdout-custody.json,372,3fd94fb81ab0fd19c19d6e1207c612680af5e6372669e20201d6e996145c9716
11492830480,preparation312/original00-ref-presence.kernel.json,1772,6a809264cd6621a228c51cd7482b168eb3716ad72bb4699ee1e36780f9e5da57
11492830480,preparation312/original00-ref-presence.launch-intent.json,295,6e6ded8691cc4aee8446d042f4eae64b156e7b19d2647db2bc83be7626105923
11492830480,preparation312/original00-ref-presence.log,0,e3b0c44298fc1c149afbf4c8996fb92427ae41e4649b934ca495991b7852b855
11492830480,preparation312/original00-ref-presence.stdout-custody.json,369,d5ffb79d862513dc1609eb3241b48b379c80ddfe91b5c375b42d8712f66077ed
11492830480,preparation312/original00-verified-raw.kernel.json,1751,b389d28b1cb02d480ef637f002f9f35ceafc1a5d7d34e73e31e19f9a30c5264f
11492830480,preparation312/original00-verified-raw.launch-intent.json,286,a5d05d9dc903b085e81d71eb0bd22b4abed607a891a8351989c2ff0b7405e0dd
11492830480,preparation312/original00-verified-raw.log,283,8a28a1ca4f7b68c7a2c7d7a709c2e3ec2a13cfaeb8f693461152e681c692dc3e
11492830480,preparation312/original00-verified-raw.stdout-custody.json,370,ee16d5473bd6e08c983e0df4cd0268e6bf3c398cbf19c3b12987ae7a3e81e509
11492830480,preparation312/original01-fetch-literal.kernel.json,1891,f83faf35405840f5946b87cdacbe38ec5520bb3c3f53d656c3c8563ae35594a1
11492830480,preparation312/original01-fetch-literal.launch-intent.json,422,09c58adc1ec6bffaa2c2c553cebacf66a1646ed0b84db751bd2aac00f37d14af
11492830480,preparation312/original01-fetch-literal.log,158,c02fb8244291be9d5247db8853dd36ca7216350c08d2cf0e1931ca4af6d9ffdb
11492830480,preparation312/original01-fetch-literal.stdout-custody.json,370,2932f89c538983a13afcc63d003cbaaeda3f8793e880275bb23f02ee88c19864
11492830480,preparation312/original01-mirror-raw.launch-intent.json,284,96244273c824c76111c74009f1b2875d7a2a9e320d35d8084c706c1bb8a0fa07
11492830480,preparation312/original01-mirror-raw.log,279,c7586f94fb921cbff1005342f9ff82639728ff13bda947863eb15709d2ab3d02
11492830480,preparation312/original01-mirror-raw.kernel.json,1778,b9849b8766bb2a7ef28f2cc1d55f50c95d52abaf1d0bee04639d79f2dc707d33
11492830480,preparation312/original01-mirror-raw.stdout-custody.json,370,a20c27e3c980ba30d6b20b07e3fa028ca746f31022d345fb29acfb65fcff3259
11492830480,preparation312/original01-presence.kernel.json,1769,71eb538b5bf1e1271f8d603d620873057ab9ecc683fcc3e0b47d78eb0a1ce940
11492830480,preparation312/original01-presence.launch-intent.json,291,0f86c7fea7bcf772e79427ce9d2d1ad4e89c7c612cd472fb50404d690cbf4e83
11492830480,preparation312/original01-presence.log,81,629ad55d73e5334655903b57f209e1b53b308551ff9bd08792f693dfcf399f0c
11492830480,preparation312/original01-presence.stdout-custody.json,372,76ff90cc29988ab772a6c26f78e56a52a2a5ab18ea038af7c76cf4ebc1a86489
11492830480,preparation312/original01-ref-presence.launch-intent.json,295,6ea0e951735feafcb1f439efb57de6c5522918d653c84f31f842cc89cfdf72f4
11492830480,preparation312/original01-ref-presence.log,0,e3b0c44298fc1c149afbf4c8996fb92427ae41e4649b934ca495991b7852b855
11492830480,preparation312/original01-ref-presence.kernel.json,1758,d612fd093e094da6bd199fa461af98bd136d3fd28417b496b58fca73c689d4ac
11492830480,preparation312/original01-ref-presence.stdout-custody.json,369,30d45e295b0e11aa1a80af3f6f9c36427e7402920f6c3112a3a0729a201cdcc2
11492830480,preparation312/original01-verified-raw.kernel.json,1756,6685597eaf51d9000bc1a1f9d3c8df4786ccc04555e6f5d283a67ff64cf8d5ac
11492830480,preparation312/original01-verified-raw.log,279,c7586f94fb921cbff1005342f9ff82639728ff13bda947863eb15709d2ab3d02
11492830480,preparation312/original01-verified-raw.launch-intent.json,286,afcdd445ff76aee9ac7bbc962e3c368df1570d6c03ce6f32b79d67d2148e4d71
11492830480,preparation312/original01-verified-raw.stdout-custody.json,370,12c094d975a46c4538ae305de20dbb8066fdf39ded1ecff0135cb43c3194dc2e
11492830480,preparation312/original02-fetch-literal.kernel.json,1915,535790d9f347953b57b571fe908392b3a434b49e355f1e40664559239561fea3
11492830480,preparation312/original02-fetch-literal.launch-intent.json,422,afb680802ee43667920479f13355a2a963aba0e6512e84d807144e961b9b020f
11492830480,preparation312/original02-fetch-literal.log,158,ec28f7ab7dc12a7ad889969e4a14a801daf9413b5814897945b5ea5c0a296d4a
11492830480,preparation312/original02-fetch-literal.stdout-custody.json,370,a95d739231ebde64fda5ee51747cad13609566ec4956f14defd2243b17695d3c
11492830480,preparation312/original02-mirror-raw.kernel.json,1751,34264bb874d5ea33dabce9823fac4cf6eae0dbab420b6eda0aef524706859ce5
11492830480,preparation312/original02-mirror-raw.launch-intent.json,284,3aae26f7bf41a298f53c1deffd5aaa96acb66ebbec8e4a80ee3615c062756fd6
11492830480,preparation312/original02-mirror-raw.log,280,adbe2cbc2c1d48bb769081fe7ea4a1ba2ddc9c4a31e6433ff7cc835730f82b92
11492830480,preparation312/original02-mirror-raw.stdout-custody.json,370,cf2fd32950b69362516696e1d053008a6e161eeede103bbc875674efa48d43c9
11492830480,preparation312/original02-presence.launch-intent.json,291,77404376db3fb49c2ce38e2fa2c10d51f6bbe503e26038b3cfd39d48a86a4d24
11492830480,preparation312/original02-presence.kernel.json,1758,8dc6838163c5f44ddb1eb23b1e4b0d38ea4d2f11e96b25218924fb2931f963ce
11492830480,preparation312/original02-presence.log,81,5df0baa01d4365e782b2cc29ee18ed44b325ea246d76ad8f471be418a3dbefbc
11492830480,preparation312/original02-presence.stdout-custody.json,372,b7a273737ab9609b47153bd663ea5e141021051ae20e3a504606c6e518205111
11492830480,preparation312/original02-ref-presence.kernel.json,1758,3a1493cb2706d1ff7212140539cd802bc7c1df16caf1158c0396440789dabc52
11492830480,preparation312/original02-ref-presence.launch-intent.json,295,a4949758c2b514b8ce078f8ae448047ea010d033ce73d492c9ebcf20f1eac057
11492830480,preparation312/original02-ref-presence.log,0,e3b0c44298fc1c149afbf4c8996fb92427ae41e4649b934ca495991b7852b855
11492830480,preparation312/original02-ref-presence.stdout-custody.json,369,1e6af8c1dab6d7b946613ba5022ca4c1d41827965c895e7074ba3eddc2c02550
11492830480,preparation312/original02-verified-raw.kernel.json,1755,dc2800cee86c74ad232bd3e97e8495e95b0bd73b1f444187babbb84743704b17
11492830480,preparation312/original02-verified-raw.launch-intent.json,286,6c1f99d561e1398b35bc85aa53c22ed613039ce34935e590e11fcd10d3c56f7b
11492830480,preparation312/original02-verified-raw.log,280,adbe2cbc2c1d48bb769081fe7ea4a1ba2ddc9c4a31e6433ff7cc835730f82b92
11492830480,preparation312/original02-verified-raw.stdout-custody.json,370,5f1f152f7cfb071667759791ad95cccbcd0d89bceb39009f039ae8660ecd0c74
11492830480,preparation312/original03-fetch-literal.kernel.json,1903,4be39eded919790308173195be0282a818fa909f023a3a919dee91116d9dc55a
11492830480,preparation312/original03-fetch-literal.launch-intent.json,422,15d8ee7b1ebb9ea8d41bc1d37facdbed4cf8cf16fd794863098cc3ce5254fee9
11492830480,preparation312/original03-fetch-literal.log,158,1eeb3554313f8d9030cf17f3f3ee25e571ab462648aa8c76992b2a5c04d55626
11492830480,preparation312/original03-fetch-literal.stdout-custody.json,370,c624763cc53b33f141f46a164db1478e96b1d3712f7a03dba09e216e549df503
11492830480,preparation312/original03-mirror-raw.kernel.json,1747,d2996480342f2e7c50b646fbb88bf913edf05f22a6a772b83e8a1862eda183c9
11492830480,preparation312/original03-mirror-raw.log,294,57cee62255e8e9f389f76521f0d23c5e3c01c0b1c60b5a4b9635194159982d17
11492830480,preparation312/original03-mirror-raw.launch-intent.json,284,4bd5ec686b89fe4b6281f64d577be1093144b062d59f2578576409dbcf2376b1
11492830480,preparation312/original03-mirror-raw.stdout-custody.json,370,9b60b5e856c93538acf442e07c6c385f2a80a280741fedae9e3a44a60e32c46d
11492830480,preparation312/original03-presence.launch-intent.json,291,c469944cfcba1601720b2748272e124b7cfb751651b34297a74e5ea004f1e1f3
11492830480,preparation312/original03-presence.kernel.json,1756,ca554c727f82e02484a9ef01b2fe84e77d0f858047fb632b2760966a029eb3e8
11492830480,preparation312/original03-presence.log,81,5d5b6ad2929ac2cc6f326dd731ad433e830c8d51a7d1a36c4603071658b9d5c0
11492830480,preparation312/original03-presence.stdout-custody.json,372,5aba81246ccfa4776ee03de219b0e7fe36514305a4db2bb38e20c82ebe528e0c
11492830480,preparation312/original03-ref-presence.launch-intent.json,295,1a9e0d75b889d42fa001a96ee1e98db4a19994480d1ee36a3ceb31953a9c7a56
11492830480,preparation312/original03-ref-presence.kernel.json,1760,749026eb060a1581b7ec05397ef7c97eed85eaa9e4eaf6fa61607e49f87cd763
11492830480,preparation312/original03-ref-presence.log,0,e3b0c44298fc1c149afbf4c8996fb92427ae41e4649b934ca495991b7852b855
11492830480,preparation312/original03-ref-presence.stdout-custody.json,369,eb7e754d4305dcf36394bbbd30deab8c5bc888d687a25bb0697d063c6cd118de
11492830480,preparation312/original03-verified-raw.launch-intent.json,286,431f0f7a4e88cc4f691cfabb2d17a1a6e30a422e320ff8d67c4d33760737ef49
11492830480,preparation312/original03-verified-raw.kernel.json,1782,bd3cecf411508b20f43df8e1d988d1984e239a3902ee23ae6a5d77459de20e47
11492830480,preparation312/original03-verified-raw.log,294,57cee62255e8e9f389f76521f0d23c5e3c01c0b1c60b5a4b9635194159982d17
11492830480,preparation312/original03-verified-raw.stdout-custody.json,370,4e27c0028c5e1882741bd98df10512492bf1a65e9fea2817ae005ceac9b49189
11492830480,preparation312/original04-fetch-literal.kernel.json,1887,181e39d3b1a38ccadf0ce92c4bb7e625aa5afce3a6fa4aa3f8c44c0749b81f27
11492830480,preparation312/original04-fetch-literal.log,158,29b0b3baab7b9747b932b126cfc65337e0ce5b72b71b0eec8454cb82a3836423
11492830480,preparation312/original04-fetch-literal.launch-intent.json,422,1b5d6d521d62509fb2a42fe76f012741cd87f299fe48b7c154286cf6db0525b6
11492830480,preparation312/original04-fetch-literal.stdout-custody.json,370,6c26cc2484aa62d4f5cc6782803d557413ac1bd6a030b5b9743480ccda2d43ea
11492830480,preparation312/original04-mirror-raw.kernel.json,1748,a4d572252ad8a176ba920d1098e244b143e96e390b4575f70b917706dcc5b9d5
11492830480,preparation312/original04-mirror-raw.launch-intent.json,284,2b713d8047e496d772b4b7226328ed99ec16d8ed86498ea1d5846dc033c81e6f
11492830480,preparation312/original04-mirror-raw.log,270,9505ec278915ab2e40de2e0f09bd50b2ffe9964e748fcea6185ca47fc723fd8a
11492830480,preparation312/original04-mirror-raw.stdout-custody.json,370,4a3aa591b992428fea924935e1afc1088eb9bbbeb84b23a33dc8a0ac878c273d
11492830480,preparation312/original04-presence.kernel.json,1757,0ecc8a4cfa40e8d745cd1c7d6fe57b0eb8abd396871d57e25c3a7157cdba6c13
11492830480,preparation312/original04-presence.log,81,f5d76af0e6b31c2f8a96749045218657defd7de28db2f55398885b45bc360191
11492830480,preparation312/original04-presence.launch-intent.json,291,f6ee656742730e529e9148747f6d68abd5c3340e1125e36b9d80d6d6c83348d6
11492830480,preparation312/original04-presence.stdout-custody.json,372,d8948d0cce894a310afdfb3e1115092ebbc98e6f4c5e4607a1da1ef67c6f2f50
11492830480,preparation312/original04-ref-presence.kernel.json,1772,f338e75974f8e6250abe386028e138b202231cce79b389f103fd5eeeaa0033fc
11492830480,preparation312/original04-ref-presence.launch-intent.json,295,a900549f871ab8c40faad454dcd2bb7cbc0357b46302f0686792c024676a846b
11492830480,preparation312/original04-ref-presence.log,0,e3b0c44298fc1c149afbf4c8996fb92427ae41e4649b934ca495991b7852b855
11492830480,preparation312/original04-ref-presence.stdout-custody.json,369,b750eace700be48ec59a3cf6bd20a7254f49c43a2dff595f16fe099de3758852
11492830480,preparation312/original04-verified-raw.launch-intent.json,286,5f864a0309146e88e673650c19c3cf4bcf3feb7967a0dce360b6fe20ed14b04d
11492830480,preparation312/original04-verified-raw.log,270,9505ec278915ab2e40de2e0f09bd50b2ffe9964e748fcea6185ca47fc723fd8a
11492830480,preparation312/original04-verified-raw.kernel.json,1750,5d9a5322c5f2f1d7ef9d569ff7053dc500aadf22958307684e0af74f8b00f544
11492830480,preparation312/original04-verified-raw.stdout-custody.json,370,0431a136d79f0aee1f8ca4178920f2c23f80f8979a9963456c3db585c79e9583
11492830480,preparation312/original05-fetch-literal.kernel.json,1890,69b97df7ded85408137bae95770448bbe3035827e46243cda9d13d7f7930ea61
11492830480,preparation312/original05-fetch-literal.launch-intent.json,422,693d2b336badf16764c2d6f8ea2f104b53950844295dc7955d6856e0302d8492
11492830480,preparation312/original05-fetch-literal.log,158,8699efe2353ad50416b6f8184b26b3db2019f2c81e504783449e50c42a2f8ad8
11492830480,preparation312/original05-fetch-literal.stdout-custody.json,370,a952b222f73cc391fe3ff6e5bed5c39ecb4b7011f4a098d979d0f735f0ffbf15
11492830480,preparation312/original05-mirror-raw.kernel.json,1749,74d973faf9ba4b2d12bf40902c3743542ed5d9b050a4e8c5ec8074f1fcd8aae4
11492830480,preparation312/original05-mirror-raw.launch-intent.json,284,34dc7d9807bb9d55aa084a86bb6b572cfd26e05dd8bd8d040223f98db05c49ea
11492830480,preparation312/original05-mirror-raw.log,276,5e272aeb61179527bf2e29c27f2487413fd5ca8f13a71877c0dfff14331578b6
11492830480,preparation312/original05-mirror-raw.stdout-custody.json,370,6cc4d3bbd91aec31f6a9f52b4a5a9e4fa25a3f83f3a6fa2f98c6ce0a12063059
11492830480,preparation312/original05-presence.kernel.json,1763,317b71e86c4148d4728aa3ea08b1a2af42ee328fff1559d986925788c8e8c3e2
11492830480,preparation312/original05-presence.launch-intent.json,291,a0bb1aaa15285e54fbb8a9b79987cf625fa51cd952729c37f5beef2def9dc3e1
11492830480,preparation312/original05-presence.log,81,4b3594400028fb75b7619540b0f064c881381ba4ddcc13917fac33bde65dccad
11492830480,preparation312/original05-ref-presence.kernel.json,1759,087d2d0969240c338ddbe1560facd5a722ecb33585d09470690dd604b1bcd9a6
11492830480,preparation312/original05-presence.stdout-custody.json,372,19bdc0478160b5f82e6869e7bd37fddd941cc701e044989d2c588a5798211134
11492830480,preparation312/original05-ref-presence.launch-intent.json,295,1700fd0f9c71cbc51463de2b2c9b332c694647bf2b635f1feba8195f9edcb341
11492830480,preparation312/original05-ref-presence.log,0,e3b0c44298fc1c149afbf4c8996fb92427ae41e4649b934ca495991b7852b855
11492830480,preparation312/original05-ref-presence.stdout-custody.json,369,8956b4b77f715abf46206296d26e43d785d4a3067cc5fb83e06bd58365595acf
11492830480,preparation312/original05-verified-raw.kernel.json,1750,3dc556478cd27493eb239bb6579d25c7bba320f3e3f10dc29f0df6080920ce81
11492830480,preparation312/original05-verified-raw.launch-intent.json,286,ff4146285ee9ded93559c0d2b442c54f690b2a658055b0bee49dac23cf1e40c7
11492830480,preparation312/original05-verified-raw.log,276,5e272aeb61179527bf2e29c27f2487413fd5ca8f13a71877c0dfff14331578b6
11492830480,preparation312/original05-verified-raw.stdout-custody.json,370,0cbdc039bdb31fe01c0dcc29dbf6d4f59d58efbe0b6d9a35926ab137058dde08
11492830480,preparation312/original06-fetch-literal.kernel.json,1901,e634b2884ef42232a0457debc01ddb62c1290f928a3eca8ff470dbf2ba18c4c7
11492830480,preparation312/original06-fetch-literal.log,158,c2c55603d8188684b8c5196a6550229674a7ceb1c65c852d5ddc12d5186182dd
11492830480,preparation312/original06-fetch-literal.launch-intent.json,422,be522f983c4c0e28046bcadfc790ef9188a0f00d579b9279db72e3cb068029e8
11492830480,preparation312/original06-fetch-literal.stdout-custody.json,370,b30feb98a9b1ace68aa2520fbf6e5028d51746c02e46dfa96ea60205a3a08b29
11492830480,preparation312/original06-mirror-raw.kernel.json,1753,0f9a0eaf17b9fbdf472a1ead6047a289475aa48e4f68a0682da27e91d851d347
11492830480,preparation312/original06-mirror-raw.launch-intent.json,284,6b9fd67a3cd175b8b5b1e1652a37701875cb86ee998029c488eb2ea94531b905
11492830480,preparation312/original06-mirror-raw.log,285,27957c542c376fe44abfeeaa0b7b0ee0caa56a917ce83e944b6f24141911053d
11492830480,preparation312/original06-mirror-raw.stdout-custody.json,370,2cb4b9a977ce5ccda4ddc1dfcbad4eb6cbd6f9e67ad78258ef1088ab8bb0fc7c
11492830480,preparation312/original06-presence.kernel.json,1760,b82ffed25742ebe5ed629203a4cdf1d4bb65163c4ec79f4f158c2998d8ffd510
11492830480,preparation312/original06-presence.log,81,0c76bd929aec6f3ceeb2aa6e1bcbeaaa3694ac27d035d3f0e040d96563b45b5a
11492830480,preparation312/original06-presence.launch-intent.json,291,a928617a1186b27d315907f11696d934da6fc539c6531de9c8ff595bfc07f5f8
11492830480,preparation312/original06-presence.stdout-custody.json,372,55311a7be3d4b45808e3942c0e4a1be6d9550d74be1de7ce0834badec767b013
11492830480,preparation312/original06-ref-presence.kernel.json,1772,c530b9d30acbaa70d79ee165946711fc6d745ac92f1858912622df7c8ab779c2
11492830480,preparation312/original06-ref-presence.launch-intent.json,295,251ae193dd1460a86b0c560d599e74e9357535979e78f6f458e6c3ae9edaadd5
11492830480,preparation312/original06-ref-presence.log,0,e3b0c44298fc1c149afbf4c8996fb92427ae41e4649b934ca495991b7852b855
11492830480,preparation312/original06-ref-presence.stdout-custody.json,369,e875ce558570e82ce9492b30df4f4042013d885c8cf358a3755b1689b65a3be7
11492830480,preparation312/original06-verified-raw.kernel.json,1749,93a5c61bf52750be505a9676684d1042dceb8177466d1be3125f7b0031d3bc8a
11492830480,preparation312/original06-verified-raw.launch-intent.json,286,0ea830771109c96ff5c924e42ba8c52bc6fe773f8c6fb089b644a9398caed2df
11492830480,preparation312/original06-verified-raw.log,285,27957c542c376fe44abfeeaa0b7b0ee0caa56a917ce83e944b6f24141911053d
11492830480,preparation312/original06-verified-raw.stdout-custody.json,370,f330fe3f24706e4cfe87c6f6e53c705c477373bbe61036821c0abfd9c3bd7792
11492830480,preparation312/original07-fetch-literal.launch-intent.json,419,e39a4828412d08a65f80ac8907d8937eee23c7e45e8b6ece0c14b69847d3c6f1
11492830480,preparation312/original07-fetch-literal.log,155,533a156600609430f2b8f5ba7414638b14da921104504cde356001d92df4aaac
11492830480,preparation312/original07-fetch-literal.kernel.json,1901,3bb3233d40cbdae3c5608dffe046053d18e4648f8f36169d6c8122daaf236dad
11492830480,preparation312/original07-fetch-literal.stdout-custody.json,370,a815be4fead763975704a457223f6c3dae55d9638bdab1a8aae00f08f7c9e35d
11492830480,preparation312/original07-mirror-raw.launch-intent.json,284,a3efbfd846a6bbf6dcfd534af37c754b99af0a12728b3a0e8cd8e6de328c69c1
11492830480,preparation312/original07-mirror-raw.log,312,b8eab0252074d6b370d7fde578c74ae954755d7c05af5fb1bdefcab594833fb8
11492830480,preparation312/original07-mirror-raw.kernel.json,1748,8e438102e2140bcafa508f818374391f0a6f48ebebbb0ef02d68057ed3ec8974
11492830480,preparation312/original07-mirror-raw.stdout-custody.json,370,7865c5211a58a670fb6349d66c0e5a2f1be235faa49f4ac473f9c0ed0182dc62
11492830480,preparation312/original07-presence.kernel.json,1763,fe408a1606854b258bbbbd593252f7061286376c10ffedbe1270e3c31d48c6b0
11492830480,preparation312/original07-presence.launch-intent.json,291,428f3e2b1f4590ecf84213ae6dbc8fcf4b2bb0cd4069ab94d8bc5a2a9c3d3599
11492830480,preparation312/original07-presence.log,81,b5a2405cc862e1c80afd647315f0421168322ee17a83102d83499bf167fad50b
11492830480,preparation312/original07-ref-presence.kernel.json,1770,504e16ff60b13628b25fab4fc7fb2450b4b09f831e43d99e6fdc03202e11985e
11492830480,preparation312/original07-presence.stdout-custody.json,372,37e2e03290d97182b18cccc911e2a6b9d3c02eee7efe01a43beff66f085ec536
11492830480,preparation312/original07-ref-presence.launch-intent.json,292,e6c76a564cfe555bb497f97a087c71722eb034544ec27c23baab88d4aacd64af
11492830480,preparation312/original07-ref-presence.log,0,e3b0c44298fc1c149afbf4c8996fb92427ae41e4649b934ca495991b7852b855
11492830480,preparation312/original07-verified-raw.kernel.json,1782,b424d81ec712f7eeb6e2a94b6195552f360d58c12f9738e7d20cc357b479a5ca
11492830480,preparation312/original07-ref-presence.stdout-custody.json,369,46f89305a6a995329407cd06180d0c18da55ea6943d141a8a0598721b9d0fb8d
11492830480,preparation312/original07-verified-raw.launch-intent.json,286,d64defa71ab8a2a649e7641fae2b35b3f780e406338499f2beee559b0e967fbf
11492830480,preparation312/original07-verified-raw.log,312,b8eab0252074d6b370d7fde578c74ae954755d7c05af5fb1bdefcab594833fb8
11492830480,preparation312/original07-verified-raw.stdout-custody.json,370,5459b02dfa7fe1f212b1e22f8ff51c9dc50b2fbe9bbcfbfa21125ce03db276e3
11492830480,preparation312/original08-fetch-literal.kernel.json,1887,d02eb0c2515b0c31a09aa40c364829713b2aedce302f868782e70124a534d390
11492830480,preparation312/original08-fetch-literal.launch-intent.json,419,215c8c9a0f117600ad319684bda2ea55d3f4b401679491908f8f2d48e5e6e172
11492830480,preparation312/original08-fetch-literal.log,155,ce338bb69f0541138617b423b0cdaebeeea1cd129ca897d0f5e9696f094f8aa5
11492830480,preparation312/original08-fetch-literal.stdout-custody.json,370,b0ca3aaa5c16eef4bacd4fdbb9e266bdf6302d4da036950b5e02433122893c5a
11492830480,preparation312/original08-mirror-raw.kernel.json,1747,74baf0732bc0664b101ce17ee5942898cef3c89a5be4f1991673f8fb064ac8c2
11492830480,preparation312/original08-mirror-raw.launch-intent.json,284,11880f7c09630d7fc51a3d513c4c8c5470504cf0ef753e36188a620aa947ca26
11492830480,preparation312/original08-mirror-raw.log,312,b4ca41d3094b6094c8a1c052f1bc7e8f47cacf2a36947774874149f8877b5da9
11492830480,preparation312/original08-mirror-raw.stdout-custody.json,370,397ad8c62a309091c186c43ab4bd96e5f71ae0b5a475cdc6e9a73eebe32f6900
11492830480,preparation312/original08-presence.kernel.json,1771,a8a484adc8ff954ac4dc460f0dd18a2b70e53e53fb997843cd6d5f9292fd54a8
11492830480,preparation312/original08-presence.launch-intent.json,291,1efe894b06486fdacecdc9d322d60ffc0c4e4445e33138544888191f93dc4c06
11492830480,preparation312/original08-presence.log,81,7fb078b8e589df88850a49ed116585b1b8861fd88b9e579a6c3026346818b6e9
11492830480,preparation312/original08-presence.stdout-custody.json,372,9aef34ffb33f941ae9e816e2be3463c961b6631330ed8b8d08374dd3312a986d
11492830480,preparation312/original08-ref-presence.kernel.json,1756,98dca733c481b47b16664516df37dbc799259e3510acbf44966ffb6526f99352
11492830480,preparation312/original08-ref-presence.launch-intent.json,292,6c2c5a65bb9d39002b7316c8609539d6845f09ed866369b9fd6c79fbd6e62307
11492830480,preparation312/original08-ref-presence.log,0,e3b0c44298fc1c149afbf4c8996fb92427ae41e4649b934ca495991b7852b855
11492830480,preparation312/original08-ref-presence.stdout-custody.json,369,7cfdb4569e2e5a77b17941c200280300a58ac5096d75b8943e46d3b80434fbc8
11492830480,preparation312/original08-verified-raw.kernel.json,1763,eb94fd097c374351f245f384c9deac4f55a1863f2d1f9a2e0bb07b6213c47e9f
11492830480,preparation312/original08-verified-raw.launch-intent.json,286,5c2e0851588fbf2a8c27450b7437dad5170f772c8c0199d999cd2bab07e5a357
11492830480,preparation312/original08-verified-raw.log,312,b4ca41d3094b6094c8a1c052f1bc7e8f47cacf2a36947774874149f8877b5da9
11492830480,preparation312/original08-verified-raw.stdout-custody.json,370,34ffab8b79aedf52ad746ad6cd22f815c24a2426b80faa50e5a69a1f936a65cd
11492830480,preparation312/original09-fetch-literal.kernel.json,1886,ea562978efe3fbd323c56f2ae2a57d401bdf160d51e05a4b55a616fd9b3b3b56
11492830480,preparation312/original09-fetch-literal.launch-intent.json,419,22348772424c488a63fc44e8a1ad4994dd58003d14f0af3cc966cb570dd4b66f
11492830480,preparation312/original09-fetch-literal.stdout-custody.json,370,0ec9c10f4a4118a06c97f4b17b8826d7de02539bef5b6055587f22062c745272
11492830480,preparation312/original09-fetch-literal.log,155,0d5bc9dfc55fae5cb780d8e290ea9bc8d658c9f3e3365a33d25a77c34df3b4a8
11492830480,preparation312/original09-mirror-raw.kernel.json,1749,993c6f36797b028e2219bc05e45fe21ca60457ce64731b439545c4e8c54c0389
11492830480,preparation312/original09-mirror-raw.launch-intent.json,284,255882505003f81b1814f32c904ad41e53393f3bdbc7b6eba3669ec6328d3f94
11492830480,preparation312/original09-mirror-raw.stdout-custody.json,370,3118af573864f5dda61ef7e479b265f43e16fc38d9d0300b7fd4718025af02e2
11492830480,preparation312/original09-mirror-raw.log,346,21af3627bafa4cd811e41ce3d1be0a34cd35b5d284fdf9dbace6c3d0a92b4982
11492830480,preparation312/original09-presence.kernel.json,1757,5e86ec06a03d769b8c3c5a53dea0f017ad874653c97865117815bf6628b652b1
11492830480,preparation312/original09-presence.launch-intent.json,291,501724545cf9046b182832babb179c028d13a1fd290c7b84e37d2bd2f2f3779c
11492830480,preparation312/original09-presence.log,81,62f06cf08af92684aaa28aba86af9e221d5183264a70f5e3d23d00bdd74aa901
11492830480,preparation312/original09-presence.stdout-custody.json,372,25ceeb0865d31668246dd7e913197b1df6d7e2c406c77daaf78506ee9b010ce0
11492830480,preparation312/original09-ref-presence.kernel.json,1769,2459ddcef2945e74dd8a1e86deffb28084b6721b278df9ce9eb033cc3a7cee6e
11492830480,preparation312/original09-ref-presence.launch-intent.json,292,f31ed36c2b47426041342ac22713e869838351e3e1cf6924bb189af4873b85c6
11492830480,preparation312/original09-ref-presence.log,0,e3b0c44298fc1c149afbf4c8996fb92427ae41e4649b934ca495991b7852b855
11492830480,preparation312/original09-ref-presence.stdout-custody.json,369,c964238eb29758902498b65148ba3708e39f4ebf4d79626d6631a6d822118677
11492830480,preparation312/original09-verified-raw.kernel.json,1750,b093ebde1d08e4d950981257477d108b14e1c0c991fc8cb1d68c9c383807d069
11492830480,preparation312/original09-verified-raw.launch-intent.json,286,667b17db2b0acc1389d373d1ac5209a48c83a32039a8a98fbab9d6cd43c652d3
11492830480,preparation312/original09-verified-raw.stdout-custody.json,370,12140847b6b063a9dd0010dd2048df97ab8c4a5b724913548a011ed9be2810d4
11492830480,preparation312/original09-verified-raw.log,346,21af3627bafa4cd811e41ce3d1be0a34cd35b5d284fdf9dbace6c3d0a92b4982
11492830480,preparation312/original10-fetch-literal.kernel.json,1911,965a6b1c0220214e9e450b73854191b35820fc28391f665d0706cbfc81218235
11492830480,preparation312/original10-fetch-literal.launch-intent.json,419,d7725dfdadcd3a21d4afa2b24a286c5707761de332e22345d6dcc173c9998f7f
11492830480,preparation312/original10-fetch-literal.log,155,21b65a60988b9afc71fe327ace14885362519e6ff55bbc9e997904a5864c7961
11492830480,preparation312/original10-mirror-raw.kernel.json,1748,d03dae96b57187aa10495bb05b945dc92a4e5f186fadf95fd1192a9fb0fdf35e
11492830480,preparation312/original10-fetch-literal.stdout-custody.json,370,d89629e8d19f4b5921000226901f4516a76578bb60c8905a7d93e691c03202d3
11492830480,preparation312/original10-mirror-raw.launch-intent.json,284,fc3fc58a6954f661295b913052aa3e4f519832e527e5e2c807c7a9a9b9b80b4d
11492830480,preparation312/original10-mirror-raw.log,329,26eb4eb565d7474ea9293bea429f369e7581924a16fba0786b2561420a7d911a
11492830480,preparation312/original10-mirror-raw.stdout-custody.json,370,eaa325d39eb3cb5e985788b62bec2915f235f9dc8c98faa9336da1397cf2f8d2
11492830480,preparation312/original10-presence.kernel.json,1767,be3677e88003c58804c834369c45d0c145d0948cfaf9c0d2aa9a8ac5ecc12264
11492830480,preparation312/original10-presence.launch-intent.json,291,a70e827abb586aa184b2099eb8f9ce5675ca1d446a33bc8dcbe7bd4f344b869e
11492830480,preparation312/original10-presence.log,81,657ab79aa491d4124d3dca7ced223d00e00528947e9dcc6b1acd14b6964bcb10
11492830480,preparation312/original10-presence.stdout-custody.json,372,4fd8c85bbdbeee68dcf7758557f8f5d57d9cc85413d121f264ce639e4134e736
11492830480,preparation312/original10-ref-presence.kernel.json,1769,077dd3eeba276111baea454b1485a4f35b6762aee295152c5e2885fb09332c69
11492830480,preparation312/original10-ref-presence.log,0,e3b0c44298fc1c149afbf4c8996fb92427ae41e4649b934ca495991b7852b855
11492830480,preparation312/original10-ref-presence.launch-intent.json,292,3a0fb5cfe6962fa0d86ffc6fbfaa328b49e58dfbb436e123052c30c495d474c0
11492830480,preparation312/original10-ref-presence.stdout-custody.json,369,c1d0a5ee329ca5cbcd4d3b3af6c6557ac15a103ac2b79b55d09b4ca0ff6ef824
11492830480,preparation312/original10-verified-raw.kernel.json,1755,8f048ecb56f13768eb1c130f65a186acf6a22a33b00de3eddbabf48f66fb53c0
11492830480,preparation312/original10-verified-raw.launch-intent.json,286,8dd1a98a682bf35a64366191996a33a0a05f17cd89bab29d7385d6a87908b1f6
11492830480,preparation312/original10-verified-raw.log,329,26eb4eb565d7474ea9293bea429f369e7581924a16fba0786b2561420a7d911a
11492830480,preparation312/original10-verified-raw.stdout-custody.json,370,dec3601c39e7aea261b64fe29d1ab67fb255f5290b89906876eafbc889ad577b
11492830480,preparation312/original11-bind-fresh-ref.kernel.json,1828,530cb0bb47e83c12aa73cc9eb4c1c2ca407458a04b2e97885918a1adf8c66859
11492830480,preparation312/original11-bind-fresh-ref.launch-intent.json,364,0eab6d7a73e25e0cd9de441d0d9556d6fcac0e1abdeee3b88785dae8f92d9fa6
11492830480,preparation312/original11-bind-fresh-ref.log,0,e3b0c44298fc1c149afbf4c8996fb92427ae41e4649b934ca495991b7852b855
11492830480,preparation312/original11-bind-fresh-ref.stdout-custody.json,368,085f44999eac8108a5787345587fde0e6bb68cf3be1c9836af413ce12792521b
11492830480,preparation312/original11-presence.launch-intent.json,291,f632817686cda04a3472762191ca100b6d58756635d55bf7a08b77848c31d14a
11492830480,preparation312/original11-presence.kernel.json,1768,12c34f45402a5a51da32d1d670d36692fe2587d9643a13cc3e85eb78abe43d2d
11492830480,preparation312/original11-presence.log,0,e3b0c44298fc1c149afbf4c8996fb92427ae41e4649b934ca495991b7852b855
11492830480,preparation312/original11-presence.stdout-custody.json,368,e2b250886df0eabb9c47d615edb29a420e9e2b59cbe63a0bc497d71c84f915cc
11492830480,preparation312/original11-ref-presence.kernel.json,1775,45e2f07aef386a59d37bae87110c0585aaab8fa6ed7129eb430fd01b51b433a6
11492830480,preparation312/original11-ref-presence.launch-intent.json,297,76a05da3c5e2cb23f78a1cc675b87b784298b13be97fb8c5adaffcd99621ee69
11492830480,preparation312/original11-ref-presence.log,0,e3b0c44298fc1c149afbf4c8996fb92427ae41e4649b934ca495991b7852b855
11492830480,preparation312/original11-ref-presence.stdout-custody.json,369,b0efe2b986d4320dda4eeae90770ccc35fef00dbf498871cf2e6e23595d07a9a
11492830480,preparation312/original11-verified-raw.launch-intent.json,286,a061062ac709267aecd9e1ec12a27af7694347bd468bb815c6fc13f372bc5b89
11492830480,preparation312/original11-verified-raw.kernel.json,1750,41e7ee683cc7448c1495645f91918fdd46702f131713266b8a0ae834877b8701
11492830480,preparation312/original11-verified-raw.log,1195,326ce2a7c72410d47bddf21feca6d5395f67ea872d843889f6481ff7d3a4b0bc
11492830480,preparation312/original11-verified-raw.stdout-custody.json,371,a78d9eb50bbdc7f2ffd0057292330e7d6b1fd6bb9521118409f6665b435cce31
11492830480,preparation312/original12-fetch-literal.launch-intent.json,419,3baab73dde8cf5bd5cb50ab6b41e178f89fd8e65b63389e0ba1223def1044e9f
11492830480,preparation312/original12-fetch-literal.kernel.json,1900,98031e3a76d5c1cd6866f6ac2821d9f37b214b6088ea5193ec831d6cd0e8f767
11492830480,preparation312/original12-fetch-literal.log,155,7a8c0b0833e8993464115a5aac78360dea9dfd63001d9c3825f1a39c23c8c4ed
11492830480,preparation312/original12-fetch-literal.stdout-custody.json,370,0591e5a1890d54f6ca03fa5835dd1ef1694e4fa96293f5059f6397de9388ffff
11492830480,preparation312/original12-mirror-raw.kernel.json,1748,297e88c0939d0b02190a5b1c5bf9fe23828e12d255f96c64296f289fc45239da
11492830480,preparation312/original12-mirror-raw.launch-intent.json,284,27723ddd8268cc574e49c19d6bc8ce95c2471e3005dbc57ac9f1c2c576b8488f
11492830480,preparation312/original12-mirror-raw.log,553,a4708bf809102097875c77f1b9847ec96556a7eaf9ea3a9ba107f90311a49d8e
11492830480,preparation312/original12-mirror-raw.stdout-custody.json,370,20786e02d21de5e843b13e06521469848c7d1013c650fe7f4265ae1210413977
11492830480,preparation312/original12-presence.kernel.json,1754,4ed6c9d3f29c50749bd174a272e78b0d194bddbc0ad0953fbe99d5a9bdd9f785
11492830480,preparation312/original12-presence.launch-intent.json,291,9845763126a603fb6dab16a118363e86b004daa9ca527fcacd5f958a87d62d8d
11492830480,preparation312/original12-presence.log,81,6c4bde355fed1f5f9e274b5e1e8154b635237cd5e1ae4410a5572da073c120e2
11492830480,preparation312/original12-presence.stdout-custody.json,372,cb55bda290b1171e849acc00970268256e0341d1d9d8911877199ffc36a95347
11492830480,preparation312/original12-ref-presence.kernel.json,1756,adc40a52397b6809b26d6c928e09de4ca659e79efe52a4fe607212ff7abfdb97
11492830480,preparation312/original12-ref-presence.launch-intent.json,292,261a0c53113bb4018d7461857eb05ac096b2f9f8a70a0cfc7c720d1dcac0d2db
11492830480,preparation312/original12-ref-presence.log,0,e3b0c44298fc1c149afbf4c8996fb92427ae41e4649b934ca495991b7852b855
11492830480,preparation312/original12-ref-presence.stdout-custody.json,369,0e538c98fb2cefbb52ec6b93ca4c68e94825444a50288b3a3572c4c4679fc5ea
11492830480,preparation312/original12-verified-raw.kernel.json,1782,9d38657dc1b24e7e95c0a2253d4cf41326aa8583790859d95b43946c7baf9560
11492830480,preparation312/original12-verified-raw.launch-intent.json,286,4f2d2c6349036c4979311049d24e03112503e7a49c3ecacc6e6c96286aeea792
11492830480,preparation312/original12-verified-raw.log,553,a4708bf809102097875c77f1b9847ec96556a7eaf9ea3a9ba107f90311a49d8e
11492830480,preparation312/original12-verified-raw.stdout-custody.json,370,4832844a7bea17d9ed24570087730be0fe0a6db08da242e441bfd4d0359ae480
11492830480,preparation312/original13-fetch-literal.kernel.json,1901,9c5a157b86761407f0b5c8da080b3bbad088084f0b5580d0c60537feaee4d377
11492830480,preparation312/original13-fetch-literal.launch-intent.json,419,4317dac26e96c5efcac00d79a004f46a0a24368ae229c492bc32ced437125d38
11492830480,preparation312/original13-fetch-literal.stdout-custody.json,370,58507da8773e12b5442b9babcd1eab5866599a9c33a711fc2e3f5a2b8812bf08
11492830480,preparation312/original13-fetch-literal.log,155,e948cba201a7c56f1aa7b3720bd1cfeae36017437757794d3f4f1b9ec10919ae
11492830480,preparation312/original13-mirror-raw.kernel.json,1749,6f3510266a49c56973ee86adb71c33751fe3385330116e86fcfe8aa8fa5d52fe
11492830480,preparation312/original13-mirror-raw.launch-intent.json,284,5266e077c6ad342372405056d7c0339e01f4e9f3757597bf358c1c48a48aecc2
11492830480,preparation312/original13-mirror-raw.log,484,cfe53b9425a5948af393593d12e8ca937e38ab06ed4d23e0c287a3996488467a
11492830480,preparation312/original13-mirror-raw.stdout-custody.json,370,3994cf0ead89a777359d475a2d46d1efda3688b8652e6b643b3805e087cd7759
11492830480,preparation312/original13-presence.launch-intent.json,291,f1e27c0974d1e287e156fc5e3c6551b5eb0726855ec552eb8965f94374f4f0f7
11492830480,preparation312/original13-presence.kernel.json,1757,5fc949b57cae68520d4dc5b90404a8de2788126366334bc59978141cfd54e191
11492830480,preparation312/original13-presence.log,81,814c3c03dd877e2bc90ba817beae5c21e7cd9b00634d297ed5f0513867faf564
11492830480,preparation312/original13-presence.stdout-custody.json,372,5d62efa872fdf418510fe4c89e12450116a2b6538ff0f158adfe50d47b129ad6
11492830480,preparation312/original13-ref-presence.kernel.json,1757,0ca862a2138ee8c6b9e2cfb3180895b1ee8955e48341e92d97386e43d1ba6b83
11492830480,preparation312/original13-ref-presence.launch-intent.json,292,b048b178c84b9a976e9de9697a45adaf32fae5a86b6ef90205119c4604f24376
11492830480,preparation312/original13-ref-presence.log,0,e3b0c44298fc1c149afbf4c8996fb92427ae41e4649b934ca495991b7852b855
11492830480,preparation312/original13-ref-presence.stdout-custody.json,369,95d8c90a344383c80e74b6ea03c1567916831ab67c156bf280379c7bc040fd29
11492830480,preparation312/original13-verified-raw.launch-intent.json,286,47932ccd156021bbbd81dcea210ea4b84c02f25e67f95639eee0a9053b11be4b
11492830480,preparation312/original13-verified-raw.kernel.json,1751,85ac137a19750c9706714fafdf6605d29735e4d91c3950c00b1c8e1628379e4d
11492830480,preparation312/original13-verified-raw.log,484,cfe53b9425a5948af393593d12e8ca937e38ab06ed4d23e0c287a3996488467a
11492830480,preparation312/original13-verified-raw.stdout-custody.json,370,717154257ec7a19da420d6658df533ce9acca56ed7187e3f45a55dbb3a1cd6c3
11492830480,preparation312/original14-fetch-literal.kernel.json,1888,c78b63db5e470d42b4f2c4baa3a7f342f77e50fff8d9fe097d94af43c2d57605
11492830480,preparation312/original14-fetch-literal.launch-intent.json,419,8b8703e920358a03a3595f47412901adb1bbe9e00bbfd780be6c64354033202c
11492830480,preparation312/original14-fetch-literal.stdout-custody.json,370,12b694dcc8311967c0837120e932923035fcf93735a84d58ba812399c3e114d6
11492830480,preparation312/original14-fetch-literal.log,155,1cd6664d0c9c349c96306c8765a2932362fb5199c7a02ed6f41d12fbffc745f4
11492830480,preparation312/original14-mirror-raw.launch-intent.json,284,37ad4696bb78268c5aa3b25bb5eab231da01fba1c2d9972c26cceaf7a2728912
11492830480,preparation312/original14-mirror-raw.kernel.json,1748,6443af716ea8fcb3843294b67294e2982980188a2c2b246f401ffb82a72839ee
11492830480,preparation312/original14-mirror-raw.log,308,06b984f079ff3aca06e32620329e81dc8c66f214daf9094243191c93a98d9c31
11492830480,preparation312/original14-presence.kernel.json,1758,f7c15c4b5330992f8111ffc529f58a65a9f675672004adb93d3a9fce603fd386
11492830480,preparation312/original14-presence.launch-intent.json,291,fb2db65a10d98b78087c581c53ed73747c8f5a606b3dfab401da80aeb9b4ff29
11492830480,preparation312/original14-mirror-raw.stdout-custody.json,370,40ae1b5fef459a71a88fda7271e0a37885efeb351c22aa3884affe8cc73737f9
11492830480,preparation312/original14-presence.log,81,abfd4ef31b749ac344585e11fd005c27555f421dd8e3f26e36c0a5b54a0e93c0
11492830480,preparation312/original14-presence.stdout-custody.json,372,f2b5fc8aaf1209319a29d1205600894ccf5566fae020cf96e26eccb39d23e92b
11492830480,preparation312/original14-ref-presence.kernel.json,1754,3eef02eb5c59c97bb4f6f191e92a3bf4302031b2f4c552adc5a6013b9a4b8b3f
11492830480,preparation312/original14-ref-presence.launch-intent.json,292,722bbe55fd11155bf89901de1ff4ef886ae0540012cb754065afd82766a84d9a
11492830480,preparation312/original14-ref-presence.log,0,e3b0c44298fc1c149afbf4c8996fb92427ae41e4649b934ca495991b7852b855
11492830480,preparation312/original14-ref-presence.stdout-custody.json,369,8104ed4efc51914282c0dda86b2a833a3a8817cd772e330317910b4052529800
11492830480,preparation312/original14-verified-raw.kernel.json,1750,47d49df5ee8102bb5e9846141a08577255a4cb53dba9e4299334a5d4c44e3436
11492830480,preparation312/original14-verified-raw.launch-intent.json,286,cc52323903917f964248a778c5ac3c050034f43d15621c120ac74f148ddb9440
11492830480,preparation312/original14-verified-raw.log,308,06b984f079ff3aca06e32620329e81dc8c66f214daf9094243191c93a98d9c31
11492830480,preparation312/original14-verified-raw.stdout-custody.json,370,cca611a64f7719bdf59180481382fb7ede53e210b54f36e5aa55337a5b08f368
11492830480,preparation312/original15-fetch-literal.kernel.json,1900,d87ec1426d1d335ab5c92706233a385ebdd6bc579186a7a6b6e7330ed127a969
11492830480,preparation312/original15-fetch-literal.launch-intent.json,419,19d0cd9f110960db123a6dada41ce3999ccaa19b9caf601a3d90ecae25638168
11492830480,preparation312/original15-fetch-literal.log,155,a433e9e2db223456061e4aa118ed0168d95d83cd9f70b4c9ec1cbdb4282419c3
11492830480,preparation312/original15-fetch-literal.stdout-custody.json,370,d6c200aee22d0591164dc00aae6c17b4be9bc50abf9b70c5316d7ef5439d0619
11492830480,preparation312/original15-mirror-raw.kernel.json,1750,f5b9cab3668b5fac48d86196722d8403c90371f61d40086d6ef0793dfab5a116
11492830480,preparation312/original15-mirror-raw.launch-intent.json,284,304aeff3ee8a777a62fb445c15160805ce90d992220b0e724f05aa6a52af488b
11492830480,preparation312/original15-mirror-raw.log,317,de30544c8f42e0bb0cd9ec8018df6684b136890a5fbe774cf006c162c882b523
11492830480,preparation312/original15-mirror-raw.stdout-custody.json,370,85e7b79647b127631682f1a8ae812068220378557f740e2196664d225df719fc
11492830480,preparation312/original15-presence.kernel.json,1757,e85eecc44239a3cba5a618ece2bbc383f9c19637d0141212f03621ff8fbe1d1a
11492830480,preparation312/original15-presence.launch-intent.json,291,8e3669e55530b0c941c588d4e46db48f1a96dcc345eb03f28c31535f995184e0
11492830480,preparation312/original15-presence.log,81,65555c56a819ca198c898a99f9218351e9fcfb6f88ded06c7b2313b5dcb620a9
11492830480,preparation312/original15-presence.stdout-custody.json,372,34f8678e1941492560c2f9f690aa0536e883af234693eab80ffc2a1baf7812f9
11492830480,preparation312/original15-ref-presence.kernel.json,1756,eb8736e9780a820e4aaf00734ad4a9e2fc56b829cbd504ef124bd1f8dff49cd9
11492830480,preparation312/original15-ref-presence.launch-intent.json,292,ed9a8aa4bf93f38404a5a8156a04ac97649db7ceda7bc4feaa390e8b0b63a763
11492830480,preparation312/original15-ref-presence.log,0,e3b0c44298fc1c149afbf4c8996fb92427ae41e4649b934ca495991b7852b855
11492830480,preparation312/original15-ref-presence.stdout-custody.json,369,b9f7c5617f2b2b1003c8dd8b7d55b726a630b279cbbb05d63ede0ca7b4570dfa
11492830480,preparation312/original15-verified-raw.launch-intent.json,286,da9a14218cd220e78ed05699d0d4bf9f83bbea6cfb3490b307b9c8a7a08a3da3
11492830480,preparation312/original15-verified-raw.kernel.json,1749,4907a31cf7a8246827aac41c449b0c3ff7ba7651914c42beb891a19a0be2db3c
11492830480,preparation312/original15-verified-raw.log,317,de30544c8f42e0bb0cd9ec8018df6684b136890a5fbe774cf006c162c882b523
11492830480,preparation312/original15-verified-raw.stdout-custody.json,370,dfa97ad9705c8caef8a568fd279833cabe14784a1dfea35635c6bf63db643d16
11492830480,preparation312/original16-fetch-literal.kernel.json,1888,5dee5e78a4f1e8e57d720a76c2eba6460a9413b692bce47817f70c4b9f84eaaa
11492830480,preparation312/original16-fetch-literal.launch-intent.json,419,735a0b439d3977ad21df92aba125215e0cee86dd9e05ebf390517ae565187ca6
11492830480,preparation312/original16-fetch-literal.stdout-custody.json,370,d772029bca338ec27b05968ddd2dfebcdc3bc6ec6f4ca864684f12112efa97ab
11492830480,preparation312/original16-fetch-literal.log,155,ce4e10587cdb92c625c255815352e5fc8a9e63e8401e4d74970ac62e3e4e9fbb
11492830480,preparation312/original16-mirror-raw.kernel.json,1748,3870dba2909cdfc3629ab682a6e09bcebba1e1b2495b3b36c76db06374057573
11492830480,preparation312/original16-mirror-raw.launch-intent.json,284,5b61ad0d3255e6f4b4bc9f7345267cffaf7c9e8d57ce2c760b07cc83936d6942
11492830480,preparation312/original16-mirror-raw.log,744,c195a51b7928cc109de2ac556f7129de8bfc5e595143214c1097267d82d9a8c8
11492830480,preparation312/original16-mirror-raw.stdout-custody.json,370,ff2e6fbdc748381a85acffdb1ba2585c2ba15ba223440e65b2e61123667a4fc1
11492830480,preparation312/original16-presence.kernel.json,1757,eefdf09cd3a932af0dd92034afef5f0ce8d511dd8af65e42298cdb0fe5a313df
11492830480,preparation312/original16-presence.launch-intent.json,291,8b04a35a4170d2d3a4d65db96e36bf80d220be781f14a167faad0f4aca496250
11492830480,preparation312/original16-presence.log,81,22dbb4f577d838d4d440fa5629d61d37b9a1daf983eb576233c2a2704a72fafd
11492830480,preparation312/original16-presence.stdout-custody.json,372,c68a96566773071bb2c3f64e37986f0946a4b0d83355ea27b194f90542f6c3ac
11492830480,preparation312/original16-ref-presence.launch-intent.json,292,6c3b8ddc9eb93fd8b346898a242554bf0eb4eb801d1f2815614c96a0c555fe2e
11492830480,preparation312/original16-ref-presence.kernel.json,1755,2901cf9880492fbfff3d9b5ec1313fbeb049a8e20d39e33c4a12be0b2e5a58c0
11492830480,preparation312/original16-ref-presence.log,0,e3b0c44298fc1c149afbf4c8996fb92427ae41e4649b934ca495991b7852b855
11492830480,preparation312/original16-ref-presence.stdout-custody.json,369,4b716320904611b2a49a17374fcce65d70c9cb1ee554e3df67b4725a4f39818d
11492830480,preparation312/original16-verified-raw.kernel.json,1750,fb7e17aa59a40c09fd03374a34ef56c1583a22ade8d5e6bad58d927cb5b9b07e
11492830480,preparation312/original16-verified-raw.launch-intent.json,286,05aa6891f442283dadbf336f13ccc45095d2c9c73d17d4adf7c79107d5abbbee
11492830480,preparation312/original16-verified-raw.stdout-custody.json,370,bb9d3b3130a6e7c78fb88e6b26b4bad834eb631467182f1f2926d868f5b73d05
11492830480,preparation312/original16-verified-raw.log,744,c195a51b7928cc109de2ac556f7129de8bfc5e595143214c1097267d82d9a8c8
11492830480,preparation312/original17-fetch-literal.kernel.json,1900,6f173ef4722b4df425c514a5cb21b4e9dd0a0a909b4c5d41dc38c3aabb6f27e0
11492830480,preparation312/original17-fetch-literal.launch-intent.json,419,9191f7f9b16289401fc07e98cb68aa6e98edef1dc3380e72915520321e7d411a
11492830480,preparation312/original17-fetch-literal.log,155,c825bd1391001b69ac1639843b17354bd34873929d7025dea5c8244dbbab1d6d
11492830480,preparation312/original17-fetch-literal.stdout-custody.json,370,12892e6c22f56523f3ba01d609921d3f8022b7df70aea829501911619c26772c
11492830480,preparation312/original17-mirror-raw.kernel.json,1748,a4340f6c22b85a05caf76f5295c032832769123b7e1df84b13d5153692ce0bb5
11492830480,preparation312/original17-mirror-raw.launch-intent.json,284,1620bf4cae95d40468758f97d24baf64f7a0ec2109ae23d24aaf4b97598c27e4
11492830480,preparation312/original17-mirror-raw.log,275,aaf4c85f5eb22e716a60ba1b2bb390aae15431860cf31c08ad31fb0c461dafd2
11492830480,preparation312/original17-mirror-raw.stdout-custody.json,370,1da9acaaa5e2cc947718202891644dda7f4ac35a48e9680380585f986408f297
11492830480,preparation312/original17-presence.kernel.json,1758,63f8a27c31507232237b1695b41faa8a53bb2aaf89cac7ae667ce7bee6a7fe46
11492830480,preparation312/original17-presence.launch-intent.json,291,fd430c4e13eaedefbe53174a8bf4c11c601bcd5cf1fd28df2ee3a3f8c6a6c0a7
11492830480,preparation312/original17-presence.log,81,64eb3e2887bbd7be10ddd5a696f2fa9814dc4206c1deb1e42f62519a1c89fb1f
11492830480,preparation312/original17-presence.stdout-custody.json,372,70c31568f57ec7925aa30babcd91ef704b1cbe820e4125e9995d86dcbe1cfa75
11492830480,preparation312/original17-ref-presence.kernel.json,1756,558de4132a367b75d57d2dff363ba011133fd298360ee0af44dcff4e4bb9f342
11492830480,preparation312/original17-ref-presence.launch-intent.json,292,a19b26dbf9045dc8f2b9529422df25f275eb8be6245e54415022fbe22bc181b0
11492830480,preparation312/original17-ref-presence.stdout-custody.json,369,2cab07298e6966105983cfbd89e4e5ce9b579936cf8167f09410c8a9f8bed583
11492830480,preparation312/original17-ref-presence.log,0,e3b0c44298fc1c149afbf4c8996fb92427ae41e4649b934ca495991b7852b855
11492830480,preparation312/original17-verified-raw.kernel.json,1751,eb8256756ee0d92e0bfc5b23b39005443d86a45067f410eece58fe398b22480a
11492830480,preparation312/original17-verified-raw.launch-intent.json,286,73e7de94b6c11051ab1a95093646798af83e799bbf0fdbde85b9a973bda30533
11492830480,preparation312/original17-verified-raw.log,275,aaf4c85f5eb22e716a60ba1b2bb390aae15431860cf31c08ad31fb0c461dafd2
11492830480,preparation312/original17-verified-raw.stdout-custody.json,370,60c9bfc9791a09bc98f6eb585b59601dec1706242a8b189c3f7a6f9de11c74f0
11492830480,preparation312/original18-fetch-literal.kernel.json,1898,c2b950ac845667a8eb56a331b7ed01ae86aa31f5cfb3d02d678e89734963777f
11492830480,preparation312/original18-fetch-literal.launch-intent.json,419,149f64520d1d7a58dfa97d6d9d086c8097acca9078cccc5f61406c28104b6459
11492830480,preparation312/original18-fetch-literal.log,155,5b690da57b0465bbd3c72dff3f820a7bb57dc355abee1231d727c7db1bf945e3
11492830480,preparation312/original18-fetch-literal.stdout-custody.json,370,dc516b872e2f88fb4535747e55e60f5d54132d4b504e311019894ba0bb722537
11492830480,preparation312/original18-mirror-raw.kernel.json,1748,5dbb323c7458d5762a4f701165de93dd6689747782e2d561f63710d08e27e804
11492830480,preparation312/original18-mirror-raw.launch-intent.json,284,766a25f2f21b8c2002c663756f500caab6b733520139adec80bf16332b528a3a
11492830480,preparation312/original18-mirror-raw.log,279,ef0f22a950e34a2a196f9b98cb523d5d2a884ac137cd0045a6746bbde752e3d2
11492830480,preparation312/original18-mirror-raw.stdout-custody.json,370,9bb196e6247fb44a3f40d2d2fdd70615be95c77ff252f866cef53f3443db95cf
11492830480,preparation312/original18-presence.kernel.json,1759,e50ebc9b697552c9f911f51458101607c13e0c14dc1d9285b5b18f69c2ee5326
11492830480,preparation312/original18-presence.launch-intent.json,291,3362275ac8ca997457686c53cd0a8b08b650983e699009d64c5a074fc20007d1
11492830480,preparation312/original18-presence.log,81,0988fcbcaa2d11724bf7c78b1da91652cd6f06ac46828fc285a56d9c8a4de1ea
11492830480,preparation312/original18-presence.stdout-custody.json,372,c06e0f3d6fc91e13c1ded9111416be3db693ce4fa5bcf3161fc89665ce17c4a0
11492830480,preparation312/original18-ref-presence.kernel.json,1770,84c8240a334cc57dcb72ea5c71793d55db86ef4392edac7c941229a991453bec
11492830480,preparation312/original18-ref-presence.launch-intent.json,292,68885358f3723cf0907c0b62fe3012047aa26431d72e081832e1e32cad57c92c
11492830480,preparation312/original18-ref-presence.log,0,e3b0c44298fc1c149afbf4c8996fb92427ae41e4649b934ca495991b7852b855
11492830480,preparation312/original18-verified-raw.kernel.json,1762,bcbb7c23dd0b72beb77038b7b79df8a228c9d500d4a04d0659ddb2edd0d9bdba
11492830480,preparation312/original18-ref-presence.stdout-custody.json,369,9b8cd99342f3b99cbcc56dd41d1a8d08b566ff537484df9248e0ec2e25c546f5
11492830480,preparation312/original18-verified-raw.launch-intent.json,286,659dd1cfc70b488dfa579663957b618472cd2e9abd9f43822d1a2e612ebcd8cd
11492830480,preparation312/original18-verified-raw.log,279,ef0f22a950e34a2a196f9b98cb523d5d2a884ac137cd0045a6746bbde752e3d2
11492830480,preparation312/original18-verified-raw.stdout-custody.json,370,43e15c906a69db3cabaa44dcc96641bd5dceee3e4e5c56cc73832e1170dcd7ff
11492830480,preparation312/preflight-input.json,809,d1d42ea54ce534f44600e37af7f689c88fa4339e09a92435fef67a78d7f31124
11492830480,preparation312/prepared-native-binding.NOT-AUTHORIZED.json,1559,a79c941f7a9408455e86735039f8bbefb7299246973f3085412bafc271c4c428
11492830480,preparation312/preparation-source-receipt.json,1577,7e71666d94b336b929a2acbb4037b5acce838a7b0612a17986de02b2839088e6
11492830480,preparation312/scope-inventory-preparation.json,8661258,ff5b72fa607fdd86871e3ee9cf6e67e6fbf6d115e49120341a9d0dda1b5dbd53
11492830480,preparation312/selected-epoch-original-preflight.kernel.json,1852,126ec5f94aa66dda03d216fdb1ba1e8f8cafdfe2a62b64e6d4cf68e250e81592
11492830480,preparation312/selected-epoch-original-preflight.launch-intent.json,387,e010313366ca00abcfa42e558278bd227fc4571e3e2b73e7bb47ee67971aa86d
11492830480,preparation312/selected-epoch-original-preflight.log,187,8fb97872a13bdc0f0ea99236dc5f55c09adfce8de258766f584241e5f6ca43ee
11492830480,preparation312/selected-epoch-original-preflight.stdout-custody.json,370,d270ddcfa61477b7ab57e41093e1118ec84e6c374dbdebe6535b17dbd2fa814c
11492830480,preparation312/set-canonical-origin.kernel.json,1780,32122e94775cdfe80937e75db83c6fdea2135c1cf4e5f18a3944fe5cccd45fa0
11492830480,preparation312/set-canonical-origin.launch-intent.json,303,b630ca5b446a6b67607e357c68f55aa404e891e1ac51ed3ba34ccd44a19cded8
11492830480,preparation312/set-canonical-origin.log,0,e3b0c44298fc1c149afbf4c8996fb92427ae41e4649b934ca495991b7852b855
11492830480,preparation312/set-canonical-origin.stdout-custody.json,368,6764a99f4086a058cc203db76532189dbbae47598d19ee4e48d3b557a6656b83
11492830480,preparation312/source-preflight-after.index.json,2947166,8724a06dbfb4585799d8c6ccb2e8f4c5f78eddf47c3ff7e3a77777d7dca12732
11492830480,preparation312/source-preflight-before.index.json,2947166,972b02712a164b16bf29f4b8dbd3817cf65aad75f8860222afcfed469c25e174
11492830480,preparation312/transport-final-commit.kernel.json,1760,a346ade8ffbe3033991744d92c8e1d42ebfce3d2bbbff45611f4977ae4d3f1bd
11492830480,preparation312/transport-final-commit.launch-intent.json,284,847fbf549d90e3e0dc4415114781d5f029f6241da6cc242a48e56fff36ae0ca9
11492830480,preparation312/transport-final-commit.log,979,ca9f0fd8451699b2b6e241604eeae265de021b03286a7628f4f210a4028bd450
11492830480,preparation312/transport-fullness.kernel.json,1736,594d926cab7a78cc7486e9c72d25b7e540d21498f7a5367a899ca6960b588847
11492830480,preparation312/transport-final-commit.stdout-custody.json,370,f05e3d9b563829c144b365b8daa619e32bcb6ac23b04867c640c23000de48056
11492830480,preparation312/transport-fullness.launch-intent.json,259,2e79cb706628cc8a1b3188edd1ce6f97f50b6b0aff4662fe1a5e4812f1d3f124
11492830480,preparation312/transport-fullness.log,6,2ed27c1421e6928dbe13dbfdb5c59e1045b30341fe7ebe05700006bc5ac572c0
11492830480,preparation312/transport-fullness.stdout-custody.json,368,6114fc01a78a05d1eab30caf113664e157ef327cfb520422d1902764af011165
11492830480,raw-lossless.manifest.json,1105393,99e9ba1afe136098ecd5a2bca60ad5c8e92eba3d9c5861ac90d99ed54a02223b
