sequence,phase,as_of,archive_allocated_bytes,increment_bytes,archive_entries,projection_bytes,checkpoint_bytes,report_bytes,manifest_bytes,status_bytes,cycle_wall_seconds,archive_wall_seconds
1,PREOPEN,2026-10-05T13:20:00+00:00,2375680,2375680,5,2207744,917224,761949,5902,2728,7.212307006000003,1.3292395710000164
2,OPEN,2026-10-05T13:35:00+00:00,5099520,2723840,8,2211840,1037874,1020500,6109,2771,9.986130359999976,1.6714474279999934
3,OPEN,2026-10-05T13:35:30+00:00,6377472,1277952,11,2211840,1038299,997696,6109,2785,10.280691257,1.7044886649999853
4,OPEN,2026-10-05T13:36:00+00:00,6791168,413696,14,2211840,1038047,997940,6109,2787,9.884497168999985,1.738259104000008
5,OPEN,2026-10-05T13:36:30+00:00,7200768,409600,17,2211840,1038150,997746,6109,2773,9.847091140999993,1.797316225000003
6,OPEN,2026-10-05T13:37:00+00:00,7868416,667648,20,2211840,1037719,997248,6109,2787,10.136925880000007,1.9571007920000056
7,OPEN,2026-10-05T13:37:30+00:00,9187328,1318912,23,2211840,1037691,901410,6109,2787,9.772885877000022,1.8987430810000205
8,OPEN,2026-10-05T13:38:00+00:00,9596928,409600,26,2211840,1037730,901564,6109,2774,9.975737213000002,1.9272026059999803
9,OPEN,2026-10-05T13:38:30+00:00,9977856,380928,29,2211840,1037735,901378,6109,2787,9.876587908000033,1.9140674099999728
10,OPEN,2026-10-05T13:39:00+00:00,10387456,409600,32,2211840,1037742,901445,6114,2788,9.905445188999977,1.9520336599999837
11,OPEN,2026-10-05T13:39:30+00:00,10797056,409600,35,2211840,1037647,901369,6114,2774,9.875087647999976,1.9957672849999994
12,OPEN,2026-10-05T13:40:00+00:00,11206656,409600,38,2211840,1037602,901304,6114,2787,10.064004148000038,2.0429855419999967
13,OPEN,2026-10-05T13:40:30+00:00,11583488,376832,41,2211840,1037782,901584,6114,2787,10.28645569500003,2.1104110090000177
14,OPEN,2026-10-05T13:41:00+00:00,11984896,401408,44,2211840,1037949,901665,6114,2775,10.357165382999995,2.14174797000004
15,OPEN,2026-10-05T13:41:30+00:00,12394496,409600,47,2211840,1037566,901370,6114,2789,10.023688468999978,2.1338603930000204
16,OPEN,2026-10-05T13:42:00+00:00,12779520,385024,50,2211840,1037554,901570,6114,2789,10.041172082999992,2.1773683899999696
17,OPEN,2026-10-05T13:42:30+00:00,13160448,380928,53,2211840,1037745,901439,6114,2775,10.068083049999984,2.252817925000045
18,OPEN,2026-10-05T13:43:00+00:00,13537280,376832,56,2211840,1037735,901556,6114,2789,10.047999952999987,2.2318678419999856
19,OPEN,2026-10-05T13:43:30+00:00,13914112,376832,59,2211840,1037743,901321,6114,2788,10.083176010999978,2.273634955000034
20,OPEN,2026-10-05T13:44:00+00:00,14323712,409600,62,2211840,1037764,901449,6114,2776,10.283892228000013,2.3107697840000014
21,OPEN,2026-10-05T13:44:30+00:00,14712832,389120,65,2211840,1037515,901344,6114,2789,10.226945754999974,2.350284810000005
22,OPEN,2026-10-05T13:45:00+00:00,15089664,376832,68,2211840,1037974,901744,6114,2789,10.503003619999959,2.384359684000003
23,OPEN,2026-10-05T13:45:30+00:00,15466496,376832,71,2211840,1037923,901682,6114,2775,10.398532870999986,2.4217790110000124
24,OPEN,2026-10-05T13:46:00+00:00,15867904,401408,74,2211840,1037875,901636,6114,2790,10.441629949999992,2.4861123719999796
25,OPEN,2026-10-05T13:46:30+00:00,16269312,401408,77,2211840,1037997,901707,6114,2791,10.77778035,2.566498197000044
26,OPEN,2026-10-05T13:47:00+00:00,16670720,401408,80,2211840,1037727,901355,6114,2778,14.022945316999994,2.609993851000013
27,OPEN,2026-10-05T13:47:30+00:00,17072128,401408,83,2211840,1037618,901297,6114,2777,13.075250575999974,2.649293600999954
28,OPEN,2026-10-05T13:48:00+00:00,17448960,376832,86,2211840,1037631,901287,6114,2778,14.258921098999963,2.681768963999957
29,OPEN,2026-10-05T13:48:30+00:00,17829888,380928,89,2211840,1037604,901522,6114,2778,14.090477050999993,2.706155325999987
30,OPEN,2026-10-05T13:49:00+00:00,18243584,413696,92,2211840,1037825,901537,6114,2779,14.269889831,2.7377828670000213
31,OPEN,2026-10-05T13:49:30+00:00,18649088,405504,95,2211840,1037463,901332,6114,2779,14.310437465000007,2.6718276639999203
32,OPEN,2026-10-05T13:50:00+00:00,19968000,1318912,98,2211840,1037812,901417,6114,2779,12.450181969000027,1.9934299930000634
33,OPEN,2026-10-05T13:50:30+00:00,20344832,376832,101,2211840,1037677,901341,6114,2779,12.911430184999972,1.7050920949999409
34,OPEN,2026-10-05T13:51:00+00:00,20721664,376832,104,2211840,1038015,901709,6114,2779,12.512342360000048,1.8515197180000769
35,OPEN,2026-10-05T13:51:30+00:00,21098496,376832,107,2211840,1037852,901565,6114,2779,11.909455841999943,1.784433568000054
36,OPEN,2026-10-05T13:52:00+00:00,21757952,659456,110,2211840,1038218,902290,6114,2779,12.351670345000002,1.802490564999971
37,OPEN,2026-10-05T13:52:30+00:00,22175744,417792,113,2211840,1038034,902179,6114,2778,11.76006632699989,1.811974651000014
38,OPEN,2026-10-05T13:53:00+00:00,22564864,389120,116,2211840,1038357,902244,6114,2779,11.936185998999918,1.9207644939999682
39,OPEN,2026-10-05T13:53:30+00:00,22953984,389120,119,2211840,1038464,902324,6114,2779,12.485569596999994,1.9125131460000375
40,OPEN,2026-10-05T13:54:00+00:00,23347200,393216,122,2211840,1038269,902338,6114,2779,12.171296726999913,1.9996434010000712
41,OPEN,2026-10-05T13:54:30+00:00,23740416,393216,125,2211840,1038320,902171,6114,2779,12.620261637999988,2.1451769090000425
42,OPEN,2026-10-05T13:55:00+00:00,24125440,385024,128,2211840,1038416,902290,6114,2778,13.211322575000054,2.1777613269999847
43,OPEN,2026-10-05T13:55:30+00:00,24514560,389120,131,2211840,1038262,902134,6114,2779,14.28632127800006,2.149581837000028
44,OPEN,2026-10-05T13:56:00+00:00,24899584,385024,134,2211840,1038577,902361,6114,2778,13.52776681499995,2.251829821000001
45,OPEN,2026-10-05T13:56:30+00:00,25280512,380928,137,2211840,1038019,902144,6114,2778,13.733917603000009,2.2964327590000266
46,OPEN,2026-10-05T13:57:00+00:00,25681920,401408,140,2211840,1038208,902147,6114,2779,13.7299706660001,2.2685778669999763
47,OPEN,2026-10-05T13:57:30+00:00,26079232,397312,143,2211840,1038157,902094,6114,2778,14.00624316599999,2.353550791000089
48,OPEN,2026-10-05T13:58:00+00:00,26464256,385024,146,2211840,1038217,902140,6114,2779,13.574357469999995,2.358687262999979
49,OPEN,2026-10-05T13:58:30+00:00,26849280,385024,149,2211840,1038347,902399,6114,2779,14.012141200999963,2.4153604670000277
50,OPEN,2026-10-05T13:59:00+00:00,27234304,385024,152,2211840,1038497,902331,6114,2778,13.181725659000108,2.3824546820000023
51,OPEN,2026-10-05T13:59:30+00:00,27623424,389120,155,2211840,1038174,902336,6114,2778,13.870304084000054,2.443149587999983
52,OPEN,2026-10-05T14:00:00+00:00,28000256,376832,158,2211840,1038318,902219,6114,2778,14.351183466000066,2.507628848999957
53,OPEN,2026-10-05T14:00:30+00:00,28385280,385024,161,2211840,1038316,902081,6114,2778,14.34143959100004,2.5351780989999497
54,OPEN,2026-10-05T14:01:00+00:00,28770304,385024,164,2211840,1038445,902320,6114,2778,14.46763974399994,2.572992015000068
55,OPEN,2026-10-05T14:01:30+00:00,29155328,385024,167,2211840,1038263,902097,6114,2778,14.489531424999996,2.6226796590000276
56,OPEN,2026-10-05T14:02:00+00:00,29532160,376832,170,2211840,1038552,902441,6114,2779,13.12608568600001,2.5590732320000598
57,OPEN,2026-10-05T14:02:30+00:00,29908992,376832,173,2211840,1038538,902379,6114,2778,14.525614003999976,2.712479009000049
58,OPEN,2026-10-05T14:03:00+00:00,30285824,376832,176,2211840,1038598,902474,6114,2778,13.791657345999965,2.7762899819999802
59,OPEN,2026-10-05T14:03:30+00:00,30662656,376832,179,2211840,1038329,902195,6114,2778,13.571207884999922,2.446667247999926
60,OPEN,2026-10-05T14:04:00+00:00,31076352,413696,182,2211840,1038176,902391,6114,2777,13.204649103000065,2.494721937999998
61,OPEN,2026-10-05T14:04:30+00:00,31461376,385024,185,2211840,1038444,902460,6114,2779,13.413362105000033,2.63482043099998
62,OPEN,2026-10-05T14:05:00+00:00,31838208,376832,188,2211840,1038372,902254,6114,2779,13.384942228,2.561680105999926
63,OPEN,2026-10-05T14:05:30+00:00,32223232,385024,191,2211840,1038165,902089,6114,2778,13.658981824999955,2.6391905969999243
64,OPEN,2026-10-05T14:06:00+00:00,33513472,1290240,194,2211840,1038625,902489,6114,2779,12.533902594000097,1.9452336849999483
65,OPEN,2026-10-05T14:06:30+00:00,33902592,389120,197,2211840,1038483,902238,6114,2779,12.021020417000045,1.624536785000032
66,OPEN,2026-10-05T14:07:00+00:00,34279424,376832,200,2211840,1038406,902217,6114,2778,12.352832907999982,1.694661289999999
67,OPEN,2026-10-05T14:07:30+00:00,34660352,380928,203,2211840,1038325,902108,6114,2779,10.86893325699998,1.648408962000076
68,OPEN,2026-10-05T14:08:00+00:00,35049472,389120,206,2211840,1038393,902217,6114,2779,10.879159445000028,1.7117871630000536
69,OPEN,2026-10-05T14:08:30+00:00,35430400,380928,209,2211840,1038408,902192,6114,2778,11.40520156699995,1.7966734389999601
70,OPEN,2026-10-05T14:09:00+00:00,35807232,376832,212,2211840,1038351,902176,6114,2779,11.201656071999878,1.7732841990000452
71,OPEN,2026-10-05T14:09:30+00:00,36184064,376832,215,2211840,1038010,901982,6114,2778,11.638602871999865,1.8337069879999035
72,OPEN,2026-10-05T14:10:00+00:00,36569088,385024,218,2211840,1038996,902825,6114,2778,11.50445564000006,1.8746329020000303
73,OPEN,2026-10-05T14:10:30+00:00,36958208,389120,221,2211840,1038270,902145,6114,2778,11.629310269000143,1.8912929260000055
74,OPEN,2026-10-05T14:11:00+00:00,37343232,385024,224,2211840,1038460,902497,6114,2779,12.316578490999973,1.8989219600000524
75,OPEN,2026-10-05T14:11:30+00:00,37728256,385024,227,2211840,1038116,902141,6114,2778,11.696531673000209,1.986938721000115
76,OPEN,2026-10-05T14:12:00+00:00,38109184,380928,230,2211840,1038137,901993,6114,2779,11.822412823999912,2.0014454209999712
77,OPEN,2026-10-05T14:12:30+00:00,38486016,376832,233,2211840,1038152,901984,6114,2779,12.915515357999993,2.2077184479999232
78,OPEN,2026-10-05T14:13:00+00:00,38862848,376832,236,2211840,1038280,902044,6114,2779,13.238741081999933,2.330252572999825
79,OPEN,2026-10-05T14:13:30+00:00,39239680,376832,239,2211840,1038258,902150,6114,2778,13.505874152999922,2.285421866999968
80,OPEN,2026-10-05T14:14:00+00:00,39645184,405504,242,2211840,1038326,902237,6114,2777,12.966924496000047,2.215999881000016
81,OPEN,2026-10-05T14:14:30+00:00,40022016,376832,245,2211840,1038124,901947,6114,2778,12.536637293000013,2.1970923609999318
82,OPEN,2026-10-05T14:15:00+00:00,40398848,376832,248,2211840,1038411,902517,6114,2778,14.333237311000175,2.4516589439999734
83,OPEN,2026-10-05T14:15:30+00:00,40775680,376832,251,2211840,1038404,902151,6114,2777,13.008197491999908,2.3645174079999833
84,OPEN,2026-10-05T14:16:00+00:00,41152512,376832,254,2211840,1038736,902477,6114,2777,13.32154120500013,2.4251504270000623
85,OPEN,2026-10-05T14:16:30+00:00,41529344,376832,257,2211840,1038267,902221,6114,2777,14.070422591999886,2.3950184110001373
86,OPEN,2026-10-05T14:17:00+00:00,41906176,376832,260,2211840,1038196,902001,6114,2777,12.645316901999877,2.3891231729999163
87,OPEN,2026-10-05T14:17:30+00:00,42283008,376832,263,2211840,1038112,901874,6114,2777,13.670512613000028,2.5002006390000133
88,OPEN,2026-10-05T14:18:00+00:00,42659840,376832,266,2211840,1038241,901985,6114,2778,13.726006759000029,2.5774352629998702
89,OPEN,2026-10-05T14:18:30+00:00,44331008,1671168,269,2211840,1037837,903152,6114,2778,13.533285336000063,2.5333336030000737
90,OPEN,2026-10-05T14:19:00+00:00,45969408,1638400,272,2211840,1034173,901610,6114,2778,13.521768434000023,2.58646576000001
91,OPEN,2026-10-05T14:19:30+00:00,47603712,1634304,275,2211840,1032427,898721,6114,2778,13.7019267390001,2.557043801999953
92,OPEN,2026-10-05T14:20:00+00:00,49381376,1777664,278,2211840,1030544,897306,6114,2778,13.275929270999995,2.502474179000046
93,OPEN,2026-10-05T14:20:30+00:00,51314688,1933312,281,2211840,1026835,889369,6114,2777,12.924435301999893,2.4979020889998083
94,OPEN,2026-10-05T14:21:00+00:00,51875840,561152,284,2211840,1027200,889663,6114,2777,13.174881480000067,2.5980048849999093
95,OPEN,2026-10-05T14:21:30+00:00,52318208,442368,287,2211840,1026569,889248,6114,2778,13.46906411000009,2.573976061999929
96,OPEN,2026-10-05T14:22:00+00:00,53637120,1318912,290,2211840,1026848,889348,6114,2778,12.220852198000102,2.0102463480000097
97,OPEN,2026-10-05T14:22:30+00:00,54038528,401408,293,2211840,1026929,889615,6114,2777,12.205307454000149,1.6661459579997882
98,OPEN,2026-10-05T14:23:00+00:00,54435840,397312,296,2211840,1027065,889550,6114,2778,12.17386181500001,1.6944833319998907
99,OPEN,2026-10-05T14:23:30+00:00,54837248,401408,299,2211840,1026766,889445,6114,2778,11.443105912999954,1.7351577909998923
100,OPEN,2026-10-05T14:24:00+00:00,55267328,430080,302,2211840,1026720,889406,6119,2778,11.233072115000141,1.8033272400000442
101,OPEN,2026-10-05T14:24:30+00:00,55713792,446464,305,2211840,1026685,889191,6119,2779,12.619472287000008,1.844326877999947
102,OPEN,2026-10-05T14:25:00+00:00,56127488,413696,308,2211840,1027580,890072,6119,2779,11.605490678000024,1.8843594739998935
103,OPEN,2026-10-05T14:25:30+00:00,56664064,536576,311,2211840,1027039,889581,6119,2779,11.691875233000019,1.9286113530001785
104,OPEN,2026-10-05T14:26:00+00:00,57225216,561152,314,2211840,1027109,889575,6119,2778,12.230681992999962,1.9643131530001483
105,OPEN,2026-10-05T14:26:30+00:00,57626624,401408,317,2211840,1026760,889223,6119,2779,12.11782762100006,2.012112550999973
106,OPEN,2026-10-05T14:27:00+00:00,58064896,438272,320,2211840,1027183,889640,6119,2777,12.393325801999936,2.0750067600001785
107,OPEN,2026-10-05T14:27:30+00:00,58478592,413696,323,2211840,1027311,889728,6119,2778,12.309938507000197,2.1166231300001073
108,OPEN,2026-10-05T14:28:00+00:00,58875904,397312,326,2211840,1027064,889509,6119,2778,12.709109088999867,2.1474365040000976
109,OPEN,2026-10-05T14:28:30+00:00,59273216,397312,329,2211840,1027142,889596,6119,2779,12.604903478000097,2.1513903180000398
110,OPEN,2026-10-05T14:29:00+00:00,59674624,401408,332,2211840,1027031,889584,6119,2779,12.610172304000116,2.1662681630000407
111,OPEN,2026-10-05T14:29:30+00:00,60076032,401408,335,2211840,1026895,889353,6119,2779,12.52447678999988,2.2114386800001284
112,OPEN,2026-10-05T14:30:00+00:00,60473344,397312,338,2211840,1027098,889615,6119,2778,12.55355408599985,2.1957720979999067
113,OPEN,2026-10-05T14:30:30+00:00,61005824,532480,341,2211840,1027200,889615,6119,2778,12.387384740000016,2.2894527349999407
114,OPEN,2026-10-05T14:31:00+00:00,61566976,561152,344,2211840,1027511,890029,6119,2778,12.57034180100004,2.2664747690000695
115,OPEN,2026-10-05T14:31:30+00:00,61964288,397312,347,2211840,1027192,889634,6119,2779,12.358336074000135,2.2915046739999525
116,OPEN,2026-10-05T14:32:00+00:00,62361600,397312,350,2211840,1027049,889515,6119,2778,12.418935536000163,2.2913418609998644
117,OPEN,2026-10-05T14:32:30+00:00,62763008,401408,353,2211840,1027356,889724,6119,2778,12.926385990999961,2.3106708790000994
118,OPEN,2026-10-05T14:33:00+00:00,63160320,397312,356,2211840,1026985,889497,6119,2779,12.862547781999865,2.3453803259999404
119,OPEN,2026-10-05T14:33:30+00:00,63561728,401408,359,2211840,1027082,889733,6119,2778,12.856529142999989,2.397230792000073
120,OPEN,2026-10-05T14:34:00+00:00,64000000,438272,362,2211840,1027221,889741,6119,2779,13.188931149999917,2.475048112000195
121,OPEN,2026-10-05T14:34:30+00:00,64401408,401408,365,2211840,1027140,889609,6119,2779,13.230273937999982,2.514232803000141
122,OPEN,2026-10-05T14:35:00+00:00,64798720,397312,368,2211840,1027485,889971,6119,2779,13.015838342000052,2.550224258000071
123,OPEN,2026-10-05T14:35:30+00:00,65335296,536576,371,2211840,1027557,890018,6119,2779,13.298257831,2.634450012999878
124,OPEN,2026-10-05T14:36:00+00:00,65896448,561152,374,2211840,1027152,889790,6119,2779,13.24273914299988,2.6373543780000546
125,OPEN,2026-10-05T14:36:30+00:00,66293760,397312,377,2211840,1027287,889797,6119,2779,13.356649297999866,2.567661623000049
126,OPEN,2026-10-05T14:37:00+00:00,66695168,401408,380,2211840,1026963,889344,6119,2778,13.639763544999823,2.610089063000032
127,OPEN,2026-10-05T14:37:30+00:00,67092480,397312,383,2211840,1027227,889660,6119,2779,13.542016180000019,2.7479909529999986
128,OPEN,2026-10-05T14:38:00+00:00,68411392,1318912,386,2211840,1026822,889265,6119,2779,13.019042352000042,2.1257158220000747
129,OPEN,2026-10-05T14:38:30+00:00,68808704,397312,389,2211840,1027050,889531,6119,2778,12.469220178999876,1.7078699809999307
130,OPEN,2026-10-05T14:39:00+00:00,69206016,397312,392,2211840,1027067,889521,6119,2779,12.822934938000117,1.7745294349999767
131,OPEN,2026-10-05T14:39:30+00:00,69603328,397312,395,2211840,1026836,889274,6119,2779,11.567477802999974,1.79953955100018
132,OPEN,2026-10-05T14:40:00+00:00,70000640,397312,398,2211840,1026712,889247,6119,2779,11.70068827199998,1.8602800609999122
133,OPEN,2026-10-05T14:40:30+00:00,70537216,536576,401,2211840,1027177,889654,6119,2779,12.040655459999925,1.9261169640001299
134,OPEN,2026-10-05T14:41:00+00:00,71098368,561152,404,2211840,1027341,889800,6119,2778,12.720254306000015,2.007149874000106
135,OPEN,2026-10-05T14:41:30+00:00,71495680,397312,407,2211840,1027128,889621,6119,2778,12.148150948999955,2.0138898499999414
136,OPEN,2026-10-05T14:42:00+00:00,71892992,397312,410,2211840,1027046,889502,6119,2778,12.188655779999863,2.0623588519999885
137,OPEN,2026-10-05T14:42:30+00:00,72290304,397312,413,2211840,1027207,889662,6119,2779,12.355367182000009,2.0906772420000834
138,OPEN,2026-10-05T14:43:00+00:00,72691712,401408,416,2211840,1026778,889419,6119,2778,12.61059222300014,2.149875929000018
139,OPEN,2026-10-05T14:43:30+00:00,73093120,401408,419,2211840,1027305,889741,6119,2777,12.7290808260002,2.1787935189997825
140,OPEN,2026-10-05T14:44:00+00:00,73494528,401408,422,2211840,1027176,889615,6119,2778,12.660300505000123,2.182595977999881
141,OPEN,2026-10-05T14:44:30+00:00,73891840,397312,425,2211840,1027222,889665,6119,2778,13.07191891399998,2.2210636429999795
142,OPEN,2026-10-05T14:45:00+00:00,74293248,401408,428,2211840,1026975,889517,6119,2779,12.961487451000039,2.24701683100011
143,OPEN,2026-10-05T14:45:30+00:00,74829824,536576,431,2211840,1027107,889549,6119,2779,12.554317192000099,2.293938417000163
144,OPEN,2026-10-05T14:46:00+00:00,75386880,557056,434,2211840,1027340,889874,6119,2779,13.050179147000108,2.3518528950000928
145,OPEN,2026-10-05T14:46:30+00:00,75784192,397312,437,2211840,1026993,889444,6119,2778,13.663533057999985,2.4977674039998874
146,OPEN,2026-10-05T14:47:00+00:00,76181504,397312,440,2211840,1027091,889598,6119,2777,13.954520553000066,2.483144222999954
147,OPEN,2026-10-05T14:47:30+00:00,76578816,397312,443,2211840,1027328,889760,6119,2779,13.987100687000066,2.591913082000019
148,OPEN,2026-10-05T14:48:00+00:00,76976128,397312,446,2211840,1027069,889556,6119,2779,14.492440094999893,2.674255452999887
149,OPEN,2026-10-05T14:48:30+00:00,77373440,397312,449,2211840,1027183,889664,6119,2778,14.447286397000198,2.6180355789999794
150,OPEN,2026-10-05T14:49:00+00:00,77774848,401408,452,2211840,1027055,889532,6119,2779,14.439114721000124,2.677510348999931
151,OPEN,2026-10-05T14:49:30+00:00,78176256,401408,455,2211840,1026990,889431,6119,2778,13.320067474000098,2.7418613490003736
152,OPEN,2026-10-05T14:50:00+00:00,78577664,401408,458,2211840,1027130,889670,6119,2778,14.810350452999955,2.758420131999628
153,OPEN,2026-10-05T14:50:30+00:00,79114240,536576,461,2211840,1027274,889766,6119,2779,13.475781397999981,2.715625414999977
154,OPEN,2026-10-05T14:51:00+00:00,79671296,557056,464,2211840,1027575,890122,6119,2779,14.811684066999987,2.8501915020001434
155,OPEN,2026-10-05T14:51:30+00:00,80068608,397312,467,2211840,1027281,889756,6119,2779,14.822876257999724,2.938627187000293
156,OPEN,2026-10-05T14:52:00+00:00,80465920,397312,470,2211840,1027404,889965,6119,2777,15.18161493000025,3.00890346999995
157,OPEN,2026-10-05T14:52:30+00:00,80863232,397312,473,2211840,1027601,890015,6119,2778,15.383633171999918,2.986026664000292
158,OPEN,2026-10-05T14:53:00+00:00,81260544,397312,476,2211840,1027360,889823,6119,2779,15.58199260299989,3.0574959489999856
159,OPEN,2026-10-05T14:53:30+00:00,81657856,397312,479,2211840,1027151,889666,6119,2779,15.68880789900004,3.0973280920002253
160,OPEN,2026-10-05T14:54:00+00:00,82976768,1318912,482,2211840,1026983,889471,6119,2778,14.469478660000277,2.3414687740000772
161,OPEN,2026-10-05T14:54:30+00:00,83378176,401408,485,2211840,1027107,889782,6119,2778,14.336482427000192,1.972319046999928
162,OPEN,2026-10-05T14:55:00+00:00,83779584,401408,488,2211840,1026960,889441,6119,2779,14.740982136000184,2.032362097999794
163,OPEN,2026-10-05T14:55:30+00:00,84320256,540672,491,2211840,1027013,889504,6119,2779,13.302402911000172,2.0699150499999632
164,OPEN,2026-10-05T14:56:00+00:00,84877312,557056,494,2211840,1027302,889804,6119,2779,13.222554955000305,2.0440052099997956
165,OPEN,2026-10-05T14:56:30+00:00,85274624,397312,497,2211840,1026913,889436,6119,2779,13.177985116999935,2.1632786479999595
166,OPEN,2026-10-05T14:57:00+00:00,85671936,397312,500,2211840,1027060,889439,6119,2779,14.051416760999928,2.1277290759999232
167,OPEN,2026-10-05T14:57:30+00:00,86069248,397312,503,2211840,1027227,889752,6119,2779,13.39392049099979,2.232557225999699
168,OPEN,2026-10-05T14:58:00+00:00,86466560,397312,506,2211840,1027010,889493,6119,2778,13.297219873999893,2.1499049920003017
169,OPEN,2026-10-05T14:58:30+00:00,86880256,413696,509,2211840,1027192,889757,6119,2778,13.08356252800013,2.2515007029996923
170,OPEN,2026-10-05T14:59:00+00:00,87289856,409600,512,2211840,1027139,889654,6119,2779,13.54500378900002,2.2874958130000778
171,OPEN,2026-10-05T14:59:30+00:00,87687168,397312,515,2211840,1027007,889552,6119,2779,13.431352485999923,2.257368200000201
172,OPEN,2026-10-05T15:00:00+00:00,88096768,409600,518,2211840,1027255,889839,6119,2778,13.417490789000112,2.3466415279999637
173,OPEN,2026-10-05T15:00:30+00:00,88633344,536576,521,2211840,1027242,889716,6119,2779,13.427646599000127,2.3208484409997254
174,OPEN,2026-10-05T15:01:00+00:00,89198592,565248,524,2211840,1027522,890095,6119,2778,13.397582392999993,2.3470414019998316
175,OPEN,2026-10-05T15:01:30+00:00,89595904,397312,527,2211840,1027246,889690,6119,2779,13.666076381000039,2.4910344740001165
176,OPEN,2026-10-05T15:02:00+00:00,89993216,397312,530,2211840,1027066,889565,6119,2779,14.110711776999779,2.553996035000182
177,OPEN,2026-10-05T15:02:30+00:00,90390528,397312,533,2211840,1027022,889531,6119,2778,14.114918308999677,2.556983209000009
178,OPEN,2026-10-05T15:03:00+00:00,90787840,397312,536,2211840,1027071,889609,6119,2779,14.099613015000159,2.495301070000096
179,OPEN,2026-10-05T15:03:30+00:00,92524544,1736704,539,2211840,1026693,890978,6119,2779,14.148254396000084,2.5389838320002127
180,OPEN,2026-10-05T15:04:00+00:00,94257152,1732608,542,2211840,1021318,884625,6119,2779,13.956800748000205,2.4988034749999315
181,OPEN,2026-10-05T15:04:30+00:00,95989760,1732608,545,2211840,1021914,885943,6119,2779,14.184997968000062,2.663114541000141
182,OPEN,2026-10-05T15:05:00+00:00,98344960,2355200,548,2207744,1018958,885632,6119,2779,14.414148288999968,2.676816529000007
183,OPEN,2026-10-05T15:05:30+00:00,100220928,1875968,551,2207744,1016533,880436,6119,2779,13.680490452999948,2.5740509130000646
184,OPEN,2026-10-05T15:06:00+00:00,100634624,413696,554,2207744,1016753,880771,6119,2779,13.526870303999658,2.6631073610001295
185,OPEN,2026-10-05T15:06:30+00:00,101072896,438272,557,2207744,1016430,880416,6119,2778,14.221960035999928,2.8204557569997633
186,OPEN,2026-10-05T15:07:00+00:00,101482496,409600,560,2207744,1016085,880176,6119,2778,14.70340039299981,2.805126327999915
187,OPEN,2026-10-05T15:07:30+00:00,101916672,434176,563,2207744,1016257,880261,6119,2777,14.185628571000052,2.8720973700001196
188,OPEN,2026-10-05T15:08:00+00:00,102322176,405504,566,2207744,1016104,880149,6119,2779,13.280197233000308,2.8714745219999713
189,OPEN,2026-10-05T15:08:30+00:00,102735872,413696,569,2207744,1016442,880640,6119,2779,14.135434873000122,2.8423413329996947
190,OPEN,2026-10-05T15:09:00+00:00,103149568,413696,572,2207744,1016747,880786,6119,2778,14.587560697999834,2.937952645999758
191,OPEN,2026-10-05T15:09:30+00:00,103555072,405504,575,2207744,1016463,880466,6119,2779,14.7648733420001,2.9882109949999176
192,OPEN,2026-10-05T15:10:00+00:00,104869888,1314816,578,2207744,1016134,880132,6119,2779,12.165264922000006,2.2100900190002903
193,OPEN,2026-10-05T15:10:30+00:00,105275392,405504,581,2207744,1016150,880164,6119,2778,13.491277247999733,1.8422919419999744
194,OPEN,2026-10-05T15:11:00+00:00,105680896,405504,584,2207744,1016448,880479,6119,2779,13.3741671329999,1.8991033490001428
195,OPEN,2026-10-05T15:11:30+00:00,106086400,405504,587,2207744,1016073,880024,6119,2778,12.039387007000187,1.9221531970001706
196,OPEN,2026-10-05T15:12:00+00:00,106491904,405504,590,2207744,1016251,880196,6119,2779,12.103798079000171,1.9646748819995992
197,OPEN,2026-10-05T15:12:30+00:00,106897408,405504,593,2207744,1016182,880172,6119,2779,12.199127052999756,2.0314346909999585
198,OPEN,2026-10-05T15:13:00+00:00,107302912,405504,596,2207744,1016484,880486,6119,2778,13.001718986000014,1.9955703629998425
199,OPEN,2026-10-05T15:13:30+00:00,107712512,409600,599,2207744,1016118,880350,6119,2778,13.36711345499998,2.0772372629999154
200,OPEN,2026-10-05T15:14:00+00:00,108126208,413696,602,2207744,1016371,880415,6119,2779,12.30636793099984,2.0783710299997438
201,OPEN,2026-10-05T15:14:30+00:00,108535808,409600,605,2207744,1016054,880008,6119,2779,12.448383686999932,2.116247012999793
202,OPEN,2026-10-05T15:15:00+00:00,108945408,409600,608,2207744,1016590,880535,6119,2779,12.427000146999944,2.1946047189999263
203,OPEN,2026-10-05T15:15:30+00:00,109350912,405504,611,2207744,1016152,880156,6119,2779,12.445118010999977,2.1790919700001723
204,OPEN,2026-10-05T15:16:00+00:00,109760512,409600,614,2207744,1016261,880229,6119,2778,12.603923957999996,2.2501555039998493
205,OPEN,2026-10-05T15:16:30+00:00,110166016,405504,617,2207744,1015918,880118,6119,2778,13.009939593000126,2.3506742930003384
206,OPEN,2026-10-05T15:17:00+00:00,110575616,409600,620,2207744,1016520,880496,6119,2779,12.513966342999993,2.249313393999728
207,OPEN,2026-10-05T15:17:30+00:00,110985216,409600,623,2207744,1016423,880589,6119,2778,12.366557194999586,2.2062597019998975
208,OPEN,2026-10-05T15:18:00+00:00,111398912,413696,626,2207744,1016414,880354,6119,2779,12.684082139000111,2.3069619499997316
209,OPEN,2026-10-05T15:18:30+00:00,111804416,405504,629,2207744,1016488,880428,6119,2779,12.121029561000341,2.239569133999794
210,OPEN,2026-10-05T15:19:00+00:00,112209920,405504,632,2207744,1016564,880386,6119,2778,12.201449006000075,2.3219555699997727
211,OPEN,2026-10-05T15:19:30+00:00,112615424,405504,635,2207744,1016319,880295,6119,2779,12.156040056000165,2.306269216000146
212,OPEN,2026-10-05T15:20:00+00:00,113025024,409600,638,2207744,1015941,880209,6119,2779,12.308578099999977,2.3673768949997793
213,OPEN,2026-10-05T15:20:30+00:00,113430528,405504,641,2207744,1016610,880593,6119,2778,12.47730294100029,2.3390935429997626
214,OPEN,2026-10-05T15:21:00+00:00,113836032,405504,644,2207744,1016347,880343,6119,2779,12.831766546999916,2.4179749009999796
215,OPEN,2026-10-05T15:21:30+00:00,114241536,405504,647,2207744,1016322,880275,6119,2779,12.829326718000175,2.472025550000126
216,OPEN,2026-10-05T15:22:00+00:00,114647040,405504,650,2207744,1016331,880531,6119,2778,13.031478015000175,2.4739331270002367
217,OPEN,2026-10-05T15:22:30+00:00,115056640,409600,653,2207744,1016713,880724,6119,2778,12.775993061000008,2.5165042339999673
218,OPEN,2026-10-05T15:23:00+00:00,115466240,409600,656,2207744,1016305,880505,6119,2779,12.920641185000022,2.569633701999919
219,OPEN,2026-10-05T15:23:30+00:00,115884032,417792,659,2207744,1016397,880619,6119,2779,13.355134935000024,2.7640567889998238
220,OPEN,2026-10-05T15:24:00+00:00,116293632,409600,662,2207744,1016789,880761,6119,2779,13.746072912999807,2.69000925499995
221,OPEN,2026-10-05T15:24:30+00:00,116707328,413696,665,2207744,1016169,880381,6119,2779,14.084034744999826,2.8156325700001616
222,OPEN,2026-10-05T15:25:00+00:00,117112832,405504,668,2207744,1016569,880636,6119,2778,14.11393518299974,2.8110099410000657
223,OPEN,2026-10-05T15:25:30+00:00,117522432,409600,671,2207744,1016127,880291,6119,2778,14.444054847999723,2.8513325949998034
224,OPEN,2026-10-05T15:26:00+00:00,118845440,1323008,674,2207744,1016283,880372,6119,2778,13.121546386999853,2.1326034190001337
225,OPEN,2026-10-05T15:26:30+00:00,119267328,421888,677,2207744,1016097,880309,6119,2779,12.89552127099978,1.8921671709999828
226,OPEN,2026-10-05T15:27:00+00:00,119672832,405504,680,2207744,1016274,880275,6119,2779,13.19960375799974,1.8740465690002566
227,OPEN,2026-10-05T15:27:30+00:00,120078336,405504,683,2207744,1016439,880342,6119,2779,11.462452245999884,1.9275985870003751
228,OPEN,2026-10-05T15:28:00+00:00,120483840,405504,686,2207744,1016226,880190,6119,2779,11.966828105999866,1.970905431999654
229,OPEN,2026-10-05T15:28:30+00:00,120889344,405504,689,2207744,1016437,880411,6119,2778,12.268662296999992,2.0428381779997835
230,OPEN,2026-10-05T15:29:00+00:00,121294848,405504,692,2207744,1016595,880586,6119,2777,12.462629853999715,2.097380300000168
231,OPEN,2026-10-05T15:29:30+00:00,121700352,405504,695,2207744,1016313,880297,6119,2778,12.243473252000058,2.1973726440000974
232,OPEN,2026-10-05T15:30:00+00:00,122114048,413696,698,2207744,1016126,880226,6119,2778,12.704182829999809,2.0771420649998618
233,OPEN,2026-10-05T15:30:30+00:00,122519552,405504,701,2207744,1016373,880395,6119,2779,12.36716739900021,2.1514739869999175
234,OPEN,2026-10-05T15:31:00+00:00,122929152,409600,704,2207744,1016110,880322,6119,2779,12.62549099600028,2.2278349610000987
235,OPEN,2026-10-05T15:31:30+00:00,123334656,405504,707,2207744,1016359,880362,6119,2778,12.748329584000203,2.2149383870000747
236,OPEN,2026-10-05T15:32:00+00:00,123740160,405504,710,2207744,1015875,879913,6119,2779,12.869174180999835,2.240739016999669
237,OPEN,2026-10-05T15:32:30+00:00,124145664,405504,713,2207744,1016149,880135,6119,2778,12.753463333000127,2.2643751239997982
238,OPEN,2026-10-05T15:33:00+00:00,124551168,405504,716,2207744,1015931,879883,6119,2779,13.030369706000329,2.368271758999981
239,OPEN,2026-10-05T15:33:30+00:00,124960768,409600,719,2207744,1015944,880014,6119,2779,12.807554122000056,2.3069569039998896
240,OPEN,2026-10-05T15:34:00+00:00,125370368,409600,722,2207744,1016276,880254,6119,2779,13.022757603999707,2.363035783000214
241,OPEN,2026-10-05T15:34:30+00:00,125779968,409600,725,2207744,1016423,880369,6119,2779,12.643934584999897,2.2952417010001227
242,OPEN,2026-10-05T15:35:00+00:00,126185472,405504,728,2207744,1015803,879851,6119,2778,12.82548432800013,2.380833819000145
243,OPEN,2026-10-05T15:35:30+00:00,126590976,405504,731,2207744,1015749,879995,6119,2779,12.563154779000342,2.341574847999709
244,OPEN,2026-10-05T15:36:00+00:00,127012864,421888,734,2207744,1016325,880323,6119,2778,12.70302932300001,2.4056070379997436
245,OPEN,2026-10-05T15:36:30+00:00,127434752,421888,737,2207744,1015913,879925,6119,2778,12.68755492299988,2.4510751479997452
246,OPEN,2026-10-05T15:37:00+00:00,127840256,405504,740,2207744,1016009,879939,6119,2779,12.928821839999728,2.4656927830001223
247,OPEN,2026-10-05T15:37:30+00:00,128245760,405504,743,2207744,1016174,880200,6119,2777,13.334942983000019,2.6483068079996883
248,OPEN,2026-10-05T15:38:00+00:00,128655360,409600,746,2207744,1015904,879835,6119,2779,13.613895689999936,2.6838256420001017
249,OPEN,2026-10-05T15:38:30+00:00,129064960,409600,749,2207744,1016246,880266,6119,2778,13.917837341999984,2.6932935069999075
250,OPEN,2026-10-05T15:39:00+00:00,129470464,405504,752,2207744,1016175,880124,6119,2779,13.626289072999953,2.652492080000229
251,OPEN,2026-10-05T15:39:30+00:00,129875968,405504,755,2207744,1016429,880406,6119,2778,13.644361670999842,2.700524808999944
252,OPEN,2026-10-05T15:40:00+00:00,130285568,409600,758,2207744,1015967,880122,6119,2779,13.672856163999768,2.715985778999766
253,OPEN,2026-10-05T15:40:30+00:00,130691072,405504,761,2207744,1016198,880219,6119,2777,13.750047796999752,2.7227311550000195
254,OPEN,2026-10-05T15:41:00+00:00,131096576,405504,764,2207744,1016372,880451,6119,2778,13.869369967999774,2.817818996999904
255,OPEN,2026-10-05T15:41:30+00:00,131502080,405504,767,2207744,1015914,880099,6119,2778,13.932172721999905,2.8093439070003114
256,OPEN,2026-10-05T15:42:00+00:00,132816896,1314816,770,2207744,1016323,880291,6119,2778,13.144168778000221,2.1647310250000373
257,OPEN,2026-10-05T15:42:30+00:00,133222400,405504,773,2207744,1016363,880433,6119,2779,12.764060207999592,1.8457590519997211
258,OPEN,2026-10-05T15:43:00+00:00,133627904,405504,776,2207744,1016306,880218,6119,2778,12.908349111000007,1.863014789999852
259,OPEN,2026-10-05T15:43:30+00:00,134033408,405504,779,2207744,1016357,880378,6119,2779,11.589604874999623,1.89708752200022
260,OPEN,2026-10-05T15:44:00+00:00,134443008,409600,782,2207744,1016397,880365,6119,2778,11.669530846999805,1.9144494879997183
261,OPEN,2026-10-05T15:44:30+00:00,134852608,409600,785,2207744,1015947,880188,6119,2779,12.923762000999886,1.9536572019997038
262,OPEN,2026-10-05T15:45:00+00:00,135258112,405504,788,2207744,1015848,879831,6119,2778,11.75631969799997,1.9746330329999182
263,OPEN,2026-10-05T15:45:30+00:00,135663616,405504,791,2207744,1015836,879881,6119,2779,11.943675520999932,2.04193171299994
264,OPEN,2026-10-05T15:46:00+00:00,136069120,405504,794,2207744,1016241,880225,6119,2779,11.975874018000013,2.078847730000234
265,OPEN,2026-10-05T15:46:30+00:00,136474624,405504,797,2207744,1015904,879869,6119,2778,12.840470158000244,2.082626368000092
266,OPEN,2026-10-05T15:47:00+00:00,136880128,405504,800,2207744,1015898,879931,6119,2779,11.99534774499989,2.092811103999793
267,OPEN,2026-10-05T15:47:30+00:00,137285632,405504,803,2207744,1016121,880101,6119,2779,11.994896118999804,2.1442909450001935
268,OPEN,2026-10-05T15:48:00+00:00,137691136,405504,806,2207744,1015903,879811,6119,2779,12.28156875500008,2.1830346359997748
269,OPEN,2026-10-05T15:48:30+00:00,138096640,405504,809,2207744,1015786,879979,6119,2779,12.24690386300017,2.1582149820001177
270,OPEN,2026-10-05T15:49:00+00:00,138502144,405504,812,2207744,1016081,880119,6119,2779,12.27759598700004,2.258457412000098
271,OPEN,2026-10-05T15:49:30+00:00,138911744,409600,815,2207744,1015902,879909,6119,2779,12.287520966000102,2.2320676360000107
272,OPEN,2026-10-05T15:50:00+00:00,139321344,409600,818,2207744,1015985,880026,6119,2779,12.524813388999974,2.320848538000064
273,OPEN,2026-10-05T15:50:30+00:00,139730944,409600,821,2207744,1016091,880075,6119,2779,12.446483757999886,2.2998965269998735
274,OPEN,2026-10-05T15:51:00+00:00,140140544,409600,824,2207744,1016410,880401,6119,2779,12.470161513000221,2.3154756740000266
275,OPEN,2026-10-05T15:51:30+00:00,140546048,405504,827,2207744,1016018,880066,6119,2778,12.637491347999912,2.3684885279999435
276,OPEN,2026-10-05T15:52:00+00:00,140980224,434176,830,2207744,1015906,879889,6119,2775,12.593012657000145,2.4067115679999915
277,OPEN,2026-10-05T15:52:30+00:00,141385728,405504,833,2207744,1016235,880223,6119,2779,12.901772063999942,2.4164535109998724
278,OPEN,2026-10-05T15:53:00+00:00,141815808,430080,836,2207744,1016242,880251,6119,2778,12.7424097600001,2.5169171129996357
279,OPEN,2026-10-05T15:53:30+00:00,142241792,425984,839,2207744,1016051,880057,6119,2778,13.123763260000032,2.5120466379999016
280,OPEN,2026-10-05T15:54:00+00:00,142647296,405504,842,2207744,1016201,880164,6119,2778,12.893798245000198,2.4883943349996116
281,OPEN,2026-10-05T15:54:30+00:00,143052800,405504,845,2207744,1015891,879894,6119,2779,12.956747653000093,2.5018707640001594
282,OPEN,2026-10-05T15:55:00+00:00,143458304,405504,848,2207744,1016235,880178,6119,2779,13.099288656000226,2.6130550439997933
283,OPEN,2026-10-05T15:55:30+00:00,143863808,405504,851,2207744,1016188,880165,6119,2778,12.74460097500014,2.551789231999919
284,OPEN,2026-10-05T15:56:00+00:00,144269312,405504,854,2207744,1016535,880561,6119,2779,13.496402653000132,2.711264671999743
285,OPEN,2026-10-05T15:56:30+00:00,144674816,405504,857,2207744,1015894,880142,6119,2779,13.29121874600014,2.612150604999897
286,OPEN,2026-10-05T15:57:00+00:00,145080320,405504,860,2207744,1016199,880250,6119,2779,12.86755019400016,2.641275835000215
287,OPEN,2026-10-05T15:57:30+00:00,145485824,405504,863,2207744,1015939,880180,6119,2779,13.688519383999846,2.75601197900005
288,OPEN,2026-10-05T15:58:00+00:00,146800640,1314816,866,2207744,1016458,880468,6119,2779,12.559661065,2.1117370810002285
289,OPEN,2026-10-05T15:58:30+00:00,147206144,405504,869,2207744,1016225,880447,6119,2779,12.21334503900016,1.8192848039998353
290,OPEN,2026-10-05T15:59:00+00:00,147611648,405504,872,2207744,1016580,880541,6119,2778,12.431808140000157,1.8026364510001258
291,OPEN,2026-10-05T15:59:30+00:00,148017152,405504,875,2207744,1016013,880230,6119,2778,11.094596829000238,1.8116070000000946
292,OPEN,2026-10-05T16:00:00+00:00,148422656,405504,878,2207744,1015926,879934,6119,2778,11.293361370000184,1.8832689170003505
293,OPEN,2026-10-05T16:00:30+00:00,148828160,405504,881,2207744,1015909,879865,6119,2778,11.488030658999833,1.9044398940000065
294,OPEN,2026-10-05T16:01:00+00:00,149233664,405504,884,2207744,1015976,880198,6119,2778,11.492103958999905,2.013660429999618
295,OPEN,2026-10-05T16:01:30+00:00,149639168,405504,887,2207744,1015898,879904,6119,2777,11.575953335999657,1.9593449539997891
296,OPEN,2026-10-05T16:02:00+00:00,150044672,405504,890,2207744,1016275,880248,6119,2777,11.534291286999633,1.998825245000262
297,OPEN,2026-10-05T16:02:30+00:00,150450176,405504,893,2207744,1016489,880528,6119,2778,11.693748189999951,2.1016402760001256
298,OPEN,2026-10-05T16:03:00+00:00,150855680,405504,896,2207744,1016266,880239,6119,2779,11.817128242999843,2.0721735749998516
299,OPEN,2026-10-05T16:03:30+00:00,151261184,405504,899,2207744,1016003,879986,6119,2779,12.059107751000283,2.1637611310002285
300,OPEN,2026-10-05T16:04:00+00:00,151707648,446464,902,2207744,1016122,880285,6119,2779,11.890739682000003,2.133832656999857
301,OPEN,2026-10-05T16:04:30+00:00,152113152,405504,905,2207744,1015894,879837,6119,2779,12.042453924000256,2.179285464000259
302,OPEN,2026-10-05T16:05:00+00:00,152518656,405504,908,2207744,1015870,879922,6119,2779,12.141884089000087,2.250859875999595
303,OPEN,2026-10-05T16:05:30+00:00,152924160,405504,911,2207744,1015723,879796,6119,2778,12.221244598999874,2.216473183999824
304,OPEN,2026-10-05T16:06:00+00:00,153329664,405504,914,2207744,1016149,880058,6119,2778,12.273992283000098,2.275253919000079
305,OPEN,2026-10-05T16:06:30+00:00,153735168,405504,917,2207744,1016080,880021,6119,2779,12.962781884999913,2.2800090539999474
306,OPEN,2026-10-05T16:07:00+00:00,154144768,409600,920,2207744,1016088,880065,6119,2779,12.216778048999913,2.2323720580002373
307,OPEN,2026-10-05T16:07:30+00:00,154554368,409600,923,2207744,1016423,880348,6119,2779,12.045068179999362,2.2673792499999763
308,OPEN,2026-10-05T16:08:00+00:00,154959872,405504,926,2207744,1016025,879973,6119,2778,12.226230596000278,2.291400056999919
309,OPEN,2026-10-05T16:08:30+00:00,155365376,405504,929,2207744,1016033,880112,6119,2779,12.349865926000348,2.40568002100008
310,OPEN,2026-10-05T16:09:00+00:00,155770880,405504,932,2207744,1016268,880222,6119,2778,12.225995179000165,2.33848931600005
311,OPEN,2026-10-05T16:09:30+00:00,156176384,405504,935,2207744,1015687,879899,6119,2779,12.622705554999811,2.4429092129994388
312,OPEN,2026-10-05T16:10:00+00:00,156581888,405504,938,2207744,1015829,879834,6119,2778,12.77926387900061,2.5052054319994568
313,OPEN,2026-10-05T16:10:30+00:00,156987392,405504,941,2207744,1016274,880267,6119,2779,12.728202784999667,2.4614891649998754
314,OPEN,2026-10-05T16:11:00+00:00,157392896,405504,944,2207744,1016302,880372,6119,2778,12.673535041999457,2.4898631419991943
315,OPEN,2026-10-05T16:11:30+00:00,157798400,405504,947,2207744,1016165,880048,6119,2778,12.675015444000564,2.5122025809996558
316,OPEN,2026-10-05T16:12:00+00:00,158203904,405504,950,2207744,1015997,880173,6119,2778,12.744883047000258,2.533214013000361
317,OPEN,2026-10-05T16:12:30+00:00,158609408,405504,953,2207744,1016242,880455,6119,2778,12.879548320999675,2.569658985999922
318,OPEN,2026-10-05T16:13:00+00:00,159014912,405504,956,2207744,1016187,880175,6119,2779,13.004183695999927,2.579205271000319
319,OPEN,2026-10-05T16:13:30+00:00,159420416,405504,959,2207744,1016384,880368,6119,2779,13.106849314000101,2.6308265839998057
320,OPEN,2026-10-05T16:14:00+00:00,160735232,1314816,962,2207744,1016467,880429,6119,2779,12.160499212000104,2.0393270380000104
321,OPEN,2026-10-05T16:14:30+00:00,161140736,405504,965,2207744,1016165,880123,6119,2779,11.8724544530005,1.7336242119999952
322,OPEN,2026-10-05T16:15:00+00:00,161546240,405504,968,2207744,1016450,880495,6119,2778,12.04550499600009,1.7609771549996367
323,OPEN,2026-10-05T16:15:30+00:00,161955840,409600,971,2207744,1016322,880372,6119,2777,10.77540042199962,1.7864001989992175
324,OPEN,2026-10-05T16:16:00+00:00,162365440,409600,974,2207744,1016384,880405,6119,2778,11.914211889000399,1.8147732939996786
325,OPEN,2026-10-05T16:16:30+00:00,162770944,405504,977,2207744,1016426,880413,6119,2778,10.907639879000271,1.8925757090000843
326,OPEN,2026-10-05T16:17:00+00:00,163176448,405504,980,2207744,1015681,879846,6119,2779,11.06645775600009,1.8842833009994138
327,OPEN,2026-10-05T16:17:30+00:00,163581952,405504,983,2207744,1015912,880146,6119,2779,11.111353719000363,1.9120321970003715
328,OPEN,2026-10-05T16:18:00+00:00,163987456,405504,986,2207744,1015864,879839,6119,2779,11.21829167299984,1.997534461000214
329,OPEN,2026-10-05T16:18:30+00:00,164392960,405504,989,2207744,1016054,880010,6119,2779,11.315588706000199,1.9801319749994946
330,OPEN,2026-10-05T16:19:00+00:00,164798464,405504,992,2207744,1015945,880202,6119,2779,11.308854445999714,2.007614815999659
331,OPEN,2026-10-05T16:19:30+00:00,165203968,405504,995,2207744,1015850,879868,6119,2778,11.441905143999975,2.0364362610007447
332,OPEN,2026-10-05T16:20:00+00:00,165609472,405504,998,2207744,1016049,880115,6119,2779,11.570387931999903,2.157926748999671
333,OPEN,2026-10-05T16:20:30+00:00,166014976,405504,1001,2207744,1016230,880182,6119,2779,11.519942339999943,2.096711270999549
334,OPEN,2026-10-05T16:21:00+00:00,166420480,405504,1004,2207744,1016181,880308,6119,2779,11.664986353999666,2.1226316089996544
335,OPEN,2026-10-05T16:21:30+00:00,166825984,405504,1007,2207744,1016132,880104,6119,2777,11.75007561700022,2.151319195999349
336,OPEN,2026-10-05T16:22:00+00:00,167575552,749568,1010,2207744,1016917,880973,6119,2779,11.860324370999479,2.220084811000561
337,OPEN,2026-10-05T16:22:30+00:00,168030208,454656,1013,2207744,1016864,881133,6119,2778,11.93233365099968,2.2265383129997645
338,OPEN,2026-10-05T16:23:00+00:00,168439808,409600,1016,2207744,1016896,880965,6119,2779,12.007282341999598,2.24455940200005
339,OPEN,2026-10-05T16:23:30+00:00,168861696,421888,1019,2207744,1016349,880551,6119,2779,12.113699988000008,2.2865248320003957
340,OPEN,2026-10-05T16:24:00+00:00,169283584,421888,1022,2207744,1016448,880802,6119,2778,12.155531793000591,2.312400228000115
341,OPEN,2026-10-05T16:24:30+00:00,169697280,413696,1025,2207744,1016405,880447,6119,2779,12.287313526000617,2.3576854730008563
342,OPEN,2026-10-05T16:25:00+00:00,170131456,434176,1028,2207744,1016226,880462,6119,2779,12.365942318000634,2.3897189429999344
343,OPEN,2026-10-05T16:25:30+00:00,170536960,405504,1031,2207744,1016463,880524,6119,2779,12.407675213000402,2.4125407470000937
344,OPEN,2026-10-05T16:26:00+00:00,170950656,413696,1034,2207744,1016711,880838,6119,2778,12.538896505000594,2.437019212999985
345,OPEN,2026-10-05T16:26:30+00:00,171356160,405504,1037,2207744,1016403,880358,6119,2779,12.586580799999865,2.4675017439994917
346,OPEN,2026-10-05T16:27:00+00:00,171782144,425984,1040,2207744,1016431,880497,6119,2779,12.677863765999973,2.5068987279992143
347,OPEN,2026-10-05T16:27:30+00:00,172187648,405504,1043,2207744,1016726,880775,6119,2779,13.092208504000155,2.6543500489997314
348,OPEN,2026-10-05T16:28:00+00:00,172593152,405504,1046,2207744,1016491,880539,6119,2779,13.004880561000391,2.5624103580003066
349,OPEN,2026-10-05T16:28:30+00:00,173006848,413696,1049,2207744,1016713,880757,6119,2778,12.991216682000413,2.600455196999974
350,OPEN,2026-10-05T16:29:00+00:00,173420544,413696,1052,2207744,1016521,880797,6119,2778,13.246925921000184,2.775660768000307
351,OPEN,2026-10-05T16:29:30+00:00,173834240,413696,1055,2207744,1016723,880760,6119,2779,13.179181489000257,2.6650017909996677
352,OPEN,2026-10-05T16:30:00+00:00,175153152,1318912,1058,2207744,1016668,880605,6119,2778,12.802259215999584,2.1338699200005067
353,OPEN,2026-10-05T16:30:30+00:00,175558656,405504,1061,2207744,1016704,880772,6119,2779,12.237598255000194,1.8266716190000807
354,OPEN,2026-10-05T16:31:00+00:00,175964160,405504,1064,2207744,1016862,880948,6119,2779,12.489861096999448,1.877426056999866
355,OPEN,2026-10-05T16:31:30+00:00,176369664,405504,1067,2207744,1016470,880684,6119,2779,11.135386712000582,1.8141871130001164
356,OPEN,2026-10-05T16:32:00+00:00,176783360,413696,1070,2207744,1016555,880817,6119,2779,11.882312550999814,1.9649971440003355
357,OPEN,2026-10-05T16:32:30+00:00,177188864,405504,1073,2207744,1016919,880952,6119,2779,11.500288862999696,1.9321296080006505
358,OPEN,2026-10-05T16:33:00+00:00,177594368,405504,1076,2207744,1016432,880709,6119,2779,11.643308149000404,1.97182046800026
359,OPEN,2026-10-05T16:33:30+00:00,178008064,413696,1079,2207744,1016408,880423,6119,2778,11.653448848000153,2.027417276000051
360,OPEN,2026-10-05T16:34:00+00:00,178413568,405504,1082,2207744,1016676,880756,6119,2778,11.782592368999758,2.061046370999975
361,OPEN,2026-10-05T16:34:30+00:00,178827264,413696,1085,2207744,1016592,880738,6119,2778,11.846338680000372,2.103162859999429
362,OPEN,2026-10-05T16:35:00+00:00,179240960,413696,1088,2207744,1016233,880496,6119,2779,11.916671395999401,2.1420066800001223
363,OPEN,2026-10-05T16:35:30+00:00,179687424,446464,1091,2207744,1016435,880451,6119,2777,11.939645073000065,2.1797578299992892
364,OPEN,2026-10-05T16:36:00+00:00,180109312,421888,1094,2207744,1016696,880727,6119,2779,12.208093512999767,2.243914525999571
365,OPEN,2026-10-05T16:36:30+00:00,180514816,405504,1097,2207744,1016406,880425,6119,2779,12.296793374000117,2.221248480000213
366,OPEN,2026-10-05T16:37:00+00:00,180924416,409600,1100,2207744,1016395,880444,6119,2779,12.364394795999942,2.256196703999194
367,OPEN,2026-10-05T16:37:30+00:00,181329920,405504,1103,2207744,1016680,880642,6119,2779,12.329782202000388,2.260309307999705
368,OPEN,2026-10-05T16:38:00+00:00,181747712,417792,1106,2207744,1016403,880417,6119,2778,12.4895842800006,2.316106456999478
369,OPEN,2026-10-05T16:38:30+00:00,182181888,434176,1109,2207744,1016410,880411,6119,2779,12.637383868000143,2.368973052000001
370,OPEN,2026-10-05T16:39:00+00:00,182595584,413696,1112,2207744,1016712,880698,6119,2779,12.653698158000225,2.329844263999803
371,OPEN,2026-10-05T16:39:30+00:00,183009280,413696,1115,2207744,1016367,880385,6119,2777,12.76198479300001,2.4468870170003356
372,OPEN,2026-10-05T16:40:00+00:00,183422976,413696,1118,2207744,1016543,880547,6119,2778,12.660337353000614,2.4611455740005113
373,OPEN,2026-10-05T16:40:30+00:00,183840768,417792,1121,2207744,1016536,880534,6119,2779,13.07531116500013,2.534539821999715
374,OPEN,2026-10-05T16:41:00+00:00,184254464,413696,1124,2207744,1016831,880873,6119,2779,13.119118654999511,2.534454882999853
375,OPEN,2026-10-05T16:41:30+00:00,184668160,413696,1127,2207744,1016238,880457,6119,2779,13.30203300300036,2.5856428429997322
376,OPEN,2026-10-05T16:42:00+00:00,185081856,413696,1130,2207744,1016518,880717,6119,2778,13.130419920999884,2.5689511739992668
377,OPEN,2026-10-05T16:42:30+00:00,185495552,413696,1133,2207744,1016825,880849,6119,2779,13.342379617000006,2.664977477999855
378,OPEN,2026-10-05T16:43:00+00:00,185905152,409600,1136,2207744,1016438,880490,6119,2777,13.394955590999416,2.661039828999492
379,OPEN,2026-10-05T16:43:30+00:00,186318848,413696,1139,2207744,1016298,880572,6119,2778,13.269198721000066,2.704079376999289
380,OPEN,2026-10-05T16:44:00+00:00,186728448,409600,1142,2207744,1016458,880792,6119,2777,13.154255428999932,2.6165565499995864
381,OPEN,2026-10-05T16:44:30+00:00,187138048,409600,1145,2207744,1016464,880498,6119,2779,13.50985947100071,2.674957133999669
382,OPEN,2026-10-05T16:45:00+00:00,187555840,417792,1148,2207744,1016747,880798,6119,2778,13.542175612999927,2.7176733890000833
383,OPEN,2026-10-05T16:45:30+00:00,187961344,405504,1151,2207744,1016770,880805,6119,2778,13.816560964000018,2.8494007500003136
384,OPEN,2026-10-05T16:46:00+00:00,189276160,1314816,1154,2207744,1017072,881047,6119,2777,12.807463911999548,2.158652881999842
385,OPEN,2026-10-05T16:46:30+00:00,189681664,405504,1157,2207744,1016694,880714,6119,2779,12.79099473899987,1.90200710299996
386,OPEN,2026-10-05T16:47:00+00:00,190095360,413696,1160,2207744,1016855,880881,6119,2778,11.625477179999507,1.8974014280001938
387,OPEN,2026-10-05T16:47:30+00:00,190529536,434176,1163,2207744,1016682,880808,6119,2791,9.431824047999726,1.993132537000747
388,OPEN,2026-10-05T16:48:00+00:00,190980096,450560,1166,2207744,1016762,880765,6119,2793,11.677030611999726,2.0120262000000366
389,OPEN,2026-10-05T16:48:30+00:00,191700992,720896,1169,2211840,1016863,880906,6119,2778,14.141921723999985,2.0628711750005095
390,OPEN,2026-10-05T16:49:00+00:00,192430080,729088,1172,2207744,1017039,881108,6119,2779,12.368347350000477,2.1011792209992564
391,OPEN,2026-10-05T16:49:30+00:00,192839680,409600,1175,2207744,1016849,880890,6119,2779,12.188377421000041,2.098809777000497
392,OPEN,2026-10-05T16:50:00+00:00,193253376,413696,1178,2207744,1016436,880485,6119,2779,12.579654819999632,2.2813928150007996
393,OPEN,2026-10-05T16:50:30+00:00,193658880,405504,1181,2207744,1016527,880487,6119,2793,10.008526235999852,2.246477350000532
394,OPEN,2026-10-05T16:51:00+00:00,194093056,434176,1184,2207744,1016897,880886,6119,2792,12.651442807000421,2.2384757190002347
395,OPEN,2026-10-05T16:51:30+00:00,194502656,409600,1187,2207744,1016484,880501,6119,2792,12.675123298000472,2.357697437999377
396,OPEN,2026-10-05T16:52:00+00:00,194916352,413696,1190,2207744,1016469,880518,6119,2792,12.431545336000454,2.291780471000493
397,OPEN,2026-10-05T16:52:30+00:00,195321856,405504,1193,2207744,1016566,880829,6119,2793,12.84554279799977,2.389059198000723
398,OPEN,2026-10-05T16:53:00+00:00,195731456,409600,1196,2207744,1016870,880914,6119,2792,13.091840505000619,2.4241903239999374
399,OPEN,2026-10-05T16:53:30+00:00,196149248,417792,1199,2207744,1016412,880426,6119,2793,13.19499473399992,2.4659029209997243
400,OPEN,2026-10-05T16:54:00+00:00,196554752,405504,1202,2207744,1016711,880767,6119,2792,13.329097542000454,2.5418156000005183
401,OPEN,2026-10-05T16:54:30+00:00,196960256,405504,1205,2207744,1016466,880443,6119,2793,13.570498950999536,2.5406967699991583
402,OPEN,2026-10-05T16:55:00+00:00,197373952,413696,1208,2207744,1016459,880423,6119,2792,13.290088654999636,2.510179818999859
403,OPEN,2026-10-05T16:55:30+00:00,197779456,405504,1211,2207744,1016429,880420,6119,2792,13.853050493999945,2.612647489000665
404,OPEN,2026-10-05T16:56:00+00:00,198184960,405504,1214,2207744,1016710,880757,6119,2793,14.205529056999694,2.753986222000094
405,OPEN,2026-10-05T16:56:30+00:00,198590464,405504,1217,2207744,1016104,880360,6119,2793,14.760848662000171,2.6980358589999014
406,OPEN,2026-10-05T16:57:00+00:00,199008256,417792,1220,2207744,1016429,880741,6119,2793,14.964464846999363,2.8649158529997294
407,OPEN,2026-10-05T16:57:30+00:00,199417856,409600,1223,2207744,1016851,880870,6119,2792,15.055759906000276,2.884035269999913
408,OPEN,2026-10-05T16:58:00+00:00,199827456,409600,1226,2207744,1016354,880517,6119,2793,15.84016553299989,3.147756362000109
409,OPEN,2026-10-05T16:58:30+00:00,200237056,409600,1229,2207744,1016710,880734,6119,2792,16.176842058999682,3.0652891640002053
410,OPEN,2026-10-05T16:59:00+00:00,200642560,405504,1232,2207744,1016845,880832,6119,2792,16.290616809000312,3.1836214779996226
411,OPEN,2026-10-05T16:59:30+00:00,201048064,405504,1235,2207744,1016326,880594,6119,2791,16.19166718500037,3.0467796699995233
412,OPEN,2026-10-05T17:00:00+00:00,201453568,405504,1238,2207744,1016546,880526,6119,2793,16.613874584999394,3.2446803229995567
413,OPEN,2026-10-05T17:00:30+00:00,201859072,405504,1241,2207744,1016901,880875,6119,2792,16.855280847999893,3.310181726999872
414,OPEN,2026-10-05T17:01:00+00:00,202264576,405504,1244,2207744,1016746,880941,6119,2792,16.417702036000264,3.266529268999875
415,OPEN,2026-10-05T17:01:30+00:00,202674176,409600,1247,2207744,1016348,880550,6119,2792,15.687243012000181,3.117520687999786
416,OPEN,2026-10-05T17:02:00+00:00,203988992,1314816,1250,2207744,1016598,880855,6119,2793,14.906889460999992,2.4267867219996333
417,OPEN,2026-10-05T17:02:30+00:00,204394496,405504,1253,2207744,1016799,881113,6119,2793,14.558141507000073,2.051467173999299
418,OPEN,2026-10-05T17:03:00+00:00,204800000,405504,1256,2207744,1016603,880731,6119,2792,13.966992520000531,1.9777893020000192
419,OPEN,2026-10-05T17:03:30+00:00,205209600,409600,1259,2207744,1016873,880881,6119,2792,12.308578453000337,2.072398976999466
420,OPEN,2026-10-05T17:04:00+00:00,205615104,405504,1262,2207744,1017077,881096,6119,2793,12.177863957999762,2.069492088999141
421,OPEN,2026-10-05T17:04:30+00:00,206020608,405504,1265,2207744,1016787,880813,6119,2792,12.471787071000108,2.1020859070004008
422,OPEN,2026-10-05T17:05:00+00:00,206434304,413696,1268,2207744,1016761,880764,6119,2793,13.035187273000702,2.267691200000627
423,OPEN,2026-10-05T17:05:30+00:00,206839808,405504,1271,2207744,1016926,880941,6119,2793,13.40013183100018,2.2582501510005386
424,OPEN,2026-10-05T17:06:00+00:00,207278080,438272,1274,2207744,1016879,880966,6119,2790,13.202979929999856,2.214087618999656
425,OPEN,2026-10-05T17:06:30+00:00,207683584,405504,1277,2207744,1016821,880779,6119,2793,13.203148754999347,2.3204226569996536
426,OPEN,2026-10-05T17:07:00+00:00,208105472,421888,1280,2207744,1016589,880590,6119,2793,13.156978308000362,2.2999840239999685
427,OPEN,2026-10-05T17:07:30+00:00,208510976,405504,1283,2207744,1016774,880751,6119,2792,13.148315804000049,2.2536155629995847
428,OPEN,2026-10-05T17:08:00+00:00,208916480,405504,1286,2207744,1016227,880457,6119,2791,13.127593391000119,2.3113417569993544
429,OPEN,2026-10-05T17:08:30+00:00,209338368,421888,1289,2207744,1016495,880510,6119,2793,13.435649631999695,2.5507658000005904
430,OPEN,2026-10-05T17:09:00+00:00,209743872,405504,1292,2207744,1016749,880764,6119,2793,12.949840336000307,2.322951875000399
431,OPEN,2026-10-05T17:09:30+00:00,210149376,405504,1295,2207744,1016251,880435,6119,2793,13.454904565999641,2.5382702580000114
432,OPEN,2026-10-05T17:10:00+00:00,210558976,409600,1298,2207744,1016199,880402,6119,2793,13.346085357000447,2.4367114879996734
433,OPEN,2026-10-05T17:10:30+00:00,210972672,413696,1301,2207744,1016294,880537,6119,2793,13.390864901999521,2.44651244600027
434,OPEN,2026-10-05T17:11:00+00:00,211673088,700416,1304,2211840,1016816,880837,6119,2793,13.720496156999616,2.524444974000289
435,OPEN,2026-10-05T17:11:30+00:00,212373504,700416,1307,2207744,1016747,880696,6119,2792,13.958181010000771,2.5322103879998394
436,OPEN,2026-10-05T17:12:00+00:00,212795392,421888,1310,2207744,1016520,880559,6119,2793,13.539912117999847,2.5130797189995064
437,OPEN,2026-10-05T17:12:30+00:00,213217280,421888,1313,2207744,1016489,880756,6119,2793,13.511012000999472,2.618723429000056
438,OPEN,2026-10-05T17:13:00+00:00,213622784,405504,1316,2207744,1016443,880430,6119,2792,14.15837950599962,2.7076265050000075
439,OPEN,2026-10-05T17:13:30+00:00,214040576,417792,1319,2207744,1016529,880533,6119,2793,14.27867434899963,2.6892626050002946
440,OPEN,2026-10-05T17:14:00+00:00,214450176,409600,1322,2207744,1016770,880807,6119,2793,14.132861684999625,2.7456680719997166
441,OPEN,2026-10-05T17:14:30+00:00,214859776,409600,1325,2207744,1016528,880540,6119,2793,14.212015713000255,2.7943542279999747
442,OPEN,2026-10-05T17:15:00+00:00,215269376,409600,1328,2207744,1016279,880484,6119,2793,14.495029448000423,2.9527296729993395
443,OPEN,2026-10-05T17:15:30+00:00,215674880,405504,1331,2207744,1016816,880889,6119,2793,14.43134266800007,2.7637865040005636
444,OPEN,2026-10-05T17:16:00+00:00,216080384,405504,1334,2207744,1016932,880998,6119,2793,14.600076393999188,2.807662135999635
445,OPEN,2026-10-05T17:16:30+00:00,216485888,405504,1337,2207744,1016548,880535,6119,2793,14.708466932000192,2.936216040000545
446,OPEN,2026-10-05T17:17:00+00:00,216895488,409600,1340,2207744,1016827,880858,6119,2791,15.14767903200027,3.0490882049998618
447,OPEN,2026-10-05T17:17:30+00:00,217300992,405504,1343,2207744,1017105,881101,6119,2793,14.88207432300078,3.0416397680000955
448,OPEN,2026-10-05T17:18:00+00:00,218615808,1314816,1346,2207744,1016858,880866,6119,2793,13.824743967999893,2.288604268999734
449,OPEN,2026-10-05T17:18:30+00:00,219025408,409600,1349,2207744,1016789,880774,6119,2792,12.144883189999746,1.9780539659996066
450,OPEN,2026-10-05T17:19:00+00:00,219430912,405504,1352,2207744,1016792,880819,6119,2793,13.877253516000565,2.0279273320002176
451,OPEN,2026-10-05T17:19:30+00:00,219836416,405504,1355,2207744,1016792,880764,6119,2793,12.53058744200007,2.0351509860001897
452,OPEN,2026-10-05T17:20:00+00:00,220246016,409600,1358,2207744,1016743,880761,6119,2793,12.393452996000633,2.177405467999961
453,OPEN,2026-10-05T17:20:30+00:00,220651520,405504,1361,2207744,1017129,881165,6119,2792,12.861782595000477,2.0872063329998127
454,OPEN,2026-10-05T17:21:00+00:00,221057024,405504,1364,2207744,1017120,881111,6119,2792,12.552882523000335,2.15822814799958
455,OPEN,2026-10-05T17:21:30+00:00,221462528,405504,1367,2207744,1016619,880803,6119,2793,12.8440607120001,2.161033733000295
456,OPEN,2026-10-05T17:22:00+00:00,221872128,409600,1370,2207744,1016917,880964,6119,2793,12.890066049999405,2.191941928000233
457,OPEN,2026-10-05T17:22:30+00:00,222277632,405504,1373,2207744,1017153,881140,6119,2793,13.002400065000074,2.2640069959998073
458,OPEN,2026-10-05T17:23:00+00:00,222683136,405504,1376,2207744,1016867,880861,6119,2793,13.039480698999796,2.274822748000588
459,OPEN,2026-10-05T17:23:30+00:00,223092736,409600,1379,2207744,1016500,880498,6119,2792,13.00283954400038,2.2921189729995604
460,OPEN,2026-10-05T17:24:00+00:00,223498240,405504,1382,2207744,1016763,880756,6119,2792,13.392771162000827,2.3368509639994954
461,OPEN,2026-10-05T17:24:30+00:00,223903744,405504,1385,2207744,1016893,880860,6119,2793,13.30369265599984,2.476792694999858
462,OPEN,2026-10-05T17:25:00+00:00,224317440,413696,1388,2207744,1016489,880450,6119,2793,14.009895510000206,2.542873145000158
463,OPEN,2026-10-05T17:25:30+00:00,224731136,413696,1391,2207744,1016875,880905,6119,2792,14.032324034999874,2.5083795219998137
464,OPEN,2026-10-05T17:26:00+00:00,225144832,413696,1394,2207744,1016883,880915,6119,2793,14.708531331999438,2.587419170999965
465,OPEN,2026-10-05T17:26:30+00:00,225550336,405504,1397,2207744,1016524,880525,6119,2792,13.719432939999933,2.5097030599999925
466,OPEN,2026-10-05T17:27:00+00:00,225964032,413696,1400,2207744,1016536,880564,6119,2793,14.466285900000003,2.677129302999674
467,OPEN,2026-10-05T17:27:30+00:00,226373632,409600,1403,2207744,1016810,880861,6119,2793,14.177956367999286,2.6678159590001087
468,OPEN,2026-10-05T17:28:00+00:00,226795520,421888,1406,2207744,1016513,880512,6119,2793,13.944557931000418,2.57633132599949
469,OPEN,2026-10-05T17:28:30+00:00,227217408,421888,1409,2207744,1016758,880749,6119,2792,13.739826907999486,2.7484858359994178
470,OPEN,2026-10-05T17:29:00+00:00,227622912,405504,1412,2207744,1016698,880698,6119,2791,14.456048019999798,2.7566630830006034
471,OPEN,2026-10-05T17:29:30+00:00,228028416,405504,1415,2207744,1016707,880756,6119,2793,14.49511867000001,2.763264001000607
472,OPEN,2026-10-05T17:30:00+00:00,228442112,413696,1418,2207744,1016499,880730,6119,2792,14.412556966999546,2.7722716880007283
473,OPEN,2026-10-05T17:30:30+00:00,228851712,409600,1421,2207744,1016791,880796,6119,2793,14.540856223999981,2.7151904960001048
474,OPEN,2026-10-05T17:31:00+00:00,229265408,413696,1424,2207744,1016872,881132,6119,2793,14.048415614000078,2.8398174240001026
475,OPEN,2026-10-05T17:31:30+00:00,229670912,405504,1427,2207744,1016728,880738,6119,2792,14.33726329899946,2.830903230000331
476,OPEN,2026-10-05T17:32:00+00:00,230084608,413696,1430,2207744,1016629,880859,6119,2791,14.270438162000573,2.8145993590005673
477,OPEN,2026-10-05T17:32:30+00:00,230490112,405504,1433,2207744,1017037,881089,6119,2793,14.196354645999236,2.8862263310002163
478,OPEN,2026-10-05T17:33:00+00:00,230899712,409600,1436,2207744,1016791,880808,6119,2792,14.424385238000468,2.9058346609999717
479,OPEN,2026-10-05T17:33:30+00:00,231309312,409600,1439,2207744,1016782,880755,6119,2793,14.3135519260004,3.026895716000581
480,OPEN,2026-10-05T17:34:00+00:00,232628224,1318912,1442,2207744,1016735,880781,6119,2791,13.780923944000278,2.41248590899977
481,OPEN,2026-10-05T17:34:30+00:00,233033728,405504,1445,2207744,1016765,880756,6119,2793,13.782643591000124,2.04869852200045
482,OPEN,2026-10-05T17:35:00+00:00,233439232,405504,1448,2207744,1016586,880802,6119,2792,13.93197983400023,2.1969179509997048
483,OPEN,2026-10-05T17:35:30+00:00,233844736,405504,1451,2207744,1016750,880779,6119,2793,12.800212839999404,2.0864706210004442
484,OPEN,2026-10-05T17:36:00+00:00,234250240,405504,1454,2207744,1017095,881136,6119,2792,12.718370786999913,2.14464345900069
485,OPEN,2026-10-05T17:36:30+00:00,234655744,405504,1457,2207744,1016697,880747,6119,2793,12.874853520000215,2.2202190219995828
486,OPEN,2026-10-05T17:37:00+00:00,235069440,413696,1460,2207744,1016804,881049,6119,2793,13.17600577400026,2.2533972259998336
487,OPEN,2026-10-05T17:37:30+00:00,235474944,405504,1463,2207744,1017015,881034,6119,2792,13.039301603999775,2.326015986999664
488,OPEN,2026-10-05T17:38:00+00:00,235880448,405504,1466,2207744,1016893,880984,6119,2792,13.43271746299979,2.342528881999897
489,OPEN,2026-10-05T17:38:30+00:00,236302336,421888,1469,2207744,1016841,881195,6119,2793,13.053545929999927,2.2147356979994584
490,OPEN,2026-10-05T17:39:00+00:00,236724224,421888,1472,2207744,1017124,881146,6119,2793,13.509684325000308,2.393333960999371
491,OPEN,2026-10-05T17:39:30+00:00,237129728,405504,1475,2207744,1017081,881096,6119,2792,13.56052495899985,2.411082374000216
492,OPEN,2026-10-05T17:40:00+00:00,237539328,409600,1478,2207744,1016808,880846,6119,2790,13.584972749000372,2.4341367799997897
493,OPEN,2026-10-05T17:40:30+00:00,237944832,405504,1481,2207744,1016772,880786,6119,2793,13.648992946999897,2.585458851000112
494,OPEN,2026-10-05T17:41:00+00:00,238350336,405504,1484,2207744,1017083,881111,6119,2792,13.723935011000322,2.4689438820005307
495,OPEN,2026-10-05T17:41:30+00:00,238755840,405504,1487,2207744,1016731,880726,6119,2793,13.560421999000027,2.49691163999978
496,OPEN,2026-10-05T17:42:00+00:00,239161344,405504,1490,2207744,1016737,880767,6119,2793,14.19205718900048,2.597068545000184
497,OPEN,2026-10-05T17:42:30+00:00,239566848,405504,1493,2207744,1016809,881002,6119,2793,13.659643368999241,2.533973584000705
498,OPEN,2026-10-05T17:43:00+00:00,239980544,413696,1496,2207744,1016965,881146,6119,2792,14.623875367999972,2.825484284000595
499,OPEN,2026-10-05T17:43:30+00:00,240390144,409600,1499,2207744,1016693,880707,6119,2792,14.783703323999362,2.7920643750003364
500,OPEN,2026-10-05T17:44:00+00:00,240795648,405504,1502,2207744,1016699,880758,6119,2793,14.66011266500027,2.730349431999457
501,OPEN,2026-10-05T17:44:30+00:00,241201152,405504,1505,2207744,1016748,880765,6119,2792,14.895014765000269,2.86911598900042
502,OPEN,2026-10-05T17:45:00+00:00,241614848,413696,1508,2207744,1016616,880661,6119,2793,14.923655206999683,2.8283212019996427
503,OPEN,2026-10-05T17:45:30+00:00,242020352,405504,1511,2207744,1016460,880638,6119,2792,14.624480287999177,2.859009925000464
504,OPEN,2026-10-05T17:46:00+00:00,242425856,405504,1514,2207744,1016664,880923,6119,2793,14.27571901400006,2.903474035999352
505,OPEN,2026-10-05T17:46:30+00:00,242835456,409600,1517,2207744,1016669,880623,6119,2791,14.038768137000261,2.75414395900043
506,OPEN,2026-10-05T17:47:00+00:00,243249152,413696,1520,2207744,1016888,880871,6119,2793,13.880836563999765,2.7918295079998643
507,OPEN,2026-10-05T17:47:30+00:00,243658752,409600,1523,2207744,1016850,880780,6119,2792,14.210628959000132,2.8241742330001216
508,OPEN,2026-10-05T17:48:00+00:00,244068352,409600,1526,2207744,1016762,880830,6119,2793,13.411025878000146,2.8711157540001295
509,OPEN,2026-10-05T17:48:30+00:00,244477952,409600,1529,2207744,1016823,880802,6119,2792,14.289992770999561,2.861271327000395
510,OPEN,2026-10-05T17:49:00+00:00,244883456,405504,1532,2207744,1017029,881048,6119,2792,14.307351311000275,2.925544878999972
511,OPEN,2026-10-05T17:49:30+00:00,245288960,405504,1535,2207744,1016749,880733,6119,2793,14.394864770999448,2.970323763000124
512,OPEN,2026-10-05T17:50:00+00:00,246603776,1314816,1538,2207744,1016531,880763,6119,2793,13.409834592999687,2.3790457570003127
513,OPEN,2026-10-05T17:50:30+00:00,247009280,405504,1541,2207744,1016932,881145,6119,2793,13.125628348000646,1.9812591359996077
514,OPEN,2026-10-05T17:51:00+00:00,247414784,405504,1544,2207744,1017133,881119,6119,2793,13.21950742900026,2.069970155000192
515,OPEN,2026-10-05T17:51:30+00:00,247820288,405504,1547,2207744,1016803,880828,6119,2792,12.0753628880002,2.0247978239995064
516,OPEN,2026-10-05T17:52:00+00:00,248229888,409600,1550,2207744,1017025,881075,6119,2792,11.875824490000014,2.0616812420003043
517,OPEN,2026-10-05T17:52:30+00:00,248635392,405504,1553,2207744,1016857,881056,6119,2793,11.916585418999603,2.0386601740001424
518,OPEN,2026-10-05T17:53:00+00:00,249073664,438272,1556,2207744,1016928,880927,6119,2789,12.053179600000476,2.1572889750004833
519,OPEN,2026-10-05T17:53:30+00:00,249487360,413696,1559,2207744,1016818,880832,6119,2793,12.196504680000544,2.1444708079998236
520,OPEN,2026-10-05T17:54:00+00:00,249892864,405504,1562,2207744,1016803,881046,6119,2793,12.185534225999618,2.1528737690005073
521,OPEN,2026-10-05T17:54:30+00:00,250298368,405504,1565,2207744,1016776,880810,6119,2793,12.25658741999996,2.241877181999371
522,OPEN,2026-10-05T17:55:00+00:00,250707968,409600,1568,2207744,1016763,880920,6119,2792,12.27359425099985,2.205194947000564
523,OPEN,2026-10-05T17:55:30+00:00,251113472,405504,1571,2207744,1017161,881160,6119,2792,12.196361420999892,2.1928761789995406
524,OPEN,2026-10-05T17:56:00+00:00,251518976,405504,1574,2207744,1017071,881099,6119,2792,12.3801803869992,2.2340430399999605
525,OPEN,2026-10-05T17:56:30+00:00,251924480,405504,1577,2207744,1017076,881096,6119,2793,12.909427290999702,2.354503735000435
526,OPEN,2026-10-05T17:57:00+00:00,252334080,409600,1580,2207744,1016758,880765,6119,2793,12.86529300300026,2.334605422000095
527,OPEN,2026-10-05T17:57:30+00:00,252739584,405504,1583,2207744,1016627,880804,6119,2793,12.687465332000102,2.36718858399945
528,OPEN,2026-10-05T17:58:00+00:00,253145088,405504,1586,2207744,1016779,880804,6119,2792,12.820467036000082,2.3927179359998263
529,OPEN,2026-10-05T17:58:30+00:00,253566976,421888,1589,2207744,1016760,880787,6119,2793,12.90452576000007,2.392091409999921
530,OPEN,2026-10-05T17:59:00+00:00,253972480,405504,1592,2207744,1016715,881000,6119,2792,13.240862956000456,2.567020505999608
531,OPEN,2026-10-05T17:59:30+00:00,254377984,405504,1595,2207744,1016679,880789,6119,2793,13.429691184000148,2.521018749000177
532,OPEN,2026-10-05T18:00:00+00:00,254799872,421888,1598,2207744,1016593,880649,6119,2792,13.499622680999892,2.630568284000219
533,OPEN,2026-10-05T18:00:30+00:00,255205376,405504,1601,2207744,1016776,880829,6119,2793,13.26230254499933,2.5300349589997495
534,OPEN,2026-10-05T18:01:00+00:00,255610880,405504,1604,2207744,1017060,881079,6119,2792,14.011652546000732,2.7435644400002275
535,OPEN,2026-10-05T18:01:30+00:00,256016384,405504,1607,2207744,1016900,880952,6119,2791,14.048356570000578,2.69872838900028
536,OPEN,2026-10-05T18:02:00+00:00,256438272,421888,1610,2207744,1016756,880747,6119,2792,14.06998637400011,2.7652774690004662
537,OPEN,2026-10-05T18:02:30+00:00,256860160,421888,1613,2207744,1016899,880914,6119,2793,14.697950216000208,2.811066801999914
538,OPEN,2026-10-05T18:03:00+00:00,257265664,405504,1616,2207744,1016655,880656,6119,2793,13.536844700999609,2.8372344880008313
539,OPEN,2026-10-05T18:03:30+00:00,257679360,413696,1619,2207744,1016632,880853,6119,2793,14.371481961999962,2.881479904000116
540,OPEN,2026-10-05T18:04:00+00:00,258088960,409600,1622,2207744,1017111,881124,6119,2793,14.344027641000139,2.8971966119997887
541,OPEN,2026-10-05T18:04:30+00:00,258498560,409600,1625,2207744,1016875,880851,6119,2793,14.478149057999872,2.8656730290003907
542,OPEN,2026-10-05T18:05:00+00:00,258908160,409600,1628,2207744,1016736,880707,6119,2793,15.00203380000039,3.043871570999727
543,OPEN,2026-10-05T18:05:30+00:00,259313664,405504,1631,2207744,1016799,880925,6119,2793,15.010848132999854,3.0882535740001913
544,OPEN,2026-10-05T18:06:00+00:00,260628480,1314816,1634,2207744,1016711,880952,6119,2792,14.232826831000239,2.428657363999264
545,OPEN,2026-10-05T18:06:30+00:00,261033984,405504,1637,2207744,1016832,880811,6119,2792,14.115404913999555,2.1535734530007176
546,OPEN,2026-10-05T18:07:00+00:00,261439488,405504,1640,2207744,1016981,880991,6119,2793,14.112861536999844,2.1265171409995673
547,OPEN,2026-10-05T18:07:30+00:00,261844992,405504,1643,2207744,1017163,881207,6119,2793,12.659005964000244,2.1211586239996905
548,OPEN,2026-10-05T18:08:00+00:00,262250496,405504,1646,2207744,1016699,880976,6119,2793,12.995172380999975,2.2705948699995133
549,OPEN,2026-10-05T18:08:30+00:00,262660096,409600,1649,2207744,1017104,881134,6119,2793,12.91119273699951,2.220542911000848
550,OPEN,2026-10-05T18:09:00+00:00,263065600,405504,1652,2207744,1016973,881145,6119,2793,12.89520906100006,2.2398736140003166
551,OPEN,2026-10-05T18:09:30+00:00,263487488,421888,1655,2207744,1017063,881086,6119,2792,13.051876824999454,2.2888899470008255
552,OPEN,2026-10-05T18:10:00+00:00,263909376,421888,1658,2207744,1016945,880894,6119,2793,13.129331852999712,2.323796933000267
553,OPEN,2026-10-05T18:10:30+00:00,264314880,405504,1661,2207744,1017115,881167,6119,2793,13.353539396000087,2.356763890000366
554,OPEN,2026-10-05T18:11:00+00:00,264724480,409600,1664,2207744,1017018,881030,6119,2792,13.42097294299947,2.4243100349995075
555,OPEN,2026-10-05T18:11:30+00:00,265129984,405504,1667,2207744,1017051,881083,6119,2793,13.75486978400022,2.4573181129999284
556,OPEN,2026-10-05T18:12:00+00:00,265539584,409600,1670,2207744,1016875,880942,6119,2792,13.516297217999636,2.45764957099982
557,OPEN,2026-10-05T18:12:30+00:00,265945088,405504,1673,2207744,1017027,881046,6119,2792,13.788118718999613,2.525825007000094
558,OPEN,2026-10-05T18:13:00+00:00,266350592,405504,1676,2207744,1016866,880873,6119,2792,13.707170233000397,2.454836941999929
559,OPEN,2026-10-05T18:13:30+00:00,266760192,409600,1679,2207744,1016873,880796,6119,2793,13.941579604999788,2.5488601140004903
560,OPEN,2026-10-05T18:14:00+00:00,267165696,405504,1682,2207744,1017077,881108,6119,2792,13.615761546999238,2.531587228999342
561,OPEN,2026-10-05T18:14:30+00:00,267571200,405504,1685,2207744,1017238,881241,6119,2793,13.699734463999448,2.6735751759997584
562,OPEN,2026-10-05T18:15:00+00:00,267980800,409600,1688,2207744,1016721,880670,6119,2793,13.69044550199942,2.6025721999994857
563,OPEN,2026-10-05T18:15:30+00:00,268402688,421888,1691,2207744,1016895,880906,6119,2792,13.903836993999903,2.6774641890006023
564,OPEN,2026-10-05T18:16:00+00:00,268824576,421888,1694,2207744,1016880,880889,6119,2793,14.999660425000002,2.9608105199995407
565,OPEN,2026-10-05T18:16:30+00:00,269230080,405504,1697,2207744,1016894,880918,6119,2793,15.20780682000077,2.884926431000167
566,OPEN,2026-10-05T18:17:00+00:00,269639680,409600,1700,2207744,1016885,880893,6119,2792,14.94697831600024,2.886133346000861
567,OPEN,2026-10-05T18:17:30+00:00,270045184,405504,1703,2207744,1017055,881093,6119,2793,14.40641480999966,2.7099981719993593
568,OPEN,2026-10-05T18:18:00+00:00,270467072,421888,1706,2207744,1016868,880905,6119,2793,14.065919606000534,2.7783481770002254
569,OPEN,2026-10-05T18:18:30+00:00,270888960,421888,1709,2207744,1016381,880397,6119,2793,14.375463131999823,2.811874875000285
570,OPEN,2026-10-05T18:19:00+00:00,271294464,405504,1712,2207744,1016540,880699,6119,2792,14.082816220000495,2.732503710000856
571,OPEN,2026-10-05T18:19:30+00:00,271699968,405504,1715,2207744,1016776,880782,6119,2793,12.898379573999591,2.719973616999596
572,OPEN,2026-10-05T18:20:00+00:00,272113664,413696,1718,2207744,1016364,880451,6119,2793,13.652910034000342,2.8112510760001896
573,OPEN,2026-10-05T18:20:30+00:00,272523264,409600,1721,2207744,1016512,880521,6119,2792,13.802516799999466,2.869986665000397
574,OPEN,2026-10-05T18:21:00+00:00,272928768,405504,1724,2207744,1016841,880877,6119,2793,13.944016933000057,2.8273299709999264
575,OPEN,2026-10-05T18:21:30+00:00,273334272,405504,1727,2207744,1016348,880528,6119,2792,13.958260218999385,2.9044602979993215
576,OPEN,2026-10-05T18:22:00+00:00,274653184,1318912,1730,2207744,1016616,880666,6119,2793,13.005561997000768,2.2488150990002396
577,OPEN,2026-10-05T18:22:30+00:00,275058688,405504,1733,2207744,1016490,880773,6119,2792,12.87135254199984,1.930113510999945
578,OPEN,2026-10-05T18:23:00+00:00,275464192,405504,1736,2207744,1016384,880457,6119,2793,13.091933879999488,2.0048478549997526
579,OPEN,2026-10-05T18:23:30+00:00,275873792,409600,1739,2207744,1016535,880499,6119,2792,12.326202004000152,2.1154429770003844
580,OPEN,2026-10-05T18:24:00+00:00,276279296,405504,1742,2207744,1016483,880742,6119,2793,12.58180800700029,2.0693509789998643
581,OPEN,2026-10-05T18:24:30+00:00,276684800,405504,1745,2207744,1016904,880882,6119,2792,12.524758990999544,2.151299523000489
582,OPEN,2026-10-05T18:25:00+00:00,277090304,405504,1748,2207744,1016792,880794,6119,2793,12.764828307999778,2.2999913929998
583,OPEN,2026-10-05T18:25:30+00:00,277495808,405504,1751,2207744,1016707,880768,6119,2793,13.41139297599966,2.3402321309995386
584,OPEN,2026-10-05T18:26:00+00:00,277901312,405504,1754,2207744,1017095,881121,6119,2792,13.294750686000043,2.3086422149999635
585,OPEN,2026-10-05T18:26:30+00:00,278306816,405504,1757,2207744,1016583,880781,6119,2793,13.25860565199946,2.3400464309997915
586,OPEN,2026-10-05T18:27:00+00:00,278716416,409600,1760,2207744,1016806,880752,6119,2793,13.795013009000286,2.393385364999631
587,OPEN,2026-10-05T18:27:30+00:00,279121920,405504,1763,2207744,1016793,880808,6119,2792,13.243071292999957,2.354798190999645
588,OPEN,2026-10-05T18:28:00+00:00,279527424,405504,1766,2207744,1016754,880699,6119,2792,12.962679362000017,2.3372303610003655
589,OPEN,2026-10-05T18:28:30+00:00,279949312,421888,1769,2207744,1016863,880866,6119,2792,13.406682654000178,2.441660822999438
590,OPEN,2026-10-05T18:29:00+00:00,280371200,421888,1772,2207744,1016832,881143,6119,2793,14.041974880999987,2.8334772070002145
591,OPEN,2026-10-05T18:29:30+00:00,280784896,413696,1775,2207744,1017184,881227,6119,2792,13.811743802999445,2.5614235350003582
592,OPEN,2026-10-05T18:30:00+00:00,281198592,413696,1778,2207744,1016822,880845,6119,2793,14.803412379000292,2.826944596999965
593,OPEN,2026-10-05T18:30:30+00:00,281604096,405504,1781,2207744,1016853,880897,6119,2793,14.346649150000303,2.649909034999837
594,OPEN,2026-10-05T18:31:00+00:00,282009600,405504,1784,2207744,1017197,881189,6119,2793,14.41351401799966,2.653211036999892
595,OPEN,2026-10-05T18:31:30+00:00,282415104,405504,1787,2207744,1016844,880834,6119,2793,13.783142618000056,2.638953055999991
596,OPEN,2026-10-05T18:32:00+00:00,282824704,409600,1790,2207744,1016443,880438,6119,2792,14.633358097999917,2.732609247000255
597,OPEN,2026-10-05T18:32:30+00:00,283234304,409600,1793,2207744,1016780,880770,6119,2793,14.689480688999538,2.8042144950004513
598,OPEN,2026-10-05T18:33:00+00:00,283639808,405504,1796,2207744,1016607,880857,6119,2793,14.951582999000493,3.0585651310002504
599,OPEN,2026-10-05T18:33:30+00:00,284049408,409600,1799,2207744,1016455,880481,6119,2793,15.026577984999676,2.80154443200081
600,OPEN,2026-10-05T18:34:00+00:00,284491776,442368,1802,2207744,1016640,880917,6119,2792,14.121815684000467,2.853093294000246
601,OPEN,2026-10-05T18:34:30+00:00,284897280,405504,1805,2207744,1016843,880839,6119,2792,14.493614758999684,2.87093763699977
602,OPEN,2026-10-05T18:35:00+00:00,285302784,405504,1808,2207744,1016507,880482,6119,2793,15.311294008999539,3.0873874319995593
603,OPEN,2026-10-05T18:35:30+00:00,285708288,405504,1811,2207744,1016411,880402,6119,2793,14.423896620999585,2.832845113000076
604,OPEN,2026-10-05T18:36:00+00:00,286113792,405504,1814,2207744,1016678,880655,6119,2791,15.158682522000163,3.1276649820001694
605,OPEN,2026-10-05T18:36:30+00:00,286519296,405504,1817,2207744,1016372,880341,6119,2792,15.25470723700073,3.074873908999507
606,OPEN,2026-10-05T18:37:00+00:00,286928896,409600,1820,2207744,1016515,880500,6119,2793,15.435640302000138,3.0392326909995973
607,OPEN,2026-10-05T18:37:30+00:00,287338496,409600,1823,2207744,1016784,880772,6119,2792,15.514458655999988,3.169386241000211
608,OPEN,2026-10-05T18:38:00+00:00,288653312,1314816,1826,2207744,1016859,880878,6119,2792,14.165089064000313,2.3831825540000864
609,OPEN,2026-10-05T18:38:30+00:00,289062912,409600,1829,2207744,1016556,880551,6119,2793,13.62022452399924,2.0503278209998825
610,OPEN,2026-10-05T18:39:00+00:00,289468416,405504,1832,2207744,1016745,880773,6119,2792,13.748019378000208,2.0996626430005563
611,OPEN,2026-10-05T18:39:30+00:00,289873920,405504,1835,2207744,1016432,880447,6119,2793,12.493310759999986,2.143516410000302
612,OPEN,2026-10-05T18:40:00+00:00,290295808,421888,1838,2207744,1016406,880447,6119,2793,12.190738014999624,2.175851744999818
613,OPEN,2026-10-05T18:40:30+00:00,290717696,421888,1841,2207744,1016693,880854,6119,2793,12.291948510000111,2.1533015179993527
614,OPEN,2026-10-05T18:41:00+00:00,291123200,405504,1844,2207744,1016847,880862,6119,2792,12.856293874000585,2.3406251710002834
615,OPEN,2026-10-05T18:41:30+00:00,291528704,405504,1847,2207744,1016497,880505,6119,2792,12.802169378999679,2.286626018998504
616,OPEN,2026-10-05T18:42:00+00:00,291934208,405504,1850,2207744,1016748,880729,6119,2792,12.917850773999817,2.348198001000128
617,OPEN,2026-10-05T18:42:30+00:00,292339712,405504,1853,2207744,1016996,880961,6119,2791,12.904172980999647,2.350826917001541
618,OPEN,2026-10-05T18:43:00+00:00,292745216,405504,1856,2207744,1017107,881123,6119,2792,13.14905692100001,2.4966670889989473
619,OPEN,2026-10-05T18:43:30+00:00,293154816,409600,1859,2207744,1016804,880781,6119,2792,13.206140570999196,2.489511619000041
620,OPEN,2026-10-05T18:44:00+00:00,293560320,405504,1862,2207744,1016960,881007,6119,2793,13.35947990799832,2.420516543999838
621,OPEN,2026-10-05T18:44:30+00:00,293969920,409600,1865,2207744,1016780,880776,6119,2793,13.168325484999514,2.464956935000373
622,OPEN,2026-10-05T18:45:00+00:00,294379520,409600,1868,2207744,1016642,880690,6119,2793,13.071150596000734,2.444183587000225
623,OPEN,2026-10-05T18:45:30+00:00,294785024,405504,1871,2207744,1016900,880909,6119,2792,13.176939106000646,2.513946049999504
624,OPEN,2026-10-05T18:46:00+00:00,295194624,409600,1874,2207744,1016861,880921,6119,2793,13.521646434999639,2.551644404000399
625,OPEN,2026-10-05T18:46:30+00:00,295600128,405504,1877,2207744,1016834,880828,6119,2792,13.21250278700063,2.495955477001189
626,OPEN,2026-10-05T18:47:00+00:00,296013824,413696,1880,2207744,1016461,880489,6119,2793,13.346297459000198,2.5263544369990996
627,OPEN,2026-10-05T18:47:30+00:00,296423424,409600,1883,2207744,1016753,880793,6119,2793,13.37071604799894,2.586641634999978
628,OPEN,2026-10-05T18:48:00+00:00,296837120,413696,1886,2207744,1016581,880784,6119,2793,13.861031336999076,2.6464128870011336
629,OPEN,2026-10-05T18:48:30+00:00,297246720,409600,1889,2207744,1016813,880859,6119,2793,13.759756858999026,2.718113650000305
630,OPEN,2026-10-05T18:49:00+00:00,297656320,409600,1892,2207744,1017055,881088,6119,2793,14.054225726000368,2.849321494000833
631,OPEN,2026-10-05T18:49:30+00:00,298074112,417792,1895,2207744,1016796,880790,6119,2792,14.411397297000804,2.8280063449983572
632,OPEN,2026-10-05T18:50:00+00:00,298500096,425984,1898,2207744,1016443,880389,6119,2793,14.530377627001144,2.9479182989998662
633,OPEN,2026-10-05T18:50:30+00:00,298905600,405504,1901,2207744,1016495,880522,6119,2793,14.216140082999118,2.8892356519991154
634,OPEN,2026-10-05T18:51:00+00:00,299327488,421888,1904,2207744,1016665,880759,6119,2792,14.731625709000582,2.863719143000708
635,OPEN,2026-10-05T18:51:30+00:00,299749376,421888,1907,2207744,1016685,880678,6119,2792,15.478578088999711,3.1070794180013763
636,OPEN,2026-10-05T18:52:00+00:00,300171264,421888,1910,2207744,1016374,880390,6119,2792,14.221310321998317,3.038233378998484
637,OPEN,2026-10-05T18:52:30+00:00,300593152,421888,1913,2207744,1016675,880653,6119,2792,15.558100648999243,3.1595765230013058
638,OPEN,2026-10-05T18:53:00+00:00,300998656,405504,1916,2207744,1016387,880385,6119,2793,15.927372595000634,3.258477479999783
639,OPEN,2026-10-05T18:53:30+00:00,301412352,413696,1919,2207744,1016198,880453,6119,2792,15.707443183000578,3.184939871000097
640,OPEN,2026-10-05T18:54:00+00:00,302731264,1318912,1922,2207744,1016701,880672,6119,2792,14.316874621999887,2.52386206600022
641,OPEN,2026-10-05T18:54:30+00:00,303140864,409600,1925,2207744,1016316,880441,6119,2792,14.659232032001455,2.2681809830010025
642,OPEN,2026-10-05T18:55:00+00:00,303550464,409600,1928,2207744,1016392,880352,6119,2791,14.047459780000281,2.24512198299999
643,OPEN,2026-10-05T18:55:30+00:00,303955968,405504,1931,2207744,1016412,880560,6119,2793,12.934982986998875,2.2222372839987656
644,OPEN,2026-10-05T18:56:00+00:00,304361472,405504,1934,2207744,1016880,880889,6119,2793,13.411614669999835,2.5089063569994323
645,OPEN,2026-10-05T18:56:30+00:00,304766976,405504,1937,2207744,1016500,880606,6119,2793,14.05440163700041,2.2591468039991014
646,OPEN,2026-10-05T18:57:00+00:00,305176576,409600,1940,2207744,1016266,880587,6119,2791,13.046014923998882,2.237761403001059
647,OPEN,2026-10-05T18:57:30+00:00,305582080,405504,1943,2207744,1016778,880763,6119,2792,13.157679043999451,2.3191328160010016
648,OPEN,2026-10-05T18:58:00+00:00,305987584,405504,1946,2207744,1016473,880524,6119,2792,13.267477375000453,2.429961777999779
649,OPEN,2026-10-05T18:58:30+00:00,306397184,409600,1949,2207744,1016710,880784,6119,2793,14.108718258999943,2.5297591620001185
650,OPEN,2026-10-05T18:59:00+00:00,306802688,405504,1952,2207744,1016754,880771,6119,2793,14.486302158000399,2.62300259299991
651,OPEN,2026-10-05T18:59:30+00:00,307208192,405504,1955,2207744,1016741,880780,6119,2793,14.334891603999495,2.4537664130002668
652,OPEN,2026-10-05T19:00:00+00:00,307621888,413696,1958,2207744,1016412,880632,6119,2792,13.71853923299932,2.4541215330009436
653,OPEN,2026-10-05T19:00:30+00:00,308027392,405504,1961,2207744,1016786,880796,6119,2793,13.685792168998887,2.487033497000084
654,OPEN,2026-10-05T19:01:00+00:00,308432896,405504,1964,2207744,1017075,881071,6119,2792,13.511281283001153,2.6065003570001863
655,OPEN,2026-10-05T19:01:30+00:00,308838400,405504,1967,2207744,1016930,880980,6119,2793,13.419107334000728,2.493508641999142
656,OPEN,2026-10-05T19:02:00+00:00,309248000,409600,1970,2207744,1016855,880832,6119,2793,13.414758433000316,2.682760000001508
657,OPEN,2026-10-05T19:02:30+00:00,309653504,405504,1973,2207744,1017062,881050,6119,2793,14.170492994999222,2.8227130260002014
658,OPEN,2026-10-05T19:03:00+00:00,310059008,405504,1976,2207744,1016628,880820,6119,2792,14.48024507899936,2.8012165500003903
659,OPEN,2026-10-05T19:03:30+00:00,310472704,413696,1979,2207744,1016477,880473,6119,2793,14.385429275998831,2.852164323998295
660,OPEN,2026-10-05T19:04:00+00:00,310878208,405504,1982,2207744,1016716,880763,6119,2791,15.01231136199931,2.8457199210006365
661,OPEN,2026-10-05T19:04:30+00:00,311283712,405504,1985,2207744,1016845,880853,6119,2793,14.983738151999205,2.93395962500108
662,OPEN,2026-10-05T19:05:00+00:00,311709696,425984,1988,2207744,1016168,880368,6119,2793,15.094081531000484,2.945297763999406
663,OPEN,2026-10-05T19:05:30+00:00,312115200,405504,1991,2207744,1016468,880468,6119,2793,14.40556047300015,2.791422804000831
664,OPEN,2026-10-05T19:06:00+00:00,312537088,421888,1994,2207744,1016889,880847,6119,2792,14.472850362999452,2.9764737950008566
665,OPEN,2026-10-05T19:06:30+00:00,312942592,405504,1997,2207744,1016724,880697,6119,2792,15.04940581000119,2.952307748999374
666,OPEN,2026-10-05T19:07:00+00:00,313352192,409600,2000,2207744,1016697,880728,6119,2793,15.169621259999985,3.0189285579999705
667,OPEN,2026-10-05T19:07:30+00:00,313757696,405504,2003,2207744,1016918,880968,6119,2793,15.174894818001121,3.0130925180001213
668,OPEN,2026-10-05T19:08:00+00:00,314179584,421888,2006,2207744,1016374,880702,6119,2793,14.893542408999565,2.9844410339992464
669,OPEN,2026-10-05T19:08:30+00:00,314601472,421888,2009,2207744,1016374,880442,6119,2792,16.15538112000104,3.2184037520000857
670,OPEN,2026-10-05T19:09:00+00:00,315006976,405504,2012,2207744,1016277,880545,6119,2793,16.01126588599982,3.189735928001028
671,OPEN,2026-10-05T19:09:30+00:00,315412480,405504,2015,2207744,1016269,880236,6119,2791,15.281592878000083,3.134508790999462
672,OPEN,2026-10-05T19:10:00+00:00,316727296,1314816,2018,2207744,1016218,880412,6119,2792,14.730149308999898,2.4745642869984295
673,OPEN,2026-10-05T19:10:30+00:00,317136896,409600,2021,2207744,1016307,880505,6119,2793,14.423147400999369,2.2667351410000265
674,OPEN,2026-10-05T19:11:00+00:00,317845504,708608,2024,2211840,1016696,880743,6119,2792,14.613811740999154,2.2688339470005303
675,OPEN,2026-10-05T19:11:30+00:00,318554112,708608,2027,2207744,1016387,880390,6119,2793,13.225346777000595,2.300579776001541
676,OPEN,2026-10-05T19:12:00+00:00,318959616,405504,2030,2207744,1016327,880373,6119,2793,12.828076919000523,2.2811164970007667
677,OPEN,2026-10-05T19:12:30+00:00,319365120,405504,2033,2207744,1016692,880713,6119,2793,13.422856904000582,2.381166002998725
678,OPEN,2026-10-05T19:13:00+00:00,319770624,405504,2036,2207744,1016099,880397,6119,2793,13.34883727200031,2.3464269420001074
679,OPEN,2026-10-05T19:13:30+00:00,320176128,405504,2039,2207744,1016462,880496,6119,2793,13.387200342000142,2.38142564699956
680,OPEN,2026-10-05T19:14:00+00:00,320581632,405504,2042,2207744,1016401,880641,6119,2792,13.792957912999555,2.452386361999743
681,OPEN,2026-10-05T19:14:30+00:00,320991232,409600,2045,2207744,1016258,880298,6119,2792,14.78560720599853,2.750494443000207
682,OPEN,2026-10-05T19:15:00+00:00,321396736,405504,2048,2207744,1016679,880670,6119,2793,14.629174819001491,2.4526494539986743
683,OPEN,2026-10-05T19:15:30+00:00,321802240,405504,2051,2207744,1016402,880631,6119,2793,13.853215103001276,2.4760138830006326
684,OPEN,2026-10-05T19:16:00+00:00,322207744,405504,2054,2207744,1016895,880899,6119,2792,13.98789373100044,2.596085552000659
685,OPEN,2026-10-05T19:16:30+00:00,322613248,405504,2057,2207744,1016524,880465,6119,2792,14.155689073999383,2.600813727998684
686,OPEN,2026-10-05T19:17:00+00:00,323018752,405504,2060,2207744,1016457,880659,6119,2793,14.126901675001136,2.57437539700004
687,OPEN,2026-10-05T19:17:30+00:00,323424256,405504,2063,2207744,1016565,880576,6119,2792,14.582955799000047,2.8468771389998437
688,OPEN,2026-10-05T19:18:00+00:00,323829760,405504,2066,2207744,1016513,880548,6119,2792,14.89272395899934,2.8980000659994403
689,OPEN,2026-10-05T19:18:30+00:00,324251648,421888,2069,2207744,1016632,880747,6119,2792,15.114831660001073,2.847184981999817
690,OPEN,2026-10-05T19:19:00+00:00,324673536,421888,2072,2207744,1016773,880787,6119,2791,14.957595169000342,2.6869355760009057
691,OPEN,2026-10-05T19:19:30+00:00,325079040,405504,2075,2207744,1016598,880595,6119,2793,14.173985602999892,2.7136546699985047
692,OPEN,2026-10-05T19:20:00+00:00,325492736,413696,2078,2207744,1016110,880312,6119,2793,14.168749327000114,2.9067849299990485
693,OPEN,2026-10-05T19:20:30+00:00,325898240,405504,2081,2207744,1016277,880289,6119,2793,14.372140632000082,2.8324270939992857
694,OPEN,2026-10-05T19:21:00+00:00,326303744,405504,2084,2207744,1016372,880594,6119,2792,14.45165401200029,2.94837709300009
695,OPEN,2026-10-05T19:21:30+00:00,326709248,405504,2087,2207744,1016268,880253,6119,2792,14.953056390999336,2.923919715998636
696,OPEN,2026-10-05T19:22:00+00:00,327114752,405504,2090,2207744,1016266,880294,6119,2793,14.344383268000456,2.849899684000775
697,OPEN,2026-10-05T19:22:30+00:00,327520256,405504,2093,2207744,1016478,880512,6119,2793,14.839611429000797,2.9071390200006135
698,OPEN,2026-10-05T19:23:00+00:00,327925760,405504,2096,2207744,1016572,880586,6119,2792,14.884122535000643,2.964378234000833
699,OPEN,2026-10-05T19:23:30+00:00,328331264,405504,2099,2207744,1016111,880337,6119,2793,15.189018338000096,3.0074216350003553
700,OPEN,2026-10-05T19:24:00+00:00,328736768,405504,2102,2207744,1016453,880459,6119,2792,15.388424262999251,3.0172543009994115
701,OPEN,2026-10-05T19:24:30+00:00,329142272,405504,2105,2207744,1016233,880231,6119,2792,14.807284120999611,3.0308972470011213
702,OPEN,2026-10-05T19:25:00+00:00,329551872,409600,2108,2207744,1016433,880441,6119,2793,14.811352556000202,2.9642408469990187
703,OPEN,2026-10-05T19:25:30+00:00,329965568,413696,2111,2207744,1016347,880376,6119,2792,14.825217703999442,3.0439135050000914
704,OPEN,2026-10-05T19:26:00+00:00,331280384,1314816,2114,2207744,1016701,880754,6119,2791,14.274536125998566,2.4877506439988792
705,OPEN,2026-10-05T19:26:30+00:00,331694080,413696,2117,2207744,1016380,880383,6119,2792,14.115432970000256,2.150891010000123
706,OPEN,2026-10-05T19:27:00+00:00,332107776,413696,2120,2207744,1016662,880696,6119,2793,14.48054153799967,2.234766857000068
707,OPEN,2026-10-05T19:27:30+00:00,332521472,413696,2123,2207744,1016806,880835,6119,2793,13.251130729999204,2.3241892060013924
708,OPEN,2026-10-05T19:28:00+00:00,332935168,413696,2126,2207744,1016463,880518,6119,2793,13.240935884999999,2.301131295000232
709,OPEN,2026-10-05T19:28:30+00:00,333344768,409600,2129,2207744,1016671,880643,6119,2793,13.721364484999867,2.397978109000178
710,OPEN,2026-10-05T19:29:00+00:00,333750272,405504,2132,2207744,1016778,880822,6119,2793,13.853786514000603,2.449121333000221
711,OPEN,2026-10-05T19:29:30+00:00,334172160,421888,2135,2207744,1016512,880485,6119,2792,13.635817348998899,2.4020499839989498
712,OPEN,2026-10-05T19:30:00+00:00,334598144,425984,2138,2207744,1016509,880482,6119,2791,13.813652083999841,2.41996177999863
713,OPEN,2026-10-05T19:30:30+00:00,335003648,405504,2141,2207744,1016852,880893,6119,2793,13.83971983399897,2.482272995999665
714,OPEN,2026-10-05T19:31:00+00:00,335413248,409600,2144,2207744,1016914,880877,6119,2792,13.853269264000119,2.5799302059986076
715,OPEN,2026-10-05T19:31:30+00:00,335818752,405504,2147,2207744,1016372,880551,6119,2792,14.194158733000222,2.6273112910002965
716,OPEN,2026-10-05T19:32:00+00:00,336224256,405504,2150,2207744,1016782,880776,6119,2793,14.499294889999874,2.6461361279998528
717,OPEN,2026-10-05T19:32:30+00:00,336629760,405504,2153,2207744,1016846,881012,6119,2792,14.484931179000341,2.679650522999509
718,OPEN,2026-10-05T19:33:00+00:00,337035264,405504,2156,2207744,1016693,880682,6119,2793,14.576579397000387,2.6505191739997827
719,OPEN,2026-10-05T19:33:30+00:00,337444864,409600,2159,2207744,1016824,880806,6119,2791,14.726499061998766,2.7008345869999175
720,OPEN,2026-10-05T19:34:00+00:00,337850368,405504,2162,2207744,1016986,881000,6119,2792,14.424350781999237,2.7073722919994907
721,OPEN,2026-10-05T19:34:30+00:00,338259968,409600,2165,2207744,1016700,880712,6119,2792,15.046938899000452,2.9134812890006287
722,OPEN,2026-10-05T19:35:00+00:00,338669568,409600,2168,2207744,1016796,880722,6119,2792,15.553158758999416,3.0277471089993924
723,OPEN,2026-10-05T19:35:30+00:00,339075072,405504,2171,2207744,1016904,880941,6119,2792,14.855398212999717,2.7842586359984125
724,OPEN,2026-10-05T19:36:00+00:00,339484672,409600,2174,2207744,1016678,880935,6119,2793,14.59657405300095,2.7790307870000106
725,OPEN,2026-10-05T19:36:30+00:00,339890176,405504,2177,2207744,1016787,880755,6119,2793,14.733955401001367,2.885940426000161
726,OPEN,2026-10-05T19:37:00+00:00,340299776,409600,2180,2207744,1016465,880489,6119,2793,15.15731681699981,3.0408587780002563
727,OPEN,2026-10-05T19:37:30+00:00,340705280,405504,2183,2207744,1016609,880782,6119,2793,15.807172133001586,3.1406808489991818
728,OPEN,2026-10-05T19:38:00+00:00,341110784,405504,2186,2207744,1016327,880479,6119,2793,15.804606043999229,3.118605154000761
729,OPEN,2026-10-05T19:38:30+00:00,341520384,409600,2189,2207744,1016478,880487,6119,2793,15.866834018999725,3.1055179970007885
730,OPEN,2026-10-05T19:39:00+00:00,341925888,405504,2192,2207744,1016611,880783,6119,2793,16.04057370299961,3.2144792809995124
731,OPEN,2026-10-05T19:39:30+00:00,342331392,405504,2195,2207744,1016466,880476,6119,2792,16.543155776000276,3.3305168919996504
732,OPEN,2026-10-05T19:40:00+00:00,342740992,409600,2198,2207744,1016436,880386,6119,2792,16.56511697499991,3.3376341029998002
733,OPEN,2026-10-05T19:40:30+00:00,343146496,405504,2201,2207744,1016287,880541,6119,2793,16.619261833000564,3.388037491000432
734,OPEN,2026-10-05T19:41:00+00:00,343552000,405504,2204,2207744,1016550,880764,6119,2793,16.733422933999464,3.399029751000853
735,OPEN,2026-10-05T19:41:30+00:00,343957504,405504,2207,2207744,1016688,880744,6119,2793,15.738557519000096,3.27352654599963
736,OPEN,2026-10-05T19:42:00+00:00,345276416,1318912,2210,2207744,1016310,880376,6119,2793,15.012094657999114,2.656755845999214
737,OPEN,2026-10-05T19:42:30+00:00,345694208,417792,2213,2207744,1016599,880595,6119,2793,14.4423566509995,2.1823406720013736
738,OPEN,2026-10-05T19:43:00+00:00,346099712,405504,2216,2207744,1016092,880290,6119,2792,14.557182021000699,2.2431562279998616
739,OPEN,2026-10-05T19:43:30+00:00,346509312,409600,2219,2207744,1016611,880642,6119,2793,13.136602357000811,2.2774501820003934
740,OPEN,2026-10-05T19:44:00+00:00,346918912,409600,2222,2207744,1016786,880760,6119,2792,13.012007268998786,2.2201591299999563
741,OPEN,2026-10-05T19:44:30+00:00,347328512,409600,2225,2207744,1016480,880485,6119,2793,13.239456123999844,2.340489976000754
742,OPEN,2026-10-05T19:45:00+00:00,347734016,405504,2228,2207744,1016280,880251,6119,2792,13.366945985000712,2.3628895509991708
743,OPEN,2026-10-05T19:45:30+00:00,348139520,405504,2231,2207744,1016356,880400,6119,2792,13.587700291000147,2.4436771959990438
744,OPEN,2026-10-05T19:46:00+00:00,348545024,405504,2234,2207744,1016793,880809,6119,2793,13.580878610000582,2.4440638430005492
745,OPEN,2026-10-05T19:46:30+00:00,348950528,405504,2237,2207744,1016186,880407,6119,2792,13.80097623599977,2.5330791359992872
746,OPEN,2026-10-05T19:47:00+00:00,349356032,405504,2240,2207744,1016377,880435,6119,2793,13.864190379999854,2.5125960710010986
747,OPEN,2026-10-05T19:47:30+00:00,349761536,405504,2243,2207744,1016708,880703,6119,2792,14.232653240000218,2.5675263079992874
748,OPEN,2026-10-05T19:48:00+00:00,350167040,405504,2246,2207744,1016176,880466,6119,2793,14.762917779999043,2.7632458560001396
749,OPEN,2026-10-05T19:48:30+00:00,350572544,405504,2249,2207744,1016803,880809,6119,2792,15.176448282998535,2.7530384590008907
750,OPEN,2026-10-05T19:49:00+00:00,350978048,405504,2252,2207744,1016640,880662,6119,2792,15.923796560000483,2.88161466100064
751,OPEN,2026-10-05T19:49:30+00:00,351383552,405504,2255,2207744,1016605,880669,6119,2793,15.777987777999442,3.002408419999483
752,OPEN,2026-10-05T19:50:00+00:00,351797248,413696,2258,2207744,1016656,880713,6119,2793,16.479349527000522,3.2219238889992994
753,OPEN,2026-10-05T19:50:30+00:00,352202752,405504,2261,2207744,1016666,880701,6119,2793,16.41058668400001,3.0827210520001245
754,OPEN,2026-10-05T19:51:00+00:00,352608256,405504,2264,2207744,1016882,880912,6119,2792,16.124604051999995,3.0864421280002716
755,OPEN,2026-10-05T19:51:30+00:00,353013760,405504,2267,2207744,1016356,880593,6119,2792,16.0100547180009,3.08699013200021
756,OPEN,2026-10-05T19:52:00+00:00,353423360,409600,2270,2207744,1016760,880789,6119,2792,16.050209008999445,3.1621384209993266
757,OPEN,2026-10-05T19:52:30+00:00,353828864,405504,2273,2207744,1016939,880942,6119,2792,16.300013189998936,3.137836984999012
758,OPEN,2026-10-05T19:53:00+00:00,354234368,405504,2276,2207744,1016667,880753,6119,2793,15.43537868400017,3.04477850100011
759,OPEN,2026-10-05T19:53:30+00:00,354639872,405504,2279,2207744,1016489,880435,6119,2793,15.722413864999908,3.1468208149999555
760,OPEN,2026-10-05T19:54:00+00:00,355045376,405504,2282,2207744,1016623,880633,6119,2792,15.771811881999383,3.0172315210002125
761,OPEN,2026-10-05T19:54:30+00:00,355450880,405504,2285,2207744,1016678,880666,6119,2792,15.19243099400046,3.000877030999618
762,OPEN,2026-10-05T19:55:00+00:00,355856384,405504,2288,2207744,1016102,880323,6119,2793,14.967126776000441,3.0155626220002887
763,OPEN,2026-10-05T19:55:30+00:00,356278272,421888,2291,2207744,1016372,880427,6119,2793,14.939162479000515,3.0329946849997214
764,OPEN,2026-10-05T19:56:00+00:00,356704256,425984,2294,2207744,1016697,880728,6119,2793,14.797859562000667,3.021121237999978
765,OPEN,2026-10-05T19:56:30+00:00,357109760,405504,2297,2207744,1016347,880366,6119,2792,15.217336210998837,3.070375700999648
766,OPEN,2026-10-05T19:57:00+00:00,357515264,405504,2300,2207744,1016413,880404,6119,2792,16.287505051001062,3.1918004420003854
767,OPEN,2026-10-05T19:57:30+00:00,357920768,405504,2303,2207744,1016588,880599,6119,2793,15.562595654999313,3.324810496000282
768,OPEN,2026-10-05T19:58:00+00:00,359235584,1314816,2306,2207744,1016378,880389,6119,2793,14.414191795000079,2.507057098000587
769,OPEN,2026-10-05T19:58:30+00:00,359657472,421888,2309,2207744,1016257,880519,6119,2791,14.267901499999425,2.2411298400002124
770,OPEN,2026-10-05T19:59:00+00:00,360062976,405504,2312,2207744,1016532,880619,6119,2793,14.332383117000063,2.24758441800077
771,OPEN,2026-10-05T19:59:30+00:00,360468480,405504,2315,2207744,1016273,880323,6119,2792,12.88884793699981,2.2525860959995043
772,CLOSED,2026-10-05T20:00:00+00:00,362553344,2084864,2318,1904640,891031,392222,6119,2665,8.32056415400075,1.3216011749991594
773,CLOSED,2026-10-05T20:00:30+00:00,366702592,4149248,2321,4136960,1799941,977113,6120,2794,18.863544083000306,2.8018981749992236
774,CLOSED,2026-10-05T20:01:00+00:00,369041408,2338816,2324,4050944,1799768,1027057,6120,2781,18.90448069499871,2.9329030539993255
775,CLOSED,2026-10-05T20:01:30+00:00,369598464,557056,2327,4050944,1799813,1027049,6120,2793,17.37063925199982,2.9274926139987656
776,CLOSED,2026-10-05T20:02:00+00:00,370155520,557056,2330,4050944,1799814,1027207,6120,2794,16.25082945000031,3.0149528219990316
777,CLOSED,2026-10-05T20:02:30+00:00,370667520,512000,2333,4050944,1799873,1027277,6120,2794,16.671617283998785,3.0694689270003437
778,CLOSED,2026-10-05T20:03:00+00:00,371183616,516096,2336,4050944,1799954,1027302,6120,2793,16.68300447799993,3.105228028998681
779,CLOSED,2026-10-05T20:03:30+00:00,371695616,512000,2339,4050944,1799963,1027243,6120,2793,16.424383053999918,3.1413986759998807
780,CLOSED,2026-10-05T20:04:00+00:00,372207616,512000,2342,4050944,1799962,1027254,6120,2793,16.63584816399998,3.2472196359994996
781,CLOSED,2026-10-05T20:04:30+00:00,372711424,503808,2345,4050944,1799941,1027254,6120,2794,16.620358419000695,3.2083584199990582
782,CLOSED,2026-10-05T20:05:00+00:00,373215232,503808,2348,4050944,1800043,1027312,6120,2794,16.889850371999273,3.3203946329995233
783,CLOSED,2026-10-05T20:05:30+00:00,373727232,512000,2351,4050944,1799988,1027224,6120,2794,16.54250486300043,3.292523472000539
784,CLOSED,2026-10-05T20:06:00+00:00,374231040,503808,2354,4050944,1799920,1027224,6120,2794,16.765418947999933,3.3561779129995557
785,CLOSED,2026-10-05T20:06:30+00:00,374743040,512000,2357,4050944,1799800,1027186,6120,2794,16.635111685000084,3.3849490829998103
786,CLOSED,2026-10-05T20:07:00+00:00,375263232,520192,2360,4050944,1799951,1027209,6120,2794,16.724882780999906,3.415992668000399
787,CLOSED,2026-10-05T20:07:30+00:00,375767040,503808,2363,4050944,1799943,1027237,6120,2794,16.856095909999567,3.466559394999422
788,CLOSED,2026-10-05T20:08:00+00:00,376274944,507904,2366,4050944,1799939,1027232,6120,2794,17.001523962000647,3.5356200719998014
789,CLOSED,2026-10-05T20:08:30+00:00,376795136,520192,2369,4050944,1799812,1027145,6120,2794,17.245258532999287,3.5568784220013185
790,CLOSED,2026-10-05T20:09:00+00:00,377298944,503808,2372,4050944,1799911,1027130,6120,2794,17.444324083999163,3.6368347040006483
791,CLOSED,2026-10-05T20:09:30+00:00,377802752,503808,2375,4050944,1799686,1027016,6120,2793,17.397437483999965,3.6735326629986957
792,CLOSED,2026-10-05T20:10:00+00:00,378306560,503808,2378,4050944,1799928,1027202,6120,2793,17.68294344700007,3.7479349080003885
793,CLOSED,2026-10-05T20:10:30+00:00,378814464,507904,2381,4050944,1799933,1027249,6120,2793,17.937957961999928,3.858312122998541
794,CLOSED,2026-10-05T20:11:00+00:00,379326464,512000,2384,4050944,1799664,1027016,6120,2794,18.227135353999984,3.9164959129993804
795,CLOSED,2026-10-05T20:11:30+00:00,379830272,503808,2387,4050944,1799833,1027127,6120,2794,18.782680712,3.9875826810002764
796,CLOSED,2026-10-05T20:12:00+00:00,380342272,512000,2390,4050944,1799974,1027292,6120,2794,18.517224922999958,4.046774009999353
797,CLOSED,2026-10-05T20:12:30+00:00,380858368,516096,2393,4050944,1799892,1027193,6120,2794,18.976759196000785,4.120247319000555
798,CLOSED,2026-10-05T20:13:00+00:00,381370368,512000,2396,4050944,1800075,1027444,6120,2793,19.6018298580002,4.300220592000187
799,CLOSED,2026-10-05T20:13:30+00:00,381878272,507904,2399,4050944,1799782,1027087,6120,2794,19.671416461998888,4.225512814999092
800,CLOSED,2026-10-05T20:14:00+00:00,384090112,2211840,2402,4050944,1799882,1027160,6120,2793,18.789798390000215,3.3362546499993186
801,CLOSED,2026-10-05T20:14:30+00:00,384593920,503808,2405,4050944,1799778,1027064,6120,2793,18.12234894899848,2.663912531999813
802,CLOSED,2026-10-05T20:15:00+00:00,385126400,532480,2408,4050944,1799786,1027122,6120,2794,18.74258399500104,2.845642703001431
803,CLOSED,2026-10-05T20:15:30+00:00,385658880,532480,2411,4050944,1799909,1027295,6120,2794,16.501615806999325,2.9418616040002235
804,CLOSED,2026-10-05T20:16:00+00:00,386170880,512000,2414,4050944,1799947,1027275,6120,2794,16.369639573000313,3.0416726949988515
805,CLOSED,2026-10-05T20:16:30+00:00,386678784,507904,2417,4050944,1799686,1027099,6120,2794,17.303011621001133,3.1917399899994052
806,CLOSED,2026-10-05T20:17:00+00:00,387227648,548864,2420,4050944,1799753,1027024,6120,2794,17.30775993899988,3.1104424269997253
807,CLOSED,2026-10-05T20:17:30+00:00,387768320,540672,2423,4050944,1799654,1026994,6120,2794,17.395714632999443,3.2580928389998007
808,CLOSED,2026-10-05T20:18:00+00:00,388280320,512000,2426,4050944,1799794,1027072,6120,2793,18.44558932200016,3.486067253999863
809,CLOSED,2026-10-05T20:18:30+00:00,388804608,524288,2429,4050944,1799715,1027066,6120,2793,18.21936668199851,3.3242488939995383
810,CLOSED,2026-10-05T20:19:00+00:00,389320704,516096,2432,4050944,1799811,1027095,6120,2793,18.48523946399837,3.5989776919996075
811,CLOSED,2026-10-05T20:19:30+00:00,389828608,507904,2435,4050944,1799781,1027076,6120,2793,19.114429126999312,3.547775962000742
812,CLOSED,2026-10-05T20:20:00+00:00,390340608,512000,2438,4050944,1799836,1027013,6120,2793,19.07804335400033,3.6489137789994857
813,CLOSED,2026-10-05T20:20:30+00:00,390848512,507904,2441,4050944,1799656,1026928,6120,2793,18.087465464999696,3.4848713030005456
814,CLOSED,2026-10-05T20:21:00+00:00,391356416,507904,2444,4050944,1799677,1027042,6120,2794,17.91833456799941,3.487076863000766
815,CLOSED,2026-10-05T20:21:30+00:00,391864320,507904,2447,4050944,1799795,1027117,6120,2794,17.543746346000262,3.575112762000572
816,CLOSED,2026-10-05T20:22:00+00:00,392376320,512000,2450,4050944,1799857,1027072,6120,2793,17.33103089099859,3.4887481090008805
817,CLOSED,2026-10-05T20:22:30+00:00,392880128,503808,2453,4050944,1799651,1026940,6120,2793,18.234645537000688,3.6309049439987575
818,CLOSED,2026-10-05T20:23:00+00:00,393388032,507904,2456,4050944,1799838,1027241,6120,2794,18.157745762999184,3.5856881760009855
819,CLOSED,2026-10-05T20:23:30+00:00,393891840,503808,2459,4050944,1799680,1027032,6120,2794,18.636489946999063,3.8604552050001075
820,CLOSED,2026-10-05T20:24:00+00:00,394395648,503808,2462,4050944,1799643,1026948,6120,2793,18.776324464000936,3.8639377830004378
821,CLOSED,2026-10-05T20:24:30+00:00,394903552,507904,2465,4050944,1799597,1026896,6120,2793,19.226808463001362,3.9503675929991005
822,CLOSED,2026-10-05T20:25:00+00:00,395407360,503808,2468,4050944,1799710,1027041,6120,2794,18.967679145000147,3.860026922000543
823,CLOSED,2026-10-05T20:25:30+00:00,395923456,516096,2471,4050944,1799710,1026975,6120,2793,19.29313974499928,4.045387720998406
824,CLOSED,2026-10-05T20:26:00+00:00,396427264,503808,2474,4050944,1799639,1026971,6120,2793,19.810025781998775,4.08608582800116
825,CLOSED,2026-10-05T20:26:30+00:00,396939264,512000,2477,4050944,1799647,1026878,6120,2793,20.022170489000928,4.169399139998859
826,CLOSED,2026-10-05T20:27:00+00:00,397455360,516096,2480,4050944,1799833,1027131,6120,2793,19.756793037000534,4.262253606999366
827,CLOSED,2026-10-05T20:27:30+00:00,398004224,548864,2483,4050944,1799580,1026846,6120,2792,19.659473871000955,4.226388659999429
828,CLOSED,2026-10-05T20:28:00+00:00,398516224,512000,2486,4050944,1799812,1027099,6120,2793,19.570259600999634,4.3413757939997595
829,CLOSED,2026-10-05T20:28:30+00:00,399028224,512000,2489,4050944,1799756,1027027,6120,2793,20.49996454599932,4.5187477030012815
830,CLOSED,2026-10-05T20:29:00+00:00,399540224,512000,2492,4050944,1799917,1027123,6120,2794,21.02946872299981,4.6944485809999605
831,CLOSED,2026-10-05T20:29:30+00:00,400052224,512000,2495,4050944,1799759,1027168,6120,2794,19.034044979998725,4.534836906999772
832,CLOSED,2026-10-05T20:30:00+00:00,402259968,2207744,2498,4050944,1799820,1027108,6120,2793,19.023271878999367,3.451072830999692
833,CLOSED,2026-10-05T20:30:30+00:00,403816448,1556480,2501,4046848,1799789,1027080,6120,2794,18.488307237999834,2.8295228620008857
834,CLOSED,2026-10-05T20:31:00+00:00,405372928,1556480,2504,4050944,1799519,1026817,6120,2793,18.90278882700113,2.949460886999077
835,CLOSED,2026-10-05T20:31:30+00:00,405884928,512000,2507,4050944,1799907,1027138,6120,2794,16.373643221000748,2.868345261000286
836,CLOSED,2026-10-05T20:32:00+00:00,406396928,512000,2510,4050944,1799792,1027162,6120,2794,16.285821867999402,3.0217512819999683
837,CLOSED,2026-10-05T20:32:30+00:00,406900736,503808,2513,4050944,1799595,1026802,6120,2794,17.294809323000663,3.1324248840010114
838,CLOSED,2026-10-05T20:33:00+00:00,407437312,536576,2516,4050944,1799882,1027152,6120,2793,17.03553441299846,3.1743633309997676
839,CLOSED,2026-10-05T20:33:30+00:00,407973888,536576,2519,4050944,1799789,1027128,6120,2793,17.48972954599958,3.379727734998596
840,CLOSED,2026-10-05T20:34:00+00:00,408489984,516096,2522,4050944,1799968,1027358,6120,2794,17.42675427299946,3.2391942470003414
841,CLOSED,2026-10-05T20:34:30+00:00,408997888,507904,2525,4050944,1799975,1027255,6120,2794,18.2561242390002,3.4785540890006814
842,CLOSED,2026-10-05T20:35:00+00:00,409505792,507904,2528,4050944,1800060,1027320,6120,2794,17.689191987999948,3.542406739999933
843,CLOSED,2026-10-05T20:35:30+00:00,410017792,512000,2531,4050944,1800036,1027313,6120,2794,17.07848930900036,3.3114028939999116
844,CLOSED,2026-10-05T20:36:00+00:00,410533888,516096,2534,4050944,1799890,1027163,6120,2793,17.32768820399906,3.337969502001215
845,CLOSED,2026-10-05T20:36:30+00:00,411062272,528384,2537,4050944,1799833,1027081,6120,2793,17.453717656000663,3.4768179490001785
846,CLOSED,2026-10-05T20:37:00+00:00,411598848,536576,2540,4050944,1799970,1027321,6120,2794,18.312535510998714,3.5125375429997803
847,CLOSED,2026-10-05T20:37:30+00:00,412110848,512000,2543,4050944,1799793,1027090,6120,2794,17.867825396000626,3.555000774000291
848,CLOSED,2026-10-05T20:38:00+00:00,412614656,503808,2546,4050944,1799979,1027266,6120,2794,18.336882442999922,3.6489330980002705
849,CLOSED,2026-10-05T20:38:30+00:00,413122560,507904,2549,4050944,1800114,1027399,6120,2794,18.40680334299941,3.8032837789996847
850,CLOSED,2026-10-05T20:39:00+00:00,413634560,512000,2552,4050944,1800107,1027392,6120,2792,18.743810187001145,3.7668549379995966
851,CLOSED,2026-10-05T20:39:30+00:00,414146560,512000,2555,4050944,1799889,1027193,6120,2794,18.76681780099898,3.816657071998634
852,CLOSED,2026-10-05T20:40:00+00:00,416043008,1896448,2558,4055040,1800086,1027341,6120,2793,18.519022761998713,3.9117679959999805
853,CLOSED,2026-10-05T20:40:30+00:00,417947648,1904640,2561,4050944,1799739,1027063,6120,2794,19.02458231699893,4.051505103998352
854,CLOSED,2026-10-05T20:41:00+00:00,418451456,503808,2564,4050944,1799671,1026914,6120,2793,18.442970048999996,4.021991794999849
855,CLOSED,2026-10-05T20:41:30+00:00,418955264,503808,2567,4050944,1799662,1026993,6120,2794,19.264868084999762,4.1299927229993045
856,CLOSED,2026-10-05T20:42:00+00:00,419463168,507904,2570,4050944,1799826,1027149,6120,2794,19.62312315899908,4.1723098660004325
857,CLOSED,2026-10-05T20:42:30+00:00,419971072,507904,2573,4050944,1799676,1027012,6120,2794,20.278272268000364,4.3293615780003165
858,CLOSED,2026-10-05T20:43:00+00:00,420478976,507904,2576,4050944,1799869,1027162,6120,2793,19.47924826000053,4.234843858999739
859,CLOSED,2026-10-05T20:43:30+00:00,420995072,516096,2579,4050944,1800025,1027267,6120,2794,19.424256756999966,4.265403299999889
860,CLOSED,2026-10-05T20:44:00+00:00,421507072,512000,2582,4050944,1799826,1027171,6120,2794,19.487770841000383,4.3027070539992565
861,CLOSED,2026-10-05T20:44:30+00:00,422019072,512000,2585,4050944,1799702,1027022,6120,2794,19.92139060000045,4.464017442998738
862,CLOSED,2026-10-05T20:45:00+00:00,422526976,507904,2588,4050944,1799799,1027153,6120,2794,20.353035160000218,4.525353188999361
863,CLOSED,2026-10-05T20:45:30+00:00,423034880,507904,2591,4050944,1799908,1027190,6120,2793,20.213183772000775,4.530786838000495
864,CLOSED,2026-10-05T20:46:00+00:00,425246720,2211840,2594,4050944,1799845,1027238,6120,2794,18.577017588000672,3.3072102339992853
865,CLOSED,2026-10-05T20:46:30+00:00,425754624,507904,2597,4050944,1799762,1027130,6120,2794,18.484262820000367,2.7711351580001065
866,CLOSED,2026-10-05T20:47:00+00:00,426270720,516096,2600,4050944,1799850,1027181,6120,2794,18.50223483100126,2.8127807490000123
867,CLOSED,2026-10-05T20:47:30+00:00,426786816,516096,2603,4050944,1799546,1026966,6120,2794,16.326914717999898,2.941157747000034
868,CLOSED,2026-10-05T20:48:00+00:00,427302912,516096,2606,4050944,1799873,1027114,6120,2794,16.79703632000019,3.11527849200138
869,CLOSED,2026-10-05T20:48:30+00:00,428072960,770048,2609,4050944,1800071,1027378,6120,2794,17.155615391000538,3.0901148169996304
870,CLOSED,2026-10-05T20:49:00+00:00,429731840,1658880,2612,4055040,1800109,1027375,6120,2793,17.36671681199914,3.378504846999931
871,CLOSED,2026-10-05T20:49:30+00:00,431280128,1548288,2615,4050944,1799927,1027101,6120,2793,17.609878937000758,3.3358680159999494
872,CLOSED,2026-10-05T20:50:00+00:00,432832512,1552384,2618,4055040,1799889,1027165,6120,2794,17.607034119000673,3.4520164589994238
873,CLOSED,2026-10-05T20:50:30+00:00,434737152,1904640,2621,4050944,1799698,1027036,6120,2794,17.6447946699991,3.4479331559996353
874,CLOSED,2026-10-05T20:51:00+00:00,435240960,503808,2624,4050944,1799549,1026853,6120,2794,17.717656643000737,3.5202631869997276
875,CLOSED,2026-10-05T20:51:30+00:00,435752960,512000,2627,4050944,1799598,1026937,6120,2793,18.0630538789992,3.561615057000381
876,CLOSED,2026-10-05T20:52:00+00:00,436260864,507904,2630,4050944,1799923,1027252,6120,2794,18.023686319000262,3.423925426999631
877,CLOSED,2026-10-05T20:52:30+00:00,436768768,507904,2633,4050944,1800037,1027353,6120,2793,17.887636568000744,3.6846887030005746
878,CLOSED,2026-10-05T20:53:00+00:00,437276672,507904,2636,4050944,1800042,1027381,6120,2793,18.7085903520001,3.744959898000161
879,CLOSED,2026-10-05T20:53:30+00:00,437784576,507904,2639,4050944,1799667,1027044,6120,2794,18.571512354999868,3.7777702379989933
880,CLOSED,2026-10-05T20:54:00+00:00,438292480,507904,2642,4050944,1799843,1027168,6120,2793,18.27208049300134,3.833796844999597
881,CLOSED,2026-10-05T20:54:30+00:00,438796288,503808,2645,4050944,1800061,1027271,6120,2792,19.030352716999914,3.8544084889999795
882,CLOSED,2026-10-05T20:55:00+00:00,439300096,503808,2648,4050944,1800092,1027431,6120,2794,18.849179442000604,3.7488827990000573
883,CLOSED,2026-10-05T20:55:30+00:00,439808000,507904,2651,4050944,1799822,1027085,6120,2792,18.291243386000133,4.002118832999258
884,CLOSED,2026-10-05T20:56:00+00:00,440311808,503808,2654,4050944,1799613,1026849,6120,2793,18.594838569000785,4.029685268998946
885,CLOSED,2026-10-05T20:56:30+00:00,440815616,503808,2657,4050944,1799558,1026943,6120,2792,19.344610979998833,4.13054858599935
886,CLOSED,2026-10-05T20:57:00+00:00,441323520,507904,2660,4050944,1800049,1027422,6120,2794,19.773524349999207,4.270036960999278
887,CLOSED,2026-10-05T20:57:30+00:00,441839616,516096,2663,4050944,1800055,1027319,6120,2793,19.485760510000546,4.356538600999556
888,CLOSED,2026-10-05T20:58:00+00:00,442343424,503808,2666,4050944,1800017,1027358,6120,2793,19.718367483999828,4.214252713998576
889,CLOSED,2026-10-05T20:58:30+00:00,442851328,507904,2669,4050944,1799547,1026826,6120,2793,19.872515824999937,4.379785642999195
890,CLOSED,2026-10-05T20:59:00+00:00,443355136,503808,2672,4050944,1799587,1026959,6120,2793,19.94603511599962,4.378818319000857
891,CLOSED,2026-10-05T20:59:30+00:00,443858944,503808,2675,4050944,1799797,1027130,6120,2794,20.466562431000057,4.501390119999996
892,CLOSED,2026-10-05T21:00:00+00:00,444362752,503808,2678,4050944,1799904,1027183,6120,2793,20.12375276400053,4.417809803999262
893,CLOSED,2026-10-05T21:00:30+00:00,444874752,512000,2681,4050944,1800085,1027379,6120,2794,21.435916630000065,4.7731961049994425
894,CLOSED,2026-10-05T21:01:00+00:00,445378560,503808,2684,4050944,1799807,1027050,6120,2793,20.662178820999543,4.490045552000083
895,CLOSED,2026-10-05T21:01:30+00:00,445882368,503808,2687,4050944,1799865,1027247,6120,2794,21.34837725699981,4.865073925000615
896,CLOSED,2026-10-05T21:02:00+00:00,448090112,2207744,2690,4050944,1800043,1027366,6120,2793,20.543641906999255,3.7396799030011607
897,CLOSED,2026-10-05T21:02:30+00:00,448593920,503808,2693,4050944,1800021,1027351,6120,2794,19.682950921000156,2.9568589470000006
898,CLOSED,2026-10-05T21:03:00+00:00,449101824,507904,2696,4050944,1800036,1027346,6120,2793,20.17994989300132,3.052582390999305
899,CLOSED,2026-10-05T21:03:30+00:00,449609728,507904,2699,4050944,1799669,1027032,6120,2794,17.276745166000183,3.0862748919989826
900,CLOSED,2026-10-05T21:04:00+00:00,450113536,503808,2702,4050944,1799654,1026947,6120,2794,17.543455140001242,3.303735580000648
901,CLOSED,2026-10-05T21:04:30+00:00,450621440,507904,2705,4050944,1799812,1027158,6120,2794,18.20418270600021,3.2141909440015297
902,CLOSED,2026-10-05T21:05:00+00:00,451153920,532480,2708,4050944,1799804,1027121,6120,2792,17.793136397000126,3.3491874850005843
903,CLOSED,2026-10-05T21:05:30+00:00,451686400,532480,2711,4050944,1800087,1027446,6120,2793,17.446839721000288,3.1593294220001553
904,CLOSED,2026-10-05T21:06:00+00:00,452198400,512000,2714,4050944,1799961,1027269,6120,2794,17.14951683399886,3.177752812000108
905,CLOSED,2026-10-05T21:06:30+00:00,452706304,507904,2717,4050944,1799838,1027139,6120,2793,17.72283257899835,3.1958269059996383
906,CLOSED,2026-10-05T21:07:00+00:00,453210112,503808,2720,4050944,1799947,1027256,6120,2794,18.246177090000856,3.4372543150002457
907,CLOSED,2026-10-05T21:07:30+00:00,453718016,507904,2723,4050944,1800095,1027390,6120,2794,18.650475073000052,3.5458127960009733
908,CLOSED,2026-10-05T21:08:00+00:00,454225920,507904,2726,4050944,1800122,1027388,6120,2794,18.044959941000343,3.5661924529995304
909,CLOSED,2026-10-05T21:08:30+00:00,454729728,503808,2729,4050944,1799982,1027217,6120,2793,17.90961029400023,3.412391543999547
910,CLOSED,2026-10-05T21:09:00+00:00,455233536,503808,2732,4050944,1799783,1027123,6120,2792,17.865702719000183,3.4310458679992735
911,CLOSED,2026-10-05T21:09:30+00:00,455737344,503808,2735,4050944,1799836,1027146,6120,2794,17.695693277999453,3.5709604999992735
912,CLOSED,2026-10-05T21:10:00+00:00,456241152,503808,2738,4050944,1799817,1027222,6120,2794,18.53513188999932,3.6844437540003128
913,CLOSED,2026-10-05T21:10:30+00:00,456749056,507904,2741,4050944,1799923,1027248,6120,2794,18.219061961999614,3.676869983999495
914,CLOSED,2026-10-05T21:11:00+00:00,457252864,503808,2744,4050944,1799858,1027165,6120,2794,18.467898547000004,3.6567872839987103
915,CLOSED,2026-10-05T21:11:30+00:00,457756672,503808,2747,4050944,1799733,1027111,6120,2794,18.051433521000945,3.9155452380000497
916,CLOSED,2026-10-05T21:12:00+00:00,458268672,512000,2750,4050944,1799732,1027010,6120,2794,18.224210946998937,3.798502751000342
917,CLOSED,2026-10-05T21:12:30+00:00,458772480,503808,2753,4050944,1799914,1027228,6120,2794,18.56804395600011,3.9256215160003194
918,CLOSED,2026-10-05T21:13:00+00:00,459280384,507904,2756,4050944,1799921,1027206,6120,2794,19.990805546000047,4.316365701000905
919,CLOSED,2026-10-05T21:13:30+00:00,459788288,507904,2759,4050944,1800049,1027428,6120,2794,20.09361475300102,4.441334825000013
920,CLOSED,2026-10-05T21:14:00+00:00,460292096,503808,2762,4050944,1799845,1027214,6120,2794,20.788156250999236,4.139394257999811
921,CLOSED,2026-10-05T21:14:30+00:00,460800000,507904,2765,4050944,1800083,1027346,6120,2793,19.372763712999586,4.187132590999681
922,CLOSED,2026-10-05T21:15:00+00:00,461303808,503808,2768,4050944,1800060,1027448,6120,2794,19.017200853999384,4.180009732001054
923,CLOSED,2026-10-05T21:15:30+00:00,461811712,507904,2771,4050944,1799847,1027141,6120,2793,19.25364066700058,4.186139811999965
924,CLOSED,2026-10-05T21:16:00+00:00,462315520,503808,2774,4050944,1799887,1027193,6120,2793,20.686216317999424,4.510665063999113
925,CLOSED,2026-10-05T21:16:30+00:00,462827520,512000,2777,4050944,1799693,1027050,6120,2794,20.105973198000356,4.268846828999813
926,CLOSED,2026-10-05T21:17:00+00:00,463343616,516096,2780,4050944,1799888,1027144,6120,2794,19.76859880899974,4.378545629000655
927,CLOSED,2026-10-05T21:17:30+00:00,463847424,503808,2783,4050944,1800043,1027279,6120,2793,19.96583844399902,4.355827235998731
928,CLOSED,2026-10-05T21:18:00+00:00,466059264,2211840,2786,4050944,1800096,1027474,6120,2794,18.11310206000053,3.329068009999901
929,CLOSED,2026-10-05T21:18:30+00:00,466563072,503808,2789,4050944,1800079,1027440,6120,2794,17.494806423999762,2.6746615519987245
930,CLOSED,2026-10-05T21:19:00+00:00,467066880,503808,2792,4050944,1799972,1027190,6120,2794,17.681306555001356,2.765675831000408
931,CLOSED,2026-10-05T21:19:30+00:00,467570688,503808,2795,4050944,1800133,1027424,6120,2793,15.911206724000294,2.876241308000317
932,CLOSED,2026-10-05T21:20:00+00:00,468074496,503808,2798,4050944,1800089,1027349,6120,2794,16.083628980999492,3.0942629580003995
933,CLOSED,2026-10-05T21:20:30+00:00,468582400,507904,2801,4050944,1799763,1027121,6120,2794,16.232258047999494,2.9496530699998402
934,CLOSED,2026-10-05T21:21:00+00:00,469094400,512000,2804,4050944,1799743,1027065,6120,2794,16.68842808500085,3.0960668360003183
935,CLOSED,2026-10-05T21:21:30+00:00,469610496,516096,2807,4050944,1799886,1027196,6120,2794,16.665121021000232,3.0755477269995026
936,CLOSED,2026-10-05T21:22:00+00:00,470126592,516096,2810,4050944,1799862,1027137,6120,2793,16.560230687999137,3.1484118219996162
937,CLOSED,2026-10-05T21:22:30+00:00,470634496,507904,2813,4050944,1800052,1027373,6120,2794,17.109708411999236,3.327973702000236
938,CLOSED,2026-10-05T21:23:00+00:00,471166976,532480,2816,4050944,1800097,1027416,6120,2794,17.230716729998676,3.2727411559990287
939,CLOSED,2026-10-05T21:23:30+00:00,471699456,532480,2819,4050944,1799804,1027047,6120,2793,17.66939855000055,3.4192730960003246
940,CLOSED,2026-10-05T21:24:00+00:00,472207360,507904,2822,4050944,1799803,1027176,6120,2794,17.514849371998935,3.417052879000039
941,CLOSED,2026-10-05T21:24:30+00:00,472711168,503808,2825,4050944,1800054,1027346,6120,2794,17.670873818999098,3.4765857580005104
942,CLOSED,2026-10-05T21:25:00+00:00,473214976,503808,2828,4050944,1800078,1027405,6120,2794,18.254610020001564,3.537632160998328
943,CLOSED,2026-10-05T21:25:30+00:00,473722880,507904,2831,4050944,1799863,1027187,6120,2793,18.064428731999215,3.5012102229993616
944,CLOSED,2026-10-05T21:26:00+00:00,474226688,503808,2834,4050944,1799848,1027200,6120,2794,17.9267330449984,3.5979163229985716
945,CLOSED,2026-10-05T21:26:30+00:00,474734592,507904,2837,4050944,1799799,1027142,6120,2794,18.07546952499979,3.667599076999977
946,CLOSED,2026-10-05T21:27:00+00:00,475238400,503808,2840,4050944,1799929,1027226,6120,2793,18.113639401999535,3.7147380499991414
947,CLOSED,2026-10-05T21:27:30+00:00,475742208,503808,2843,4050944,1800023,1027319,6120,2792,18.71159345400156,3.924308273000861
948,CLOSED,2026-10-05T21:28:00+00:00,476250112,507904,2846,4050944,1799959,1027269,6120,2793,19.08139120100168,3.8402269470007013
949,CLOSED,2026-10-05T21:28:30+00:00,476758016,507904,2849,4050944,1799782,1027147,6120,2793,19.17758343999958,3.9594178730003478
950,CLOSED,2026-10-05T21:29:00+00:00,477261824,503808,2852,4050944,1799761,1027067,6120,2794,20.032714427999963,4.320447758000228
951,CLOSED,2026-10-05T21:29:30+00:00,477765632,503808,2855,4050944,1799824,1027132,6120,2793,21.0221571080001,4.234600382000281
952,CLOSED,2026-10-05T21:30:00+00:00,479666176,1900544,2858,4055040,1799720,1027041,6120,2793,20.35329592100061,4.364043084000514
953,CLOSED,2026-10-05T21:30:30+00:00,481550336,1884160,2861,4050944,1800008,1027313,6120,2793,20.786297314998592,4.540609748999486
954,CLOSED,2026-10-05T21:31:00+00:00,482054144,503808,2864,4050944,1799771,1027074,6120,2794,21.389761436999834,4.623438665999856
955,CLOSED,2026-10-05T21:31:30+00:00,482557952,503808,2867,4050944,1799837,1027173,6120,2794,21.31156714899953,4.568586118000894
956,CLOSED,2026-10-05T21:32:00+00:00,483106816,548864,2870,4050944,1799903,1027152,6120,2794,21.14946277799936,4.68030895999982
957,CLOSED,2026-10-05T21:32:30+00:00,483610624,503808,2873,4050944,1799826,1027151,6120,2794,21.739684049998687,4.710395591999259
958,CLOSED,2026-10-05T21:33:00+00:00,484122624,512000,2876,4050944,1799870,1027162,6120,2794,21.51436199300042,4.707957138998609
959,CLOSED,2026-10-05T21:33:30+00:00,484634624,512000,2879,4050944,1800056,1027380,6120,2793,21.347508003998882,4.7345020869997825
960,CLOSED,2026-10-05T21:34:00+00:00,486842368,2207744,2882,4050944,1799829,1027156,6120,2794,19.892410301999917,3.671704159000001
961,CLOSED,2026-10-05T21:34:30+00:00,487346176,503808,2885,4050944,1799765,1027180,6120,2794,20.18572291000055,3.0498232829995686
962,CLOSED,2026-10-05T21:35:00+00:00,487849984,503808,2888,4050944,1799965,1027265,6120,2793,20.47805098900062,3.2490083310003683
963,CLOSED,2026-10-05T21:35:30+00:00,488353792,503808,2891,4050944,1799981,1027286,6120,2794,17.897659586998998,3.206497772998773
964,CLOSED,2026-10-05T21:36:00+00:00,488857600,503808,2894,4050944,1799829,1027190,6120,2794,17.54990771500161,3.0966268480005965
965,CLOSED,2026-10-05T21:36:30+00:00,489361408,503808,2897,4050944,1799740,1027020,6120,2793,17.751279737000004,3.166097876999629
966,CLOSED,2026-10-05T21:37:00+00:00,489869312,507904,2900,4050944,1799732,1027117,6120,2794,18.157113379000293,3.3268960479999805
967,CLOSED,2026-10-05T21:37:30+00:00,490377216,507904,2903,4050944,1799844,1027070,6120,2793,18.01686704900021,3.2943326360000356
968,CLOSED,2026-10-05T21:38:00+00:00,490897408,520192,2906,4050944,1799810,1027059,6120,2792,17.668717116999687,3.260426306998852
969,CLOSED,2026-10-05T21:38:30+00:00,491421696,524288,2909,4050944,1800053,1027436,6120,2794,17.839617623998492,3.471068822000234
970,CLOSED,2026-10-05T21:39:00+00:00,491937792,516096,2912,4050944,1799690,1027014,6120,2793,18.085976286000005,3.4920127430013963
971,CLOSED,2026-10-05T21:39:30+00:00,492453888,516096,2915,4050944,1799978,1027367,6120,2794,18.65641797600074,3.6323153999983333
972,CLOSED,2026-10-05T21:40:00+00:00,492961792,507904,2918,4050944,1800052,1027406,6120,2794,18.52273083,3.508542645000489
973,CLOSED,2026-10-05T21:40:30+00:00,493465600,503808,2921,4050944,1799888,1027178,6120,2794,17.907069728998977,3.492115252998701
974,CLOSED,2026-10-05T21:41:00+00:00,493969408,503808,2924,4050944,1799521,1026892,6120,2794,18.066074338999897,3.4650029399999767
975,CLOSED,2026-10-05T21:41:30+00:00,494473216,503808,2927,4050944,1799669,1026968,6120,2793,18.66277382699991,3.8241158759992686
976,CLOSED,2026-10-05T21:42:00+00:00,495026176,552960,2930,4050944,1799755,1027116,6120,2779,22.964380729999903,3.6768420029984554
977,CLOSED,2026-10-05T21:42:30+00:00,495579136,552960,2933,4050944,1799880,1027275,6120,2780,18.995987403999607,3.8521169319992623
978,CLOSED,2026-10-05T21:43:00+00:00,496087040,507904,2936,4050944,1799928,1027256,6120,2779,20.09479269700023,4.022838127000796
979,CLOSED,2026-10-05T21:43:30+00:00,496594944,507904,2939,4050944,1799880,1027196,6120,2780,20.151562660999844,4.1322132969999075
980,CLOSED,2026-10-05T21:44:00+00:00,497098752,503808,2942,4050944,1799769,1027027,6120,2779,20.633776519000094,4.179526246000023
981,CLOSED,2026-10-05T21:44:30+00:00,497602560,503808,2945,4050944,1799812,1027177,6120,2780,21.00296370400065,4.3640032799994515
982,CLOSED,2026-10-05T21:45:00+00:00,498110464,507904,2948,4050944,1799765,1027150,6120,2780,21.76856313999997,4.624615237000398
983,CLOSED,2026-10-05T21:45:30+00:00,498614272,503808,2951,4050944,1799723,1027041,6120,2779,22.166091688999586,4.5442279130002134
984,CLOSED,2026-10-05T21:46:00+00:00,499118080,503808,2954,4050944,1799688,1026971,6120,2780,21.81717585000115,4.631843575998573
985,CLOSED,2026-10-05T21:46:30+00:00,499625984,507904,2957,4050944,1799666,1026933,6120,2779,21.898732994000966,4.624392387000626
986,CLOSED,2026-10-05T21:47:00+00:00,500133888,507904,2960,4050944,1799867,1027155,6120,2779,22.48736296399875,4.691745274998539
987,CLOSED,2026-10-05T21:47:30+00:00,500637696,503808,2963,4050944,1799915,1027177,6120,2779,22.49582642399946,4.844863192000048
988,CLOSED,2026-10-05T21:48:00+00:00,501141504,503808,2966,4050944,1799851,1027278,6120,2780,21.983830085999216,4.735264880000614
989,CLOSED,2026-10-05T21:48:30+00:00,501653504,512000,2969,4050944,1799575,1026897,6120,2779,21.689755344999867,4.603107851999084
990,CLOSED,2026-10-05T21:49:00+00:00,502157312,503808,2972,4050944,1799640,1027047,6120,2780,21.917574753000736,4.763172015000237
991,CLOSED,2026-10-05T21:49:30+00:00,502661120,503808,2975,4050944,1799549,1026898,6120,2780,21.38803264800117,4.479648276001171
992,CLOSED,2026-10-05T21:50:00+00:00,504868864,2207744,2978,4050944,1799668,1027053,6120,2780,19.58877264200055,3.6390143089993217
993,CLOSED,2026-10-05T21:50:30+00:00,505372672,503808,2981,4050944,1799834,1027149,6120,2780,19.008400760998484,2.7997183810002753
994,CLOSED,2026-10-05T21:51:00+00:00,505876480,503808,2984,4050944,1799533,1026855,6120,2780,19.25971887200103,2.997469333000481
995,CLOSED,2026-10-05T21:51:30+00:00,506380288,503808,2987,4050944,1799556,1026894,6120,2780,16.7918037670006,3.0013992650001455
996,CLOSED,2026-10-05T21:52:00+00:00,506892288,512000,2990,4050944,1799899,1027189,6120,2779,16.75709481100057,3.122929484999986
997,CLOSED,2026-10-05T21:52:30+00:00,507457536,565248,2993,4050944,1799930,1027234,6120,2778,16.473958426000536,3.0702691839996987
998,CLOSED,2026-10-05T21:53:00+00:00,507977728,520192,2996,4050944,1799939,1027257,6120,2779,16.848362570999598,3.140269736999471
999,CLOSED,2026-10-05T21:53:30+00:00,508489728,512000,2999,4050944,1799665,1027047,6120,2780,17.1473510600008,3.2618881199996395
1000,CLOSED,2026-10-05T21:54:00+00:00,509042688,552960,3002,4050944,1799673,1027031,6125,2781,17.015432034000696,3.193994620000012
1001,CLOSED,2026-10-05T21:54:30+00:00,509554688,512000,3005,4050944,1799514,1026869,6125,2781,16.55731649399968,3.1597401770013676
1002,CLOSED,2026-10-05T21:55:00+00:00,510087168,532480,3008,4050944,1799628,1026963,6125,2781,16.807686026999363,3.2819349999990663
1003,CLOSED,2026-10-05T21:55:30+00:00,510627840,540672,3011,4050944,1799747,1027113,6125,2781,16.766388069998357,3.2602726880013506
1004,CLOSED,2026-10-05T21:56:00+00:00,511184896,557056,3014,4050944,1799651,1026949,6125,2780,17.509167076001177,3.419006955000441
1005,CLOSED,2026-10-05T21:56:30+00:00,511692800,507904,3017,4050944,1799643,1026937,6125,2780,17.559998726999765,3.467344526998204
1006,CLOSED,2026-10-05T21:57:00+00:00,512196608,503808,3020,4050944,1800088,1027341,6125,2781,17.684380884998973,3.516977465000309
1007,CLOSED,2026-10-05T21:57:30+00:00,512708608,512000,3023,4050944,1800023,1027332,6125,2781,17.941985174000365,3.581907632000366
1008,CLOSED,2026-10-05T21:58:00+00:00,513220608,512000,3026,4050944,1800069,1027322,6125,2780,17.976007752999067,3.625131994000185
1009,CLOSED,2026-10-05T21:58:30+00:00,513728512,507904,3029,4050944,1800108,1027423,6125,2781,18.315466703999846,3.7072435330010194
1010,CLOSED,2026-10-05T21:59:00+00:00,514232320,503808,3032,4050944,1799906,1027207,6125,2780,18.413528352999492,3.815572647999943
1011,CLOSED,2026-10-05T21:59:30+00:00,514785280,552960,3035,4050944,1800055,1027345,6125,2779,18.364902741999686,3.7051119019997714
1012,CLOSED,2026-10-05T22:00:00+00:00,515289088,503808,3038,4050944,1800018,1027345,6125,2780,18.1084648319993,3.7912765559995023
1013,CLOSED,2026-10-05T22:00:30+00:00,515801088,512000,3041,4050944,1800077,1027370,6125,2780,18.82000144599988,3.9379054510009155
1014,CLOSED,2026-10-05T22:01:00+00:00,516304896,503808,3044,4050944,1799773,1027124,6125,2781,18.591907515999992,3.9028379619994666
1015,CLOSED,2026-10-05T22:01:30+00:00,516808704,503808,3047,4050944,1799847,1027133,6125,2781,18.709108856000967,3.8914233870000317
1016,CLOSED,2026-10-05T22:02:00+00:00,517316608,507904,3050,4050944,1799871,1027229,6125,2781,19.342889297999136,4.219172961998993
1017,CLOSED,2026-10-05T22:02:30+00:00,517820416,503808,3053,4050944,1799859,1027225,6125,2779,19.552321753999422,4.177847730999929
1018,CLOSED,2026-10-05T22:03:00+00:00,518332416,512000,3056,4050944,1799952,1027212,6125,2781,19.552039408999917,4.248953666001398
1019,CLOSED,2026-10-05T22:03:30+00:00,518848512,516096,3059,4050944,1800045,1027311,6125,2781,19.81665273500039,4.351581401000658
1020,CLOSED,2026-10-05T22:04:00+00:00,519352320,503808,3062,4050944,1799877,1027211,6125,2781,19.85384723000061,4.370538752998982
1021,CLOSED,2026-10-05T22:04:30+00:00,519856128,503808,3065,4050944,1800036,1027328,6125,2781,19.426742421999734,4.417062458000146
1022,CLOSED,2026-10-05T22:05:00+00:00,520359936,503808,3068,4050944,1800157,1027483,6125,2780,20.549978839000687,4.748227365000275
1023,CLOSED,2026-10-05T22:05:30+00:00,520867840,507904,3071,4050944,1799799,1027105,6125,2780,20.506118978000814,4.547958577999452
1024,CLOSED,2026-10-05T22:06:00+00:00,523075584,2207744,3074,4050944,1799847,1027168,6125,2780,19.069540701000733,3.496520396000051
1025,CLOSED,2026-10-05T22:06:30+00:00,523579392,503808,3077,4050944,1799663,1026933,6125,2781,18.56616260699957,2.8967433660000097
1026,CLOSED,2026-10-05T22:07:00+00:00,524083200,503808,3080,4050944,1800019,1027397,6125,2780,18.535262552999484,2.9395603180000762
1027,CLOSED,2026-10-05T22:07:30+00:00,524587008,503808,3083,4050944,1800013,1027328,6125,2781,16.58634889899986,3.0191148859994428
1028,CLOSED,2026-10-05T22:08:00+00:00,525090816,503808,3086,4050944,1800046,1027342,6125,2780,16.79097983199972,3.100020421999943
1029,CLOSED,2026-10-05T22:08:30+00:00,525594624,503808,3089,4050944,1799957,1027342,6125,2780,17.3370995460009,3.204103809001026
1030,CLOSED,2026-10-05T22:09:00+00:00,526098432,503808,3092,4050944,1799964,1027250,6125,2781,17.302841763999822,3.2128338319998875
1031,CLOSED,2026-10-05T22:09:30+00:00,526602240,503808,3095,4050944,1800104,1027363,6125,2781,17.547353820000353,3.3529078729989124
1032,CLOSED,2026-10-05T22:10:00+00:00,527110144,507904,3098,4050944,1799951,1027372,6125,2781,18.360213730000396,3.453617559000122
1033,CLOSED,2026-10-05T22:10:30+00:00,527622144,512000,3101,4050944,1799844,1027143,6125,2781,18.97313644499991,3.9022195679990546
1034,CLOSED,2026-10-05T22:11:00+00:00,528134144,512000,3104,4050944,1799623,1026910,6125,2781,18.93155787499927,3.6634054200003447
1035,CLOSED,2026-10-05T22:11:30+00:00,528637952,503808,3107,4050944,1799848,1027191,6125,2780,19.399405047999608,3.628546986001311
1036,CLOSED,2026-10-05T22:12:00+00:00,529145856,507904,3110,4050944,1800039,1027327,6125,2781,18.738611312999637,3.6335509459986497
1037,CLOSED,2026-10-05T22:12:30+00:00,529653760,507904,3113,4050944,1800145,1027397,6125,2780,18.289009596999676,3.777103487000204
1038,CLOSED,2026-10-05T22:13:00+00:00,530182144,528384,3116,4050944,1800071,1027372,6125,2780,17.966467477999686,3.5866556740002125
1039,CLOSED,2026-10-05T22:13:30+00:00,530714624,532480,3119,4050944,1799527,1026855,6125,2780,17.834754246998273,3.5991253449992655
1040,CLOSED,2026-10-05T22:14:00+00:00,531218432,503808,3122,4050944,1799599,1026905,6125,2781,18.19316962999983,3.6363186390008195
1041,CLOSED,2026-10-05T22:14:30+00:00,531722240,503808,3125,4050944,1799794,1027128,6125,2780,18.31164294900009,3.7489575680010603
1042,CLOSED,2026-10-05T22:15:00+00:00,532226048,503808,3128,4050944,1799899,1027171,6125,2781,18.209280996001326,3.6333266729998286
1043,CLOSED,2026-10-05T22:15:30+00:00,532733952,507904,3131,4050944,1799823,1027164,6125,2781,18.51432498199938,3.8663034139990486
1044,CLOSED,2026-10-05T22:16:00+00:00,533241856,507904,3134,4050944,1799843,1027200,6125,2781,18.675084979999156,3.8309282070003974
1045,CLOSED,2026-10-05T22:16:30+00:00,533745664,503808,3137,4050944,1799694,1027035,6125,2781,18.74816498399923,3.9356345899996086
1046,CLOSED,2026-10-05T22:17:00+00:00,534269952,524288,3140,4050944,1799855,1027235,6125,2780,18.593683281998892,3.906683017999967
1047,CLOSED,2026-10-05T22:17:30+00:00,534786048,516096,3143,4050944,1799790,1027133,6125,2780,19.023480037998524,4.140394084000945
1048,CLOSED,2026-10-05T22:18:00+00:00,535289856,503808,3146,4050944,1799756,1027102,6125,2781,19.57710108699939,4.1573028470011195
1049,CLOSED,2026-10-05T22:18:30+00:00,535801856,512000,3149,4050944,1799583,1026936,6125,2781,19.333733314999336,4.083739451998554
