path,status,head_blob_sha1,head_logical_bytes,base_logical_bytes,added_lines,deleted_lines,provisional_role
.github/workflows/porota-deploy-v2-promote.yml,modified,aefd383c5d96825fcf40386a04ce663ed75fde40,63031,60090,203,161,GOVERNANCE
.github/workflows/porota-predeploy-v2.yml,modified,3de3f650ab8e8edaaa983af110c8903745bb8b9a,42857,18777,440,77,GOVERNANCE
.github/workflows/rc6-ppi-capacity-shadow.yml,added,b9de3e6e2539cf7bcb4556be8292a581f0c6bc6c,4916,0,113,0,GOVERNANCE
.github/workflows/rc6-unified-candidate-tests.yml,modified,aa1cdb30b59f222e21cd79006cf356d29cb60a89,16337,966,313,11,GOVERNANCE
AGENTS.md,modified,121a6a46fcd3117d495eae6c2753f7055826312a,9952,2777,191,8,GOVERNANCE
AUDITORIA_IMPLEMENTACION_PERFORMANCE_RC6.md,added,c2bec4cca0469689676261dfd54f2340dbd512ea,12710,0,202,0,CODE_OR_ASSET
CHECKPOINT_WS_DISK_07_HOUSEKEEPING_POLICY_2026-10-01.md,modified,a3a85572aba525476c8c25d32c8c345d44cd78a9,3336,2694,14,4,CODE_OR_ASSET
DASHBOARD_TRUTH_MATRIX_RC6.json,modified,f0b5069a48e21f66473100c29afe63df5bfecb04,133901,52156,2213,252,CODE_OR_ASSET
Dockerfile,modified,f699cb9c34fd23367628d8248f7d838ac23c34a3,3753,3513,4,2,CODE_OR_ASSET
HANDOFF_WS_PERF_01.md,added,fed066a1dd3d073122485dfad1585438573a58fe,2451,0,40,0,CODE_OR_ASSET
PERFORMANCE_TRUTH_MATRIX_RC6.json,added,d63e44d0f02764efc7dfc490463b7ee22ac5915f,27456,0,486,0,CODE_OR_ASSET
ai_derivatives_engine.py,modified,447b66d50ce238a07aed99088d8e020a86188f7a,29080,28791,6,1,CODE_OR_ASSET
al_historical_ingest.py,modified,8c5ae1d6d6e3c2fdaf99be1b0caf174e0f4a9f3a,18781,15553,71,12,CODE_OR_ASSET
as_greeks_engine.py,modified,1249557cb9fc3ef6ac9e4c18ff97f47fca6fcc1f,15221,16056,113,138,CODE_OR_ASSET
ba_data912_history.py,modified,52f9bbb9e5a4c3aad79d216fd5fcac316eb7e81d,20998,16535,94,26,CODE_OR_ASSET
bd_ppi_readonly_guard.py,modified,55a5ca94148dcfc634452acd65d913b577ef4e43,22786,15927,133,9,CODE_OR_ASSET
be_paper_engine.py,modified,bf29614ddc03991541c9dd0ef12e13e8c8737096,137431,89100,886,68,CODE_OR_ASSET
bf_production_paper_observer.py,modified,89a5150d977cd7bd0652b86ff6a8112540fb7d0e,104051,96536,258,157,CODE_OR_ASSET
bm_exit_supervisor.py,modified,30f5153e3c3875c0327dedd2e70ad24b8836bd8d,14971,13522,31,8,CODE_OR_ASSET
bs_instrument_contracts.py,modified,19c195dcec400528a82a56c819fd9c444f53f12b,15920,10830,93,2,CODE_OR_ASSET
bu_instrument_catalog.py,modified,f3f578bb66e53bccad87f68e530cf29bda3c0a4b,36057,35576,8,1,CODE_OR_ASSET
bv_paper_runtime.py,modified,afcfd6e4bf8c982875c6f6788a885827504d1298,23928,15005,188,32,CODE_OR_ASSET
bw_daily_risk.py,modified,57da5452692fafa323964c11208f05c0b434cef6,16110,15268,16,4,CODE_OR_ASSET
cf_intraday_scalping.py,modified,e3255bb2171af7fe30a547440a3d2890aef5bf8f,72597,29323,732,47,CODE_OR_ASSET
cr_contract_evidence_v2_mass_hf6.py,modified,22026f807dd67d3f4321c4ee31879dd011118dbf,12554,11874,13,0,CODE_OR_ASSET
cr_data912_reconcile_hf6.py,modified,5b23021f8d736c116696ce6b0015c9181c6b7112,7210,5268,42,19,CODE_OR_ASSET
ct_ppi_history_salvage_hf6.py,modified,b2cdd389026be31ad2bf602f9241e23017484275,17484,8589,158,20,CODE_OR_ASSET
cu_history_store_v2_hf6.py,modified,a70bd9543be989d1ac345cc4baa73e6d78936247,36429,11156,562,271,CODE_OR_ASSET
cv_history_store_adapter_hf6.py,modified,5e0f0a6a18de2d27d8cb02f45625ff87e2be45dc,3652,875,62,2,CODE_OR_ASSET
cw_data912_history_v2_sink.py,modified,e8563f686b440f3b32e4559ef766a023127644a3,7501,5226,46,15,CODE_OR_ASSET
db_a3_cem_normalizer_hf6.py,modified,c232dbb9aa48d597bc770fc649b4719800846989,7321,6790,12,4,CODE_OR_ASSET
dh_paper_dynamic_risk_gate_hf6.py,modified,4243561bf645fde4c41432063d8e1d7a455861c9,8788,7072,29,0,CODE_OR_ASSET
docs/audits/ISSUE465_20SESSION_PACKAGE.md,added,c8de108f3839fb6ffdcf5b5f98677167b161c117,14108,0,230,0,GOVERNANCE
docs/audits/ISSUE465_F01.md,added,6164163cf9f53d74d82eaf6f32a79aae37b66c51,24414,0,370,0,GOVERNANCE
docs/audits/ISSUE465_F02.md,added,59e968ea45831b1eada3e4a48e981ed53cecfa80,18915,0,261,0,GOVERNANCE
docs/audits/ISSUE465_F03.md,added,b3d75202c847861779d6b9c0b25dbe4ce8a4e6d6,12141,0,86,0,GOVERNANCE
docs/audits/ISSUE465_F04_F05.json,added,27ca6711bcc30b835dcaced9ef0bea283c4c5041,61505,0,583,0,INDEX_MANIFEST_CANDIDATE
docs/audits/ISSUE465_F04_F05.md,added,329063742157dbbe80ad59f67a3e24ee41ebdead,8151,0,145,0,GOVERNANCE
docs/audits/ISSUE465_F04_F05_RED.log,added,a62dddf06fe94e7d3f3ce6064b336cb487364f28,3732,0,51,0,GENERATED_RAW_OR_CAPTURED_SOURCE
docs/audits/ISSUE465_F04_F05_RED.xml,added,9d30e2e8811d21430609d71750d39d280330d68b,3712,0,36,0,GENERATED_RAW_OR_CAPTURED_SOURCE
docs/audits/ISSUE465_F04_F05_RED_REPLAY.py,added,5453c4d205b5eb98fb61daf22e81e00b0e29e334,2600,0,48,0,GOVERNANCE
docs/audits/ISSUE465_F05_CONTROL_RED.log,added,3744d8c982bda6aa231352c908f5441d0a928748,2968,0,51,0,GENERATED_RAW_OR_CAPTURED_SOURCE
docs/audits/ISSUE465_F05_CONTROL_RED.xml,added,82bad22957855bdfc4135f0e889c38bdac6bf95c,3067,0,37,0,GENERATED_RAW_OR_CAPTURED_SOURCE
docs/audits/ISSUE465_PROVENANCE.md,added,76dbc98e2ddc718848297669704e19738d227578,16428,0,267,0,GOVERNANCE
docs/audits/ISSUE465_REAUDIT.json,added,c6046d306c31df9eae6e80cac05d77b1b4364aef,221873,0,4918,0,INDEX_MANIFEST_CANDIDATE
docs/audits/ISSUE465_REAUDIT.md,added,4c2df5b3478c4171297b9e218f0e83670cf3ef1e,85759,0,36,0,GOVERNANCE
docs/audits/ISSUE465_REAUDIT_FOCAL.json,added,b6b1bebc318ae66bec97860f93604f266ec81ce9,476396,0,899,0,INDEX_MANIFEST_CANDIDATE
docs/audits/ISSUE465_REAUDIT_ORIGINAL_REPORT.md,added,0a4c714e45ab6e7083a420e9391d49592e8327ac,59371,0,297,0,GOVERNANCE
docs/audits/ISSUE465_REAUDIT_RED.json,added,0d9daf3d6c853c482517134cf52851a1d227ebb7,1266924,0,1502,0,INDEX_MANIFEST_CANDIDATE
docs/audits/ISSUE465_STRESS.md,added,25deaa063236f049bf4b7dfe8822560204428f8e,13135,0,205,0,GOVERNANCE
docs/audits/RC6_COMMITTED_PROJECTION_CODEC_CONTRACT.md,added,f5d7381df5cfc6916e96a88fbc3a3d6a72e90903,6202,0,93,0,GOVERNANCE
docs/audits/RC6_CONVERGENCE_BUDGET_U01_U02_U05_U07.md,added,e061c75b371b57a43ccf19ffd05028dce906ec67,15858,0,217,0,GOVERNANCE
docs/audits/RC6_CONVERGENCE_PERSISTENCE_V2.md,added,4a2653253697cb55a8624bc8c148985210d4870e,11641,0,191,0,GOVERNANCE
docs/audits/RC6_CONVERGENCE_SOURCE_ADVISORY_U27.md,added,70f8debe37c3f1d00ec2a1191bc3c15fc90a3d18,4117,0,65,0,GOVERNANCE
docs/audits/RC6_CONVERGENCE_SRE_OFFLINE.json,added,7fdd779a90c42fe769456fe8e3fd50d3172dac18,183197,0,2500,0,INDEX_MANIFEST_CANDIDATE
docs/audits/RC6_PRIVATE_PUBLICATION_CAPTURE_PLAN.md,added,98527bd3ef5a67562999d02aa9b93282d6df9ae3,12919,0,205,0,GOVERNANCE
docs/audits/RC6_RESIDUAL_OPS_CLOSURE_2026-10-03.md,added,78aabb028ec737bfecd238ad553177774fb0d535,7454,0,197,0,GOVERNANCE
docs/audits/RC6_SRE_SQLITE_DISK_SCRATCH_NATIVE.json,added,25f1a239d6d59895b1996d9e3ef9ba4c9b608d94,45331,0,1057,0,INDEX_MANIFEST_CANDIDATE
docs/audits/WS_CLOSE_PROGRAMMING_05_FINAL_MATRIX.json,added,3a7bb0d959b4925e83a8b99654309b077d1e6173,467401,0,20680,0,INDEX_MANIFEST_CANDIDATE
docs/audits/WS_CLOSE_PROGRAMMING_05_FINAL_MATRIX.md,added,eb56e7a1202e7e553eb9def48e767b8afe33b07c,18065,0,133,0,GOVERNANCE
docs/audits/WS_INTEG_PERF_04_PROVENANCE.json,added,253ef4670720c1db87796d87922b5aca4401a48e,19006,0,565,0,INDEX_MANIFEST_CANDIDATE
docs/audits/WS_INTEG_PERF_04_RUNTIME_SHADOW.md,added,9965eff7a6bccee98815939b19701dbc7c783006,17219,0,138,0,GOVERNANCE
docs/audits/WS_MOTOR_16_PROGRAMMING_COMPLETION.md,added,19383ddb0d412139d22e8e5e865b1f37c30d4a9a,5265,0,83,0,GOVERNANCE
docs/audits/WS_PERF_03_DYNAMIC_UNIVERSE.md,added,09d82e6afa07e6d7418cc5410bdefd0e7bde978f,22515,0,259,0,GOVERNANCE
docs/audits/convergence/ARCHIVE_MAXIMUM_MEMBER_GUARD.json,added,9e42aee5c313ccd2bdd3936509a3818047f560f6,17431,0,334,0,INDEX_MANIFEST_CANDIDATE
docs/audits/convergence/ARCHIVE_MAXIMUM_MEMBER_GUARD.md,added,5b99c4375126c513fe7ca605f98f1f81fc3f15a9,9256,0,139,0,GOVERNANCE
docs/audits/convergence/BUDGET_PRIMARY_SOURCE_CUSTODY.json,added,11d0a54dbac12d41cad064f97256655c27d96cbc,175042,0,3406,0,INDEX_MANIFEST_CANDIDATE
docs/audits/convergence/DEVELOPMENT_HANDOFF.md,added,a6bc27c9f254b70864ef78089731038b01e4e50c,44105,0,659,0,GOVERNANCE
docs/audits/convergence/INPUT_MANIFEST_RC6_CONVERGENCIA.json,added,45fef82aaa186af404b81f5a0776ea169c7435fa,43745,0,1327,0,INDEX_MANIFEST_CANDIDATE
docs/audits/convergence/ISSUE465_GUARDED_SUCCESSION.md,added,ade9b8227fe4d540ac8c1801c6db9495d5909003,8710,0,137,0,GOVERNANCE
docs/audits/convergence/ISSUE469_REAUDITORIA_INDEPENDIENTE_466_C27DFD9.md,added,9ab1c70e601d6bb519cdb13974280a2e258e975a,226902,0,2398,0,GOVERNANCE
docs/audits/convergence/NATIVE_BIG_IMPORT_PROVENANCE_FOCAL.json,added,700fa6eb83760d436c4e5ced52fbb426c8d0796c,47276,0,808,0,INDEX_MANIFEST_CANDIDATE
docs/audits/convergence/NATIVE_BIG_IMPORT_PROVENANCE_SOURCE_PLAN.json,added,175c5f077410a25c7ee9a448e073453ffe551e50,13229,0,126,0,INDEX_MANIFEST_CANDIDATE
docs/audits/convergence/NATIVE_BIG_RUNTIME_PROVENANCE_SOURCE_PLAN.json,added,7841380206584de0037371cafc59144ac2e3197d,35129,0,348,0,INDEX_MANIFEST_CANDIDATE
docs/audits/convergence/ORDEN_UNICA_CODEX_RC6_CONVERGENCIA_468_469_470.md,added,b36f9dc61f36a3ba29025de56a2918e8bd09f550,49660,0,284,0,GOVERNANCE
docs/audits/convergence/ORIGINAL_BUDGET_C27_REPLAY.json,added,3cfd71142925196966566f60eb1dd3cb5217e147,37143,0,723,0,INDEX_MANIFEST_CANDIDATE
docs/audits/convergence/ORIGINAL_BUDGET_C27_REPLAY.md,added,5427dd4f59eefebe76e435449f13209a2e248d97,5849,0,34,0,GOVERNANCE
docs/audits/convergence/ORIGINAL_INPUT_DIGESTS.json,added,8902bd15f292988e506df2ab9fd0ea8f0d7e7916,1113,0,30,0,INDEX_MANIFEST_CANDIDATE
docs/audits/convergence/ORIGINAL_RA_A_F01_F02.md,added,5a92ea8af19a92e63df575121c6b6d55cfbbb8bf,27241,0,311,0,GOVERNANCE
docs/audits/convergence/ORIGINAL_RA_A_F03_F05.md,added,cea625dbee5c8a54affabab16dbe11b2150aa3b6,26432,0,412,0,GOVERNANCE
docs/audits/convergence/ORIGINAL_SCENARIOS_469.json,added,84c42a7fbb9dab23cf9a2651f87fc642f8d596e5,30298,0,806,0,INDEX_MANIFEST_CANDIDATE
docs/audits/convergence/PREDEPLOY_CLEANUP_FINAL_SOURCE_RECIPE.json,added,0a15d404a4fd9a8588b18812cba8adf364d69b4d,6286,0,116,0,INDEX_MANIFEST_CANDIDATE
docs/audits/convergence/PREDEPLOY_CLEANUP_FINAL_SOURCE_RECIPE.md,added,f8adc9ba956e9ba4c11d052928d7b6ef51413b8b,6051,0,90,0,GOVERNANCE
docs/audits/convergence/PREDEPLOY_CLEANUP_SOURCE_REVIEW.json,added,f516e865715c8ae0e16586231f7cc7fd7a19a45b,7300,0,119,0,INDEX_MANIFEST_CANDIDATE
docs/audits/convergence/PREDEPLOY_CLEANUP_SOURCE_REVIEW.md,added,4937fda5c0195207eb1a4458bb653b46502ecd8b,4589,0,70,0,GOVERNANCE
docs/audits/convergence/PRIOR_REGRESSION_SUCCESSIONS.json,added,b24eca6a6d4d8d62e9434408dccc42772b824729,9752,0,171,0,INDEX_MANIFEST_CANDIDATE
docs/audits/convergence/PRIOR_REGRESSION_SUCCESSIONS.md,added,e2e3d3c3668fc6118dfd137d7f3a1b59ccf3367d,3970,0,58,0,GOVERNANCE
docs/audits/convergence/PUBLISHED_REPLAY_DEADLINE_CONTRACT.json,added,30a1dc43200ea915b4481e8157e0148fc3d91918,4950,0,98,0,INDEX_MANIFEST_CANDIDATE
docs/audits/convergence/PUBLISHED_REPLAY_DEADLINE_CONTRACT.md,added,5101e611561bc171fe9c13dbee33d3232383d4ef,7001,0,29,0,GOVERNANCE
docs/audits/convergence/RC6_BUDGET_F01_CONVERGENCE.json,added,d790d81d33d44e6236e20b3761c9e270f91c8798,214424,0,2693,0,INDEX_MANIFEST_CANDIDATE
docs/audits/convergence/REGISTRO_CONVERGENCIA_RC6.csv,added,99c84c11808144bbcd9af2ac1d746077e961af21,13596,0,56,0,GOVERNANCE
docs/audits/convergence/REMEDIATION_REGISTER.json,added,5545685d2029fcc010d5f9441d733d3f9fdcc65f,4999897,0,111921,0,INDEX_MANIFEST_CANDIDATE
docs/audits/convergence/REQUIREMENT_CLOSURE_MATRIX.json,added,9222924f1bd9b3e62793812943c317d2392e2060,3892576,0,48291,0,INDEX_MANIFEST_CANDIDATE
docs/audits/convergence/RUNTIME_CODEC_IMAGE_SMOKE.json,added,f2d7818a576064a63405fab41223ab72768443b4,26119,0,596,0,INDEX_MANIFEST_CANDIDATE
docs/audits/convergence/RUNTIME_CODEC_IMAGE_SMOKE.md,added,40a8142cff63d998115b8dca7e53b2c1217ed476,16500,0,270,0,GOVERNANCE
docs/audits/convergence/SOURCE_CUSTODY_ALLOCATED_BLOCKS.json,added,1c819dc55d79de344fe78cb742747638db04e41b,10318,0,171,0,INDEX_MANIFEST_CANDIDATE
docs/audits/convergence/archive_maximum_member_c437/DOSSIER.json,added,65026e24e9620961dda941b9534a74474e3e258a,66363,0,1562,0,INDEX_MANIFEST_CANDIDATE
docs/audits/convergence/archive_maximum_member_c437/MANIFEST.json,added,835adbdb7bec637f348698134ba0e7df1588a92f,5061,0,100,0,INDEX_MANIFEST_CANDIDATE
docs/audits/convergence/archive_maximum_member_c437/README.md,added,e40548a7a15e792e3250a58bebdd8be7817b8deb,5703,0,94,0,GOVERNANCE
docs/audits/convergence/archive_maximum_member_c437/raw/corrected_governed/collection.log,added,314cdfc99eaff9a8d98478db47f2c61745972268,324,0,4,0,GENERATED_RAW_OR_CAPTURED_SOURCE
docs/audits/convergence/archive_maximum_member_c437/raw/corrected_governed/launch.json,added,cc653e9d5e51b48070d9b80493fda7b5ff2182d0,2054,0,50,0,GENERATED_RAW_OR_CAPTURED_SOURCE
docs/audits/convergence/archive_maximum_member_c437/raw/corrected_governed/maximum-member.xml,added,1be51963ef462d452e2949a4770e9377ada041f5,1969,0,1,0,GENERATED_RAW_OR_CAPTURED_SOURCE
docs/audits/convergence/archive_maximum_member_c437/raw/corrected_governed/pytest-resource.json,added,0d8a46e21fb9310aee027056c9bf34d2b07fb957,455,0,12,0,GENERATED_RAW_OR_CAPTURED_SOURCE
docs/audits/convergence/archive_maximum_member_c437/raw/corrected_governed/pytest.log,added,e3d6adf0838cd76ac85c77e5c7eeec8d5dc64c07,110,0,2,0,GENERATED_RAW_OR_CAPTURED_SOURCE
docs/audits/convergence/archive_maximum_member_c437/raw/corrected_governed/pytest.pid,added,f2c588c8697223021380ba372c4eb69797070c80,7,0,1,0,GENERATED_RAW_OR_CAPTURED_SOURCE
docs/audits/convergence/archive_maximum_member_c437/raw/corrected_governed/source.index.json.gz,added,43666fb7b7bbd870f8436448b48555be012feb8e,168176,0,-,-,GENERATED_RAW_OR_CAPTURED_SOURCE
docs/audits/convergence/archive_maximum_member_c437/raw/corrected_outer.stdin.py,added,9f6e5ffd7d8612a1a5beb2f4f27b347249da4d13,4568,0,46,0,GENERATED_RAW_OR_CAPTURED_SOURCE
docs/audits/convergence/archive_maximum_member_c437/raw/initial_collection_infra/launch.json,added,c13c1c29fde84ba96ae9f94d736635ef911340c5,1398,0,41,0,GENERATED_RAW_OR_CAPTURED_SOURCE
docs/audits/convergence/archive_maximum_member_c437/raw/initial_collection_infra/maximum-member.xml,added,9d398e9b0d44fdea0bae0443e237f4d69d0db95d,1102,0,9,0,GENERATED_RAW_OR_CAPTURED_SOURCE
docs/audits/convergence/archive_maximum_member_c437/raw/initial_collection_infra/pytest-resource.json,added,0219f669a3b0caa02740f5d4d290a432dee602af,454,0,12,0,GENERATED_RAW_OR_CAPTURED_SOURCE
docs/audits/convergence/archive_maximum_member_c437/raw/initial_collection_infra/pytest.log,added,b62a95a3ba7f78ba52caf52eb66b2e6d4a058be1,1048,0,16,0,GENERATED_RAW_OR_CAPTURED_SOURCE
docs/audits/convergence/archive_maximum_member_c437/raw/initial_collection_infra/pytest.pid,added,dbdcb9db513bb614e3948e60cfbc29eba594acef,7,0,1,0,GENERATED_RAW_OR_CAPTURED_SOURCE
docs/audits/convergence/archive_maximum_member_c437/raw/initial_outer.stdin.py,added,e676824fb94d74697d70b94c988db9ab0d82ecc5,3494,0,40,0,GENERATED_RAW_OR_CAPTURED_SOURCE
docs/audits/convergence/archive_maximum_member_c437/raw/native/child-resource.json,added,5a64f9a68c702a7055a617a491730417d211fb69,738,0,19,0,GENERATED_RAW_OR_CAPTURED_SOURCE
docs/audits/convergence/archive_maximum_member_c437/raw/native/launch-before.json,added,c6df1b4447d2415c1b997e0069540b7ad1d409b0,1985,0,47,0,GENERATED_RAW_OR_CAPTURED_SOURCE
docs/audits/convergence/archive_maximum_member_c437/raw/native/launch-final.json,added,c68c2f3a0c6433f81a72e21d8b0841fd2a42073a,2732,0,62,0,GENERATED_RAW_OR_CAPTURED_SOURCE
docs/audits/convergence/archive_maximum_member_c437/raw/native/native-receipt.json.gz,added,ab81a2fd69cf5f91675f24ffd619db03c19af0fd,55377,0,-,-,GENERATED_RAW_OR_CAPTURED_SOURCE
docs/audits/convergence/archive_maximum_member_c437/raw/native/native.log,added,f2a0ed45c6fa754a42b3876388b09669c1bb09e5,1372,0,10,0,GENERATED_RAW_OR_CAPTURED_SOURCE
docs/audits/convergence/archive_maximum_member_c437/raw/rc6_archive_maximum_member_probe.py.gz,added,4929bd2b600dab8bc5a44b92f58f8f50ffbca6c9,16200,0,-,-,GENERATED_RAW_OR_CAPTURED_SOURCE
docs/audits/convergence/archive_maximum_member_c437/raw/test_rc6_archive_maximum_member_guard.py.gz,added,86d2795e9f1e0be45600874deda3bbfb32979c67,3088,0,-,-,GENERATED_RAW_OR_CAPTURED_SOURCE
docs/audits/convergence/evidence/browser-small-efa69894-abc-20261006/CUSTODY.json,added,ec7c1c155aee4681fc189a25685a899d303e2741,166119,0,4436,0,INDEX_MANIFEST_CANDIDATE
docs/audits/convergence/evidence/browser-small-efa69894-abc-20261006/PRESERVATION_INPUTS.json,added,9d9be920f64b895127fd1bc2b8ea1dbf96fa302a,109169,0,2346,0,INDEX_MANIFEST_CANDIDATE
docs/audits/convergence/evidence/browser-small-efa69894-abc-20261006/epochs/a/dispatch/dispatch.source-only.json,added,28a5567b2d529d8e317765d32d019bf32dea623d,986,0,26,0,INDEX_MANIFEST_CANDIDATE
docs/audits/convergence/evidence/browser-small-efa69894-abc-20261006/epochs/a/dispatch/launch.stderr.raw,added,e69de29bb2d1d6434b8b29ae775ad8c2e48c5391,0,0,0,0,GOVERNANCE
docs/audits/convergence/evidence/browser-small-efa69894-abc-20261006/epochs/a/dispatch/launch.stdout.raw,added,10707d6ea26da63c89d3bcf5099c13e8eafa424f,409,0,2,0,GOVERNANCE
docs/audits/convergence/evidence/browser-small-efa69894-abc-20261006/epochs/a/raw/normal-stage.json,added,805073d3e7dcbb3c0d813672b474f53b2db104d3,805,0,29,0,GENERATED_RAW_OR_CAPTURED_SOURCE
docs/audits/convergence/evidence/browser-small-efa69894-abc-20261006/epochs/a/raw/normal-supervision.json,added,00b2fde3f73d2300abe18d79bbd5a70a91cddcbd,2266,0,65,0,GENERATED_RAW_OR_CAPTURED_SOURCE
docs/audits/convergence/evidence/browser-small-efa69894-abc-20261006/epochs/a/raw/normal-supervision.log,added,1365067a0246fa8f611bab881205126b92ae3923,100,0,1,0,GENERATED_RAW_OR_CAPTURED_SOURCE
docs/audits/convergence/evidence/browser-small-efa69894-abc-20261006/epochs/a/raw/supervisor-final.json,added,7ebedfeda80b0cc439b63a27998c838b5bf52522,6198,0,172,0,GENERATED_RAW_OR_CAPTURED_SOURCE
docs/audits/convergence/evidence/browser-small-efa69894-abc-20261006/epochs/a/raw/supervisor-start.json,added,7b249f8bc7e99753c9d6acbc9bbd0a3ac2fcc6c6,2105,0,61,0,GENERATED_RAW_OR_CAPTURED_SOURCE
docs/audits/convergence/evidence/browser-small-efa69894-abc-20261006/epochs/a/supervisor.py.source,added,16d420eef266a82787258e21d995e1697a8c1e22,46008,0,823,0,GENERATED_RAW_OR_CAPTURED_SOURCE
docs/audits/convergence/evidence/browser-small-efa69894-abc-20261006/epochs/b/dispatch/dispatch.source-only.json,added,4732c4c9a11d672318bb9cbe7e2e62333e8331cd,1582,0,43,0,INDEX_MANIFEST_CANDIDATE
docs/audits/convergence/evidence/browser-small-efa69894-abc-20261006/epochs/b/dispatch/launch.stderr.raw,added,e69de29bb2d1d6434b8b29ae775ad8c2e48c5391,0,0,0,0,GOVERNANCE
docs/audits/convergence/evidence/browser-small-efa69894-abc-20261006/epochs/b/dispatch/launch.stdout.raw,added,c0ce423584c9d9ca75c186cc2a60f3318af3dbde,416,0,2,0,GOVERNANCE
docs/audits/convergence/evidence/browser-small-efa69894-abc-20261006/epochs/b/health/health-gate.json.gz,added,5c028797afe016a2681de4a749cedf6f6ed6a5fa,393148,0,-,-,BINARY
docs/audits/convergence/evidence/browser-small-efa69894-abc-20261006/epochs/b/raw/health-driver-start.json,added,01417d76449ef89375ec1e0452da7f2a5211a9b6,7070,0,226,0,GENERATED_RAW_OR_CAPTURED_SOURCE
docs/audits/convergence/evidence/browser-small-efa69894-abc-20261006/epochs/b/raw/health-driver.log,added,9c261d81da7a51883b28410acb04eb1582b88ebe,81,0,1,0,GENERATED_RAW_OR_CAPTURED_SOURCE
docs/audits/convergence/evidence/browser-small-efa69894-abc-20261006/epochs/b/raw/health-source-after.json.gz,added,ced9916793fc453b8a7eaad079b6644e8345a317,236486,0,-,-,GENERATED_RAW_OR_CAPTURED_SOURCE
docs/audits/convergence/evidence/browser-small-efa69894-abc-20261006/epochs/b/raw/health-source-before.json.gz,added,467a3bcfdf461633e542aefccd76e012d442deef,235740,0,-,-,GENERATED_RAW_OR_CAPTURED_SOURCE
docs/audits/convergence/evidence/browser-small-efa69894-abc-20261006/epochs/b/raw/health-stage.json,added,6b2c6a5c4511286aa6efb91ce52f3923b14c94c1,22390,0,743,0,GENERATED_RAW_OR_CAPTURED_SOURCE
docs/audits/convergence/evidence/browser-small-efa69894-abc-20261006/epochs/b/raw/health-supervision.json,added,845eed275c64f9be4bf60dd35830cd12cea3ed64,2264,0,65,0,GENERATED_RAW_OR_CAPTURED_SOURCE
docs/audits/convergence/evidence/browser-small-efa69894-abc-20261006/epochs/b/raw/health-supervision.log,added,d166d36b2ff7d47d051edff786f01908ec3e8f52,611,0,2,0,GENERATED_RAW_OR_CAPTURED_SOURCE
docs/audits/convergence/evidence/browser-small-efa69894-abc-20261006/epochs/b/raw/normal-driver-start.json,added,8c325788f781664d68f25c041709099ea0a0c163,7090,0,227,0,GENERATED_RAW_OR_CAPTURED_SOURCE
docs/audits/convergence/evidence/browser-small-efa69894-abc-20261006/epochs/b/raw/normal-driver.log,added,34ff6729d9344c091aa252dee3a73d7704689a66,1173,0,13,0,GENERATED_RAW_OR_CAPTURED_SOURCE
docs/audits/convergence/evidence/browser-small-efa69894-abc-20261006/epochs/b/raw/normal-source-after.json.gz,added,467a3bcfdf461633e542aefccd76e012d442deef,235740,0,-,-,GENERATED_RAW_OR_CAPTURED_SOURCE
docs/audits/convergence/evidence/browser-small-efa69894-abc-20261006/epochs/b/raw/normal-source-before.json.gz,added,8dc10685ea579a157a08ac27aed13b1db4747554,235677,0,-,-,GENERATED_RAW_OR_CAPTURED_SOURCE
docs/audits/convergence/evidence/browser-small-efa69894-abc-20261006/epochs/b/raw/normal-stage.json,added,6a759444f10cf1524d3c95008e251c6b8a6171ad,8361,0,272,0,GENERATED_RAW_OR_CAPTURED_SOURCE
docs/audits/convergence/evidence/browser-small-efa69894-abc-20261006/epochs/b/raw/normal-supervision.json,added,384c8d193fa3fabced8ea3e284fa86b21260c852,2266,0,65,0,GENERATED_RAW_OR_CAPTURED_SOURCE
docs/audits/convergence/evidence/browser-small-efa69894-abc-20261006/epochs/b/raw/normal-supervision.log,added,251ba5fdb928032207f9cbf6b97548de9a8a9e59,628,0,2,0,GENERATED_RAW_OR_CAPTURED_SOURCE
docs/audits/convergence/evidence/browser-small-efa69894-abc-20261006/epochs/b/raw/supervisor-final.json,added,3e079b41e0a1eeeeb444977f580b3fc0fddcef6c,44951,0,1229,0,GENERATED_RAW_OR_CAPTURED_SOURCE
docs/audits/convergence/evidence/browser-small-efa69894-abc-20261006/epochs/b/raw/supervisor-start.json,added,5d6aa4b1bc012480a8b9f106e8c455cd19cf6da8,2108,0,61,0,GENERATED_RAW_OR_CAPTURED_SOURCE
docs/audits/convergence/evidence/browser-small-efa69894-abc-20261006/epochs/b/supervisor.py.source,added,c13bfdea5be4eca9e667030aee7b275204845823,46688,0,833,0,GENERATED_RAW_OR_CAPTURED_SOURCE
docs/audits/convergence/evidence/browser-small-efa69894-abc-20261006/epochs/b/transport/launcher.json,added,63fe116a21a22be01d8adb8f4674d00e8949e9aa,1432,0,39,0,INDEX_MANIFEST_CANDIDATE
docs/audits/convergence/evidence/browser-small-efa69894-abc-20261006/epochs/b/transport/stderr.raw,added,e69de29bb2d1d6434b8b29ae775ad8c2e48c5391,0,0,0,0,GOVERNANCE
docs/audits/convergence/evidence/browser-small-efa69894-abc-20261006/epochs/b/transport/stdout.raw,added,3e0277c12bbbdde40b4ad7ed908e8c3e173f87be,158,0,1,0,GOVERNANCE
docs/audits/convergence/evidence/browser-small-efa69894-abc-20261006/epochs/c/browser/browser-gate.json.gz,added,c78588b1d386721af5895bcab39468ee4f47a942,430582,0,-,-,BINARY
docs/audits/convergence/evidence/browser-small-efa69894-abc-20261006/epochs/c/browser/instrumentos-1024.png,added,02564463564622ab8cb9508b818e7289c5d3b20b,100901,0,-,-,BINARY
docs/audits/convergence/evidence/browser-small-efa69894-abc-20261006/epochs/c/browser/instrumentos-1280.png,added,7a19d1e3d4f8b49af896403b0926e782f746c5cc,138432,0,-,-,BINARY
docs/audits/convergence/evidence/browser-small-efa69894-abc-20261006/epochs/c/browser/instrumentos-1440.png,added,00608f554aaaef378f8191ab87be77251b71ce5c,139777,0,-,-,BINARY
docs/audits/convergence/evidence/browser-small-efa69894-abc-20261006/epochs/c/browser/instrumentos-360.png,added,533f3a347f7ec86ab47a82691ab874a658b86b23,61407,0,-,-,BINARY
docs/audits/convergence/evidence/browser-small-efa69894-abc-20261006/epochs/c/browser/instrumentos-600.png,added,7dc3eaeb5fe06fda4455075c9bd4cd67df223d4d,75443,0,-,-,BINARY
docs/audits/convergence/evidence/browser-small-efa69894-abc-20261006/epochs/c/browser/instrumentos-800.png,added,3b2815ae7132c244c92c26bacbc4bf483d472c31,90890,0,-,-,BINARY
docs/audits/convergence/evidence/browser-small-efa69894-abc-20261006/epochs/c/browser/native-capacity-off.png,added,42b3969556c173d6a3b0dcc8a21d0e9fe7a5bd22,93098,0,-,-,BINARY
docs/audits/convergence/evidence/browser-small-efa69894-abc-20261006/epochs/c/dispatch/dispatch.source-only.json,added,6df3e2aeb24a15c278d365d7779fc397f2e4fe4b,2171,0,53,0,INDEX_MANIFEST_CANDIDATE
docs/audits/convergence/evidence/browser-small-efa69894-abc-20261006/epochs/c/dispatch/launch.stderr.raw,added,e69de29bb2d1d6434b8b29ae775ad8c2e48c5391,0,0,0,0,GOVERNANCE
docs/audits/convergence/evidence/browser-small-efa69894-abc-20261006/epochs/c/dispatch/launch.stdout.raw,added,d247f968ca11ae9f8504f3eed3f448eb0e165c40,407,0,2,0,GOVERNANCE
docs/audits/convergence/evidence/browser-small-efa69894-abc-20261006/epochs/c/raw/normal-driver-start.json,added,886c630f6cf5e2bacfe2168263e6f7aa87a47f79,7114,0,227,0,GENERATED_RAW_OR_CAPTURED_SOURCE
docs/audits/convergence/evidence/browser-small-efa69894-abc-20261006/epochs/c/raw/normal-driver.log.gz,added,b6feb33550df46f080143fa3efa3215354380e4f,417700,0,-,-,GENERATED_RAW_OR_CAPTURED_SOURCE
docs/audits/convergence/evidence/browser-small-efa69894-abc-20261006/epochs/c/raw/normal-source-after.json.gz,added,e48be3da4be08abad12fe78e8233cc8f57d49969,236976,0,-,-,GENERATED_RAW_OR_CAPTURED_SOURCE
docs/audits/convergence/evidence/browser-small-efa69894-abc-20261006/epochs/c/raw/normal-source-before.json.gz,added,05d56c764fc09a2fba5f010d1383a33fa8cd396b,236026,0,-,-,GENERATED_RAW_OR_CAPTURED_SOURCE
docs/audits/convergence/evidence/browser-small-efa69894-abc-20261006/epochs/c/raw/normal-stage.json,added,aa186fe5bce1010e2492579f7daf48c57e8cfd9f,25554,0,857,0,GENERATED_RAW_OR_CAPTURED_SOURCE
docs/audits/convergence/evidence/browser-small-efa69894-abc-20261006/epochs/c/raw/normal-supervision.json,added,2bfa198d4188cdceb54c813214efabb580911377,3580,0,114,0,GENERATED_RAW_OR_CAPTURED_SOURCE
docs/audits/convergence/evidence/browser-small-efa69894-abc-20261006/epochs/c/raw/normal-supervision.log,added,bddfb3ff4eb618fd9c174cc6adf733aea9b4afdf,644,0,2,0,GENERATED_RAW_OR_CAPTURED_SOURCE
docs/audits/convergence/evidence/browser-small-efa69894-abc-20261006/epochs/c/raw/supervisor-final.json,added,704023d3636812ae7c28d4ddc274561865303c0d,37528,0,1048,0,GENERATED_RAW_OR_CAPTURED_SOURCE
docs/audits/convergence/evidence/browser-small-efa69894-abc-20261006/epochs/c/raw/supervisor-start.json,added,032bbb334db70911692eba83ddc320dab718aee2,2110,0,60,0,GENERATED_RAW_OR_CAPTURED_SOURCE
docs/audits/convergence/evidence/browser-small-efa69894-abc-20261006/epochs/c/supervisor.py.source,added,21f42b9e6adedb4e8686518174adf603cf170592,46704,0,833,0,GENERATED_RAW_OR_CAPTURED_SOURCE
docs/audits/convergence/evidence/browser-small-efa69894-abc-20261006/epochs/c/transport/launcher.json,added,f5f6871e7c3fc29915e4550ca9d5c6e86e791fc1,1400,0,39,0,INDEX_MANIFEST_CANDIDATE
docs/audits/convergence/evidence/browser-small-efa69894-abc-20261006/epochs/c/transport/stderr.raw,added,e69de29bb2d1d6434b8b29ae775ad8c2e48c5391,0,0,0,0,GOVERNANCE
docs/audits/convergence/evidence/browser-small-efa69894-abc-20261006/epochs/c/transport/stdout.raw,added,554c80aef9b00c8d981eecbe88d3ddbdb9e0e3dc,69507,0,1,0,GOVERNANCE
docs/audits/convergence/evidence/browser-small-efa69894-abc-20261006/incidents/sre-directory-enumeration.json,added,7be12a0b551071001d02fd96030bc5a491f608ee,1777,0,37,0,INDEX_MANIFEST_CANDIDATE
docs/audits/convergence/evidence/browser-small-efa69894-abc-20261006/plans/rc6-root-efa69894-browser-export-controls-source-only.json,added,71c5a159c74b53f0be5b0f4b9c7e4562248c40bd,2443,0,50,0,INDEX_MANIFEST_CANDIDATE
docs/audits/convergence/evidence/browser-small-efa69894-abc-20261006/plans/rc6-root-normal-browser-plan-b477-source-only.json,added,8f16d27c2523cfe767beb91208d78083cdb5f478,15851,0,413,0,INDEX_MANIFEST_CANDIDATE
docs/audits/convergence/evidence/browser-small-efa69894-abc-20261006/plans/rc6-root-normal-browser-plan-b477-source-only.md,added,6d5ed69576a24b48f2a628b4ced242785a92b4a1,2795,0,23,0,GOVERNANCE
docs/audits/convergence/evidence/browser-small-efa69894-abc-20261006/plans/rc6-root-normal-browser-plan-efa69894-driver-v2-source-only.json,added,1b3e8d8dc917a68465d44f7555f7502c33172103,3432,0,82,0,INDEX_MANIFEST_CANDIDATE
docs/audits/convergence/evidence/browser-small-efa69894-abc-20261006/plans/rc6-root-normal-browser-plan-efa69894-retry-c-source-only.json,added,816665a84e3bf684eacbbe76ef0c0d49b6adc52d,3119,0,64,0,INDEX_MANIFEST_CANDIDATE
docs/audits/convergence/evidence/browser-small-efa69894-abc-20261006/plans/rc6-root-normal-browser-plan-efa69894-source-only.json,added,6dc7f481eb7fc68bfe72a2be29184dae7317f209,6608,0,146,0,INDEX_MANIFEST_CANDIDATE
docs/audits/convergence/evidence/browser-small-efa69894-abc-20261006/plans/rc6-root-normal-browser-plan-efa69894-source-only.md,added,1cd7a47f4aeddb24c63f2e38b3561e0aebb5a036,1682,0,11,0,GOVERNANCE
docs/audits/convergence/evidence/browser-small-efa69894-abc-20261006/reviews/ux-actual-route-matrix-ro.json,added,d1b24aa7a7c8f12dbee283d94200c9d9de86b3ed,52110,0,2259,0,INDEX_MANIFEST_CANDIDATE
docs/audits/convergence/evidence/browser-small-efa69894-abc-20261006/reviews/ux-original-screenshot-copy-receipt.json,added,9cad75d98a5413593b109b14ca31bdb2abd5828f,6021,0,170,0,INDEX_MANIFEST_CANDIDATE
docs/audits/convergence/evidence/browser-small-efa69894-abc-20261006/reviews/ux-postfin-ro-final.json,added,ca5237c1bf5d97a8279a3f02dd38c4b3c3b6863d,14276,0,347,0,INDEX_MANIFEST_CANDIDATE
docs/audits/convergence/evidence/browser-small-efa69894-abc-20261006/reviews/ux-postfin-ro-final.md,added,f084bc0591b6a964ac06f12504dc8ed31b18e215,2110,0,9,0,GOVERNANCE
docs/audits/convergence/evidence/browser-small-efa69894-abc-20261006/reviews/ux-postfin-ro-stage1.json,added,77d4224988dd0184d6e1fc9afd1ef34d8d2c1635,52934,0,1245,0,INDEX_MANIFEST_CANDIDATE
docs/audits/convergence/evidence/browser-small-efa69894-abc-20261006/reviews/ux-readiness-badge-source-proposal.json,added,411eb2841812e6ad0bb0a349b3dbcf260551cd49,2841,0,41,0,INDEX_MANIFEST_CANDIDATE
docs/audits/convergence/evidence/browser-small-efa69894-abc-20261006/source-controls/ab/source.index.json.gz,added,f17c0d012d2c1488c8ec5280aaf60508d52b056b,223406,0,-,-,BINARY
docs/audits/convergence/evidence/browser-small-efa69894-abc-20261006/source-controls/c/source.commit.raw,added,e582457154da04ada33485af2304f95aa8be4327,269,0,6,0,GOVERNANCE
docs/audits/convergence/evidence/browser-small-efa69894-abc-20261006/source-controls/c/source.index.json.gz,added,f17c0d012d2c1488c8ec5280aaf60508d52b056b,223406,0,-,-,BINARY
docs/audits/convergence/evidence/browser-small-efa69894-abc-20261006/source-support/exporter.py.source,added,501675c06f0ca5f2ee1b39ccb636fb18d8a2c678,4874,0,96,0,GENERATED_RAW_OR_CAPTURED_SOURCE
docs/audits/convergence/evidence/budget-primary-source-custody/416e-interop-focal.junit.xml,added,3e72d6e7ee20607746c47507292e66f97e9537b9,15236,0,127,0,GENERATED_RAW_OR_CAPTURED_SOURCE
docs/audits/convergence/evidence/budget-primary-source-custody/416e-original-budget-suites.junit.xml,added,5009d2fee4d8ad8002e0bdf4cadeb3fc4e8c87d0,34731,0,1,0,GENERATED_RAW_OR_CAPTURED_SOURCE
docs/audits/convergence/evidence/budget-primary-source-custody/505a-frozen157-environment.json,added,bba26ecd5b5f3b5e0579970893c8ef57ed3a36c4,597,0,16,0,INDEX_MANIFEST_CANDIDATE
docs/audits/convergence/evidence/budget-primary-source-custody/505a-invalidated-harness-diagnostic.json,added,2eb57ec4d4d4d45c22742417968cbdc83b1c5748,17905,0,409,0,INDEX_MANIFEST_CANDIDATE
docs/audits/convergence/evidence/budget-primary-source-custody/505a-invalidated-native-focal.junit.xml,added,2a0c94d47240c642aed49318df30164fa24ba6d3,13294,0,35,0,GENERATED_RAW_OR_CAPTURED_SOURCE
docs/audits/convergence/evidence/budget-primary-source-custody/7e66-frozen157-environment.json,added,3bd008457446fe01af3db93dfaace4f14eb3da83,780,0,23,0,INDEX_MANIFEST_CANDIDATE
docs/audits/convergence/evidence/budget-primary-source-custody/7e66-growth-controls-native-receipt.json,added,31f7673b319ae74f3872e9b2427fbdf4e19010c8,106832,0,1723,0,INDEX_MANIFEST_CANDIDATE
docs/audits/convergence/evidence/budget-primary-source-custody/7e66-growth-controls.junit.xml,added,94415f193aac46432b7a34b290d5a99d9cb5c790,732,0,1,0,GENERATED_RAW_OR_CAPTURED_SOURCE
docs/audits/convergence/evidence/budget-primary-source-custody/af56-initial-guards.junit.xml,added,c64b856d2a26028a28b7ea529e2a78ba408c8c16,7238,0,55,0,GENERATED_RAW_OR_CAPTURED_SOURCE
docs/audits/convergence/evidence/budget-primary-source-custody/b8b9-affected-controls-native-receipt.json,added,8f72aa8bfa2cce05c06c1fc545d3ac34bf8490d9,298903,0,4617,0,INDEX_MANIFEST_CANDIDATE
docs/audits/convergence/evidence/budget-primary-source-custody/b8b9-affected-controls.junit.xml,added,14beff6a2659976b61bc5c42fafc8cb9c77d4526,7518,0,48,0,GENERATED_RAW_OR_CAPTURED_SOURCE
docs/audits/convergence/evidence/budget-primary-source-custody/current-af56-native-replay.json,added,4877b925b90030e3c8e8e0f4d15c300c66f3e270,35332,0,1232,0,INDEX_MANIFEST_CANDIDATE
docs/audits/convergence/evidence/budget-primary-source-custody/frozen157-environment-metadata.json,added,e21326d6af2e16fc596a40d6c782c79a5988aaf6,537,0,15,0,INDEX_MANIFEST_CANDIDATE
docs/audits/convergence/evidence/budget-primary-source-custody/original-b26-native-replay.json,added,7791c322ba7c51bc65e15ca7ef620e574f7b0c29,35607,0,1246,0,INDEX_MANIFEST_CANDIDATE
docs/audits/convergence/evidence/budget-scratch-projection-cross-layer-green.xml,added,0d743ab0ccaa67f33cb458cb9046abf026622a0f,12238,0,1,0,GENERATED_RAW_OR_CAPTURED_SOURCE
docs/audits/convergence/evidence/budget-scratch-projection-cross-layer.json,added,7e913585b7e853f899503a0003782ecbd2ba23a4,2341,0,41,0,INDEX_MANIFEST_CANDIDATE
docs/audits/convergence/evidence/cold-original-fetch-fixture-red-9d51-wip.json,added,e3e10486115cb201e5fec16d837bcc5b80839842,463,0,14,0,INDEX_MANIFEST_CANDIDATE
docs/audits/convergence/evidence/cold-original-fetch-fixture-red-9d51-wip.xml,added,81dd297903a23b1741f9b074ab7ea822c8c3a262,44730,0,49,0,GENERATED_RAW_OR_CAPTURED_SOURCE
docs/audits/convergence/evidence/controlled-recovery-20261006/MANIFEST.json,added,18eefbde33afbc477cd1c1cfddfb88b80b7ab710,137025,0,3920,0,INDEX_MANIFEST_CANDIDATE
docs/audits/convergence/evidence/controlled-recovery-20261006/README.md,added,98f1bf6cc8cfd15d293c09875c2a5075881c833b,10833,0,173,0,GOVERNANCE
docs/audits/convergence/evidence/controlled-recovery-20261006/RECOVERY_STATUS.json,added,1b12fe4d199eaec9d1a40cfd0e1697eed38075c6,35330,0,776,0,INDEX_MANIFEST_CANDIDATE
docs/audits/convergence/evidence/controlled-recovery-20261006/helpers/porota-governed311-external-runner.py.source,added,8807e65d062e64ec10c97e2ff56fb2a812ba6d8e,43365,0,713,0,GENERATED_RAW_OR_CAPTURED_SOURCE
docs/audits/convergence/evidence/controlled-recovery-20261006/helpers/porota_export_source.py.source,added,c6f837e53f0146928c9a4c6541c0471aee6448e8,1820,0,43,0,GENERATED_RAW_OR_CAPTURED_SOURCE
docs/audits/convergence/evidence/controlled-recovery-20261006/helpers/porota_rc6_focal.py.source,added,d33723a2c390ee8296720097bf282ddaee2b6aca,4628,0,88,0,GENERATED_RAW_OR_CAPTURED_SOURCE
docs/audits/convergence/evidence/controlled-recovery-20261006/helpers/porota_rc6_import_probe.py.source,added,688c3f9c0e4179ba1307c51bf4b15f64efe3a423,1857,0,36,0,GENERATED_RAW_OR_CAPTURED_SOURCE
docs/audits/convergence/evidence/controlled-recovery-20261006/raw/big-9a9b/native-big-result.json,added,fca1ff39b20093a29c0ddb3d81cd713f6d1d7f1e,1514001,0,39580,0,GENERATED_RAW_OR_CAPTURED_SOURCE
docs/audits/convergence/evidence/controlled-recovery-20261006/raw/big-9a9b/native-big.log,added,9be1ada2d3d28bad2bdffc1bd6dfabd3b05bfb24,79,0,1,0,GENERATED_RAW_OR_CAPTURED_SOURCE
docs/audits/convergence/evidence/controlled-recovery-20261006/raw/focals/763e-311/collection-before-fixtures.json,added,e5abcd98e575cd14fecbe65a15197d1cfce5f0a9,13803,0,374,0,GENERATED_RAW_OR_CAPTURED_SOURCE
docs/audits/convergence/evidence/controlled-recovery-20261006/raw/focals/763e-311/environment-before-fixtures.json,added,e5ebb281d6fdca3cc811dd0ce165689bfa9b4478,11460,0,658,0,GENERATED_RAW_OR_CAPTURED_SOURCE
docs/audits/convergence/evidence/controlled-recovery-20261006/raw/focals/763e-311/focal.xml,added,6bb7983d2a289c1698737c518c266c5b5f503722,16095,0,1,0,GENERATED_RAW_OR_CAPTURED_SOURCE
docs/audits/convergence/evidence/controlled-recovery-20261006/raw/focals/763e-311/receipt.json,added,819fa3976434f089f85ee1d738361d2f99f9107a,1266,0,35,0,GENERATED_RAW_OR_CAPTURED_SOURCE
docs/audits/convergence/evidence/controlled-recovery-20261006/raw/focals/92c3-311/collection-before-fixtures.json,added,e5abcd98e575cd14fecbe65a15197d1cfce5f0a9,13803,0,374,0,GENERATED_RAW_OR_CAPTURED_SOURCE
docs/audits/convergence/evidence/controlled-recovery-20261006/raw/focals/92c3-311/environment-before-fixtures.json,added,e5ebb281d6fdca3cc811dd0ce165689bfa9b4478,11460,0,658,0,GENERATED_RAW_OR_CAPTURED_SOURCE
docs/audits/convergence/evidence/controlled-recovery-20261006/raw/focals/92c3-311/focal.xml,added,3bf80fabd6acb6b651d75721b18040145232744d,16095,0,1,0,GENERATED_RAW_OR_CAPTURED_SOURCE
docs/audits/convergence/evidence/controlled-recovery-20261006/raw/focals/92c3-311/receipt.json,added,6cd49a11e2b0e85da8e1474ca272ef5cf7bdb42a,1267,0,35,0,GENERATED_RAW_OR_CAPTURED_SOURCE
docs/audits/convergence/evidence/controlled-recovery-20261006/raw/focals/9a9b-311/collection-before-fixtures.json,added,e5abcd98e575cd14fecbe65a15197d1cfce5f0a9,13803,0,374,0,GENERATED_RAW_OR_CAPTURED_SOURCE
docs/audits/convergence/evidence/controlled-recovery-20261006/raw/focals/9a9b-311/environment-before-fixtures.json,added,e5ebb281d6fdca3cc811dd0ce165689bfa9b4478,11460,0,658,0,GENERATED_RAW_OR_CAPTURED_SOURCE
docs/audits/convergence/evidence/controlled-recovery-20261006/raw/focals/9a9b-311/focal.xml,added,dd8d947269796a581b2773fc0f70796960d4cb3d,16095,0,1,0,GENERATED_RAW_OR_CAPTURED_SOURCE
docs/audits/convergence/evidence/controlled-recovery-20261006/raw/focals/9a9b-311/receipt.json,added,82e7da8639106e4454060fe190f28123835f5049,1267,0,35,0,GENERATED_RAW_OR_CAPTURED_SOURCE
docs/audits/convergence/evidence/controlled-recovery-20261006/raw/focals/9a9b-312/collection-before-fixtures.json,added,e5abcd98e575cd14fecbe65a15197d1cfce5f0a9,13803,0,374,0,GENERATED_RAW_OR_CAPTURED_SOURCE
docs/audits/convergence/evidence/controlled-recovery-20261006/raw/focals/9a9b-312/environment-before-fixtures.json,added,cbca727f2ab5f74dc4f59a0fc1381d17429d73cc,11462,0,658,0,GENERATED_RAW_OR_CAPTURED_SOURCE
docs/audits/convergence/evidence/controlled-recovery-20261006/raw/focals/9a9b-312/focal.xml,added,1700e2d8737f338d4c8b14e28154ad9ff3061a2c,16095,0,1,0,GENERATED_RAW_OR_CAPTURED_SOURCE
docs/audits/convergence/evidence/controlled-recovery-20261006/raw/focals/9a9b-312/receipt.json,added,429a541ceed635a7026c3cafc8c1380c987cc2b2,1267,0,35,0,GENERATED_RAW_OR_CAPTURED_SOURCE
docs/audits/convergence/evidence/controlled-recovery-20261006/raw/focals/b6c2-initial-311/collection-before-fixtures.json,added,1af27c5fcb416c2107e0ac7ee5d2c631f1052fd5,7742,0,202,0,GENERATED_RAW_OR_CAPTURED_SOURCE
docs/audits/convergence/evidence/controlled-recovery-20261006/raw/focals/b6c2-initial-311/environment-before-fixtures.json,added,e5ebb281d6fdca3cc811dd0ce165689bfa9b4478,11460,0,658,0,GENERATED_RAW_OR_CAPTURED_SOURCE
docs/audits/convergence/evidence/controlled-recovery-20261006/raw/focals/b6c2-initial-311/focal.xml,added,7a3fb81d2f02a878688ac89caa03d91b9dcff309,17242,0,136,0,GENERATED_RAW_OR_CAPTURED_SOURCE
docs/audits/convergence/evidence/controlled-recovery-20261006/raw/focals/b6c2-initial-311/receipt.json,added,2ff0e7f6b5734414995de06e55ad651f42b775ee,1108,0,32,0,GENERATED_RAW_OR_CAPTURED_SOURCE
docs/audits/convergence/evidence/controlled-recovery-20261006/raw/focals/b6c2-successor-311/collection-before-fixtures.json,added,1af27c5fcb416c2107e0ac7ee5d2c631f1052fd5,7742,0,202,0,GENERATED_RAW_OR_CAPTURED_SOURCE
docs/audits/convergence/evidence/controlled-recovery-20261006/raw/focals/b6c2-successor-311/environment-before-fixtures.json,added,e5ebb281d6fdca3cc811dd0ce165689bfa9b4478,11460,0,658,0,GENERATED_RAW_OR_CAPTURED_SOURCE
docs/audits/convergence/evidence/controlled-recovery-20261006/raw/focals/b6c2-successor-311/focal.xml,added,942be2058f1182c939e5ee10fde146069e37108c,9089,0,1,0,GENERATED_RAW_OR_CAPTURED_SOURCE
docs/audits/convergence/evidence/controlled-recovery-20261006/raw/focals/b6c2-successor-311/receipt.json,added,d5b62868845907629f4b467185bd6c085084d470,1110,0,32,0,GENERATED_RAW_OR_CAPTURED_SOURCE
docs/audits/convergence/evidence/controlled-recovery-20261006/raw/focals/b6c2-successor-312/collection-before-fixtures.json,added,1af27c5fcb416c2107e0ac7ee5d2c631f1052fd5,7742,0,202,0,GENERATED_RAW_OR_CAPTURED_SOURCE
docs/audits/convergence/evidence/controlled-recovery-20261006/raw/focals/b6c2-successor-312/environment-before-fixtures.json,added,235f67ef6a4024da99dc6e7b021529ba605dd9af,11454,0,658,0,GENERATED_RAW_OR_CAPTURED_SOURCE
docs/audits/convergence/evidence/controlled-recovery-20261006/raw/focals/b6c2-successor-312/focal.xml,added,cb2535630015a89509671078fc6367374c04f35c,347040,0,1757,0,GENERATED_RAW_OR_CAPTURED_SOURCE
docs/audits/convergence/evidence/controlled-recovery-20261006/raw/focals/b6c2-successor-312/receipt.json,added,36460600d870b1571508a6de0fed50bd2e3ae679,1113,0,32,0,GENERATED_RAW_OR_CAPTURED_SOURCE
docs/audits/convergence/evidence/controlled-recovery-20261006/raw/focals/d56a-311/collection-before-fixtures.json,added,1a95ced82abbb1b302571a49e87c130e72967c52,13682,0,370,0,GENERATED_RAW_OR_CAPTURED_SOURCE
docs/audits/convergence/evidence/controlled-recovery-20261006/raw/focals/d56a-311/environment-before-fixtures.json,added,e5ebb281d6fdca3cc811dd0ce165689bfa9b4478,11460,0,658,0,GENERATED_RAW_OR_CAPTURED_SOURCE
docs/audits/convergence/evidence/controlled-recovery-20261006/raw/focals/d56a-311/focal.xml,added,a41686ae0a98934ab55d330049d0c6364d4ba861,15952,0,1,0,GENERATED_RAW_OR_CAPTURED_SOURCE
docs/audits/convergence/evidence/controlled-recovery-20261006/raw/focals/d56a-311/receipt.json,added,edb4f96370eaf7fb9fca3ec40e9e8117a919753e,1252,0,35,0,GENERATED_RAW_OR_CAPTURED_SOURCE
docs/audits/convergence/evidence/controlled-recovery-20261006/raw/focals/d56a-312/collection-before-fixtures.json,added,1a95ced82abbb1b302571a49e87c130e72967c52,13682,0,370,0,GENERATED_RAW_OR_CAPTURED_SOURCE
docs/audits/convergence/evidence/controlled-recovery-20261006/raw/focals/d56a-312/environment-before-fixtures.json,added,cbca727f2ab5f74dc4f59a0fc1381d17429d73cc,11462,0,658,0,GENERATED_RAW_OR_CAPTURED_SOURCE
docs/audits/convergence/evidence/controlled-recovery-20261006/raw/focals/d56a-312/focal.xml,added,d6c536c4ab1373294de90a19e096db8785338c97,15952,0,1,0,GENERATED_RAW_OR_CAPTURED_SOURCE
docs/audits/convergence/evidence/controlled-recovery-20261006/raw/focals/d56a-312/receipt.json,added,8c481464123f31cadd2a07904178013c6b94b532,1252,0,35,0,GENERATED_RAW_OR_CAPTURED_SOURCE
docs/audits/convergence/evidence/controlled-recovery-20261006/raw/governed311-9a9b/collection.kernel.json,added,0917ad7b3ab0943c8fe7d0129b7872456cf1ea4c,2216,0,67,0,GENERATED_RAW_OR_CAPTURED_SOURCE
docs/audits/convergence/evidence/controlled-recovery-20261006/raw/governed311-9a9b/collection.log,added,843fcde6abc749b86016a927a581f92a6b38ca45,14353,0,331,0,GENERATED_RAW_OR_CAPTURED_SOURCE
docs/audits/convergence/evidence/controlled-recovery-20261006/raw/governed311-9a9b/execution.kernel.json,added,7bd2e65c4572688830b6bda336194ba958c6f6f9,43897,0,1669,0,GENERATED_RAW_OR_CAPTURED_SOURCE
docs/audits/convergence/evidence/controlled-recovery-20261006/raw/governed311-9a9b/execution.log,added,763b825fd7269e39bc4244ab0fa0210c1ad807bf,800720,0,14471,0,GENERATED_RAW_OR_CAPTURED_SOURCE
docs/audits/convergence/evidence/controlled-recovery-20261006/raw/governed311-9a9b/governed-cli.log,added,39eac089f0c9402a4a1cb8d0e7a7ad48186b91a5,801,0,12,0,GENERATED_RAW_OR_CAPTURED_SOURCE
docs/audits/convergence/evidence/controlled-recovery-20261006/raw/governed311-9a9b/governed-error.json,added,2d5cd40439b2cdd7895921e248d3d1bcffe2ea31,344,0,9,0,GENERATED_RAW_OR_CAPTURED_SOURCE
docs/audits/convergence/evidence/controlled-recovery-20261006/raw/governed311-9a9b/launch.json,added,51aa795ce46eaddeff55c7f99b3e86625e9dd63e,3307,0,83,0,GENERATED_RAW_OR_CAPTURED_SOURCE
docs/audits/convergence/evidence/controlled-recovery-20261006/raw/governed311-9a9b/local-fixture-cleanup.json,added,2a7b2bf5902940d79225ade146f7d0a18615bf44,3069,0,35,0,GENERATED_RAW_OR_CAPTURED_SOURCE
docs/audits/convergence/evidence/controlled-recovery-20261006/raw/governed311-9a9b/porota-governed-tests.xml,added,af79e63cc394cb1d28d48edd360cfd839a8a3754,6249521,0,13803,0,GENERATED_RAW_OR_CAPTURED_SOURCE
docs/audits/convergence/evidence/controlled-recovery-20261006/raw/governed311-9a9b/post-execution-diagnostic.json,added,1cd6284f53036aa1666e0147d32bb0616ebc75c7,62484,0,2034,0,GENERATED_RAW_OR_CAPTURED_SOURCE
docs/audits/convergence/evidence/controlled-recovery-20261006/raw/import-probe-9a9b/urllib3-import-probe.json,added,a3e0b296e4d69957271b3ea29ca989102905391c,15513,0,751,0,GENERATED_RAW_OR_CAPTURED_SOURCE
docs/audits/convergence/evidence/controlled-recovery-20261006/raw/path-guards-uncommitted311/epoch-manifest.json,added,0de27d049f7c4ec753d09597dda6cca02412d740,5191,0,112,0,GENERATED_RAW_OR_CAPTURED_SOURCE
docs/audits/convergence/evidence/controlled-recovery-20261006/raw/path-guards-uncommitted311/failures-from-junit.log,added,169f881189a3dec92befa97b1c26251f874056b8,6226,0,98,0,GENERATED_RAW_OR_CAPTURED_SOURCE
docs/audits/convergence/evidence/controlled-recovery-20261006/raw/path-guards-uncommitted311/fixed.execution.json,added,8b3f57f6dedb21ab0d1ad145f0f26adcd8541d8e,2320,0,36,0,GENERATED_RAW_OR_CAPTURED_SOURCE
docs/audits/convergence/evidence/controlled-recovery-20261006/raw/path-guards-uncommitted311/fixed.stdout.log,added,52a2704482899bc2c839fbfb10ba652bd9e26155,160,0,2,0,GENERATED_RAW_OR_CAPTURED_SOURCE
docs/audits/convergence/evidence/controlled-recovery-20261006/raw/path-guards-uncommitted311/fixed.xml,added,3414133974c0cafe6c7a8ea5145348794d08b22e,24272,0,1,0,GENERATED_RAW_OR_CAPTURED_SOURCE
docs/audits/convergence/evidence/controlled-recovery-20261006/raw/path-guards-uncommitted311/focal-red.xml,added,13d18a7d1dda02d873f6b9fd0d317b12ec29df15,1282241,0,21411,0,GENERATED_RAW_OR_CAPTURED_SOURCE
docs/audits/convergence/evidence/controlled-recovery-20261006/raw/regressions-uncommitted311/focal.xml,added,67e53b0a96e81c282285184681246c63d7bf4e76,2276,0,1,0,GENERATED_RAW_OR_CAPTURED_SOURCE
docs/audits/convergence/evidence/controlled-recovery-20261006/raw/regressions-uncommitted311/stdout.log,added,da5a0810f704cf3648f09ffb37ff8fb382147ffd,80,0,1,0,GENERATED_RAW_OR_CAPTURED_SOURCE
docs/audits/convergence/evidence/controlled-recovery-20261007/PREPARATION.json,added,81fe7400a34677f1e79972e1a7363f614df5b7b1,4581,0,128,0,INDEX_MANIFEST_CANDIDATE
docs/audits/convergence/evidence/controlled-recovery-20261007/README.md,added,7099016a90dc4a34f0d1d160d02a9a6a9ea32e1c,2564,0,13,0,GOVERNANCE
docs/audits/convergence/evidence/controlled-recovery-20261007/SOURCE_CHANGES.diff,added,36e9a4e5a483da50d20afcac70b0a7754426fe77,76780,0,1127,0,GOVERNANCE
docs/audits/convergence/evidence/controlled-recovery-20261007/checkpoint-early-runner-provenance-fix.json,added,f169c38bebbdf2a351aaef924a9124f3693674d6,1273,0,36,0,INDEX_MANIFEST_CANDIDATE
docs/audits/convergence/evidence/controlled-recovery-20261007/frozen-carrier-manifest.json,added,46474fe19db0e0fa3fbc01a0e5cf8cfe0bcc53f6,6812,0,135,0,INDEX_MANIFEST_CANDIDATE
docs/audits/convergence/evidence/controlled-recovery-20261007/frozen-horizon-derivation.json,added,2c1c4e92919a93441464838963124df81d5141e4,5922,0,116,0,INDEX_MANIFEST_CANDIDATE
docs/audits/convergence/evidence/controlled-recovery-20261007/native-big-derivation.diff,added,f7af232123ed871ac1cc2a54d4eb24bcd4e9bb47,8431,0,117,0,GOVERNANCE
docs/audits/convergence/evidence/controlled-recovery-20261007/shared-cleanup-deadline-proof.json,added,3b996d73e1cfd1d7117957975b8c31c0e6ec5cf6,4394,0,108,0,INDEX_MANIFEST_CANDIDATE
docs/audits/convergence/evidence/controlled-successor-20261006/checkpoint1-diagnostics/archive-py311.anchor-recheck.xml,added,c7602c39e07ecc49922ff0b115b5346b145aedab,417,0,1,0,GENERATED_RAW_OR_CAPTURED_SOURCE
docs/audits/convergence/evidence/controlled-successor-20261006/checkpoint1-diagnostics/archive-py311.initial.xml,added,67fb343f0e47b950fda0f94af47ef199f269f86a,78262,0,81,0,GENERATED_RAW_OR_CAPTURED_SOURCE
docs/audits/convergence/evidence/controlled-successor-20261006/checkpoint1-diagnostics/archive-py312.anchor-recheck.xml,added,f2eeeeb7c64ca72d6edb5a209e094da0d6cf985c,417,0,1,0,GENERATED_RAW_OR_CAPTURED_SOURCE
docs/audits/convergence/evidence/controlled-successor-20261006/checkpoint1-diagnostics/archive-py312.initial.xml,added,e02dceeb0dc467145cf5fc9485d2825de5351a63,78272,0,81,0,GENERATED_RAW_OR_CAPTURED_SOURCE
docs/audits/convergence/evidence/controlled-successor-20261006/checkpoint1-diagnostics/budget-py311.xml,added,9642c86ca69baab2f5a3f2cf30b326d8b30eac4a,7526,0,1,0,GENERATED_RAW_OR_CAPTURED_SOURCE
docs/audits/convergence/evidence/controlled-successor-20261006/checkpoint1-diagnostics/budget-py312.xml,added,dfe39b1dcf51f738fe3aacfd311dc94d920a7dd9,7526,0,1,0,GENERATED_RAW_OR_CAPTURED_SOURCE
docs/audits/convergence/evidence/controlled-successor-20261006/checkpoint1-diagnostics/ci-py311.initial.xml,added,a7fccf6832352ce9e1a80fb020baa09e1937b1e1,1283,0,1,0,GENERATED_RAW_OR_CAPTURED_SOURCE
docs/audits/convergence/evidence/controlled-successor-20261006/checkpoint1-diagnostics/ci-py311.namespace-recheck.xml,added,3a5784d17b8d50e366fa707bae761a793e851e57,419,0,1,0,GENERATED_RAW_OR_CAPTURED_SOURCE
docs/audits/convergence/evidence/controlled-successor-20261006/checkpoint1-diagnostics/ci-py312.initial.xml,added,ce2285c0641a3a9718f2dd6780bb9f7606c12775,1283,0,1,0,GENERATED_RAW_OR_CAPTURED_SOURCE
docs/audits/convergence/evidence/controlled-successor-20261006/checkpoint1-diagnostics/ci-py312.namespace-recheck.xml,added,cc31b13cc064cd83dd64636c44c637760aaaedef,419,0,1,0,GENERATED_RAW_OR_CAPTURED_SOURCE
docs/audits/convergence/evidence/controlled-successor-20261006/checkpoint1-diagnostics/receipt.json,added,98c6e03b55215a8fda2808ded0de016c9c9b5607,8466,0,218,0,INDEX_MANIFEST_CANDIDATE
docs/audits/convergence/evidence/controlled-successor-20261006/checkpoint1-diagnostics/rss-fork-exec-witness.json,added,7c83fdf62642664133da7e02878f15cf8210ea5c,1099,0,45,0,INDEX_MANIFEST_CANDIDATE
docs/audits/convergence/evidence/controlled-successor-20261006/checkpoint1-diagnostics/typed-red-py311.xml,added,872a1de264ebf57140a181df5e847dc2b6ae1950,565,0,1,0,GENERATED_RAW_OR_CAPTURED_SOURCE
docs/audits/convergence/evidence/controlled-successor-20261006/checkpoint1-diagnostics/typed-red-py312.xml,added,87e65049a95b36045124ffc4a36b7962d673a1a7,565,0,1,0,GENERATED_RAW_OR_CAPTURED_SOURCE
docs/audits/convergence/evidence/controlled-successor-20261006/checkpoint2-diagnostics/budget-py311.clock-only.red.xml,added,0178e43629031d98417656a0021572400fc431d6,13622,0,94,0,GENERATED_RAW_OR_CAPTURED_SOURCE
docs/audits/convergence/evidence/controlled-successor-20261006/checkpoint2-diagnostics/budget-py311.snapshot-fixed.xml,added,879840f4cdeb90b4acbc76e211fe5389a44bb0f5,7844,0,1,0,GENERATED_RAW_OR_CAPTURED_SOURCE
docs/audits/convergence/evidence/controlled-successor-20261006/checkpoint2-diagnostics/budget-py312.clock-only.xml,added,624d3fb1a2a5bcb5bbf1b6dce334819777b69cb0,7684,0,1,0,GENERATED_RAW_OR_CAPTURED_SOURCE
docs/audits/convergence/evidence/controlled-successor-20261006/checkpoint2-diagnostics/budget-py312.snapshot-fixed.xml,added,8eb8e721a260015153d3496e7675dfada81f06e2,7843,0,1,0,GENERATED_RAW_OR_CAPTURED_SOURCE
docs/audits/convergence/evidence/controlled-successor-20261006/checkpoint2-diagnostics/horizon-private-owner-py311.xml,added,faf4a09c61b29b82461e4d4afa17032486666da7,2124,0,1,0,GENERATED_RAW_OR_CAPTURED_SOURCE
docs/audits/convergence/evidence/controlled-successor-20261006/checkpoint2-diagnostics/horizon-private-owner-py312.xml,added,b2c7f3c506431db9568c45547ad7d4a96742237b,2124,0,1,0,GENERATED_RAW_OR_CAPTURED_SOURCE
docs/audits/convergence/evidence/controlled-successor-20261006/checkpoint2-diagnostics/receipt.json,added,96390878e71dfb4c832f81b60163bad504518e27,4576,0,93,0,INDEX_MANIFEST_CANDIDATE
docs/audits/convergence/evidence/controlled-successor-20261006/checkpoint3-gov-controls/handoff.raw.json,added,1c5c2375ce16732594d3da8dd6249467630c2b7d,5728,0,124,0,INDEX_MANIFEST_CANDIDATE
docs/audits/convergence/evidence/controlled-successor-20261006/checkpoint3-gov-controls/py311-test_kernel_live_orphan_stays_0-phase-control.custody.json,added,a9374a9d3658ce7b275e114ea5de210e7fb6beea,2711,0,87,0,INDEX_MANIFEST_CANDIDATE
docs/audits/convergence/evidence/controlled-successor-20261006/checkpoint3-gov-controls/py311-test_native_watchdog_does_not_0-phase-control.custody.json,added,b6391154a312c73d7db2471968acc9af26a45fd3,2132,0,63,0,INDEX_MANIFEST_CANDIDATE
docs/audits/convergence/evidence/controlled-successor-20261006/checkpoint3-gov-controls/py311-test_owned_forkserver_protocol0-phase-control.custody.json,added,affb8e0551dd8e0e450e7dbaf62228df7d2357d0,2044,0,57,0,INDEX_MANIFEST_CANDIDATE
docs/audits/convergence/evidence/controlled-successor-20261006/checkpoint3-gov-controls/py311-test_owned_forkserver_protocol0-phase-control.finalization.json,added,b2f70ee739af7c6b3bd07de7559ff840d7c91eda,1007,0,1,0,INDEX_MANIFEST_CANDIDATE
docs/audits/convergence/evidence/controlled-successor-20261006/checkpoint3-gov-controls/py311-test_owned_tracker_and_child_a0-phase-control.custody.json,added,e1ed3f3a5592f7a7ada51a45aa575051ca38b9ec,2042,0,57,0,INDEX_MANIFEST_CANDIDATE
docs/audits/convergence/evidence/controlled-successor-20261006/checkpoint3-gov-controls/py311-test_owned_tracker_and_child_a0-phase-control.finalization.json,added,2c38a1cf7ac2365b01f0dce1022c1d9ef6bfa839,913,0,1,0,INDEX_MANIFEST_CANDIDATE
docs/audits/convergence/evidence/controlled-successor-20261006/checkpoint3-gov-controls/py311-test_swallowed_stdlib_finalize0-phase-control.custody.json,added,90137889711182a3fe0a7a867a99c6cff636b2a0,2713,0,87,0,INDEX_MANIFEST_CANDIDATE
docs/audits/convergence/evidence/controlled-successor-20261006/checkpoint3-gov-controls/py311-test_swallowed_stdlib_finalize0-phase-control.finalization.json,added,f956ee509818da48cfaee06b93a7fb561dde2283,1018,0,1,0,INDEX_MANIFEST_CANDIDATE
docs/audits/convergence/evidence/controlled-successor-20261006/checkpoint3-gov-controls/py311.final.xml,added,53824f443ad3951060cd5494d564860a29a9375e,2702,0,1,0,GENERATED_RAW_OR_CAPTURED_SOURCE
docs/audits/convergence/evidence/controlled-successor-20261006/checkpoint3-gov-controls/py311.initial-red.xml,added,13d3773c52edd6ffec6f6a8ae26702bf97a1f2d4,13217,0,121,0,GENERATED_RAW_OR_CAPTURED_SOURCE
docs/audits/convergence/evidence/controlled-successor-20261006/checkpoint3-gov-controls/py312-test_kernel_live_orphan_stays_0-phase-control.custody.json,added,21b92f68d090d590abf091cb14c5d8af66b42d6b,2708,0,87,0,INDEX_MANIFEST_CANDIDATE
docs/audits/convergence/evidence/controlled-successor-20261006/checkpoint3-gov-controls/py312-test_native_watchdog_does_not_0-phase-control.custody.json,added,adc8112acacd49362e8c4aaac9718199ee704258,2118,0,63,0,INDEX_MANIFEST_CANDIDATE
docs/audits/convergence/evidence/controlled-successor-20261006/checkpoint3-gov-controls/py312-test_owned_forkserver_protocol0-phase-control.custody.json,added,c84da22a9e379c80b02a302ccfc6a419c612c93f,2041,0,57,0,INDEX_MANIFEST_CANDIDATE
docs/audits/convergence/evidence/controlled-successor-20261006/checkpoint3-gov-controls/py312-test_owned_forkserver_protocol0-phase-control.finalization.json,added,dedc33c538db1ad838749b5bac157393e9a6c5e9,1007,0,1,0,INDEX_MANIFEST_CANDIDATE
docs/audits/convergence/evidence/controlled-successor-20261006/checkpoint3-gov-controls/py312-test_owned_tracker_and_child_a0-phase-control.custody.json,added,1e2ea2afa21de69518794b405e136582c734b8cd,2042,0,57,0,INDEX_MANIFEST_CANDIDATE
docs/audits/convergence/evidence/controlled-successor-20261006/checkpoint3-gov-controls/py312-test_owned_tracker_and_child_a0-phase-control.finalization.json,added,defb46e4b4d56f8e84d1113f4ff819e6712aa28c,912,0,1,0,INDEX_MANIFEST_CANDIDATE
docs/audits/convergence/evidence/controlled-successor-20261006/checkpoint3-gov-controls/py312-test_swallowed_stdlib_finalize0-phase-control.custody.json,added,eaff6388df6009d853d5590abf8a707dbc005292,2702,0,87,0,INDEX_MANIFEST_CANDIDATE
docs/audits/convergence/evidence/controlled-successor-20261006/checkpoint3-gov-controls/py312-test_swallowed_stdlib_finalize0-phase-control.finalization.json,added,0fc10dd914ec9d7956e7b2bc55ba0ae3b3ff9858,1019,0,1,0,INDEX_MANIFEST_CANDIDATE
docs/audits/convergence/evidence/controlled-successor-20261006/checkpoint3-gov-controls/py312.final.xml,added,e28c403f738e7de242de45578ba70e6bfa6cee9c,2702,0,1,0,GENERATED_RAW_OR_CAPTURED_SOURCE
docs/audits/convergence/evidence/controlled-successor-20261006/checkpoint3-gov-controls/py312.initial-red.xml,added,9c2bfc7ac41d8bd544bb77d57fc5df3c133b92c9,12596,0,116,0,GENERATED_RAW_OR_CAPTURED_SOURCE
docs/audits/convergence/evidence/controlled-successor-20261006/checkpoint3-gov-controls/receipt.json,added,885c59d8053409384a2771348e52f04674717e57,7754,0,155,0,INDEX_MANIFEST_CANDIDATE
docs/audits/convergence/evidence/controlled-successor-20261006/checkpoint4-native-remediation/BROWSER_PLAN_ADDENDUM.json,added,35ae6dbfffb4c8a8b9e2e5b8834728768e4e0474,14602,0,362,0,INDEX_MANIFEST_CANDIDATE
docs/audits/convergence/evidence/controlled-successor-20261006/checkpoint4-native-remediation/CHANGE_SUMMARY.json,added,f46e2d01f5b8c11fdae2efc3cf2fa497fae6daa9,5283,0,123,0,INDEX_MANIFEST_CANDIDATE
docs/audits/convergence/evidence/controlled-successor-20261006/checkpoint4-native-remediation/CI_FOCALS_ADDENDUM.json,added,ef4b5c25a80d5c6aec939fdef848dcf8cdba780d,224189,0,4927,0,INDEX_MANIFEST_CANDIDATE
docs/audits/convergence/evidence/controlled-successor-20261006/checkpoint4-native-remediation/RAW_PRESERVATION.json,added,6356902702436e74bc78938d070c99a830a17318,162469,0,3934,0,INDEX_MANIFEST_CANDIDATE
docs/audits/convergence/evidence/controlled-successor-20261006/checkpoint4-native-remediation/STORAGE_FOCALS_ADDENDUM.json,added,092e96703911986d1430a06115484cd03d63b121,24647,0,629,0,INDEX_MANIFEST_CANDIDATE
docs/audits/convergence/evidence/controlled-successor-20261006/checkpoint4-native-remediation/browser-driver-plan/active-closure-validation.json,added,1033f66398601b3dcfe230d3e43ac0c6677ae134,5153,0,202,0,INDEX_MANIFEST_CANDIDATE
docs/audits/convergence/evidence/controlled-successor-20261006/checkpoint4-native-remediation/browser-driver-plan/browser-driver.cp311-linux-x86_64.lock.txt,added,40ed9a176b407252ffe5c6e02b8e75310da16f3c,410,0,5,0,GOVERNANCE
docs/audits/convergence/evidence/controlled-successor-20261006/checkpoint4-native-remediation/browser-driver-plan/greenlet-3.5.5-cp311-cp311-manylinux_2_24_x86_64.manylinux_2_28_x86_64.whl.METADATA,added,e46a135e90241bd7f19da9ed41db6cf347859e53,3782,0,99,0,GOVERNANCE
docs/audits/convergence/evidence/controlled-successor-20261006/checkpoint4-native-remediation/browser-driver-plan/greenlet-3.5.5.pypi.json,added,bd177091563b2d7ebc8999d1d37aa9070d7db984,73323,0,1,0,INDEX_MANIFEST_CANDIDATE
docs/audits/convergence/evidence/controlled-successor-20261006/checkpoint4-native-remediation/browser-driver-plan/official-metadata-receipt.json,added,7ba9dec3eee4f6e356654add5f6c8e635ae1be1d,8431,0,191,0,INDEX_MANIFEST_CANDIDATE
docs/audits/convergence/evidence/controlled-successor-20261006/checkpoint4-native-remediation/browser-driver-plan/plan.json,added,98a858e8952375bf5b1eb5bb0c3977d9ab3eb16c,16348,0,337,0,INDEX_MANIFEST_CANDIDATE
docs/audits/convergence/evidence/controlled-successor-20261006/checkpoint4-native-remediation/browser-driver-plan/playwright-1.62.0-py3-none-manylinux1_x86_64.whl.METADATA,added,5bbc51454127d252ad729bfe73a54fe92ba80662,3328,0,79,0,GOVERNANCE
docs/audits/convergence/evidence/controlled-successor-20261006/checkpoint4-native-remediation/browser-driver-plan/playwright-1.62.0.pypi.json,added,5dc910b006316ad6702be334b0aa5a31cefb5b81,10819,0,1,0,INDEX_MANIFEST_CANDIDATE
docs/audits/convergence/evidence/controlled-successor-20261006/checkpoint4-native-remediation/browser-driver-plan/playwright-browsers.json,added,25e42eae2b73a0a4211be65cacf51bb5b173ab8d,1780,0,75,0,INDEX_MANIFEST_CANDIDATE
docs/audits/convergence/evidence/controlled-successor-20261006/checkpoint4-native-remediation/browser-driver-plan/playwright-core-package.json,added,7b02ac8bc59cd85b13939c964b61ee185d90d97c,876,0,34,0,INDEX_MANIFEST_CANDIDATE
docs/audits/convergence/evidence/controlled-successor-20261006/checkpoint4-native-remediation/browser-driver-plan/playwright-v1.62.0-official-tag-ref.json,added,7ee9e16240caee707d5c321ca0075fdd1367d9f1,351,0,1,0,INDEX_MANIFEST_CANDIDATE
docs/audits/convergence/evidence/controlled-successor-20261006/checkpoint4-native-remediation/browser-driver-plan/pyee-13.0.1-py3-none-any.whl.METADATA,added,3312d85ef0a70ac386604bbf4412f0fbad71befa,2951,0,81,0,GOVERNANCE
docs/audits/convergence/evidence/controlled-successor-20261006/checkpoint4-native-remediation/browser-driver-plan/pyee-13.0.1.pypi.json,added,9e4993a8faa4ea54f57387f41234ad1b8f2faab3,4711,0,1,0,INDEX_MANIFEST_CANDIDATE
docs/audits/convergence/evidence/controlled-successor-20261006/checkpoint4-native-remediation/browser-driver-plan/selected-wheel-metadata.json,added,9306076ad8e5ef0e22e047e8541d34fd12edd0bb,6258,0,123,0,INDEX_MANIFEST_CANDIDATE
docs/audits/convergence/evidence/controlled-successor-20261006/checkpoint4-native-remediation/browser-driver-plan/typing_extensions-4.16.0-py3-none-any.whl.METADATA,added,97fd818b909551186a659e13240c49c2187d0cdc,3310,0,73,0,GOVERNANCE
docs/audits/convergence/evidence/controlled-successor-20261006/checkpoint4-native-remediation/browser-driver-plan/typing_extensions-4.16.0.pypi.json,added,8dcada7d2828aee8dd61a19ee496656083adfb1a,5631,0,1,0,INDEX_MANIFEST_CANDIDATE
docs/audits/convergence/evidence/controlled-successor-20261006/checkpoint4-native-remediation/ci-namespace-causal-receipt.json,added,b233648d7c6fe1099e556fc243d87bcf75677cea,34086,0,865,0,INDEX_MANIFEST_CANDIDATE
docs/audits/convergence/evidence/controlled-successor-20261006/checkpoint4-native-remediation/ci/corrected62/control/launch-plan.json,added,5b8dde44df0811c44939db41af972eaab5da388a,1539,0,28,0,INDEX_MANIFEST_CANDIDATE
docs/audits/convergence/evidence/controlled-successor-20261006/checkpoint4-native-remediation/ci/corrected62/control/run_focals.py.source,added,7215001a2fbdbc4b4d51fdda772d4e87b4bf73a3,5754,0,71,0,GENERATED_RAW_OR_CAPTURED_SOURCE
docs/audits/convergence/evidence/controlled-successor-20261006/checkpoint4-native-remediation/ci/corrected62/epoch311/fixtures/test_aliased_fin_is_never_foll0/runner/porota-predeploy-471-2.pytest-collection-postread.json,added,24987d580ddf614d0e21e69f48877b8f6ebce6b2,1152,0,32,0,REPRODUCIBLE_FIXTURE_CANDIDATE
docs/audits/convergence/evidence/controlled-successor-20261006/checkpoint4-native-remediation/ci/corrected62/epoch311/fixtures/test_aliased_fin_is_never_foll0/runner/porota-predeploy-471-2.pytest-postread.json,added,9e0d3a22ba51c37d92b0caa23f2c19eb23bf7aaf,3867,0,76,0,REPRODUCIBLE_FIXTURE_CANDIDATE
docs/audits/convergence/evidence/controlled-successor-20261006/checkpoint4-native-remediation/ci/corrected62/epoch311/fixtures/test_aliased_fin_is_never_foll0/runner/porota-predeploy-471-2.pytest-producers-postread.json,added,8848d1dd2e9aea065cca12505c06def8b1bb0181,7830,0,174,0,REPRODUCIBLE_FIXTURE_CANDIDATE
docs/audits/convergence/evidence/controlled-successor-20261006/checkpoint4-native-remediation/ci/corrected62/epoch311/fixtures/test_aliased_fin_is_never_foll1/runner/porota-predeploy-471-2.pytest-collection-postread.json,added,e2ea6a59dd09fb974931bd4c39bca31df02ad99f,1152,0,32,0,REPRODUCIBLE_FIXTURE_CANDIDATE
docs/audits/convergence/evidence/controlled-successor-20261006/checkpoint4-native-remediation/ci/corrected62/epoch311/fixtures/test_aliased_fin_is_never_foll1/runner/porota-predeploy-471-2.pytest-postread.json,added,393afdd90f228d4be168a30539a9dfe74e1cc9e3,3876,0,76,0,REPRODUCIBLE_FIXTURE_CANDIDATE
docs/audits/convergence/evidence/controlled-successor-20261006/checkpoint4-native-remediation/ci/corrected62/epoch311/fixtures/test_aliased_fin_is_never_foll1/runner/porota-predeploy-471-2.pytest-producers-postread.json,added,df102b29593b4323e95d12f28bf427184b8beb9d,7848,0,174,0,REPRODUCIBLE_FIXTURE_CANDIDATE
docs/audits/convergence/evidence/controlled-successor-20261006/checkpoint4-native-remediation/ci/corrected62/epoch311/fixtures/test_exclusive_launch_intent_w0/runner/porota-predeploy-471-2.pytest-collection-postread.json,added,f80b340e74d5eed88d00059d5ff9131a3f7e857b,1152,0,32,0,REPRODUCIBLE_FIXTURE_CANDIDATE
docs/audits/convergence/evidence/controlled-successor-20261006/checkpoint4-native-remediation/ci/corrected62/epoch311/fixtures/test_exclusive_launch_intent_w0/runner/porota-predeploy-471-2.pytest-postread.json,added,b9f07538b35da59b7290d48d59b3280ec0581cf7,3586,0,64,0,REPRODUCIBLE_FIXTURE_CANDIDATE
docs/audits/convergence/evidence/controlled-successor-20261006/checkpoint4-native-remediation/ci/corrected62/epoch311/fixtures/test_exclusive_launch_intent_w0/runner/porota-predeploy-471-2.pytest-producers-postread.json,added,b96dad804d777c3e0c504a86f347baa9b8e83316,7220,0,150,0,REPRODUCIBLE_FIXTURE_CANDIDATE
docs/audits/convergence/evidence/controlled-successor-20261006/checkpoint4-native-remediation/ci/corrected62/epoch311/fixtures/test_no_pytest_launch_has_no_p0/runner/porota-predeploy-471-2.pytest-collection-postread.json,added,52b04b9d9ff18156fb0de214d88968cd56311572,1152,0,32,0,REPRODUCIBLE_FIXTURE_CANDIDATE
docs/audits/convergence/evidence/controlled-successor-20261006/checkpoint4-native-remediation/ci/corrected62/epoch311/fixtures/test_no_pytest_launch_has_no_p0/runner/porota-predeploy-471-2.pytest-postread.json,added,bd427b925a0fc41f7c8d1b65ca838d16d26965f6,1116,0,32,0,REPRODUCIBLE_FIXTURE_CANDIDATE
docs/audits/convergence/evidence/controlled-successor-20261006/checkpoint4-native-remediation/ci/corrected62/epoch311/fixtures/test_no_pytest_launch_has_no_p0/runner/porota-predeploy-471-2.pytest-producers-postread.json,added,fe6a49acfce8c2020998757e30a5b115cc8e4821,4279,0,104,0,REPRODUCIBLE_FIXTURE_CANDIDATE
docs/audits/convergence/evidence/controlled-successor-20261006/checkpoint4-native-remediation/ci/corrected62/epoch311/fixtures/test_real_collection_failure_h0/native-runner/porota-predeploy-471-2-4aca7081d7864e87b6726659c2aa4119/porota-pytest-collection-cli-control.json,added,0ec602a1340736e96dd4ced894f8826f76e06b45,545,0,6,0,REPRODUCIBLE_FIXTURE_CANDIDATE
docs/audits/convergence/evidence/controlled-successor-20261006/checkpoint4-native-remediation/ci/corrected62/epoch311/fixtures/test_real_collection_failure_h0/native-runner/porota-predeploy-471-2-4aca7081d7864e87b6726659c2aa4119/porota-pytest-collection-launch-intent.json,added,30549f1eb6b1a0f3a3c621bcf6ad84fa6d8fb094,1532,0,47,0,REPRODUCIBLE_FIXTURE_CANDIDATE
docs/audits/convergence/evidence/controlled-successor-20261006/checkpoint4-native-remediation/ci/corrected62/epoch311/fixtures/test_real_collection_failure_h0/native-runner/porota-predeploy-471-2-4aca7081d7864e87b6726659c2aa4119/porota-pytest-collection-owned-fin.json,added,c923964c0d0c2f063a1e1fe0735502854dbfbaf2,3975,0,104,0,REPRODUCIBLE_FIXTURE_CANDIDATE
docs/audits/convergence/evidence/controlled-successor-20261006/checkpoint4-native-remediation/ci/corrected62/epoch311/fixtures/test_real_collection_failure_h0/native-runner/porota-predeploy-471-2-4aca7081d7864e87b6726659c2aa4119/porota-pytest-collection-postread.json,added,845efae638324ddd7c77563635826d97361bb924,9583,0,120,0,REPRODUCIBLE_FIXTURE_CANDIDATE
docs/audits/convergence/evidence/controlled-successor-20261006/checkpoint4-native-remediation/ci/corrected62/epoch311/fixtures/test_real_collection_failure_h0/native-runner/porota-predeploy-471-2-4aca7081d7864e87b6726659c2aa4119/porota-pytest-collection-progress.json,added,79cab6a0799acab6f5ccb5c29b949756a92bc28a,288,0,8,0,REPRODUCIBLE_FIXTURE_CANDIDATE
docs/audits/convergence/evidence/controlled-successor-20261006/checkpoint4-native-remediation/ci/corrected62/epoch311/fixtures/test_real_collection_failure_h0/native-runner/porota-predeploy-471-2-4aca7081d7864e87b6726659c2aa4119/porota-pytest-collection-retained.json,added,bceb56164d36d8f42ca9e754973ec7aad96b0ac1,1993,0,60,0,REPRODUCIBLE_FIXTURE_CANDIDATE
docs/audits/convergence/evidence/controlled-successor-20261006/checkpoint4-native-remediation/ci/corrected62/epoch311/fixtures/test_real_collection_failure_h0/native-runner/porota-predeploy-471-2-4aca7081d7864e87b6726659c2aa4119/porota-pytest-execution-cli-control.json,added,40fdc5681746ec8db936617bad4a76d94065c211,211,0,6,0,REPRODUCIBLE_FIXTURE_CANDIDATE
docs/audits/convergence/evidence/controlled-successor-20261006/checkpoint4-native-remediation/ci/corrected62/epoch311/fixtures/test_real_collection_failure_h0/native-runner/porota-predeploy-471-2-4aca7081d7864e87b6726659c2aa4119/porota-pytest-postread.json,added,03d5f4db2aeb38163b1437c35b0cb87ac7edfdaf,1114,0,32,0,REPRODUCIBLE_FIXTURE_CANDIDATE
docs/audits/convergence/evidence/controlled-successor-20261006/checkpoint4-native-remediation/ci/corrected62/epoch311/fixtures/test_real_collection_failure_h0/native-runner/porota-predeploy-471-2-4aca7081d7864e87b6726659c2aa4119/porota-pytest-producers-postread.json,added,7be648502ce1981f3bee0115d3a644f8637d3ca8,14294,0,240,0,REPRODUCIBLE_FIXTURE_CANDIDATE
docs/audits/convergence/evidence/controlled-successor-20261006/checkpoint4-native-remediation/ci/corrected62/epoch311/fixtures/test_real_collection_failure_h0/native-runner/porota-predeploy-471-2-4aca7081d7864e87b6726659c2aa4119/porota-pytest-selected-fixture.json,added,d519716584073ca4cdcf7966fa7261890940d873,116380,0,3535,0,REPRODUCIBLE_FIXTURE_CANDIDATE
docs/audits/convergence/evidence/controlled-successor-20261006/checkpoint4-native-remediation/ci/corrected62/epoch311/fixtures/test_real_collection_failure_h0/native-runner/porota-predeploy-471-2-4aca7081d7864e87b6726659c2aa4119/porota-test-collection.txt,added,262e27345f487e26456e9168cab384db21ecba6d,575,0,10,0,REPRODUCIBLE_FIXTURE_CANDIDATE
docs/audits/convergence/evidence/controlled-successor-20261006/checkpoint4-native-remediation/ci/corrected62/epoch311/fixtures/test_real_collection_failure_h0/native-runner/porota-predeploy-471-2.pytest-collection-postread.json,added,845efae638324ddd7c77563635826d97361bb924,9583,0,120,0,REPRODUCIBLE_FIXTURE_CANDIDATE
docs/audits/convergence/evidence/controlled-successor-20261006/checkpoint4-native-remediation/ci/corrected62/epoch311/fixtures/test_real_collection_failure_h0/native-runner/porota-predeploy-471-2.pytest-postread.json,added,03d5f4db2aeb38163b1437c35b0cb87ac7edfdaf,1114,0,32,0,REPRODUCIBLE_FIXTURE_CANDIDATE
docs/audits/convergence/evidence/controlled-successor-20261006/checkpoint4-native-remediation/ci/corrected62/epoch311/fixtures/test_real_collection_failure_h0/native-runner/porota-predeploy-471-2.pytest-producers-postread.json,added,7be648502ce1981f3bee0115d3a644f8637d3ca8,14294,0,240,0,REPRODUCIBLE_FIXTURE_CANDIDATE
docs/audits/convergence/evidence/controlled-successor-20261006/checkpoint4-native-remediation/ci/corrected62/epoch311/fixtures/test_real_owned_pytest_direct_0/native-runner/porota-predeploy-471-2-0326fcdbfe0347b79b2a67a38bfb904c/native-owned-junit.xml,added,24488b9afd25cf1506a6c9ff373d4806bc6a524e,328,0,1,0,REPRODUCIBLE_FIXTURE_CANDIDATE
docs/audits/convergence/evidence/controlled-successor-20261006/checkpoint4-native-remediation/ci/corrected62/epoch311/fixtures/test_real_owned_pytest_direct_0/native-runner/porota-predeploy-471-2-0326fcdbfe0347b79b2a67a38bfb904c/porota-pytest-collection-cli-control.json,added,1c927ab2a35a5973b05a68ef7501e815ef39e433,544,0,6,0,REPRODUCIBLE_FIXTURE_CANDIDATE
docs/audits/convergence/evidence/controlled-successor-20261006/checkpoint4-native-remediation/ci/corrected62/epoch311/fixtures/test_real_owned_pytest_direct_0/native-runner/porota-predeploy-471-2-0326fcdbfe0347b79b2a67a38bfb904c/porota-pytest-collection-launch-intent.json,added,833d92c400b25e33e9cbab81dcdb6ab9d0b83120,1532,0,47,0,REPRODUCIBLE_FIXTURE_CANDIDATE
docs/audits/convergence/evidence/controlled-successor-20261006/checkpoint4-native-remediation/ci/corrected62/epoch311/fixtures/test_real_owned_pytest_direct_0/native-runner/porota-predeploy-471-2-0326fcdbfe0347b79b2a67a38bfb904c/porota-pytest-collection-owned-fin.json,added,6bbcf180258194a1c345328cc67d98080463a712,3974,0,104,0,REPRODUCIBLE_FIXTURE_CANDIDATE
docs/audits/convergence/evidence/controlled-successor-20261006/checkpoint4-native-remediation/ci/corrected62/epoch311/fixtures/test_real_owned_pytest_direct_0/native-runner/porota-predeploy-471-2-0326fcdbfe0347b79b2a67a38bfb904c/porota-pytest-collection-postread.json,added,5c2c04227227a9c736349505d62563ce3d5bae4f,9579,0,120,0,REPRODUCIBLE_FIXTURE_CANDIDATE
docs/audits/convergence/evidence/controlled-successor-20261006/checkpoint4-native-remediation/ci/corrected62/epoch311/fixtures/test_real_owned_pytest_direct_0/native-runner/porota-predeploy-471-2-0326fcdbfe0347b79b2a67a38bfb904c/porota-pytest-collection-progress.json,added,8fd296925cdfa1f87a16a71bf4351175bb4054fa,288,0,8,0,REPRODUCIBLE_FIXTURE_CANDIDATE
docs/audits/convergence/evidence/controlled-successor-20261006/checkpoint4-native-remediation/ci/corrected62/epoch311/fixtures/test_real_owned_pytest_direct_0/native-runner/porota-predeploy-471-2-0326fcdbfe0347b79b2a67a38bfb904c/porota-pytest-collection-retained.json,added,b846eb965167ce0498de6ed3e930d3da621c2c48,1992,0,60,0,REPRODUCIBLE_FIXTURE_CANDIDATE
docs/audits/convergence/evidence/controlled-successor-20261006/checkpoint4-native-remediation/ci/corrected62/epoch311/fixtures/test_real_owned_pytest_direct_0/native-runner/porota-predeploy-471-2-0326fcdbfe0347b79b2a67a38bfb904c/porota-pytest-execution-cli-control.json,added,4d6fe579e2b48fc572b2fc3e635f298adf1aedd4,532,0,6,0,REPRODUCIBLE_FIXTURE_CANDIDATE
docs/audits/convergence/evidence/controlled-successor-20261006/checkpoint4-native-remediation/ci/corrected62/epoch311/fixtures/test_real_owned_pytest_direct_0/native-runner/porota-predeploy-471-2-0326fcdbfe0347b79b2a67a38bfb904c/porota-pytest-launch-intent.json,added,0cbf4a6d6431f8bbf7769d7d76ae19afed2cb25f,1932,0,48,0,REPRODUCIBLE_FIXTURE_CANDIDATE
docs/audits/convergence/evidence/controlled-successor-20261006/checkpoint4-native-remediation/ci/corrected62/epoch311/fixtures/test_real_owned_pytest_direct_0/native-runner/porota-predeploy-471-2-0326fcdbfe0347b79b2a67a38bfb904c/porota-pytest-native.log,added,5710f802bfcf2a038aac3d12609cdee8e3dffef8,98,0,2,0,REPRODUCIBLE_FIXTURE_CANDIDATE
docs/audits/convergence/evidence/controlled-successor-20261006/checkpoint4-native-remediation/ci/corrected62/epoch311/fixtures/test_real_owned_pytest_direct_0/native-runner/porota-predeploy-471-2-0326fcdbfe0347b79b2a67a38bfb904c/porota-pytest-owned-fin.json,added,eb2b75fb765fa958704ccec4d01b53fc90dd20ca,4366,0,105,0,REPRODUCIBLE_FIXTURE_CANDIDATE
docs/audits/convergence/evidence/controlled-successor-20261006/checkpoint4-native-remediation/ci/corrected62/epoch311/fixtures/test_real_owned_pytest_direct_0/native-runner/porota-predeploy-471-2-0326fcdbfe0347b79b2a67a38bfb904c/porota-pytest-postread.json,added,1923574294025156085311037d4bad3475921dcc,10321,0,120,0,REPRODUCIBLE_FIXTURE_CANDIDATE
docs/audits/convergence/evidence/controlled-successor-20261006/checkpoint4-native-remediation/ci/corrected62/epoch311/fixtures/test_real_owned_pytest_direct_0/native-runner/porota-predeploy-471-2-0326fcdbfe0347b79b2a67a38bfb904c/porota-pytest-producers-postread.json,added,baa4d13b2832d0c36b0514f98633d85681cdf74a,25137,0,378,0,REPRODUCIBLE_FIXTURE_CANDIDATE
docs/audits/convergence/evidence/controlled-successor-20261006/checkpoint4-native-remediation/ci/corrected62/epoch311/fixtures/test_real_owned_pytest_direct_0/native-runner/porota-predeploy-471-2-0326fcdbfe0347b79b2a67a38bfb904c/porota-pytest-progress.json,added,74287bdb37978b4be80f67128f3bf5ca5144997c,288,0,8,0,REPRODUCIBLE_FIXTURE_CANDIDATE
docs/audits/convergence/evidence/controlled-successor-20261006/checkpoint4-native-remediation/ci/corrected62/epoch311/fixtures/test_real_owned_pytest_direct_0/native-runner/porota-predeploy-471-2-0326fcdbfe0347b79b2a67a38bfb904c/porota-pytest-retained.json,added,4e5c023d8d680815d79fd264fdc532dc9c6870da,4028,0,137,0,REPRODUCIBLE_FIXTURE_CANDIDATE
docs/audits/convergence/evidence/controlled-successor-20261006/checkpoint4-native-remediation/ci/corrected62/epoch311/fixtures/test_real_owned_pytest_direct_0/native-runner/porota-predeploy-471-2-0326fcdbfe0347b79b2a67a38bfb904c/porota-pytest-selected-fixture.json,added,586e80a88b74046af8c6df6279090e18952830d6,116380,0,3535,0,REPRODUCIBLE_FIXTURE_CANDIDATE
docs/audits/convergence/evidence/controlled-successor-20261006/checkpoint4-native-remediation/ci/corrected62/epoch311/fixtures/test_real_owned_pytest_direct_0/native-runner/porota-predeploy-471-2-0326fcdbfe0347b79b2a67a38bfb904c/porota-test-collection.txt,added,0120fe98d4bb18460e6c4db87fe9dc4411ea87d1,67,0,3,0,REPRODUCIBLE_FIXTURE_CANDIDATE
docs/audits/convergence/evidence/controlled-successor-20261006/checkpoint4-native-remediation/ci/corrected62/epoch311/fixtures/test_real_owned_pytest_direct_0/native-runner/porota-predeploy-471-2.pytest-collection-postread.json,added,5c2c04227227a9c736349505d62563ce3d5bae4f,9579,0,120,0,REPRODUCIBLE_FIXTURE_CANDIDATE
docs/audits/convergence/evidence/controlled-successor-20261006/checkpoint4-native-remediation/ci/corrected62/epoch311/fixtures/test_real_owned_pytest_direct_0/native-runner/porota-predeploy-471-2.pytest-postread.json,added,1923574294025156085311037d4bad3475921dcc,10321,0,120,0,REPRODUCIBLE_FIXTURE_CANDIDATE
docs/audits/convergence/evidence/controlled-successor-20261006/checkpoint4-native-remediation/ci/corrected62/epoch311/fixtures/test_real_owned_pytest_direct_0/native-runner/porota-predeploy-471-2.pytest-producers-postread.json,added,baa4d13b2832d0c36b0514f98633d85681cdf74a,25137,0,378,0,REPRODUCIBLE_FIXTURE_CANDIDATE
docs/audits/convergence/evidence/controlled-successor-20261006/checkpoint4-native-remediation/ci/corrected62/epoch311/fixtures/test_real_owned_pytest_timeout0/native-runner/porota-predeploy-471-2-074ff324c35743a18a8d6e7719c33f7e/porota-pytest-collection-cli-control.json,added,59212c5655c82e9633c7148c53374e9990220e5f,544,0,6,0,REPRODUCIBLE_FIXTURE_CANDIDATE
docs/audits/convergence/evidence/controlled-successor-20261006/checkpoint4-native-remediation/ci/corrected62/epoch311/fixtures/test_real_owned_pytest_timeout0/native-runner/porota-predeploy-471-2-074ff324c35743a18a8d6e7719c33f7e/porota-pytest-collection-launch-intent.json,added,dbd9b12ef9350dad95c89c32d69c1c3b429915bd,1532,0,47,0,REPRODUCIBLE_FIXTURE_CANDIDATE
docs/audits/convergence/evidence/controlled-successor-20261006/checkpoint4-native-remediation/ci/corrected62/epoch311/fixtures/test_real_owned_pytest_timeout0/native-runner/porota-predeploy-471-2-074ff324c35743a18a8d6e7719c33f7e/porota-pytest-collection-owned-fin.json,added,7c74a0fe19e0243abcbaf0daf328ac23cc300447,3984,0,104,0,REPRODUCIBLE_FIXTURE_CANDIDATE
docs/audits/convergence/evidence/controlled-successor-20261006/checkpoint4-native-remediation/ci/corrected62/epoch311/fixtures/test_real_owned_pytest_timeout0/native-runner/porota-predeploy-471-2-074ff324c35743a18a8d6e7719c33f7e/porota-pytest-collection-postread.json,added,69e4f602c5501d806d97c66c6a3a8539b1331db7,9589,0,120,0,REPRODUCIBLE_FIXTURE_CANDIDATE
docs/audits/convergence/evidence/controlled-successor-20261006/checkpoint4-native-remediation/ci/corrected62/epoch311/fixtures/test_real_owned_pytest_timeout0/native-runner/porota-predeploy-471-2-074ff324c35743a18a8d6e7719c33f7e/porota-pytest-collection-progress.json,added,96260bd345e1a73c6d2baa05b431bc676c315c63,288,0,8,0,REPRODUCIBLE_FIXTURE_CANDIDATE
docs/audits/convergence/evidence/controlled-successor-20261006/checkpoint4-native-remediation/ci/corrected62/epoch311/fixtures/test_real_owned_pytest_timeout0/native-runner/porota-predeploy-471-2-074ff324c35743a18a8d6e7719c33f7e/porota-pytest-collection-retained.json,added,5796703571d456fe34ddeb84dd8253ba497482be,1992,0,60,0,REPRODUCIBLE_FIXTURE_CANDIDATE
docs/audits/convergence/evidence/controlled-successor-20261006/checkpoint4-native-remediation/ci/corrected62/epoch311/fixtures/test_real_owned_pytest_timeout0/native-runner/porota-predeploy-471-2-074ff324c35743a18a8d6e7719c33f7e/porota-pytest-execution-cli-control.json,added,949111dcc2b7d3a21d791424a2cc6a129ae0ee46,597,0,6,0,REPRODUCIBLE_FIXTURE_CANDIDATE
docs/audits/convergence/evidence/controlled-successor-20261006/checkpoint4-native-remediation/ci/corrected62/epoch311/fixtures/test_real_owned_pytest_timeout0/native-runner/porota-predeploy-471-2-074ff324c35743a18a8d6e7719c33f7e/porota-pytest-launch-intent.json,added,855e2b780aabbf644d7db28c08aa9888f6ba85b2,1932,0,48,0,REPRODUCIBLE_FIXTURE_CANDIDATE
docs/audits/convergence/evidence/controlled-successor-20261006/checkpoint4-native-remediation/ci/corrected62/epoch311/fixtures/test_real_owned_pytest_timeout0/native-runner/porota-predeploy-471-2-074ff324c35743a18a8d6e7719c33f7e/porota-pytest-native.log,added,e69de29bb2d1d6434b8b29ae775ad8c2e48c5391,0,0,0,0,REPRODUCIBLE_FIXTURE_CANDIDATE
docs/audits/convergence/evidence/controlled-successor-20261006/checkpoint4-native-remediation/ci/corrected62/epoch311/fixtures/test_real_owned_pytest_timeout0/native-runner/porota-predeploy-471-2-074ff324c35743a18a8d6e7719c33f7e/porota-pytest-owned-fin.json,added,de3bc5ae05f5c1f04a6cd0b0347543c612256d3b,4606,0,117,0,REPRODUCIBLE_FIXTURE_CANDIDATE
docs/audits/convergence/evidence/controlled-successor-20261006/checkpoint4-native-remediation/ci/corrected62/epoch311/fixtures/test_real_owned_pytest_timeout0/native-runner/porota-predeploy-471-2-074ff324c35743a18a8d6e7719c33f7e/porota-pytest-postread.json,added,d03e7dd79b772b6dc97ccdb388fca254e43fd9c3,10594,0,120,0,REPRODUCIBLE_FIXTURE_CANDIDATE
docs/audits/convergence/evidence/controlled-successor-20261006/checkpoint4-native-remediation/ci/corrected62/epoch311/fixtures/test_real_owned_pytest_timeout0/native-runner/porota-predeploy-471-2-074ff324c35743a18a8d6e7719c33f7e/porota-pytest-producers-postread.json,added,7e14114e86b1df391c3a39e308d61cc94357576e,25421,0,378,0,REPRODUCIBLE_FIXTURE_CANDIDATE
docs/audits/convergence/evidence/controlled-successor-20261006/checkpoint4-native-remediation/ci/corrected62/epoch311/fixtures/test_real_owned_pytest_timeout0/native-runner/porota-predeploy-471-2-074ff324c35743a18a8d6e7719c33f7e/porota-pytest-progress.json,added,9ddc004246d9e362d9b5816224dca645ad4b61b9,284,0,8,0,REPRODUCIBLE_FIXTURE_CANDIDATE
docs/audits/convergence/evidence/controlled-successor-20261006/checkpoint4-native-remediation/ci/corrected62/epoch311/fixtures/test_real_owned_pytest_timeout0/native-runner/porota-predeploy-471-2-074ff324c35743a18a8d6e7719c33f7e/porota-pytest-retained.json,added,212a73fc2499b1e7e7fd7d67b5548326d3bc96ed,1992,0,60,0,REPRODUCIBLE_FIXTURE_CANDIDATE
docs/audits/convergence/evidence/controlled-successor-20261006/checkpoint4-native-remediation/ci/corrected62/epoch311/fixtures/test_real_owned_pytest_timeout0/native-runner/porota-predeploy-471-2-074ff324c35743a18a8d6e7719c33f7e/porota-pytest-selected-fixture.json,added,ec94fc2694e8e24a9edda20b79018a15ce2fbabb,116380,0,3535,0,REPRODUCIBLE_FIXTURE_CANDIDATE
docs/audits/convergence/evidence/controlled-successor-20261006/checkpoint4-native-remediation/ci/corrected62/epoch311/fixtures/test_real_owned_pytest_timeout0/native-runner/porota-predeploy-471-2-074ff324c35743a18a8d6e7719c33f7e/porota-test-collection.txt,added,e2160224d6b9dd164f71351b9b217d2dccc37c84,68,0,3,0,REPRODUCIBLE_FIXTURE_CANDIDATE
docs/audits/convergence/evidence/controlled-successor-20261006/checkpoint4-native-remediation/ci/corrected62/epoch311/fixtures/test_real_owned_pytest_timeout0/native-runner/porota-predeploy-471-2.pytest-collection-postread.json,added,1f68cb2b2cf2c203ecc786d7a4d485fd10f365fa,4575,0,100,0,REPRODUCIBLE_FIXTURE_CANDIDATE
docs/audits/convergence/evidence/controlled-successor-20261006/checkpoint4-native-remediation/ci/corrected62/epoch311/fixtures/test_real_owned_pytest_timeout0/native-runner/porota-predeploy-471-2.pytest-postread.json,added,77c74f11ab7f35d42cef8c8f41834bc6502b9860,4931,0,100,0,REPRODUCIBLE_FIXTURE_CANDIDATE
docs/audits/convergence/evidence/controlled-successor-20261006/checkpoint4-native-remediation/ci/corrected62/epoch311/fixtures/test_real_owned_pytest_timeout0/native-runner/porota-predeploy-471-2.pytest-producers-postread.json,added,a0c82c53f8ef0a4e5f84111e44dd4a554d2d037c,14646,0,340,0,REPRODUCIBLE_FIXTURE_CANDIDATE
docs/audits/convergence/evidence/controlled-successor-20261006/checkpoint4-native-remediation/ci/corrected62/epoch311/fixtures/test_unknown_collection_blocks0/runner/porota-predeploy-471-2.pytest-collection-postread.json,added,f64706a2b1e9597daca931db8d7312bc69a924fa,3527,0,65,0,REPRODUCIBLE_FIXTURE_CANDIDATE
docs/audits/convergence/evidence/controlled-successor-20261006/checkpoint4-native-remediation/ci/corrected62/epoch311/fixtures/test_unknown_collection_blocks0/runner/porota-predeploy-471-2.pytest-postread.json,added,23e18fb4cb59efcf786c0c94dcb5529221eedbdc,1116,0,32,0,REPRODUCIBLE_FIXTURE_CANDIDATE
docs/audits/convergence/evidence/controlled-successor-20261006/checkpoint4-native-remediation/ci/corrected62/epoch311/fixtures/test_unknown_collection_blocks0/runner/porota-predeploy-471-2.pytest-producers-postread.json,added,9f8b01eba382e4853500cf4c4daec73f0e6de156,7182,0,152,0,REPRODUCIBLE_FIXTURE_CANDIDATE
docs/audits/convergence/evidence/controlled-successor-20261006/checkpoint4-native-remediation/ci/corrected62/epoch311/fixtures/test_unknown_pytest_trace_neve0/runner/porota-predeploy-471-2.pytest-collection-postread.json,added,6016801b0c981737ea44aa744f83c861cfed237d,1152,0,32,0,REPRODUCIBLE_FIXTURE_CANDIDATE
docs/audits/convergence/evidence/controlled-successor-20261006/checkpoint4-native-remediation/ci/corrected62/epoch311/fixtures/test_unknown_pytest_trace_neve0/runner/porota-predeploy-471-2.pytest-postread.json,added,92e69da1d5899d73ee3d6ba3b0a386266b856a89,1386,0,45,0,REPRODUCIBLE_FIXTURE_CANDIDATE
docs/audits/convergence/evidence/controlled-successor-20261006/checkpoint4-native-remediation/ci/corrected62/epoch311/fixtures/test_unknown_pytest_trace_neve0/runner/porota-predeploy-471-2.pytest-producers-postread.json,added,69b106b5aab1a4bdf6b1aab8f4f71b671356b270,5003,0,132,0,REPRODUCIBLE_FIXTURE_CANDIDATE
docs/audits/convergence/evidence/controlled-successor-20261006/checkpoint4-native-remediation/ci/corrected62/epoch311/fixtures/test_unknown_pytest_trace_neve1/runner/porota-predeploy-471-2.pytest-collection-postread.json,added,3e1fed44d8a5f182ad1444e1bcb86b1124c89e18,1152,0,32,0,REPRODUCIBLE_FIXTURE_CANDIDATE
docs/audits/convergence/evidence/controlled-successor-20261006/checkpoint4-native-remediation/ci/corrected62/epoch311/fixtures/test_unknown_pytest_trace_neve1/runner/porota-predeploy-471-2.pytest-postread.json,added,f00fc810da10e6b3db7b75c31bbf084113029b3c,1386,0,45,0,REPRODUCIBLE_FIXTURE_CANDIDATE
docs/audits/convergence/evidence/controlled-successor-20261006/checkpoint4-native-remediation/ci/corrected62/epoch311/fixtures/test_unknown_pytest_trace_neve1/runner/porota-predeploy-471-2.pytest-producers-postread.json,added,a4afeb30bd055c69540a07f87de3a122cbd735a1,5003,0,132,0,REPRODUCIBLE_FIXTURE_CANDIDATE
docs/audits/convergence/evidence/controlled-successor-20261006/checkpoint4-native-remediation/ci/corrected62/epoch311/fixtures/test_unknown_pytest_trace_neve2/runner/porota-predeploy-471-2.pytest-collection-postread.json,added,8dd37448e58ed329e43946cc8a5659cfdbeecebf,1152,0,32,0,REPRODUCIBLE_FIXTURE_CANDIDATE
docs/audits/convergence/evidence/controlled-successor-20261006/checkpoint4-native-remediation/ci/corrected62/epoch311/fixtures/test_unknown_pytest_trace_neve2/runner/porota-predeploy-471-2.pytest-postread.json,added,f9687dab09dd39c04de4d028c873385e61c185e0,1386,0,45,0,REPRODUCIBLE_FIXTURE_CANDIDATE
docs/audits/convergence/evidence/controlled-successor-20261006/checkpoint4-native-remediation/ci/corrected62/epoch311/fixtures/test_unknown_pytest_trace_neve2/runner/porota-predeploy-471-2.pytest-producers-postread.json,added,153e787cc80f7af54b15fc031895ab5324681cdd,5003,0,132,0,REPRODUCIBLE_FIXTURE_CANDIDATE
docs/audits/convergence/evidence/controlled-successor-20261006/checkpoint4-native-remediation/ci/corrected62/epoch311/junit.xml,added,bfdd86566e0394afd369176a3e525c6bf6d97959,10074,0,1,0,GENERATED_RAW_OR_CAPTURED_SOURCE
docs/audits/convergence/evidence/controlled-successor-20261006/checkpoint4-native-remediation/ci/corrected62/epoch311/launch.json,added,77da7fc606197fa3ec932881cbd69ca734891f32,1485,0,31,0,INDEX_MANIFEST_CANDIDATE
docs/audits/convergence/evidence/controlled-successor-20261006/checkpoint4-native-remediation/ci/corrected62/epoch311/progress.json,added,16a08dde3dcecb5cb32e73214e145a199e647abe,212,0,8,0,INDEX_MANIFEST_CANDIDATE
docs/audits/convergence/evidence/controlled-successor-20261006/checkpoint4-native-remediation/ci/corrected62/epoch311/pytest.log,added,f485eb51cd1b3a0e8269e83986a9b03be6ba59d9,80,0,1,0,GENERATED_RAW_OR_CAPTURED_SOURCE
docs/audits/convergence/evidence/controlled-successor-20261006/checkpoint4-native-remediation/ci/corrected62/epoch311/receipt.json,added,aa5382244730d996e5e131f727a83cf0c58ed7ff,6892,0,192,0,INDEX_MANIFEST_CANDIDATE
docs/audits/convergence/evidence/controlled-successor-20261006/checkpoint4-native-remediation/ci/corrected62/epoch312/fixtures/test_aliased_fin_is_never_foll0/runner/porota-predeploy-471-2.pytest-collection-postread.json,added,76be30f99323851f55d04276cd2c1be30ff51ec9,1152,0,32,0,REPRODUCIBLE_FIXTURE_CANDIDATE
docs/audits/convergence/evidence/controlled-successor-20261006/checkpoint4-native-remediation/ci/corrected62/epoch312/fixtures/test_aliased_fin_is_never_foll0/runner/porota-predeploy-471-2.pytest-postread.json,added,563eb148380420d589a39ca827a8e5b41ec9a32f,3867,0,76,0,REPRODUCIBLE_FIXTURE_CANDIDATE
docs/audits/convergence/evidence/controlled-successor-20261006/checkpoint4-native-remediation/ci/corrected62/epoch312/fixtures/test_aliased_fin_is_never_foll0/runner/porota-predeploy-471-2.pytest-producers-postread.json,added,db75927cfae898c3b24534cd54585a2b27a445b0,7830,0,174,0,REPRODUCIBLE_FIXTURE_CANDIDATE
docs/audits/convergence/evidence/controlled-successor-20261006/checkpoint4-native-remediation/ci/corrected62/epoch312/fixtures/test_aliased_fin_is_never_foll1/runner/porota-predeploy-471-2.pytest-collection-postread.json,added,5c7a1de9aa50bc6cbaff65d408b5536e50b4f41e,1152,0,32,0,REPRODUCIBLE_FIXTURE_CANDIDATE
docs/audits/convergence/evidence/controlled-successor-20261006/checkpoint4-native-remediation/ci/corrected62/epoch312/fixtures/test_aliased_fin_is_never_foll1/runner/porota-predeploy-471-2.pytest-postread.json,added,d2418ba2cbed90d0def4b060fbef967ca7aeaad0,3876,0,76,0,REPRODUCIBLE_FIXTURE_CANDIDATE
docs/audits/convergence/evidence/controlled-successor-20261006/checkpoint4-native-remediation/ci/corrected62/epoch312/fixtures/test_aliased_fin_is_never_foll1/runner/porota-predeploy-471-2.pytest-producers-postread.json,added,ec53fcf52e7320c8ded253e7f2af3b7c28c418db,7848,0,174,0,REPRODUCIBLE_FIXTURE_CANDIDATE
docs/audits/convergence/evidence/controlled-successor-20261006/checkpoint4-native-remediation/ci/corrected62/epoch312/fixtures/test_exclusive_launch_intent_w0/runner/porota-predeploy-471-2.pytest-collection-postread.json,added,196b4d7bb43faa5ed08bd2763e45518f0cdf7a38,1152,0,32,0,REPRODUCIBLE_FIXTURE_CANDIDATE
docs/audits/convergence/evidence/controlled-successor-20261006/checkpoint4-native-remediation/ci/corrected62/epoch312/fixtures/test_exclusive_launch_intent_w0/runner/porota-predeploy-471-2.pytest-postread.json,added,becfca94362ef43273005fc19a8715043c91bd41,3586,0,64,0,REPRODUCIBLE_FIXTURE_CANDIDATE
docs/audits/convergence/evidence/controlled-successor-20261006/checkpoint4-native-remediation/ci/corrected62/epoch312/fixtures/test_exclusive_launch_intent_w0/runner/porota-predeploy-471-2.pytest-producers-postread.json,added,335d8782af710151135f8947d851ec18df9a5463,7220,0,150,0,REPRODUCIBLE_FIXTURE_CANDIDATE
docs/audits/convergence/evidence/controlled-successor-20261006/checkpoint4-native-remediation/ci/corrected62/epoch312/fixtures/test_no_pytest_launch_has_no_p0/runner/porota-predeploy-471-2.pytest-collection-postread.json,added,990bb5c3b2e363d6a3a244d0444db88854b4228e,1152,0,32,0,REPRODUCIBLE_FIXTURE_CANDIDATE
docs/audits/convergence/evidence/controlled-successor-20261006/checkpoint4-native-remediation/ci/corrected62/epoch312/fixtures/test_no_pytest_launch_has_no_p0/runner/porota-predeploy-471-2.pytest-postread.json,added,4cbfb17528f189069d1da1801f9f9106758fcfd0,1116,0,32,0,REPRODUCIBLE_FIXTURE_CANDIDATE
docs/audits/convergence/evidence/controlled-successor-20261006/checkpoint4-native-remediation/ci/corrected62/epoch312/fixtures/test_no_pytest_launch_has_no_p0/runner/porota-predeploy-471-2.pytest-producers-postread.json,added,0dcec6e26adb25937fb5bef0270d484422224a00,4279,0,104,0,REPRODUCIBLE_FIXTURE_CANDIDATE
docs/audits/convergence/evidence/controlled-successor-20261006/checkpoint4-native-remediation/ci/corrected62/epoch312/fixtures/test_real_collection_failure_h0/native-runner/porota-predeploy-471-2-bdf44058b18e47a09148f7caf88546c9/porota-pytest-collection-cli-control.json,added,1e97256ed4e8d92017d6425bdb59fbcde09e0a97,545,0,6,0,REPRODUCIBLE_FIXTURE_CANDIDATE
docs/audits/convergence/evidence/controlled-successor-20261006/checkpoint4-native-remediation/ci/corrected62/epoch312/fixtures/test_real_collection_failure_h0/native-runner/porota-predeploy-471-2-bdf44058b18e47a09148f7caf88546c9/porota-pytest-collection-launch-intent.json,added,96cf5db9e5cae0d78a0a98bc80a2e36cede8a257,1532,0,47,0,REPRODUCIBLE_FIXTURE_CANDIDATE
docs/audits/convergence/evidence/controlled-successor-20261006/checkpoint4-native-remediation/ci/corrected62/epoch312/fixtures/test_real_collection_failure_h0/native-runner/porota-predeploy-471-2-bdf44058b18e47a09148f7caf88546c9/porota-pytest-collection-owned-fin.json,added,03efd705d1bcbac65fd2cb71c7ba5054af4f8aea,3986,0,104,0,REPRODUCIBLE_FIXTURE_CANDIDATE
docs/audits/convergence/evidence/controlled-successor-20261006/checkpoint4-native-remediation/ci/corrected62/epoch312/fixtures/test_real_collection_failure_h0/native-runner/porota-predeploy-471-2-bdf44058b18e47a09148f7caf88546c9/porota-pytest-collection-postread.json,added,aae4f7a067039a6e721d557ef8779591d5e015f7,9594,0,120,0,REPRODUCIBLE_FIXTURE_CANDIDATE
docs/audits/convergence/evidence/controlled-successor-20261006/checkpoint4-native-remediation/ci/corrected62/epoch312/fixtures/test_real_collection_failure_h0/native-runner/porota-predeploy-471-2-bdf44058b18e47a09148f7caf88546c9/porota-pytest-collection-progress.json,added,e82b21ae366d9fea5fab66a5e81790b4e41d23b4,289,0,8,0,REPRODUCIBLE_FIXTURE_CANDIDATE
docs/audits/convergence/evidence/controlled-successor-20261006/checkpoint4-native-remediation/ci/corrected62/epoch312/fixtures/test_real_collection_failure_h0/native-runner/porota-predeploy-471-2-bdf44058b18e47a09148f7caf88546c9/porota-pytest-collection-retained.json,added,b46c0f8312aac4574827b6093733702f5e72518f,1993,0,60,0,REPRODUCIBLE_FIXTURE_CANDIDATE
docs/audits/convergence/evidence/controlled-successor-20261006/checkpoint4-native-remediation/ci/corrected62/epoch312/fixtures/test_real_collection_failure_h0/native-runner/porota-predeploy-471-2-bdf44058b18e47a09148f7caf88546c9/porota-pytest-execution-cli-control.json,added,41d74faf0a44baa4ae3364dfa657c69349f44f44,211,0,6,0,REPRODUCIBLE_FIXTURE_CANDIDATE
docs/audits/convergence/evidence/controlled-successor-20261006/checkpoint4-native-remediation/ci/corrected62/epoch312/fixtures/test_real_collection_failure_h0/native-runner/porota-predeploy-471-2-bdf44058b18e47a09148f7caf88546c9/porota-pytest-postread.json,added,ccdb3d5ca3578e855de548f3a4614a3e43034d8d,1114,0,32,0,REPRODUCIBLE_FIXTURE_CANDIDATE
docs/audits/convergence/evidence/controlled-successor-20261006/checkpoint4-native-remediation/ci/corrected62/epoch312/fixtures/test_real_collection_failure_h0/native-runner/porota-predeploy-471-2-bdf44058b18e47a09148f7caf88546c9/porota-pytest-producers-postread.json,added,d44a6479c27307c36efa8038125498e9d5e00c1b,14305,0,240,0,REPRODUCIBLE_FIXTURE_CANDIDATE
docs/audits/convergence/evidence/controlled-successor-20261006/checkpoint4-native-remediation/ci/corrected62/epoch312/fixtures/test_real_collection_failure_h0/native-runner/porota-predeploy-471-2-bdf44058b18e47a09148f7caf88546c9/porota-pytest-selected-fixture.json,added,95482b8a9698f14b78bb7119b5b84c5e2ef3d2f9,116380,0,3535,0,REPRODUCIBLE_FIXTURE_CANDIDATE
docs/audits/convergence/evidence/controlled-successor-20261006/checkpoint4-native-remediation/ci/corrected62/epoch312/fixtures/test_real_collection_failure_h0/native-runner/porota-predeploy-471-2-bdf44058b18e47a09148f7caf88546c9/porota-test-collection.txt,added,7158dd1867414b1c65155dcb15dc906471899151,575,0,10,0,REPRODUCIBLE_FIXTURE_CANDIDATE
docs/audits/convergence/evidence/controlled-successor-20261006/checkpoint4-native-remediation/ci/corrected62/epoch312/fixtures/test_real_collection_failure_h0/native-runner/porota-predeploy-471-2.pytest-collection-postread.json,added,aae4f7a067039a6e721d557ef8779591d5e015f7,9594,0,120,0,REPRODUCIBLE_FIXTURE_CANDIDATE
docs/audits/convergence/evidence/controlled-successor-20261006/checkpoint4-native-remediation/ci/corrected62/epoch312/fixtures/test_real_collection_failure_h0/native-runner/porota-predeploy-471-2.pytest-postread.json,added,ccdb3d5ca3578e855de548f3a4614a3e43034d8d,1114,0,32,0,REPRODUCIBLE_FIXTURE_CANDIDATE
docs/audits/convergence/evidence/controlled-successor-20261006/checkpoint4-native-remediation/ci/corrected62/epoch312/fixtures/test_real_collection_failure_h0/native-runner/porota-predeploy-471-2.pytest-producers-postread.json,added,d44a6479c27307c36efa8038125498e9d5e00c1b,14305,0,240,0,REPRODUCIBLE_FIXTURE_CANDIDATE
docs/audits/convergence/evidence/controlled-successor-20261006/checkpoint4-native-remediation/ci/corrected62/epoch312/fixtures/test_real_owned_pytest_direct_0/native-runner/porota-predeploy-471-2-ff241b0dfaab47cf955ff5ff009afc35/native-owned-junit.xml,added,84a5718817f429c23170802307d8c41f486dc954,328,0,1,0,REPRODUCIBLE_FIXTURE_CANDIDATE
docs/audits/convergence/evidence/controlled-successor-20261006/checkpoint4-native-remediation/ci/corrected62/epoch312/fixtures/test_real_owned_pytest_direct_0/native-runner/porota-predeploy-471-2-ff241b0dfaab47cf955ff5ff009afc35/porota-pytest-collection-cli-control.json,added,880299d5a9ef46f410fbc06773abb65405f6704e,544,0,6,0,REPRODUCIBLE_FIXTURE_CANDIDATE
docs/audits/convergence/evidence/controlled-successor-20261006/checkpoint4-native-remediation/ci/corrected62/epoch312/fixtures/test_real_owned_pytest_direct_0/native-runner/porota-predeploy-471-2-ff241b0dfaab47cf955ff5ff009afc35/porota-pytest-collection-launch-intent.json,added,a201e88fc5b37d9e7e6f202d8fc0133515e07014,1532,0,47,0,REPRODUCIBLE_FIXTURE_CANDIDATE
docs/audits/convergence/evidence/controlled-successor-20261006/checkpoint4-native-remediation/ci/corrected62/epoch312/fixtures/test_real_owned_pytest_direct_0/native-runner/porota-predeploy-471-2-ff241b0dfaab47cf955ff5ff009afc35/porota-pytest-collection-owned-fin.json,added,7b37fc67e1cc1ab5e2c172b8e8c5a5f40baf08b3,3983,0,104,0,REPRODUCIBLE_FIXTURE_CANDIDATE
docs/audits/convergence/evidence/controlled-successor-20261006/checkpoint4-native-remediation/ci/corrected62/epoch312/fixtures/test_real_owned_pytest_direct_0/native-runner/porota-predeploy-471-2-ff241b0dfaab47cf955ff5ff009afc35/porota-pytest-collection-postread.json,added,48ae9021236d34917f9b1acc4eeb1f70f886c80c,9588,0,120,0,REPRODUCIBLE_FIXTURE_CANDIDATE
docs/audits/convergence/evidence/controlled-successor-20261006/checkpoint4-native-remediation/ci/corrected62/epoch312/fixtures/test_real_owned_pytest_direct_0/native-runner/porota-predeploy-471-2-ff241b0dfaab47cf955ff5ff009afc35/porota-pytest-collection-progress.json,added,d6cc1201369878a02be532b46708a094d1c39be2,288,0,8,0,REPRODUCIBLE_FIXTURE_CANDIDATE
docs/audits/convergence/evidence/controlled-successor-20261006/checkpoint4-native-remediation/ci/corrected62/epoch312/fixtures/test_real_owned_pytest_direct_0/native-runner/porota-predeploy-471-2-ff241b0dfaab47cf955ff5ff009afc35/porota-pytest-collection-retained.json,added,9230fe07553044d9fbf0435ce461248e0467efa6,1992,0,60,0,REPRODUCIBLE_FIXTURE_CANDIDATE
docs/audits/convergence/evidence/controlled-successor-20261006/checkpoint4-native-remediation/ci/corrected62/epoch312/fixtures/test_real_owned_pytest_direct_0/native-runner/porota-predeploy-471-2-ff241b0dfaab47cf955ff5ff009afc35/porota-pytest-execution-cli-control.json,added,eddb9c63828ea18ec7584ce5cadf46e7ab81f144,532,0,6,0,REPRODUCIBLE_FIXTURE_CANDIDATE
docs/audits/convergence/evidence/controlled-successor-20261006/checkpoint4-native-remediation/ci/corrected62/epoch312/fixtures/test_real_owned_pytest_direct_0/native-runner/porota-predeploy-471-2-ff241b0dfaab47cf955ff5ff009afc35/porota-pytest-launch-intent.json,added,1ad212bae4363a14ebab87173830d34ee61cac7d,1932,0,48,0,REPRODUCIBLE_FIXTURE_CANDIDATE
docs/audits/convergence/evidence/controlled-successor-20261006/checkpoint4-native-remediation/ci/corrected62/epoch312/fixtures/test_real_owned_pytest_direct_0/native-runner/porota-predeploy-471-2-ff241b0dfaab47cf955ff5ff009afc35/porota-pytest-native.log,added,5710f802bfcf2a038aac3d12609cdee8e3dffef8,98,0,2,0,REPRODUCIBLE_FIXTURE_CANDIDATE
docs/audits/convergence/evidence/controlled-successor-20261006/checkpoint4-native-remediation/ci/corrected62/epoch312/fixtures/test_real_owned_pytest_direct_0/native-runner/porota-predeploy-471-2-ff241b0dfaab47cf955ff5ff009afc35/porota-pytest-owned-fin.json,added,d6317af0823f3eea9c5411792c48e31883b5fd9e,4374,0,105,0,REPRODUCIBLE_FIXTURE_CANDIDATE
docs/audits/convergence/evidence/controlled-successor-20261006/checkpoint4-native-remediation/ci/corrected62/epoch312/fixtures/test_real_owned_pytest_direct_0/native-runner/porota-predeploy-471-2-ff241b0dfaab47cf955ff5ff009afc35/porota-pytest-postread.json,added,86f8c9b75698c49e2e083dfea4c333f7b16e4b8a,10329,0,120,0,REPRODUCIBLE_FIXTURE_CANDIDATE
docs/audits/convergence/evidence/controlled-successor-20261006/checkpoint4-native-remediation/ci/corrected62/epoch312/fixtures/test_real_owned_pytest_direct_0/native-runner/porota-predeploy-471-2-ff241b0dfaab47cf955ff5ff009afc35/porota-pytest-producers-postread.json,added,f372fc3ad3c74df13b5fc861a184db15380dcacf,25154,0,378,0,REPRODUCIBLE_FIXTURE_CANDIDATE
docs/audits/convergence/evidence/controlled-successor-20261006/checkpoint4-native-remediation/ci/corrected62/epoch312/fixtures/test_real_owned_pytest_direct_0/native-runner/porota-predeploy-471-2-ff241b0dfaab47cf955ff5ff009afc35/porota-pytest-progress.json,added,46205d0e33bfa4107121e04f6e2e355eabb3346b,288,0,8,0,REPRODUCIBLE_FIXTURE_CANDIDATE
docs/audits/convergence/evidence/controlled-successor-20261006/checkpoint4-native-remediation/ci/corrected62/epoch312/fixtures/test_real_owned_pytest_direct_0/native-runner/porota-predeploy-471-2-ff241b0dfaab47cf955ff5ff009afc35/porota-pytest-retained.json,added,5ce67c49566cf4408be4fdfc25e9b231966447e5,4028,0,137,0,REPRODUCIBLE_FIXTURE_CANDIDATE
docs/audits/convergence/evidence/controlled-successor-20261006/checkpoint4-native-remediation/ci/corrected62/epoch312/fixtures/test_real_owned_pytest_direct_0/native-runner/porota-predeploy-471-2-ff241b0dfaab47cf955ff5ff009afc35/porota-pytest-selected-fixture.json,added,298fb443ef328b0fc8981f1c26cf19dad8257685,116380,0,3535,0,REPRODUCIBLE_FIXTURE_CANDIDATE
docs/audits/convergence/evidence/controlled-successor-20261006/checkpoint4-native-remediation/ci/corrected62/epoch312/fixtures/test_real_owned_pytest_direct_0/native-runner/porota-predeploy-471-2-ff241b0dfaab47cf955ff5ff009afc35/porota-test-collection.txt,added,0120fe98d4bb18460e6c4db87fe9dc4411ea87d1,67,0,3,0,REPRODUCIBLE_FIXTURE_CANDIDATE
docs/audits/convergence/evidence/controlled-successor-20261006/checkpoint4-native-remediation/ci/corrected62/epoch312/fixtures/test_real_owned_pytest_direct_0/native-runner/porota-predeploy-471-2.pytest-collection-postread.json,added,48ae9021236d34917f9b1acc4eeb1f70f886c80c,9588,0,120,0,REPRODUCIBLE_FIXTURE_CANDIDATE
docs/audits/convergence/evidence/controlled-successor-20261006/checkpoint4-native-remediation/ci/corrected62/epoch312/fixtures/test_real_owned_pytest_direct_0/native-runner/porota-predeploy-471-2.pytest-postread.json,added,86f8c9b75698c49e2e083dfea4c333f7b16e4b8a,10329,0,120,0,REPRODUCIBLE_FIXTURE_CANDIDATE
docs/audits/convergence/evidence/controlled-successor-20261006/checkpoint4-native-remediation/ci/corrected62/epoch312/fixtures/test_real_owned_pytest_direct_0/native-runner/porota-predeploy-471-2.pytest-producers-postread.json,added,f372fc3ad3c74df13b5fc861a184db15380dcacf,25154,0,378,0,REPRODUCIBLE_FIXTURE_CANDIDATE
docs/audits/convergence/evidence/controlled-successor-20261006/checkpoint4-native-remediation/ci/corrected62/epoch312/fixtures/test_real_owned_pytest_timeout0/native-runner/porota-predeploy-471-2-3a7daabde47e4dfc805cd6c05d72986f/porota-pytest-collection-cli-control.json,added,f83a52f5a89589c0dc830da3e2e3f8189d546216,544,0,6,0,REPRODUCIBLE_FIXTURE_CANDIDATE
docs/audits/convergence/evidence/controlled-successor-20261006/checkpoint4-native-remediation/ci/corrected62/epoch312/fixtures/test_real_owned_pytest_timeout0/native-runner/porota-predeploy-471-2-3a7daabde47e4dfc805cd6c05d72986f/porota-pytest-collection-launch-intent.json,added,95d68a27cb860a7318ac53a5a825159b38bfd964,1532,0,47,0,REPRODUCIBLE_FIXTURE_CANDIDATE
docs/audits/convergence/evidence/controlled-successor-20261006/checkpoint4-native-remediation/ci/corrected62/epoch312/fixtures/test_real_owned_pytest_timeout0/native-runner/porota-predeploy-471-2-3a7daabde47e4dfc805cd6c05d72986f/porota-pytest-collection-owned-fin.json,added,14b99e21aaf1f63f53c39bed2223437a55128a15,3984,0,104,0,REPRODUCIBLE_FIXTURE_CANDIDATE
docs/audits/convergence/evidence/controlled-successor-20261006/checkpoint4-native-remediation/ci/corrected62/epoch312/fixtures/test_real_owned_pytest_timeout0/native-runner/porota-predeploy-471-2-3a7daabde47e4dfc805cd6c05d72986f/porota-pytest-collection-postread.json,added,79edd7dfe59e4990b18ff27ab20427783573f35b,9589,0,120,0,REPRODUCIBLE_FIXTURE_CANDIDATE
docs/audits/convergence/evidence/controlled-successor-20261006/checkpoint4-native-remediation/ci/corrected62/epoch312/fixtures/test_real_owned_pytest_timeout0/native-runner/porota-predeploy-471-2-3a7daabde47e4dfc805cd6c05d72986f/porota-pytest-collection-progress.json,added,929b081531efc9281e514d759b1c1d85ae4a2042,288,0,8,0,REPRODUCIBLE_FIXTURE_CANDIDATE
docs/audits/convergence/evidence/controlled-successor-20261006/checkpoint4-native-remediation/ci/corrected62/epoch312/fixtures/test_real_owned_pytest_timeout0/native-runner/porota-predeploy-471-2-3a7daabde47e4dfc805cd6c05d72986f/porota-pytest-collection-retained.json,added,39b7e7689d5a26f3c8df436f071915787a49dcaa,1992,0,60,0,REPRODUCIBLE_FIXTURE_CANDIDATE
docs/audits/convergence/evidence/controlled-successor-20261006/checkpoint4-native-remediation/ci/corrected62/epoch312/fixtures/test_real_owned_pytest_timeout0/native-runner/porota-predeploy-471-2-3a7daabde47e4dfc805cd6c05d72986f/porota-pytest-execution-cli-control.json,added,88208f2495b26121864d0c3a3be629109efc1cf9,599,0,6,0,REPRODUCIBLE_FIXTURE_CANDIDATE
docs/audits/convergence/evidence/controlled-successor-20261006/checkpoint4-native-remediation/ci/corrected62/epoch312/fixtures/test_real_owned_pytest_timeout0/native-runner/porota-predeploy-471-2-3a7daabde47e4dfc805cd6c05d72986f/porota-pytest-launch-intent.json,added,757dc100495aa56e87f9d0f3b9f7f40ba580256a,1932,0,48,0,REPRODUCIBLE_FIXTURE_CANDIDATE
docs/audits/convergence/evidence/controlled-successor-20261006/checkpoint4-native-remediation/ci/corrected62/epoch312/fixtures/test_real_owned_pytest_timeout0/native-runner/porota-predeploy-471-2-3a7daabde47e4dfc805cd6c05d72986f/porota-pytest-native.log,added,e69de29bb2d1d6434b8b29ae775ad8c2e48c5391,0,0,0,0,REPRODUCIBLE_FIXTURE_CANDIDATE
docs/audits/convergence/evidence/controlled-successor-20261006/checkpoint4-native-remediation/ci/corrected62/epoch312/fixtures/test_real_owned_pytest_timeout0/native-runner/porota-predeploy-471-2-3a7daabde47e4dfc805cd6c05d72986f/porota-pytest-owned-fin.json,added,0438719cc3a18752573ef55ac4699e3be760a068,4603,0,117,0,REPRODUCIBLE_FIXTURE_CANDIDATE
docs/audits/convergence/evidence/controlled-successor-20261006/checkpoint4-native-remediation/ci/corrected62/epoch312/fixtures/test_real_owned_pytest_timeout0/native-runner/porota-predeploy-471-2-3a7daabde47e4dfc805cd6c05d72986f/porota-pytest-postread.json,added,fc534e185d653c7a1cd2e35d3e4b1d434ceb71b2,10591,0,120,0,REPRODUCIBLE_FIXTURE_CANDIDATE
docs/audits/convergence/evidence/controlled-successor-20261006/checkpoint4-native-remediation/ci/corrected62/epoch312/fixtures/test_real_owned_pytest_timeout0/native-runner/porota-predeploy-471-2-3a7daabde47e4dfc805cd6c05d72986f/porota-pytest-producers-postread.json,added,b452896e458ffb01ec4c11901e353717e366fb43,25418,0,378,0,REPRODUCIBLE_FIXTURE_CANDIDATE
docs/audits/convergence/evidence/controlled-successor-20261006/checkpoint4-native-remediation/ci/corrected62/epoch312/fixtures/test_real_owned_pytest_timeout0/native-runner/porota-predeploy-471-2-3a7daabde47e4dfc805cd6c05d72986f/porota-pytest-progress.json,added,1244653617329c4673ea361d249092c3b649e598,284,0,8,0,REPRODUCIBLE_FIXTURE_CANDIDATE
docs/audits/convergence/evidence/controlled-successor-20261006/checkpoint4-native-remediation/ci/corrected62/epoch312/fixtures/test_real_owned_pytest_timeout0/native-runner/porota-predeploy-471-2-3a7daabde47e4dfc805cd6c05d72986f/porota-pytest-retained.json,added,687310098e16c08b6e5fe353e71a670845e8f239,1992,0,60,0,REPRODUCIBLE_FIXTURE_CANDIDATE
docs/audits/convergence/evidence/controlled-successor-20261006/checkpoint4-native-remediation/ci/corrected62/epoch312/fixtures/test_real_owned_pytest_timeout0/native-runner/porota-predeploy-471-2-3a7daabde47e4dfc805cd6c05d72986f/porota-pytest-selected-fixture.json,added,99479ca3ecde78342e89054aada2f2051454dff4,116380,0,3535,0,REPRODUCIBLE_FIXTURE_CANDIDATE
docs/audits/convergence/evidence/controlled-successor-20261006/checkpoint4-native-remediation/ci/corrected62/epoch312/fixtures/test_real_owned_pytest_timeout0/native-runner/porota-predeploy-471-2-3a7daabde47e4dfc805cd6c05d72986f/porota-test-collection.txt,added,e2160224d6b9dd164f71351b9b217d2dccc37c84,68,0,3,0,REPRODUCIBLE_FIXTURE_CANDIDATE
docs/audits/convergence/evidence/controlled-successor-20261006/checkpoint4-native-remediation/ci/corrected62/epoch312/fixtures/test_real_owned_pytest_timeout0/native-runner/porota-predeploy-471-2.pytest-collection-postread.json,added,0435b285f26d4ad4e13794ef90bd8fb1d0c720ae,4575,0,100,0,REPRODUCIBLE_FIXTURE_CANDIDATE
docs/audits/convergence/evidence/controlled-successor-20261006/checkpoint4-native-remediation/ci/corrected62/epoch312/fixtures/test_real_owned_pytest_timeout0/native-runner/porota-predeploy-471-2.pytest-postread.json,added,003769c5959b9630708732d81482f06d46660a50,4931,0,100,0,REPRODUCIBLE_FIXTURE_CANDIDATE
docs/audits/convergence/evidence/controlled-successor-20261006/checkpoint4-native-remediation/ci/corrected62/epoch312/fixtures/test_real_owned_pytest_timeout0/native-runner/porota-predeploy-471-2.pytest-producers-postread.json,added,e9cda5d9ada0f7ff6ee0f271f83445c403621a22,14646,0,340,0,REPRODUCIBLE_FIXTURE_CANDIDATE
docs/audits/convergence/evidence/controlled-successor-20261006/checkpoint4-native-remediation/ci/corrected62/epoch312/fixtures/test_unknown_collection_blocks0/runner/porota-predeploy-471-2.pytest-collection-postread.json,added,f8f660c46f9da977343b86dca1432d36030399ce,3527,0,65,0,REPRODUCIBLE_FIXTURE_CANDIDATE
docs/audits/convergence/evidence/controlled-successor-20261006/checkpoint4-native-remediation/ci/corrected62/epoch312/fixtures/test_unknown_collection_blocks0/runner/porota-predeploy-471-2.pytest-postread.json,added,22bd790c26f21fabc34cdcd483c8cce738204382,1116,0,32,0,REPRODUCIBLE_FIXTURE_CANDIDATE
docs/audits/convergence/evidence/controlled-successor-20261006/checkpoint4-native-remediation/ci/corrected62/epoch312/fixtures/test_unknown_collection_blocks0/runner/porota-predeploy-471-2.pytest-producers-postread.json,added,c8a1f116636d539b78a518a6612ae7476b6b4d01,7182,0,152,0,REPRODUCIBLE_FIXTURE_CANDIDATE
docs/audits/convergence/evidence/controlled-successor-20261006/checkpoint4-native-remediation/ci/corrected62/epoch312/fixtures/test_unknown_pytest_trace_neve0/runner/porota-predeploy-471-2.pytest-collection-postread.json,added,28436c2b8438721eb0b0a7f3539f9cdfef1dd761,1152,0,32,0,REPRODUCIBLE_FIXTURE_CANDIDATE
docs/audits/convergence/evidence/controlled-successor-20261006/checkpoint4-native-remediation/ci/corrected62/epoch312/fixtures/test_unknown_pytest_trace_neve0/runner/porota-predeploy-471-2.pytest-postread.json,added,fe2111cd0443392129b05898733d152eb77bffb1,1386,0,45,0,REPRODUCIBLE_FIXTURE_CANDIDATE
docs/audits/convergence/evidence/controlled-successor-20261006/checkpoint4-native-remediation/ci/corrected62/epoch312/fixtures/test_unknown_pytest_trace_neve0/runner/porota-predeploy-471-2.pytest-producers-postread.json,added,812ca20e39192538846c7367b43653fe560faeb5,5003,0,132,0,REPRODUCIBLE_FIXTURE_CANDIDATE
docs/audits/convergence/evidence/controlled-successor-20261006/checkpoint4-native-remediation/ci/corrected62/epoch312/fixtures/test_unknown_pytest_trace_neve1/runner/porota-predeploy-471-2.pytest-collection-postread.json,added,765bab3f69646c701669b40a1e4750cc3dfc0cdb,1152,0,32,0,REPRODUCIBLE_FIXTURE_CANDIDATE
docs/audits/convergence/evidence/controlled-successor-20261006/checkpoint4-native-remediation/ci/corrected62/epoch312/fixtures/test_unknown_pytest_trace_neve1/runner/porota-predeploy-471-2.pytest-postread.json,added,06da4e8dc96159eaed1127270762813198feb82b,1386,0,45,0,REPRODUCIBLE_FIXTURE_CANDIDATE
docs/audits/convergence/evidence/controlled-successor-20261006/checkpoint4-native-remediation/ci/corrected62/epoch312/fixtures/test_unknown_pytest_trace_neve1/runner/porota-predeploy-471-2.pytest-producers-postread.json,added,fdbb9c58b5acb8f01086842e78775773b2ef7412,5003,0,132,0,REPRODUCIBLE_FIXTURE_CANDIDATE
docs/audits/convergence/evidence/controlled-successor-20261006/checkpoint4-native-remediation/ci/corrected62/epoch312/fixtures/test_unknown_pytest_trace_neve2/runner/porota-predeploy-471-2.pytest-collection-postread.json,added,cf2978f2e5faecb8700cbd5a7043cd548eaf5c41,1152,0,32,0,REPRODUCIBLE_FIXTURE_CANDIDATE
docs/audits/convergence/evidence/controlled-successor-20261006/checkpoint4-native-remediation/ci/corrected62/epoch312/fixtures/test_unknown_pytest_trace_neve2/runner/porota-predeploy-471-2.pytest-postread.json,added,d060469d82aa85bb4c7b4dec0da8a17b7e417e94,1386,0,45,0,REPRODUCIBLE_FIXTURE_CANDIDATE
docs/audits/convergence/evidence/controlled-successor-20261006/checkpoint4-native-remediation/ci/corrected62/epoch312/fixtures/test_unknown_pytest_trace_neve2/runner/porota-predeploy-471-2.pytest-producers-postread.json,added,ba363000e09631b29f6ee283575e17062fb09799,5003,0,132,0,REPRODUCIBLE_FIXTURE_CANDIDATE
docs/audits/convergence/evidence/controlled-successor-20261006/checkpoint4-native-remediation/ci/corrected62/epoch312/junit.xml,added,6dfc55e26e2c907f1c75fddb39b13d469af74e56,10074,0,1,0,GENERATED_RAW_OR_CAPTURED_SOURCE
docs/audits/convergence/evidence/controlled-successor-20261006/checkpoint4-native-remediation/ci/corrected62/epoch312/launch.json,added,71310f52fbaca0a98eb915e6df1d50d8df0b8c46,1485,0,31,0,INDEX_MANIFEST_CANDIDATE
docs/audits/convergence/evidence/controlled-successor-20261006/checkpoint4-native-remediation/ci/corrected62/epoch312/progress.json,added,4b74ad52cff07add1acae1dbac28349f6242e683,212,0,8,0,INDEX_MANIFEST_CANDIDATE
docs/audits/convergence/evidence/controlled-successor-20261006/checkpoint4-native-remediation/ci/corrected62/epoch312/pytest.log,added,f485eb51cd1b3a0e8269e83986a9b03be6ba59d9,80,0,1,0,GENERATED_RAW_OR_CAPTURED_SOURCE
docs/audits/convergence/evidence/controlled-successor-20261006/checkpoint4-native-remediation/ci/corrected62/epoch312/receipt.json,added,a604eb789294d1decb910fcff3bb6d882c302b73,6852,0,192,0,INDEX_MANIFEST_CANDIDATE
docs/audits/convergence/evidence/controlled-successor-20261006/checkpoint4-native-remediation/ci/current-installed-metadata/311/iniconfig-2.3.0/METADATA,added,fc3c00df97bbf6e38be40ce7bec8e9d136d18214,2526,0,79,0,GOVERNANCE
docs/audits/convergence/evidence/controlled-successor-20261006/checkpoint4-native-remediation/ci/current-installed-metadata/311/iniconfig-2.3.0/RECORD,added,5db0935259c848730b20f4450372421c27a69e7a,1177,0,16,0,GOVERNANCE
docs/audits/convergence/evidence/controlled-successor-20261006/checkpoint4-native-remediation/ci/current-installed-metadata/311/packaging-26.3/METADATA,added,9a85a75b1f53f042eedc6731042e96f5a96ed6da,3544,0,112,0,GOVERNANCE
docs/audits/convergence/evidence/controlled-successor-20261006/checkpoint4-native-remediation/ci/current-installed-metadata/311/packaging-26.3/RECORD,added,e04db628118410e42d206844449510d1fc4869bd,3670,0,53,0,GOVERNANCE
docs/audits/convergence/evidence/controlled-successor-20261006/checkpoint4-native-remediation/ci/current-installed-metadata/311/pluggy-1.6.0/METADATA,added,12345f88ebe873247f9298feca3e469e7e8af87f,4811,0,152,0,GOVERNANCE
docs/audits/convergence/evidence/controlled-successor-20261006/checkpoint4-native-remediation/ci/current-installed-metadata/311/pluggy-1.6.0/RECORD,added,442a3851b0b5d5f49202b011462b0aedcb2841ae,1617,0,24,0,GOVERNANCE
docs/audits/convergence/evidence/controlled-successor-20261006/checkpoint4-native-remediation/ci/current-installed-metadata/311/pygments-2.21.0/METADATA,added,cc4e5734b999d8563bf83b1911a47270c4976913,2527,0,58,0,GOVERNANCE
docs/audits/convergence/evidence/controlled-successor-20261006/checkpoint4-native-remediation/ci/current-installed-metadata/311/pygments-2.21.0/RECORD,added,1553896cd3d70742232ba88e9f23e986223a14fe,48212,0,695,0,GOVERNANCE
docs/audits/convergence/evidence/controlled-successor-20261006/checkpoint4-native-remediation/ci/current-installed-metadata/311/pytest-9.1.1/METADATA,added,df8b1fee97e687917481b3c55459fedc523c9fd0,7586,0,211,0,GOVERNANCE
docs/audits/convergence/evidence/controlled-successor-20261006/checkpoint4-native-remediation/ci/current-installed-metadata/311/pytest-9.1.1/RECORD,added,8a9a94c1c105bc71dc17e0cf0dfacaa3f0dc6d5a,11638,0,174,0,GOVERNANCE
docs/audits/convergence/evidence/controlled-successor-20261006/checkpoint4-native-remediation/ci/current-installed-metadata/311/pytest-owned-py.py,added,5c661e66c1fa1c66721b3a330a5bc583937d08c9,329,0,15,0,GOVERNANCE
docs/audits/convergence/evidence/controlled-successor-20261006/checkpoint4-native-remediation/ci/current-installed-metadata/312/iniconfig-2.3.0/METADATA,added,fc3c00df97bbf6e38be40ce7bec8e9d136d18214,2526,0,79,0,GOVERNANCE
docs/audits/convergence/evidence/controlled-successor-20261006/checkpoint4-native-remediation/ci/current-installed-metadata/312/iniconfig-2.3.0/RECORD,added,ba535fceec89031a3a37bc7beb5482255ac28be6,1177,0,16,0,GOVERNANCE
docs/audits/convergence/evidence/controlled-successor-20261006/checkpoint4-native-remediation/ci/current-installed-metadata/312/packaging-26.3/METADATA,added,9a85a75b1f53f042eedc6731042e96f5a96ed6da,3544,0,112,0,GOVERNANCE
docs/audits/convergence/evidence/controlled-successor-20261006/checkpoint4-native-remediation/ci/current-installed-metadata/312/packaging-26.3/RECORD,added,15915da577bafc66694c9e69967f053c52b99c2d,3670,0,53,0,GOVERNANCE
docs/audits/convergence/evidence/controlled-successor-20261006/checkpoint4-native-remediation/ci/current-installed-metadata/312/pluggy-1.6.0/METADATA,added,12345f88ebe873247f9298feca3e469e7e8af87f,4811,0,152,0,GOVERNANCE
docs/audits/convergence/evidence/controlled-successor-20261006/checkpoint4-native-remediation/ci/current-installed-metadata/312/pluggy-1.6.0/RECORD,added,99939faf2fdc7ace5a8930315c8a77e4c7269f53,1617,0,24,0,GOVERNANCE
docs/audits/convergence/evidence/controlled-successor-20261006/checkpoint4-native-remediation/ci/current-installed-metadata/312/pygments-2.21.0/METADATA,added,cc4e5734b999d8563bf83b1911a47270c4976913,2527,0,58,0,GOVERNANCE
docs/audits/convergence/evidence/controlled-successor-20261006/checkpoint4-native-remediation/ci/current-installed-metadata/312/pygments-2.21.0/RECORD,added,ce73707b56055d23c228477454871f9578d5d262,48212,0,695,0,GOVERNANCE
docs/audits/convergence/evidence/controlled-successor-20261006/checkpoint4-native-remediation/ci/current-installed-metadata/312/pytest-9.1.1/METADATA,added,df8b1fee97e687917481b3c55459fedc523c9fd0,7586,0,211,0,GOVERNANCE
docs/audits/convergence/evidence/controlled-successor-20261006/checkpoint4-native-remediation/ci/current-installed-metadata/312/pytest-9.1.1/RECORD,added,4fbb9d97b0651cceb9bce29241324332ba2f39ee,11638,0,174,0,GOVERNANCE
docs/audits/convergence/evidence/controlled-successor-20261006/checkpoint4-native-remediation/ci/current-installed-metadata/312/pytest-owned-py.py,added,5c661e66c1fa1c66721b3a330a5bc583937d08c9,329,0,15,0,GOVERNANCE
docs/audits/convergence/evidence/controlled-successor-20261006/checkpoint4-native-remediation/ci/initial51/control/checkpoint.json,added,27037d4214bf37ac5a4d36ef8912c8a1573b5211,6135,0,137,0,INDEX_MANIFEST_CANDIDATE
docs/audits/convergence/evidence/controlled-successor-20261006/checkpoint4-native-remediation/ci/initial51/control/collection-execution-review.json,added,f060bad6f851d32f27c679c4f2d5143b892b0d7d,3756,0,88,0,INDEX_MANIFEST_CANDIDATE
docs/audits/convergence/evidence/controlled-successor-20261006/checkpoint4-native-remediation/ci/initial51/control/collection-execution-reviewed-scope.diff,added,99573d16a220f0b5ff01d8a9aa50d3c652e929f5,99694,0,1553,0,GOVERNANCE
docs/audits/convergence/evidence/controlled-successor-20261006/checkpoint4-native-remediation/ci/initial51/control/run_focals.py.source,added,7215001a2fbdbc4b4d51fdda772d4e87b4bf73a3,5754,0,71,0,GENERATED_RAW_OR_CAPTURED_SOURCE
docs/audits/convergence/evidence/controlled-successor-20261006/checkpoint4-native-remediation/ci/initial51/epoch311/junit.xml,added,d0fa02095262f63271f84327bfa1913301fa80fc,8216,0,1,0,GENERATED_RAW_OR_CAPTURED_SOURCE
docs/audits/convergence/evidence/controlled-successor-20261006/checkpoint4-native-remediation/ci/initial51/epoch311/launch.json,added,b7c0e2dfc00a5c00800784c2287621172a7ac040,1465,0,31,0,INDEX_MANIFEST_CANDIDATE
docs/audits/convergence/evidence/controlled-successor-20261006/checkpoint4-native-remediation/ci/initial51/epoch311/progress.json,added,c8b4cfc680317ee8dff53ae0d0e06c98c9f8696d,212,0,8,0,INDEX_MANIFEST_CANDIDATE
docs/audits/convergence/evidence/controlled-successor-20261006/checkpoint4-native-remediation/ci/initial51/epoch311/pytest.log,added,c8c244c27348f1d73d238aa35c115dcc33e208a0,80,0,1,0,GENERATED_RAW_OR_CAPTURED_SOURCE
docs/audits/convergence/evidence/controlled-successor-20261006/checkpoint4-native-remediation/ci/initial51/epoch311/receipt.json,added,ff1f8e2bcb643a1be8b7be7d2c68ec1113279209,5440,0,144,0,INDEX_MANIFEST_CANDIDATE
docs/audits/convergence/evidence/controlled-successor-20261006/checkpoint4-native-remediation/ci/initial51/epoch312/junit.xml,added,3480c2309037532739b479f9820429a82f1a0518,8216,0,1,0,GENERATED_RAW_OR_CAPTURED_SOURCE
docs/audits/convergence/evidence/controlled-successor-20261006/checkpoint4-native-remediation/ci/initial51/epoch312/launch.json,added,6ec705cc67ecf568647d33f0528a8810dd6b0624,1465,0,31,0,INDEX_MANIFEST_CANDIDATE
docs/audits/convergence/evidence/controlled-successor-20261006/checkpoint4-native-remediation/ci/initial51/epoch312/progress.json,added,d59a9db54ee27c4c932258b2e89a615fb8b0fa11,218,0,8,0,INDEX_MANIFEST_CANDIDATE
docs/audits/convergence/evidence/controlled-successor-20261006/checkpoint4-native-remediation/ci/initial51/epoch312/pytest.log,added,c8c244c27348f1d73d238aa35c115dcc33e208a0,80,0,1,0,GENERATED_RAW_OR_CAPTURED_SOURCE
docs/audits/convergence/evidence/controlled-successor-20261006/checkpoint4-native-remediation/ci/initial51/epoch312/receipt.json,added,63fbd374f55b2bfb04ba1724b82b5d1d7e9612bf,5442,0,144,0,INDEX_MANIFEST_CANDIDATE
docs/audits/convergence/evidence/controlled-successor-20261006/checkpoint4-native-remediation/ci/raw-index.json.gz,added,8a28e436b25e6e20032f438517c584c91000ad0f,32360,0,-,-,BINARY
docs/audits/convergence/evidence/controlled-successor-20261006/checkpoint4-native-remediation/ci/raw-preparation/index_closed_raw.py.source,added,b8bd3044a8d3d3992082be99e7002ecc6db6d625,18558,0,300,0,GENERATED_RAW_OR_CAPTURED_SOURCE
docs/audits/convergence/evidence/controlled-successor-20261006/checkpoint4-native-remediation/ci/raw-preparation/raw-preparation-status.json,added,60668c2bfdb04cb789f876228b5bb8dc7e5f0c1f,2231,0,58,0,INDEX_MANIFEST_CANDIDATE
docs/audits/convergence/evidence/controlled-successor-20261006/checkpoint4-native-remediation/ci/red62/control/py-py-fixture-correction-complete-test.diff,added,ca846f3f77121152dba989137e54738d6fe8f98d,34157,0,513,0,GOVERNANCE
docs/audits/convergence/evidence/controlled-successor-20261006/checkpoint4-native-remediation/ci/red62/control/py-py-fixture-correction-review.json,added,86c88882f66dd93d67dd7a449be9b6797e21670f,2599,0,55,0,INDEX_MANIFEST_CANDIDATE
docs/audits/convergence/evidence/controlled-successor-20261006/checkpoint4-native-remediation/ci/red62/control/rca-pytest-fixture-omitted-py-311-metadata.json,added,24ca47e9929c93916dc2f71d2383daa1fea27da2,5365,0,180,0,INDEX_MANIFEST_CANDIDATE
docs/audits/convergence/evidence/controlled-successor-20261006/checkpoint4-native-remediation/ci/red62/control/rca-pytest-fixture-omitted-py-312-metadata.json,added,a4bf116691573bd06f89ca19158a3895ff04e83b,5365,0,180,0,INDEX_MANIFEST_CANDIDATE
docs/audits/convergence/evidence/controlled-successor-20261006/checkpoint4-native-remediation/ci/red62/control/rca-pytest-fixture-omitted-py-receipt.json,added,71cd1b57f434420a555e5fee3da8f2b95ae8defc,5429,0,122,0,INDEX_MANIFEST_CANDIDATE
docs/audits/convergence/evidence/controlled-successor-20261006/checkpoint4-native-remediation/ci/red62/control/run_focals.py.source,added,7215001a2fbdbc4b4d51fdda772d4e87b4bf73a3,5754,0,71,0,GENERATED_RAW_OR_CAPTURED_SOURCE
docs/audits/convergence/evidence/controlled-successor-20261006/checkpoint4-native-remediation/ci/red62/epoch311/junit.xml,added,2e69d28a2c8ea6d14350a6327f77c8a3ef26ecfc,30434,0,268,0,GENERATED_RAW_OR_CAPTURED_SOURCE
docs/audits/convergence/evidence/controlled-successor-20261006/checkpoint4-native-remediation/ci/red62/epoch311/launch.json,added,683f7b367fe423a25d1bc83a9ed72625c08631dd,1465,0,31,0,INDEX_MANIFEST_CANDIDATE
docs/audits/convergence/evidence/controlled-successor-20261006/checkpoint4-native-remediation/ci/red62/epoch311/progress.json,added,de6f466d1c07ebbad85522068272cd84e144f702,212,0,8,0,INDEX_MANIFEST_CANDIDATE
docs/audits/convergence/evidence/controlled-successor-20261006/checkpoint4-native-remediation/ci/red62/epoch311/pytest.log,added,376faf6096c9ef341f0444394e177d925301f60d,26900,0,360,0,GENERATED_RAW_OR_CAPTURED_SOURCE
docs/audits/convergence/evidence/controlled-successor-20261006/checkpoint4-native-remediation/ci/red62/epoch311/receipt.json,added,b0f228747b88f740f3b0c9cd7eb70d781fd9a8bc,6815,0,192,0,INDEX_MANIFEST_CANDIDATE
docs/audits/convergence/evidence/controlled-successor-20261006/checkpoint4-native-remediation/ci/source-snapshots/.github/workflows/porota-predeploy-v2.yml.source,added,1bddf1742aaf341dc37da76989867a2954db07e4,42690,0,771,0,GENERATED_RAW_OR_CAPTURED_SOURCE
docs/audits/convergence/evidence/controlled-successor-20261006/checkpoint4-native-remediation/ci/source-snapshots/docs/audits/rc6-convergence-persistence-evidence/run_full_horizon_1201_v2.py.source.source,added,2c5709b25cc4548651e9e85aba50eba0eb5121cf,55671,0,905,0,GENERATED_RAW_OR_CAPTURED_SOURCE
docs/audits/convergence/evidence/controlled-successor-20261006/checkpoint4-native-remediation/ci/source-snapshots/scripts/porota_predeploy_cleanup.py.source,added,e56a103fb27bc75706457f6ccc9279f9545a92ca,36582,0,753,0,GENERATED_RAW_OR_CAPTURED_SOURCE
docs/audits/convergence/evidence/controlled-successor-20261006/checkpoint4-native-remediation/ci/source-snapshots/scripts/porota_predeploy_test_workspace.py.source,added,371adff21f56fcfc641d591686f5cf11baeaa052,50951,0,825,0,GENERATED_RAW_OR_CAPTURED_SOURCE
docs/audits/convergence/evidence/controlled-successor-20261006/checkpoint4-native-remediation/ci/source-snapshots/tests/test_ci_productive_predeploy_contract.py.source,added,13b5a69f14538495ff9fe153d85fc1601891a512,10274,0,199,0,GENERATED_RAW_OR_CAPTURED_SOURCE
docs/audits/convergence/evidence/controlled-successor-20261006/checkpoint4-native-remediation/ci/source-snapshots/tests/test_rc6_predeploy_scoped_cleanup.py.source,added,7303fe3295c2c502448726bf248de847d2f51b76,52686,0,926,0,GENERATED_RAW_OR_CAPTURED_SOURCE
docs/audits/convergence/evidence/controlled-successor-20261006/checkpoint4-native-remediation/ci/summary.json,added,617e4b4427800ec2cd0b35ee9a0fde55020448ca,95787,0,1766,0,INDEX_MANIFEST_CANDIDATE
docs/audits/convergence/evidence/controlled-successor-20261006/checkpoint4-native-remediation/external-fixture-focals/311/execution.json,added,291d9cf1be1e38035f9b390449dfd760f00d2b9a,503,0,1,0,INDEX_MANIFEST_CANDIDATE
docs/audits/convergence/evidence/controlled-successor-20261006/checkpoint4-native-remediation/external-fixture-focals/311/pytest.log,added,83be35b40f31bf9f1586df7d74d78d67af559fae,80,0,1,0,GENERATED_RAW_OR_CAPTURED_SOURCE
docs/audits/convergence/evidence/controlled-successor-20261006/checkpoint4-native-remediation/external-fixture-focals/311/result.xml,added,edc4ef9041e577ab9e3a1438bb2827b63021528c,12999,0,1,0,GENERATED_RAW_OR_CAPTURED_SOURCE
docs/audits/convergence/evidence/controlled-successor-20261006/checkpoint4-native-remediation/external-fixture-focals/312/execution.json,added,d3fd9acc44da0d7e4e4bd1188e6a9c1224051f71,504,0,1,0,INDEX_MANIFEST_CANDIDATE
docs/audits/convergence/evidence/controlled-successor-20261006/checkpoint4-native-remediation/external-fixture-focals/312/pytest.log,added,6c7813feac467569b0fdce08db82defb8afd1ef7,680,0,7,0,GENERATED_RAW_OR_CAPTURED_SOURCE
docs/audits/convergence/evidence/controlled-successor-20261006/checkpoint4-native-remediation/external-fixture-focals/312/result.xml,added,15adfa7c0f00c93f6506f058aae5bf2b947e730d,12989,0,1,0,GENERATED_RAW_OR_CAPTURED_SOURCE
docs/audits/convergence/evidence/controlled-successor-20261006/checkpoint4-native-remediation/external-fixtures-review/fix-forward.diff,added,c1ffdfa3929dcd8650fc1f25c70d38b1a90d1b5a,10715,0,231,0,GOVERNANCE
docs/audits/convergence/evidence/controlled-successor-20261006/checkpoint4-native-remediation/external-fixtures-review/review.json,added,e57487b5a3f75c9c2d15470a9de272286e234dd2,2963,0,72,0,INDEX_MANIFEST_CANDIDATE
docs/audits/convergence/evidence/controlled-successor-20261006/checkpoint4-native-remediation/lifecycle-final/cli311/junit.xml,added,8ef2da6dcf925adc166709cc32cbb752a5ae92db,1620,0,1,0,GENERATED_RAW_OR_CAPTURED_SOURCE
docs/audits/convergence/evidence/controlled-successor-20261006/checkpoint4-native-remediation/lifecycle-final/cli311/pytest-tmp/test_existing_native_receipt_i0/kernel-output/kernel.json,added,921024dd0885724aec53bf95e55d4b91e367f6fd,2410,0,66,0,INDEX_MANIFEST_CANDIDATE
docs/audits/convergence/evidence/controlled-successor-20261006/checkpoint4-native-remediation/lifecycle-final/cli311/pytest-tmp/test_existing_native_receipt_i0/kernel-output/phase.log,added,7f32c3438ffddb2dd4552209b9aff2ebbcfd720a,618,0,9,0,GENERATED_RAW_OR_CAPTURED_SOURCE
docs/audits/convergence/evidence/controlled-successor-20261006/checkpoint4-native-remediation/lifecycle-final/cli311/pytest-tmp/test_existing_native_receipt_i0/result.json,added,ea8e9285f471f88dc478cba944d0aeed1d6c67b6,22,0,1,0,INDEX_MANIFEST_CANDIDATE
docs/audits/convergence/evidence/controlled-successor-20261006/checkpoint4-native-remediation/lifecycle-final/cli311/pytest-tmp/test_real_finalizer_sigterm_is0/control.py,added,28af839abfb4e1e784f4fc1163fc1bce3817e700,2356,0,38,0,GOVERNANCE
docs/audits/convergence/evidence/controlled-successor-20261006/checkpoint4-native-remediation/lifecycle-final/cli311/pytest-tmp/test_real_finalizer_sigterm_is0/kernel-output/kernel.json,added,2a2f03065c015bad37243bbc6c6b5938658ea82c,2042,0,57,0,INDEX_MANIFEST_CANDIDATE
docs/audits/convergence/evidence/controlled-successor-20261006/checkpoint4-native-remediation/lifecycle-final/cli311/pytest-tmp/test_real_finalizer_sigterm_is0/kernel-output/phase.log,added,9c26f71f85c9feec326110f5c17ae503d08ff228,1178,0,12,0,GENERATED_RAW_OR_CAPTURED_SOURCE
docs/audits/convergence/evidence/controlled-successor-20261006/checkpoint4-native-remediation/lifecycle-final/cli311/pytest-tmp/test_real_finalizer_sigterm_is0/negative-control-observations.json,added,d8ac41d11fcbe76c38a6885e14c20fbd713c8148,319,0,1,0,INDEX_MANIFEST_CANDIDATE
docs/audits/convergence/evidence/controlled-successor-20261006/checkpoint4-native-remediation/lifecycle-final/cli311/pytest-tmp/test_real_finalizer_sigterm_is0/observed.json,added,ecf17378b3f919493f4139dda61bebbf9abc777d,417,0,1,0,INDEX_MANIFEST_CANDIDATE
docs/audits/convergence/evidence/controlled-successor-20261006/checkpoint4-native-remediation/lifecycle-final/cli311/pytest-tmp/test_real_finalizer_sigterm_is0/result.json,added,beee5cdff9c7aeb5244ccef081d2833b6bff5f1e,65884,0,2219,0,INDEX_MANIFEST_CANDIDATE
docs/audits/convergence/evidence/controlled-successor-20261006/checkpoint4-native-remediation/lifecycle-final/cli311/pytest-tmp/test_real_inet_bind_is_denied_0/control.py,added,c09abba92c6bea25498734bc948e60b3fd1f6771,1087,0,17,0,GOVERNANCE
docs/audits/convergence/evidence/controlled-successor-20261006/checkpoint4-native-remediation/lifecycle-final/cli311/pytest-tmp/test_real_inet_bind_is_denied_0/kernel-output/kernel.json,added,9244410f11d34a2fd5b7ade1e759681b559ff9dd,2048,0,57,0,INDEX_MANIFEST_CANDIDATE
docs/audits/convergence/evidence/controlled-successor-20261006/checkpoint4-native-remediation/lifecycle-final/cli311/pytest-tmp/test_real_inet_bind_is_denied_0/kernel-output/phase.log,added,17d1b351054789a0924819a61e3cc0ab5bd59c34,172,0,1,0,GENERATED_RAW_OR_CAPTURED_SOURCE
docs/audits/convergence/evidence/controlled-successor-20261006/checkpoint4-native-remediation/lifecycle-final/cli311/pytest-tmp/test_real_inet_bind_is_denied_0/result.json,added,3b8b58ce55cccfedb2d8ab015243406a0bae913e,4088,0,119,0,INDEX_MANIFEST_CANDIDATE
docs/audits/convergence/evidence/controlled-successor-20261006/checkpoint4-native-remediation/lifecycle-final/cli311/pytest-tmp/test_silent_audit_registration0/control.py,added,6a5eb2fe4e291b4e2b5c22df4df5bbb2ac24aed1,1007,0,16,0,GOVERNANCE
docs/audits/convergence/evidence/controlled-successor-20261006/checkpoint4-native-remediation/lifecycle-final/cli311/pytest-tmp/test_silent_audit_registration0/kernel-output/kernel.json,added,b5ad1933c6015492142b789c7222be4afdb27b6b,2048,0,57,0,INDEX_MANIFEST_CANDIDATE
docs/audits/convergence/evidence/controlled-successor-20261006/checkpoint4-native-remediation/lifecycle-final/cli311/pytest-tmp/test_silent_audit_registration0/kernel-output/phase.log,added,2028a1b363dd2b3f1d9a29d31e7a557d915e2c54,172,0,1,0,GENERATED_RAW_OR_CAPTURED_SOURCE
docs/audits/convergence/evidence/controlled-successor-20261006/checkpoint4-native-remediation/lifecycle-final/cli311/pytest-tmp/test_silent_audit_registration0/result.json,added,7309af7722761cad5949543fada93849e5debf7a,2013,0,55,0,INDEX_MANIFEST_CANDIDATE
docs/audits/convergence/evidence/controlled-successor-20261006/checkpoint4-native-remediation/lifecycle-final/cli311/pytest-tmp/test_standard_native_cli_reaps0/kernel-output/kernel.json,added,e6dd9457359a935aff265b80066b3a6fef6dbd2e,2406,0,66,0,INDEX_MANIFEST_CANDIDATE
docs/audits/convergence/evidence/controlled-successor-20261006/checkpoint4-native-remediation/lifecycle-final/cli311/pytest-tmp/test_standard_native_cli_reaps0/kernel-output/phase.log,added,98037ef74c8dd59ceca4244483b8a597a4a72799,172,0,1,0,GENERATED_RAW_OR_CAPTURED_SOURCE
docs/audits/convergence/evidence/controlled-successor-20261006/checkpoint4-native-remediation/lifecycle-final/cli311/pytest-tmp/test_standard_native_cli_reaps0/result.json,added,13abe7fe000629485052e9d828a51feba669fbd6,65504,0,2201,0,INDEX_MANIFEST_CANDIDATE
docs/audits/convergence/evidence/controlled-successor-20261006/checkpoint4-native-remediation/lifecycle-final/cli311/pytest-tmp/test_standard_native_cli_reaps1/kernel-output/kernel.json,added,24268b8814d13f2a4c38c97a1b18ce33a1da7b57,2425,0,67,0,INDEX_MANIFEST_CANDIDATE
docs/audits/convergence/evidence/controlled-successor-20261006/checkpoint4-native-remediation/lifecycle-final/cli311/pytest-tmp/test_standard_native_cli_reaps1/kernel-output/phase.log,added,f1927785d6ae48c754174f7646877d5fdb0c240a,172,0,1,0,GENERATED_RAW_OR_CAPTURED_SOURCE
docs/audits/convergence/evidence/controlled-successor-20261006/checkpoint4-native-remediation/lifecycle-final/cli311/pytest-tmp/test_standard_native_cli_reaps1/result.json,added,455243c06f55dc98685c09ce613834d67582fb22,66292,0,2224,0,INDEX_MANIFEST_CANDIDATE
docs/audits/convergence/evidence/controlled-successor-20261006/checkpoint4-native-remediation/lifecycle-final/cli312/junit.xml,added,a6d7aef7aaef28e0ffc2e3d931bf0015d5ed9a8d,1620,0,1,0,GENERATED_RAW_OR_CAPTURED_SOURCE
docs/audits/convergence/evidence/controlled-successor-20261006/checkpoint4-native-remediation/lifecycle-final/cli312/pytest-tmp/test_existing_native_receipt_i0/kernel-output/kernel.json,added,053017513491bed205cd08e7fed59627c976c793,2409,0,66,0,INDEX_MANIFEST_CANDIDATE
docs/audits/convergence/evidence/controlled-successor-20261006/checkpoint4-native-remediation/lifecycle-final/cli312/pytest-tmp/test_existing_native_receipt_i0/kernel-output/phase.log,added,7f32c3438ffddb2dd4552209b9aff2ebbcfd720a,618,0,9,0,GENERATED_RAW_OR_CAPTURED_SOURCE
docs/audits/convergence/evidence/controlled-successor-20261006/checkpoint4-native-remediation/lifecycle-final/cli312/pytest-tmp/test_existing_native_receipt_i0/result.json,added,ea8e9285f471f88dc478cba944d0aeed1d6c67b6,22,0,1,0,INDEX_MANIFEST_CANDIDATE
docs/audits/convergence/evidence/controlled-successor-20261006/checkpoint4-native-remediation/lifecycle-final/cli312/pytest-tmp/test_real_finalizer_sigterm_is0/control.py,added,6038e56bddfa9095e9f472fd5955e12c3102bd93,2356,0,38,0,GOVERNANCE
docs/audits/convergence/evidence/controlled-successor-20261006/checkpoint4-native-remediation/lifecycle-final/cli312/pytest-tmp/test_real_finalizer_sigterm_is0/kernel-output/kernel.json,added,ce2e2d363e1aadfe00ceb34e2df1b2e8301a7b54,2034,0,57,0,INDEX_MANIFEST_CANDIDATE
docs/audits/convergence/evidence/controlled-successor-20261006/checkpoint4-native-remediation/lifecycle-final/cli312/pytest-tmp/test_real_finalizer_sigterm_is0/kernel-output/phase.log,added,aa5595ea8500f0f6373723e19a9c7b2645868f45,1178,0,12,0,GENERATED_RAW_OR_CAPTURED_SOURCE
docs/audits/convergence/evidence/controlled-successor-20261006/checkpoint4-native-remediation/lifecycle-final/cli312/pytest-tmp/test_real_finalizer_sigterm_is0/negative-control-observations.json,added,d8ac41d11fcbe76c38a6885e14c20fbd713c8148,319,0,1,0,INDEX_MANIFEST_CANDIDATE
docs/audits/convergence/evidence/controlled-successor-20261006/checkpoint4-native-remediation/lifecycle-final/cli312/pytest-tmp/test_real_finalizer_sigterm_is0/observed.json,added,8d9ffa2e4c5e685b2cf0b5c8c2627dc5be58d344,417,0,1,0,INDEX_MANIFEST_CANDIDATE
docs/audits/convergence/evidence/controlled-successor-20261006/checkpoint4-native-remediation/lifecycle-final/cli312/pytest-tmp/test_real_finalizer_sigterm_is0/result.json,added,e4e52cea18cd416f09f751a3aa2b1070b948cd16,65923,0,2219,0,INDEX_MANIFEST_CANDIDATE
docs/audits/convergence/evidence/controlled-successor-20261006/checkpoint4-native-remediation/lifecycle-final/cli312/pytest-tmp/test_real_inet_bind_is_denied_0/control.py,added,999ef56722ce003c9a3b39e7b28966f570836fa4,1087,0,17,0,GOVERNANCE
docs/audits/convergence/evidence/controlled-successor-20261006/checkpoint4-native-remediation/lifecycle-final/cli312/pytest-tmp/test_real_inet_bind_is_denied_0/kernel-output/kernel.json,added,2ce2aae4f79491f843e5a91cedbb3e62cbef2039,2035,0,57,0,INDEX_MANIFEST_CANDIDATE
docs/audits/convergence/evidence/controlled-successor-20261006/checkpoint4-native-remediation/lifecycle-final/cli312/pytest-tmp/test_real_inet_bind_is_denied_0/kernel-output/phase.log,added,761674d60cb0159d9b607799134f1bf9c585ab60,172,0,1,0,GENERATED_RAW_OR_CAPTURED_SOURCE
docs/audits/convergence/evidence/controlled-successor-20261006/checkpoint4-native-remediation/lifecycle-final/cli312/pytest-tmp/test_real_inet_bind_is_denied_0/result.json,added,c3cd26fe3e0f2943bca02733979d07a361a93a44,4089,0,119,0,INDEX_MANIFEST_CANDIDATE
docs/audits/convergence/evidence/controlled-successor-20261006/checkpoint4-native-remediation/lifecycle-final/cli312/pytest-tmp/test_silent_audit_registration0/control.py,added,d8326c4405438fe417a07650a79781cd176eb415,1007,0,16,0,GOVERNANCE
docs/audits/convergence/evidence/controlled-successor-20261006/checkpoint4-native-remediation/lifecycle-final/cli312/pytest-tmp/test_silent_audit_registration0/kernel-output/kernel.json,added,a11aaadc38705e891296a6f67e6660935c65f673,2032,0,57,0,INDEX_MANIFEST_CANDIDATE
docs/audits/convergence/evidence/controlled-successor-20261006/checkpoint4-native-remediation/lifecycle-final/cli312/pytest-tmp/test_silent_audit_registration0/kernel-output/phase.log,added,8660cd13aa64bc4e7c50a03dd69ccc1b6318da61,172,0,1,0,GENERATED_RAW_OR_CAPTURED_SOURCE
docs/audits/convergence/evidence/controlled-successor-20261006/checkpoint4-native-remediation/lifecycle-final/cli312/pytest-tmp/test_silent_audit_registration0/result.json,added,f164b0c55e906e357d7ac0617e06bc39e02bb23d,2013,0,55,0,INDEX_MANIFEST_CANDIDATE
docs/audits/convergence/evidence/controlled-successor-20261006/checkpoint4-native-remediation/lifecycle-final/cli312/pytest-tmp/test_standard_native_cli_reaps0/kernel-output/kernel.json,added,ad18b22f5419a07715b66f233cc50e2aeada5d79,2417,0,66,0,INDEX_MANIFEST_CANDIDATE
docs/audits/convergence/evidence/controlled-successor-20261006/checkpoint4-native-remediation/lifecycle-final/cli312/pytest-tmp/test_standard_native_cli_reaps0/kernel-output/phase.log,added,954208021a7f7cba86199cefa80ba82768959b5c,172,0,1,0,GENERATED_RAW_OR_CAPTURED_SOURCE
docs/audits/convergence/evidence/controlled-successor-20261006/checkpoint4-native-remediation/lifecycle-final/cli312/pytest-tmp/test_standard_native_cli_reaps0/result.json,added,cedc686d59773f46f8aa6a377803c1c775a2f179,65578,0,2201,0,INDEX_MANIFEST_CANDIDATE
docs/audits/convergence/evidence/controlled-successor-20261006/checkpoint4-native-remediation/lifecycle-final/cli312/pytest-tmp/test_standard_native_cli_reaps1/kernel-output/kernel.json,added,d8088814682e93104767846996116c420257d472,2437,0,67,0,INDEX_MANIFEST_CANDIDATE
docs/audits/convergence/evidence/controlled-successor-20261006/checkpoint4-native-remediation/lifecycle-final/cli312/pytest-tmp/test_standard_native_cli_reaps1/kernel-output/phase.log,added,05dd50ddbd72b59fa102765809f25acc31040a93,172,0,1,0,GENERATED_RAW_OR_CAPTURED_SOURCE
docs/audits/convergence/evidence/controlled-successor-20261006/checkpoint4-native-remediation/lifecycle-final/cli312/pytest-tmp/test_standard_native_cli_reaps1/result.json,added,34ad486a45117d2cdba765877d3bdb5641cead88,66248,0,2224,0,INDEX_MANIFEST_CANDIDATE
docs/audits/convergence/evidence/controlled-successor-20261006/checkpoint4-native-remediation/lifecycle-final/exact-helper-and-cli.diff,added,e3de98192a9e183b596dfe5e2b72a0dbef90ec3d,17263,0,282,0,GOVERNANCE
docs/audits/convergence/evidence/controlled-successor-20261006/checkpoint4-native-remediation/lifecycle-final/exact-helper.diff,added,2d9b49479354af988cf0340b14586bbfe50d9db7,10112,0,169,0,GOVERNANCE
docs/audits/convergence/evidence/controlled-successor-20261006/checkpoint4-native-remediation/lifecycle-final/focal-summary.json,added,9614ff8706fbb5f4a4a81a7f23522f7ba8ccc38b,35884,0,875,0,INDEX_MANIFEST_CANDIDATE
docs/audits/convergence/evidence/controlled-successor-20261006/checkpoint4-native-remediation/lifecycle-final/gov311/junit.xml,added,4366d8242459cb365486b95294125f80c8c7a23d,3642,0,1,0,GENERATED_RAW_OR_CAPTURED_SOURCE
docs/audits/convergence/evidence/controlled-successor-20261006/checkpoint4-native-remediation/lifecycle-final/gov311/pytest-tmp/test_inherited_tracker_is_pres0/inherited-control.py,added,20c226b2c82678070c13472dba153711f6cfa24c,1138,0,23,0,GOVERNANCE
docs/audits/convergence/evidence/controlled-successor-20261006/checkpoint4-native-remediation/lifecycle-final/gov311/pytest-tmp/test_inherited_tracker_is_pres0/inherited-result.json,added,0bd0b7b530d63cc01608d4cc5bae7070aa3c6415,1615,0,1,0,INDEX_MANIFEST_CANDIDATE
docs/audits/convergence/evidence/controlled-successor-20261006/checkpoint4-native-remediation/lifecycle-final/gov311/pytest-tmp/test_kernel_live_orphan_stays_0/phase-control.custody.json,added,75291b8931befe51f6320600492179b428cf99ce,2734,0,87,0,INDEX_MANIFEST_CANDIDATE
docs/audits/convergence/evidence/controlled-successor-20261006/checkpoint4-native-remediation/lifecycle-final/gov311/pytest-tmp/test_kernel_live_orphan_stays_0/phase-control.py,added,2176ddede98169072cdfe5343b8f0d8e4a746991,80,0,6,0,GOVERNANCE
docs/audits/convergence/evidence/controlled-successor-20261006/checkpoint4-native-remediation/lifecycle-final/gov311/pytest-tmp/test_kernel_live_orphan_stays_0/phase.log,added,e69de29bb2d1d6434b8b29ae775ad8c2e48c5391,0,0,0,0,GENERATED_RAW_OR_CAPTURED_SOURCE
docs/audits/convergence/evidence/controlled-successor-20261006/checkpoint4-native-remediation/lifecycle-final/gov311/pytest-tmp/test_native_watchdog_does_not_0/phase-control.custody.json,added,51d4eb16016d1edf5dc46f8a07141e151182ae4f,2136,0,63,0,INDEX_MANIFEST_CANDIDATE
docs/audits/convergence/evidence/controlled-successor-20261006/checkpoint4-native-remediation/lifecycle-final/gov311/pytest-tmp/test_native_watchdog_does_not_0/phase-control.py,added,c9f1a913e98d52633a071310a14b7c194dfce2f4,27,0,2,0,GOVERNANCE
docs/audits/convergence/evidence/controlled-successor-20261006/checkpoint4-native-remediation/lifecycle-final/gov311/pytest-tmp/test_native_watchdog_does_not_0/phase.log,added,aa90cdac4e4cc36cb4af851d72a6116a38740548,254,0,4,0,GENERATED_RAW_OR_CAPTURED_SOURCE
docs/audits/convergence/evidence/controlled-successor-20261006/checkpoint4-native-remediation/lifecycle-final/gov311/pytest-tmp/test_owned_forkserver_protocol0/phase-control.custody.json,added,caad788ead33948c0071a7b93f8688139ed319ee,2057,0,57,0,INDEX_MANIFEST_CANDIDATE
docs/audits/convergence/evidence/controlled-successor-20261006/checkpoint4-native-remediation/lifecycle-final/gov311/pytest-tmp/test_owned_forkserver_protocol0/phase-control.finalization.json,added,6024736701e2c331d4f6e7725f55463f9165021b,1615,0,1,0,INDEX_MANIFEST_CANDIDATE
docs/audits/convergence/evidence/controlled-successor-20261006/checkpoint4-native-remediation/lifecycle-final/gov311/pytest-tmp/test_owned_forkserver_protocol0/phase-control.py,added,b7eeb7c1964dfa500a59821239dfa8b24a59038b,716,0,14,0,GOVERNANCE
docs/audits/convergence/evidence/controlled-successor-20261006/checkpoint4-native-remediation/lifecycle-final/gov311/pytest-tmp/test_owned_forkserver_protocol0/phase.log,added,e69de29bb2d1d6434b8b29ae775ad8c2e48c5391,0,0,0,0,GENERATED_RAW_OR_CAPTURED_SOURCE
docs/audits/convergence/evidence/controlled-successor-20261006/checkpoint4-native-remediation/lifecycle-final/gov311/pytest-tmp/test_owned_tracker_and_child_a0/phase-control.custody.json,added,910e813ae5994b1ca2a5134dd5cf8ad80233d13d,2041,0,57,0,INDEX_MANIFEST_CANDIDATE
docs/audits/convergence/evidence/controlled-successor-20261006/checkpoint4-native-remediation/lifecycle-final/gov311/pytest-tmp/test_owned_tracker_and_child_a0/phase-control.finalization.json,added,a5751073bfa89c10768816228fa55cb09ec6224e,1511,0,1,0,INDEX_MANIFEST_CANDIDATE
docs/audits/convergence/evidence/controlled-successor-20261006/checkpoint4-native-remediation/lifecycle-final/gov311/pytest-tmp/test_owned_tracker_and_child_a0/phase-control.py,added,62f9b74bc91c28871f12c2a71ab185e21d5b0db8,585,0,12,0,GOVERNANCE
docs/audits/convergence/evidence/controlled-successor-20261006/checkpoint4-native-remediation/lifecycle-final/gov311/pytest-tmp/test_owned_tracker_and_child_a0/phase.log,added,e69de29bb2d1d6434b8b29ae775ad8c2e48c5391,0,0,0,0,GENERATED_RAW_OR_CAPTURED_SOURCE
docs/audits/convergence/evidence/controlled-successor-20261006/checkpoint4-native-remediation/lifecycle-final/gov311/pytest-tmp/test_swallowed_stdlib_finalize0/phase-control.custody.json,added,97e475241d7513440c1b42937b96e9dd2eefab14,2722,0,87,0,INDEX_MANIFEST_CANDIDATE
docs/audits/convergence/evidence/controlled-successor-20261006/checkpoint4-native-remediation/lifecycle-final/gov311/pytest-tmp/test_swallowed_stdlib_finalize0/phase-control.finalization.json,added,4345d51077d730e49005c3a7a05f63783aabb6d9,1268,0,1,0,INDEX_MANIFEST_CANDIDATE
docs/audits/convergence/evidence/controlled-successor-20261006/checkpoint4-native-remediation/lifecycle-final/gov311/pytest-tmp/test_swallowed_stdlib_finalize0/phase-control.py,added,1d056bada9d5ec6e9ee63cb26c7c00d3cfc3770a,1179,0,22,0,GOVERNANCE
docs/audits/convergence/evidence/controlled-successor-20261006/checkpoint4-native-remediation/lifecycle-final/gov311/pytest-tmp/test_swallowed_stdlib_finalize0/phase.log,added,442ca028b4b2bca2a1706f5ef03553689c3c312c,781,0,9,0,GENERATED_RAW_OR_CAPTURED_SOURCE
docs/audits/convergence/evidence/controlled-successor-20261006/checkpoint4-native-remediation/lifecycle-final/gov312/junit.xml,added,71701fc297367ad6c06774e39d9139c2df6d3479,3642,0,1,0,GENERATED_RAW_OR_CAPTURED_SOURCE
docs/audits/convergence/evidence/controlled-successor-20261006/checkpoint4-native-remediation/lifecycle-final/gov312/pytest-tmp/test_inherited_tracker_is_pres0/inherited-control.py,added,20c226b2c82678070c13472dba153711f6cfa24c,1138,0,23,0,GOVERNANCE
docs/audits/convergence/evidence/controlled-successor-20261006/checkpoint4-native-remediation/lifecycle-final/gov312/pytest-tmp/test_inherited_tracker_is_pres0/inherited-result.json,added,3b8056916943f1d24301813237026bbc3db9f77f,1614,0,1,0,INDEX_MANIFEST_CANDIDATE
docs/audits/convergence/evidence/controlled-successor-20261006/checkpoint4-native-remediation/lifecycle-final/gov312/pytest-tmp/test_kernel_live_orphan_stays_0/phase-control.custody.json,added,95329e68ceb46bf643bb0b2b60064e07c5f18155,2691,0,87,0,INDEX_MANIFEST_CANDIDATE
docs/audits/convergence/evidence/controlled-successor-20261006/checkpoint4-native-remediation/lifecycle-final/gov312/pytest-tmp/test_kernel_live_orphan_stays_0/phase-control.py,added,2176ddede98169072cdfe5343b8f0d8e4a746991,80,0,6,0,GOVERNANCE
docs/audits/convergence/evidence/controlled-successor-20261006/checkpoint4-native-remediation/lifecycle-final/gov312/pytest-tmp/test_kernel_live_orphan_stays_0/phase.log,added,e69de29bb2d1d6434b8b29ae775ad8c2e48c5391,0,0,0,0,GENERATED_RAW_OR_CAPTURED_SOURCE
docs/audits/convergence/evidence/controlled-successor-20261006/checkpoint4-native-remediation/lifecycle-final/gov312/pytest-tmp/test_native_watchdog_does_not_0/phase-control.custody.json,added,a2ec787f1b427dcd5d75d964bacd9efb3a33b33d,2124,0,63,0,INDEX_MANIFEST_CANDIDATE
docs/audits/convergence/evidence/controlled-successor-20261006/checkpoint4-native-remediation/lifecycle-final/gov312/pytest-tmp/test_native_watchdog_does_not_0/phase-control.py,added,c9f1a913e98d52633a071310a14b7c194dfce2f4,27,0,2,0,GOVERNANCE
docs/audits/convergence/evidence/controlled-successor-20261006/checkpoint4-native-remediation/lifecycle-final/gov312/pytest-tmp/test_native_watchdog_does_not_0/phase.log,added,1400d9d25ae37f0b927568f34908803900fa6bab,254,0,4,0,GENERATED_RAW_OR_CAPTURED_SOURCE
docs/audits/convergence/evidence/controlled-successor-20261006/checkpoint4-native-remediation/lifecycle-final/gov312/pytest-tmp/test_owned_forkserver_protocol0/phase-control.custody.json,added,9246dfab45161f659789cfd25f252602769a50b7,2047,0,57,0,INDEX_MANIFEST_CANDIDATE
docs/audits/convergence/evidence/controlled-successor-20261006/checkpoint4-native-remediation/lifecycle-final/gov312/pytest-tmp/test_owned_forkserver_protocol0/phase-control.finalization.json,added,2bb0e24f19d843e5fdc78526f6baa870cb3774d9,1616,0,1,0,INDEX_MANIFEST_CANDIDATE
docs/audits/convergence/evidence/controlled-successor-20261006/checkpoint4-native-remediation/lifecycle-final/gov312/pytest-tmp/test_owned_forkserver_protocol0/phase-control.py,added,b7eeb7c1964dfa500a59821239dfa8b24a59038b,716,0,14,0,GOVERNANCE
docs/audits/convergence/evidence/controlled-successor-20261006/checkpoint4-native-remediation/lifecycle-final/gov312/pytest-tmp/test_owned_forkserver_protocol0/phase.log,added,e69de29bb2d1d6434b8b29ae775ad8c2e48c5391,0,0,0,0,GENERATED_RAW_OR_CAPTURED_SOURCE
docs/audits/convergence/evidence/controlled-successor-20261006/checkpoint4-native-remediation/lifecycle-final/gov312/pytest-tmp/test_owned_tracker_and_child_a0/phase-control.custody.json,added,c702c24547503319b19e0d4097960f1016472477,2059,0,57,0,INDEX_MANIFEST_CANDIDATE
docs/audits/convergence/evidence/controlled-successor-20261006/checkpoint4-native-remediation/lifecycle-final/gov312/pytest-tmp/test_owned_tracker_and_child_a0/phase-control.finalization.json,added,bc3337d281fa2440fe317942ad7c01592db9fd6a,1516,0,1,0,INDEX_MANIFEST_CANDIDATE
docs/audits/convergence/evidence/controlled-successor-20261006/checkpoint4-native-remediation/lifecycle-final/gov312/pytest-tmp/test_owned_tracker_and_child_a0/phase-control.py,added,62f9b74bc91c28871f12c2a71ab185e21d5b0db8,585,0,12,0,GOVERNANCE
docs/audits/convergence/evidence/controlled-successor-20261006/checkpoint4-native-remediation/lifecycle-final/gov312/pytest-tmp/test_owned_tracker_and_child_a0/phase.log,added,e69de29bb2d1d6434b8b29ae775ad8c2e48c5391,0,0,0,0,GENERATED_RAW_OR_CAPTURED_SOURCE
docs/audits/convergence/evidence/controlled-successor-20261006/checkpoint4-native-remediation/lifecycle-final/gov312/pytest-tmp/test_swallowed_stdlib_finalize0/phase-control.custody.json,added,508c0f6e1194b3797cdc8716333ea7b2c4be6b4f,2691,0,87,0,INDEX_MANIFEST_CANDIDATE
docs/audits/convergence/evidence/controlled-successor-20261006/checkpoint4-native-remediation/lifecycle-final/gov312/pytest-tmp/test_swallowed_stdlib_finalize0/phase-control.finalization.json,added,d737261ed57c5913d47cdba20d33275d3d532c61,1270,0,1,0,INDEX_MANIFEST_CANDIDATE
docs/audits/convergence/evidence/controlled-successor-20261006/checkpoint4-native-remediation/lifecycle-final/gov312/pytest-tmp/test_swallowed_stdlib_finalize0/phase-control.py,added,1d056bada9d5ec6e9ee63cb26c7c00d3cfc3770a,1179,0,22,0,GOVERNANCE
docs/audits/convergence/evidence/controlled-successor-20261006/checkpoint4-native-remediation/lifecycle-final/gov312/pytest-tmp/test_swallowed_stdlib_finalize0/phase.log,added,51201289a184f83f659df3e7149d53347db32761,781,0,9,0,GENERATED_RAW_OR_CAPTURED_SOURCE
docs/audits/convergence/evidence/controlled-successor-20261006/checkpoint4-native-remediation/lifecycle-final/raw-receipt-index.json,added,3e1be10a008bef28c239b171141a6c0e49751573,17580,0,435,0,INDEX_MANIFEST_CANDIDATE
docs/audits/convergence/evidence/controlled-successor-20261006/checkpoint4-native-remediation/lifecycle-final/source-scope-after.json,added,d01e96a668617c46a568479743d16953d6546673,459,0,6,0,INDEX_MANIFEST_CANDIDATE
docs/audits/convergence/evidence/controlled-successor-20261006/checkpoint4-native-remediation/lifecycle-final/source-scope-before.json,added,d01e96a668617c46a568479743d16953d6546673,459,0,6,0,INDEX_MANIFEST_CANDIDATE
docs/audits/convergence/evidence/controlled-successor-20261006/checkpoint4-native-remediation/lifecycle-final/stress-prefix-boundary.json,added,f508428f4e69ba21b1cec2725b49a2f1e9d721b9,555,0,10,0,INDEX_MANIFEST_CANDIDATE
docs/audits/convergence/evidence/controlled-successor-20261006/checkpoint4-native-remediation/lifecycle-prior-red/rc6-cli-lifecycle-corrected-fhxjyto1.xml,added,ea5287dbaf65ffec1321cf6fce658fa68cf7921c,4791,0,47,0,GENERATED_RAW_OR_CAPTURED_SOURCE
docs/audits/convergence/evidence/controlled-successor-20261006/checkpoint4-native-remediation/lifecycle-prior-red/rc6-cli-lifecycle-focals-tr5i1xf1.xml,added,057f355376888618bf48c6824631fff9c7e60ddc,4471,0,49,0,GENERATED_RAW_OR_CAPTURED_SOURCE
docs/audits/convergence/evidence/controlled-successor-20261006/checkpoint4-native-remediation/original866-canonical-red/big-summary.json,added,f25422c02d7b6cd3ab05bdadb4e862efa6fe3c2e,9813,0,311,0,INDEX_MANIFEST_CANDIDATE
docs/audits/convergence/evidence/controlled-successor-20261006/checkpoint4-native-remediation/original866-canonical-red/big_guarded_harness.py.source,added,ebd61960ad80a0d9fec2d4bad152d77b291a1c48,14933,0,260,0,GENERATED_RAW_OR_CAPTURED_SOURCE
docs/audits/convergence/evidence/controlled-successor-20261006/checkpoint4-native-remediation/original866-canonical-red/child-cli-before.json,added,f7a238abf7518bbcb29ba852d0ad576ddacb3e3b,1378,0,31,0,INDEX_MANIFEST_CANDIDATE
docs/audits/convergence/evidence/controlled-successor-20261006/checkpoint4-native-remediation/original866-canonical-red/child-final-receipt.json,added,6e71e2e9621701b4211b3b0789eb4ae4689c3d34,1523,0,46,0,INDEX_MANIFEST_CANDIDATE
docs/audits/convergence/evidence/controlled-successor-20261006/checkpoint4-native-remediation/original866-canonical-red/child-finalization.json,added,99523db7aba22d524bd3c81fc021d722bb5210ea,1006,0,34,0,INDEX_MANIFEST_CANDIDATE
docs/audits/convergence/evidence/controlled-successor-20261006/checkpoint4-native-remediation/original866-canonical-red/child-infrastructure-before.json,added,0012da80796f12fed86b8381ec2a7913a5738ec6,123,0,6,0,INDEX_MANIFEST_CANDIDATE
docs/audits/convergence/evidence/controlled-successor-20261006/checkpoint4-native-remediation/original866-canonical-red/child-installed-closure.json,added,023391cb8a800e6411c0197444c702b6745e19fa,1806,0,47,0,INDEX_MANIFEST_CANDIDATE
docs/audits/convergence/evidence/controlled-successor-20261006/checkpoint4-native-remediation/original866-canonical-red/child-namespace.json,added,d4e05ab3f5578f3e2e640bbf77978f91ade9ca13,632,0,11,0,INDEX_MANIFEST_CANDIDATE
docs/audits/convergence/evidence/controlled-successor-20261006/checkpoint4-native-remediation/original866-canonical-red/child-offline-capability.json,added,d365367ba1375925d9a4fc5d76cfeddb9ed4d74f,604,0,21,0,INDEX_MANIFEST_CANDIDATE
docs/audits/convergence/evidence/controlled-successor-20261006/checkpoint4-native-remediation/original866-canonical-red/harness-final.json,added,4e2cc03cefa87cbc1b14c10889f1d05eed4617b7,13384,0,502,0,INDEX_MANIFEST_CANDIDATE
docs/audits/convergence/evidence/controlled-successor-20261006/checkpoint4-native-remediation/original866-canonical-red/kernel-supervision.json,added,df12ceb7ada78b51b920b1904232fff524c9e67d,2219,0,61,0,INDEX_MANIFEST_CANDIDATE
docs/audits/convergence/evidence/controlled-successor-20261006/checkpoint4-native-remediation/original866-canonical-red/launch.json,added,aec6e6402570b0315eead163b1fe9550e19c9bfd,2767,0,72,0,INDEX_MANIFEST_CANDIDATE
docs/audits/convergence/evidence/controlled-successor-20261006/checkpoint4-native-remediation/original866-canonical-red/native-big-result.json.gz,added,b465ddbf2837a1431545dd5d47cadb23dd01e042,135735,0,-,-,BINARY
docs/audits/convergence/evidence/controlled-successor-20261006/checkpoint4-native-remediation/original866-canonical-red/native.log,added,43bfefa16b01ccbbb27c968604ce4986382e742e,139,0,1,0,GENERATED_RAW_OR_CAPTURED_SOURCE
docs/audits/convergence/evidence/controlled-successor-20261006/checkpoint4-native-remediation/original866-canonical-red/parent-installed-closure.json,added,023391cb8a800e6411c0197444c702b6745e19fa,1806,0,47,0,INDEX_MANIFEST_CANDIDATE
docs/audits/convergence/evidence/controlled-successor-20261006/checkpoint4-native-remediation/original866-canonical-red/source-after.json.gz,added,a78491a7142f36e48eba9f482d9a613e70b06616,276846,0,-,-,BINARY
docs/audits/convergence/evidence/controlled-successor-20261006/checkpoint4-native-remediation/original866-canonical-red/source-before.json.gz,added,d13bbfd3c99a1edba83c1ea1d44c4efe5e0c2612,276160,0,-,-,BINARY
docs/audits/convergence/evidence/controlled-successor-20261006/checkpoint4-native-remediation/original866-gc-diagnostic-red/child-cli-before.json,added,cc0a38b542ccda8cd43ab6a6c04a75162c646c92,1521,0,33,0,INDEX_MANIFEST_CANDIDATE
docs/audits/convergence/evidence/controlled-successor-20261006/checkpoint4-native-remediation/original866-gc-diagnostic-red/child-final-receipt.json,added,6f415ad27bba7bd583e65e26bb7176b11277e305,1523,0,46,0,INDEX_MANIFEST_CANDIDATE
docs/audits/convergence/evidence/controlled-successor-20261006/checkpoint4-native-remediation/original866-gc-diagnostic-red/child-finalization.json,added,d05392a35a8f7a17fdd5a8852f6c26c7bc5d591f,1006,0,34,0,INDEX_MANIFEST_CANDIDATE
docs/audits/convergence/evidence/controlled-successor-20261006/checkpoint4-native-remediation/original866-gc-diagnostic-red/child-infrastructure-before.json,added,0012da80796f12fed86b8381ec2a7913a5738ec6,123,0,6,0,INDEX_MANIFEST_CANDIDATE
docs/audits/convergence/evidence/controlled-successor-20261006/checkpoint4-native-remediation/original866-gc-diagnostic-red/child-installed-closure.json,added,023391cb8a800e6411c0197444c702b6745e19fa,1806,0,47,0,INDEX_MANIFEST_CANDIDATE
docs/audits/convergence/evidence/controlled-successor-20261006/checkpoint4-native-remediation/original866-gc-diagnostic-red/child-namespace.json,added,1dc4f525ab5264651ad2ee8f0ac5f1a24b0a5a7a,629,0,11,0,INDEX_MANIFEST_CANDIDATE
docs/audits/convergence/evidence/controlled-successor-20261006/checkpoint4-native-remediation/original866-gc-diagnostic-red/child-offline-capability.json,added,d365367ba1375925d9a4fc5d76cfeddb9ed4d74f,604,0,21,0,INDEX_MANIFEST_CANDIDATE
docs/audits/convergence/evidence/controlled-successor-20261006/checkpoint4-native-remediation/original866-gc-diagnostic-red/gc-diagnostic-summary.json,added,617edb8ee4dc3d072415b118cebbd89d3c0c33cf,51110,0,746,0,INDEX_MANIFEST_CANDIDATE
docs/audits/convergence/evidence/controlled-successor-20261006/checkpoint4-native-remediation/original866-gc-diagnostic-red/gc_diagnostic_harness.py.source,added,ad7d84ff644c76c4f4d75aabcb36a77a1ccffeea,15668,0,265,0,GENERATED_RAW_OR_CAPTURED_SOURCE
docs/audits/convergence/evidence/controlled-successor-20261006/checkpoint4-native-remediation/original866-gc-diagnostic-red/harness-final.json,added,34f8bc2b43f6977e3bda85e912573474b248b9c2,1386,0,30,0,INDEX_MANIFEST_CANDIDATE
docs/audits/convergence/evidence/controlled-successor-20261006/checkpoint4-native-remediation/original866-gc-diagnostic-red/kernel-supervision.json,added,da552dc3def0602a60e9bdd2ab241091e110db64,2214,0,61,0,INDEX_MANIFEST_CANDIDATE
docs/audits/convergence/evidence/controlled-successor-20261006/checkpoint4-native-remediation/original866-gc-diagnostic-red/launch.json,added,481d741cd94f235caea57eacd323f7059ef64453,3112,0,78,0,INDEX_MANIFEST_CANDIDATE
docs/audits/convergence/evidence/controlled-successor-20261006/checkpoint4-native-remediation/original866-gc-diagnostic-red/native-big-result.json.gz,added,7ea7af7372452b2d0c35472a3a53cb18dd371426,60250,0,-,-,BINARY
docs/audits/convergence/evidence/controlled-successor-20261006/checkpoint4-native-remediation/original866-gc-diagnostic-red/native-gc-stacks.log.gz,added,33837617443f5fc3973f7e607a73d74b992d6a36,439335,0,-,-,BINARY
docs/audits/convergence/evidence/controlled-successor-20261006/checkpoint4-native-remediation/original866-gc-diagnostic-red/native.log,added,212e93a9a79f756cf93db402acfb60d58ea3e0ef,138,0,1,0,GENERATED_RAW_OR_CAPTURED_SOURCE
docs/audits/convergence/evidence/controlled-successor-20261006/checkpoint4-native-remediation/original866-gc-diagnostic-red/parent-installed-closure.json,added,023391cb8a800e6411c0197444c702b6745e19fa,1806,0,47,0,INDEX_MANIFEST_CANDIDATE
docs/audits/convergence/evidence/controlled-successor-20261006/checkpoint4-native-remediation/original866-gc-diagnostic-red/source-after.json.gz,added,db8594ad5e0abaa4a97606d0cd518a66c879ceff,276854,0,-,-,BINARY
docs/audits/convergence/evidence/controlled-successor-20261006/checkpoint4-native-remediation/original866-gc-diagnostic-red/source-before.json.gz,added,a78491a7142f36e48eba9f482d9a613e70b06616,276846,0,-,-,BINARY
docs/audits/convergence/evidence/controlled-successor-20261006/checkpoint4-native-remediation/original866-pre-profile-red/child.constructor-profiles.json,added,37db6b7717fbfa8c90d73c5be6245de1a3eeb90e,1213,0,34,0,INDEX_MANIFEST_CANDIDATE
docs/audits/convergence/evidence/controlled-successor-20261006/checkpoint4-native-remediation/original866-pre-profile-red/child.data-after.json,added,324aeea32ec01a966390b549193eb5cd1d1180dc,388,0,16,0,INDEX_MANIFEST_CANDIDATE
docs/audits/convergence/evidence/controlled-successor-20261006/checkpoint4-native-remediation/original866-pre-profile-red/child.data-before.json,added,324aeea32ec01a966390b549193eb5cd1d1180dc,388,0,16,0,INDEX_MANIFEST_CANDIDATE
docs/audits/convergence/evidence/controlled-successor-20261006/checkpoint4-native-remediation/original866-pre-profile-red/child.final.json,added,083bd8b35130012334036429c824bdcad16ec0c7,732,0,31,0,INDEX_MANIFEST_CANDIDATE
docs/audits/convergence/evidence/controlled-successor-20261006/checkpoint4-native-remediation/original866-pre-profile-red/child.finalization.json,added,c0008a985a4fe91188f9a4cd841129825b59e293,817,0,24,0,INDEX_MANIFEST_CANDIDATE
docs/audits/convergence/evidence/controlled-successor-20261006/checkpoint4-native-remediation/original866-pre-profile-red/child.import-before.json,added,5cc3e0a74bbaf632318d3e26ab84cd85507dfccd,43291,0,1279,0,INDEX_MANIFEST_CANDIDATE
docs/audits/convergence/evidence/controlled-successor-20261006/checkpoint4-native-remediation/original866-pre-profile-red/child.import-final.json,added,d9ea55788e0bce55f20816c3e0673d51fddb89fc,392466,0,9997,0,INDEX_MANIFEST_CANDIDATE
docs/audits/convergence/evidence/controlled-successor-20261006/checkpoint4-native-remediation/original866-pre-profile-red/child.infrastructure-before.json,added,0012da80796f12fed86b8381ec2a7913a5738ec6,123,0,6,0,INDEX_MANIFEST_CANDIDATE
docs/audits/convergence/evidence/controlled-successor-20261006/checkpoint4-native-remediation/original866-pre-profile-red/child.original-codes-before.json,added,37e792b80f71a5c3639f686e8db725b920b7cb00,586,0,9,0,INDEX_MANIFEST_CANDIDATE
docs/audits/convergence/evidence/controlled-successor-20261006/checkpoint4-native-remediation/original866-pre-profile-red/child.original-probe-events.json,added,8d88094dad5e5dd4a04fae83cd6af613807982f1,6697,0,240,0,INDEX_MANIFEST_CANDIDATE
docs/audits/convergence/evidence/controlled-successor-20261006/checkpoint4-native-remediation/original866-pre-profile-red/collection.installed-closure.json,added,023391cb8a800e6411c0197444c702b6745e19fa,1806,0,47,0,INDEX_MANIFEST_CANDIDATE
docs/audits/convergence/evidence/controlled-successor-20261006/checkpoint4-native-remediation/original866-pre-profile-red/collection.namespace.json,added,20667785707b582c96e1068e6ad426ec1df0717f,614,0,11,0,INDEX_MANIFEST_CANDIDATE
docs/audits/convergence/evidence/controlled-successor-20261006/checkpoint4-native-remediation/original866-pre-profile-red/collection.offline-capability.json,added,d365367ba1375925d9a4fc5d76cfeddb9ed4d74f,604,0,21,0,INDEX_MANIFEST_CANDIDATE
docs/audits/convergence/evidence/controlled-successor-20261006/checkpoint4-native-remediation/original866-pre-profile-red/ctor-01-funnel_checkpoint.pstats,added,3912c26efa72d30353a57d09230206084b8bc3c4,10242,0,-,-,GOVERNANCE
docs/audits/convergence/evidence/controlled-successor-20261006/checkpoint4-native-remediation/original866-pre-profile-red/ctor-01.metadata.json,added,8188d88c1b5601c0bf78bf158baea3cdab7d31d4,576,0,16,0,INDEX_MANIFEST_CANDIDATE
docs/audits/convergence/evidence/controlled-successor-20261006/checkpoint4-native-remediation/original866-pre-profile-red/ctor-02-report.pstats,added,45a84c26e896cedf48d0b09b2d8716ecf4c866ce,11568,0,-,-,GOVERNANCE
docs/audits/convergence/evidence/controlled-successor-20261006/checkpoint4-native-remediation/original866-pre-profile-red/ctor-02.metadata.json,added,da4d67042395b098204d1406c5310631d5bb7f01,568,0,16,0,INDEX_MANIFEST_CANDIDATE
docs/audits/convergence/evidence/controlled-successor-20261006/checkpoint4-native-remediation/original866-pre-profile-red/execution.installed-closure.json,added,023391cb8a800e6411c0197444c702b6745e19fa,1806,0,47,0,INDEX_MANIFEST_CANDIDATE
docs/audits/convergence/evidence/controlled-successor-20261006/checkpoint4-native-remediation/original866-pre-profile-red/execution.namespace.json,added,a3d612a46a346f30a5f78471d7066290239d73fd,611,0,11,0,INDEX_MANIFEST_CANDIDATE
docs/audits/convergence/evidence/controlled-successor-20261006/checkpoint4-native-remediation/original866-pre-profile-red/execution.offline-capability.json,added,d365367ba1375925d9a4fc5d76cfeddb9ed4d74f,604,0,21,0,INDEX_MANIFEST_CANDIDATE
docs/audits/convergence/evidence/controlled-successor-20261006/checkpoint4-native-remediation/original866-pre-profile-red/final.json,added,daf1334cd00830680a3aa10ac53892686da1cd18,3170,0,94,0,INDEX_MANIFEST_CANDIDATE
docs/audits/convergence/evidence/controlled-successor-20261006/checkpoint4-native-remediation/original866-pre-profile-red/kernel-supervision.json,added,8f1317430ad13f895740105b5088d6481d77b280,2167,0,65,0,INDEX_MANIFEST_CANDIDATE
docs/audits/convergence/evidence/controlled-successor-20261006/checkpoint4-native-remediation/original866-pre-profile-red/launch.json,added,2150bbdbc9c3f6587fbe517c64db74c21c0685e7,1910,0,51,0,INDEX_MANIFEST_CANDIDATE
docs/audits/convergence/evidence/controlled-successor-20261006/checkpoint4-native-remediation/original866-pre-profile-red/native.log,added,e69de29bb2d1d6434b8b29ae775ad8c2e48c5391,0,0,0,0,GENERATED_RAW_OR_CAPTURED_SOURCE
docs/audits/convergence/evidence/controlled-successor-20261006/checkpoint4-native-remediation/original866-pre-profile-red/parent.fixture-after.json,added,324aeea32ec01a966390b549193eb5cd1d1180dc,388,0,16,0,INDEX_MANIFEST_CANDIDATE
docs/audits/convergence/evidence/controlled-successor-20261006/checkpoint4-native-remediation/original866-pre-profile-red/parent.fixture-before.json,added,324aeea32ec01a966390b549193eb5cd1d1180dc,388,0,16,0,INDEX_MANIFEST_CANDIDATE
docs/audits/convergence/evidence/controlled-successor-20261006/checkpoint4-native-remediation/original866-pre-profile-red/parent.fixture-counts.json,added,000d4afda83619b766835fe8c1a71471a4d9f5d0,71,0,5,0,INDEX_MANIFEST_CANDIDATE
docs/audits/convergence/evidence/controlled-successor-20261006/checkpoint4-native-remediation/original866-pre-profile-red/parent.import-before.json,added,b7cc29dc0efb251497b2dad11881a445e2f8261a,39632,0,1171,0,INDEX_MANIFEST_CANDIDATE
docs/audits/convergence/evidence/controlled-successor-20261006/checkpoint4-native-remediation/original866-pre-profile-red/parent.import-final.json,added,410d3449c7145340c6d641ebf3065b9dab6b0ad1,465150,0,13156,0,INDEX_MANIFEST_CANDIDATE
docs/audits/convergence/evidence/controlled-successor-20261006/checkpoint4-native-remediation/original866-pre-profile-red/parent.source-after.json.gz,added,c22f43e26d14f1a5d78175654fb30258577d95ed,276805,0,-,-,BINARY
docs/audits/convergence/evidence/controlled-successor-20261006/checkpoint4-native-remediation/original866-pre-profile-red/parent.source-before.json.gz,added,c22f43e26d14f1a5d78175654fb30258577d95ed,276805,0,-,-,BINARY
docs/audits/convergence/evidence/controlled-successor-20261006/checkpoint4-native-remediation/original866-pre-profile-red/postread-kernel-barrier.json,added,229d1f406e582447c3c34a8cc02cf481f8692147,401,0,11,0,INDEX_MANIFEST_CANDIDATE
docs/audits/convergence/evidence/controlled-successor-20261006/checkpoint4-native-remediation/original866-pre-profile-red/pre_profile_v2.py.source,added,7c6e939809f881722dc49a9f7fe0d63612feb350,32444,0,553,0,GENERATED_RAW_OR_CAPTURED_SOURCE
docs/audits/convergence/evidence/controlled-successor-20261006/checkpoint4-native-remediation/original866-pre-profile-red/profile-summary.json,added,35c903b8dfe02ca09f0d6fb427623dc8d3ebceaf,119201,0,3076,0,INDEX_MANIFEST_CANDIDATE
docs/audits/convergence/evidence/controlled-successor-20261006/checkpoint4-native-remediation/source-cwd-causal-receipt.json,added,b33f22c186be39f26aa89538bc0e5f63361ac0ae,2345,0,64,0,INDEX_MANIFEST_CANDIDATE
docs/audits/convergence/evidence/controlled-successor-20261006/checkpoint4-native-remediation/storage-focals/focal_runner.py.source,added,a5a0b5295c9c47c58f562c79f2500d4e13f67e03,9571,0,110,0,GENERATED_RAW_OR_CAPTURED_SOURCE
docs/audits/convergence/evidence/controlled-successor-20261006/checkpoint4-native-remediation/storage-focals/focal_runner_v2.py.source,added,d72ec7079d110e5b72dbbfb43f1598a26d12398d,9574,0,110,0,GENERATED_RAW_OR_CAPTURED_SOURCE
docs/audits/convergence/evidence/controlled-successor-20261006/checkpoint4-native-remediation/storage-focals/handoff.json,added,b7fa22573897340c8c855d3677b580220dd798e9,20474,0,475,0,INDEX_MANIFEST_CANDIDATE
docs/audits/convergence/evidence/controlled-successor-20261006/checkpoint4-native-remediation/storage-focals/python311/child-finalization.json,added,3c387c58a334af76e06c476c8ba8143f878a3afd,1592,0,56,0,INDEX_MANIFEST_CANDIDATE
docs/audits/convergence/evidence/controlled-successor-20261006/checkpoint4-native-remediation/storage-focals/python311/child-result.json,added,5d070a615ba90e44cee236439a028c711eda6d16,179352,0,2465,0,INDEX_MANIFEST_CANDIDATE
docs/audits/convergence/evidence/controlled-successor-20261006/checkpoint4-native-remediation/storage-focals/python311/child-start.json,added,b1d6162ee595697e1148b3fe61076a9224800a4a,4524,0,111,0,INDEX_MANIFEST_CANDIDATE
docs/audits/convergence/evidence/controlled-successor-20261006/checkpoint4-native-remediation/storage-focals/python311/final.json,added,4d82122e2446e40b005ddfbc22f0b397d3807e3f,81321,0,626,0,INDEX_MANIFEST_CANDIDATE
docs/audits/convergence/evidence/controlled-successor-20261006/checkpoint4-native-remediation/storage-focals/python311/junit.xml,added,25c0e807a8ad49e9e53dff4a84335656f7312ab9,119544,0,1,0,GENERATED_RAW_OR_CAPTURED_SOURCE
docs/audits/convergence/evidence/controlled-successor-20261006/checkpoint4-native-remediation/storage-focals/python311/kernel-result.json,added,b14702b3165274df8e4747fd6769a31adddad30e,2128,0,59,0,INDEX_MANIFEST_CANDIDATE
docs/audits/convergence/evidence/controlled-successor-20261006/checkpoint4-native-remediation/storage-focals/python311/pytest.log,added,1a0794e054c52c0f65a1628b9badfdd1a865c82b,560,0,7,0,GENERATED_RAW_OR_CAPTURED_SOURCE
docs/audits/convergence/evidence/controlled-successor-20261006/checkpoint4-native-remediation/storage-focals/python311/source-after.json,added,8e70277be829f63b8e51c40392a001794aaae207,5062,0,178,0,INDEX_MANIFEST_CANDIDATE
docs/audits/convergence/evidence/controlled-successor-20261006/checkpoint4-native-remediation/storage-focals/python311/source-before.json,added,8e70277be829f63b8e51c40392a001794aaae207,5062,0,178,0,INDEX_MANIFEST_CANDIDATE
docs/audits/convergence/evidence/controlled-successor-20261006/checkpoint4-native-remediation/storage-focals/python312/child-finalization.json,added,09abe2634a83020769ad1464ac336d00aac5f352,1596,0,56,0,INDEX_MANIFEST_CANDIDATE
docs/audits/convergence/evidence/controlled-successor-20261006/checkpoint4-native-remediation/storage-focals/python312/child-result.json,added,e474f39670411e0c580f0b0f420e2554c92bc0b7,179356,0,2465,0,INDEX_MANIFEST_CANDIDATE
docs/audits/convergence/evidence/controlled-successor-20261006/checkpoint4-native-remediation/storage-focals/python312/child-start.json,added,1dd55002d158f6cfbed1bd6ce289ba396431d9d4,4524,0,111,0,INDEX_MANIFEST_CANDIDATE
docs/audits/convergence/evidence/controlled-successor-20261006/checkpoint4-native-remediation/storage-focals/python312/final.json,added,30b13ef33445e4f0bc42764bb4becd96b639ec16,81312,0,626,0,INDEX_MANIFEST_CANDIDATE
docs/audits/convergence/evidence/controlled-successor-20261006/checkpoint4-native-remediation/storage-focals/python312/junit.xml,added,864b85dd0dad393b06cf53def996033673c6ce6a,119544,0,1,0,GENERATED_RAW_OR_CAPTURED_SOURCE
docs/audits/convergence/evidence/controlled-successor-20261006/checkpoint4-native-remediation/storage-focals/python312/kernel-result.json,added,16a80861832436c5257e2463a3d539ee4f95c249,2115,0,59,0,INDEX_MANIFEST_CANDIDATE
docs/audits/convergence/evidence/controlled-successor-20261006/checkpoint4-native-remediation/storage-focals/python312/pytest.log,added,1a0794e054c52c0f65a1628b9badfdd1a865c82b,560,0,7,0,GENERATED_RAW_OR_CAPTURED_SOURCE
docs/audits/convergence/evidence/controlled-successor-20261006/checkpoint4-native-remediation/storage-focals/python312/source-after.json,added,8e70277be829f63b8e51c40392a001794aaae207,5062,0,178,0,INDEX_MANIFEST_CANDIDATE
docs/audits/convergence/evidence/controlled-successor-20261006/checkpoint4-native-remediation/storage-focals/python312/source-before.json,added,8e70277be829f63b8e51c40392a001794aaae207,5062,0,178,0,INDEX_MANIFEST_CANDIDATE
docs/audits/convergence/evidence/controlled-successor-20261006/checkpoint4-native-remediation/storage-focals/source-before-apply.json,added,0fbbe720f2972f8f8e68cd3ea0444f31add8d7dd,1558,0,43,0,INDEX_MANIFEST_CANDIDATE
docs/audits/convergence/evidence/controlled-successor-20261006/checkpoint4-native-remediation/storage-proposal/eligibility-proof.json,added,fe0d455d442aaa3aea940f53fac6d263fb577f6f,6381,0,197,0,INDEX_MANIFEST_CANDIDATE
docs/audits/convergence/evidence/controlled-successor-20261006/checkpoint4-native-remediation/storage-proposal/proposal-review.json,added,2e76dd750dfc0296ca47f2c3618d366af8ebac42,3297,0,72,0,INDEX_MANIFEST_CANDIDATE
docs/audits/convergence/evidence/controlled-successor-20261006/checkpoint4-native-remediation/storage-proposal/proposal.diff,added,fb3955946b20ad6687b434d7feabff106285673b,6122,0,117,0,GOVERNANCE
docs/audits/convergence/evidence/controlled-successor-20261006/checkpoint4-native-remediation/storage-proposal/raw-index.json,added,c17d768f4db980697d8930f21396e65941a9cce0,10481,0,215,0,INDEX_MANIFEST_CANDIDATE
docs/audits/convergence/evidence/controlled-successor-20261006/checkpoint4-native-remediation/storage-proposal/selective-ctor-01-funnel_checkpoint.json,added,887ac873cdf6716ea35532dab809eeabf09b9d14,20166,0,491,0,INDEX_MANIFEST_CANDIDATE
docs/audits/convergence/evidence/controlled-successor-20261006/checkpoint4-native-remediation/storage-proposal/selective-ctor-02-report.json,added,1e2260228366a165e58a9d2a3c3e94e21544c19b,21003,0,511,0,INDEX_MANIFEST_CANDIDATE
docs/audits/convergence/evidence/controlled-successor-20261006/checkpoint5-native-fin/CHANGE_SUMMARY.json,added,3946a989b9bc4a68baa6a73e9cf242baaf20460d,2565,0,72,0,INDEX_MANIFEST_CANDIDATE
docs/audits/convergence/evidence/controlled-successor-20261006/checkpoint5-native-fin/RAW_PRESERVATION.json,added,46d7a82c83175f5ecf158b0e98391b8b5176203f,437239,0,10666,0,INDEX_MANIFEST_CANDIDATE
docs/audits/convergence/evidence/controlled-successor-20261006/checkpoint5-native-fin/big2e48/authorized-prelaunch.json,added,6baf696dce7d2af87ff5ef825fcfa1eae63b950b,2950,0,64,0,INDEX_MANIFEST_CANDIDATE
docs/audits/convergence/evidence/controlled-successor-20261006/checkpoint5-native-fin/big2e48/big-final-summary.json,added,7ea04b32ad67909a4d5aea2c297d86fb2e81958a,70472,0,2467,0,INDEX_MANIFEST_CANDIDATE
docs/audits/convergence/evidence/controlled-successor-20261006/checkpoint5-native-fin/big2e48/clone-canonical.json,added,f8d364c341aa66013283363ba9a7979510d430e0,635,0,23,0,INDEX_MANIFEST_CANDIDATE
docs/audits/convergence/evidence/controlled-successor-20261006/checkpoint5-native-fin/big2e48/export-preparation.json,added,607bdd89277986f25528fdf1eb0bd23639b632b0,1867,0,37,0,INDEX_MANIFEST_CANDIDATE
docs/audits/convergence/evidence/controlled-successor-20261006/checkpoint5-native-fin/big2e48/github-commit.json,added,b9de6250b29c73f0f3cb6a59947a4f88f47b9716,1191,0,1,0,INDEX_MANIFEST_CANDIDATE
docs/audits/convergence/evidence/controlled-successor-20261006/checkpoint5-native-fin/big2e48/github-ref.json,added,32d0f7c722f25dd27c57cb5409824dc62ae90b9f,504,0,1,0,INDEX_MANIFEST_CANDIDATE
docs/audits/convergence/evidence/controlled-successor-20261006/checkpoint5-native-fin/big2e48/github-repo.json,added,93ac791e1390e14277bec695a052f4d92dd29fdb,5799,0,1,0,INDEX_MANIFEST_CANDIDATE
docs/audits/convergence/evidence/controlled-successor-20261006/checkpoint5-native-fin/big2e48/native_big_direct_supervisor.py.source,added,b087e71cf5c8db6a73d2c15d64e151f334ac32f1,24743,0,348,0,GENERATED_RAW_OR_CAPTURED_SOURCE
docs/audits/convergence/evidence/controlled-successor-20261006/checkpoint5-native-fin/big2e48/pin/source.index.json.gz,added,3f3f004fc73727400cabcfcce6b4de64e7f419e1,296067,0,-,-,BINARY
docs/audits/convergence/evidence/controlled-successor-20261006/checkpoint5-native-fin/big2e48/prepared-launch.json,added,ed94a0d6a5f5a6265328a7e534ff3a503fe6582d,4862,0,95,0,INDEX_MANIFEST_CANDIDATE
docs/audits/convergence/evidence/controlled-successor-20261006/checkpoint5-native-fin/big2e48/prepared-python-metadata.json,added,138094a1a11b7a2759647269207697b126f43359,7729,0,635,0,INDEX_MANIFEST_CANDIDATE
docs/audits/convergence/evidence/controlled-successor-20261006/checkpoint5-native-fin/big2e48/prior-families-causal-note.errata.json,added,38b8f85f805203c47d2103e9e3c5d96b9d0f0491,767,0,10,0,INDEX_MANIFEST_CANDIDATE
docs/audits/convergence/evidence/controlled-successor-20261006/checkpoint5-native-fin/big2e48/prior-families-causal-note.json,added,485099248cd6effdb6ef41ae695522f232a507a5,18601,0,577,0,INDEX_MANIFEST_CANDIDATE
docs/audits/convergence/evidence/controlled-successor-20261006/checkpoint5-native-fin/big2e48/raw-git-commit.raw,added,fd5461190ac9ea5599ca81ba5e0b16e21c2ea4ce,290,0,6,0,GOVERNANCE
docs/audits/convergence/evidence/controlled-successor-20261006/checkpoint5-native-fin/big2e48/raw-git-tree.z,added,69cfba864646ce3b68c8fc8a0e14e92fa04c2b55,446431,0,-,-,GOVERNANCE
docs/audits/convergence/evidence/controlled-successor-20261006/checkpoint5-native-fin/big2e48/raw-receipt-index.json,added,4bdab4346e1290770dfcf079de677157696efb53,4399,0,90,0,INDEX_MANIFEST_CANDIDATE
docs/audits/convergence/evidence/controlled-successor-20261006/checkpoint5-native-fin/big2e48/raw/harness-final.json,added,b0e97d78fde52303d1ac22fa6c244e4cd7d73985,20137,0,688,0,GENERATED_RAW_OR_CAPTURED_SOURCE
docs/audits/convergence/evidence/controlled-successor-20261006/checkpoint5-native-fin/big2e48/raw/kernel-supervision.json,added,af5e96c6b760bafab339522b7f7f0fc813258f63,2890,0,77,0,GENERATED_RAW_OR_CAPTURED_SOURCE
docs/audits/convergence/evidence/controlled-successor-20261006/checkpoint5-native-fin/big2e48/raw/launch.json,added,a829723adf4c9020d0957db4a06849770ad660f3,2647,0,70,0,GENERATED_RAW_OR_CAPTURED_SOURCE
docs/audits/convergence/evidence/controlled-successor-20261006/checkpoint5-native-fin/big2e48/raw/namespace.json,added,1ee9608bc4aa851297d37adece49f3e83c88711a,629,0,11,0,GENERATED_RAW_OR_CAPTURED_SOURCE
docs/audits/convergence/evidence/controlled-successor-20261006/checkpoint5-native-fin/big2e48/raw/native-big-result.json.gz,added,faeb8ec7a2ff73bfc366d69ee9747bf1011ecd58,136398,0,-,-,GENERATED_RAW_OR_CAPTURED_SOURCE
docs/audits/convergence/evidence/controlled-successor-20261006/checkpoint5-native-fin/big2e48/raw/native-result-capture.json,added,2de77ed739094878dc5cf02faf08da237051936c,493,0,19,0,GENERATED_RAW_OR_CAPTURED_SOURCE
docs/audits/convergence/evidence/controlled-successor-20261006/checkpoint5-native-fin/big2e48/raw/native.log,added,bdfad09f4cd9ed8b9ba7e503caae5ce63be60fa9,138,0,1,0,GENERATED_RAW_OR_CAPTURED_SOURCE
docs/audits/convergence/evidence/controlled-successor-20261006/checkpoint5-native-fin/big2e48/raw/original-families-budget.json,added,c0c3eef9bac2a073048a1e8bba203eb280fc1212,336,0,8,0,GENERATED_RAW_OR_CAPTURED_SOURCE
docs/audits/convergence/evidence/controlled-successor-20261006/checkpoint5-native-fin/big2e48/raw/parent-installed-closure.json,added,023391cb8a800e6411c0197444c702b6745e19fa,1806,0,47,0,GENERATED_RAW_OR_CAPTURED_SOURCE
docs/audits/convergence/evidence/controlled-successor-20261006/checkpoint5-native-fin/big2e48/raw/source-after.json.gz,added,b71c8dae14ec2f2a760a1b189f5bbc5dc4502fd0,320110,0,-,-,GENERATED_RAW_OR_CAPTURED_SOURCE
docs/audits/convergence/evidence/controlled-successor-20261006/checkpoint5-native-fin/big2e48/raw/source-before.json.gz,added,a6dada847b757e0bea6ce996fdc72ee3aa892015,319425,0,-,-,GENERATED_RAW_OR_CAPTURED_SOURCE
docs/audits/convergence/evidence/controlled-successor-20261006/checkpoint5-native-fin/big2e48/source-exclusion-proof.json,added,53bbc2b6e277ac6272a099dd5b7101ad6bca6d24,952,0,27,0,INDEX_MANIFEST_CANDIDATE
docs/audits/convergence/evidence/controlled-successor-20261006/checkpoint5-native-fin/browser-preparation/logs/browser-install.sanitized.log,added,95cbac86618522dc4c0196b71665927b1225285a,6892,0,39,0,GENERATED_RAW_OR_CAPTURED_SOURCE
docs/audits/convergence/evidence/controlled-successor-20261006/checkpoint5-native-fin/browser-preparation/logs/install-browser.log,added,34de71ea5a2539e2ba2647e42afbb094c46afd8b,430,0,2,0,GENERATED_RAW_OR_CAPTURED_SOURCE
docs/audits/convergence/evidence/controlled-successor-20261006/checkpoint5-native-fin/browser-preparation/logs/install.log,added,2c87a95e25e5013b7692448cbd4c1833c4262bc8,1121,0,8,0,GENERATED_RAW_OR_CAPTURED_SOURCE
docs/audits/convergence/evidence/controlled-successor-20261006/checkpoint5-native-fin/browser-preparation/logs/ldd-chromium-headless-shell.log,added,a1be4c07e925405f934e352a84fa2b93f2976546,3410,0,46,0,GENERATED_RAW_OR_CAPTURED_SOURCE
docs/audits/convergence/evidence/controlled-successor-20261006/checkpoint5-native-fin/browser-preparation/logs/ldd-chromium.log,added,da265c400b62cdba22203964f057a8a1ebf8ba52,6203,0,81,0,GENERATED_RAW_OR_CAPTURED_SOURCE
docs/audits/convergence/evidence/controlled-successor-20261006/checkpoint5-native-fin/browser-preparation/logs/ldd-ffmpeg.log,added,bbbaf173c1b995cf6093e828b3cff73a546781c4,26,0,1,0,GENERATED_RAW_OR_CAPTURED_SOURCE
docs/audits/convergence/evidence/controlled-successor-20261006/checkpoint5-native-fin/browser-preparation/logs/venv.log,added,e69de29bb2d1d6434b8b29ae775ad8c2e48c5391,0,0,0,0,GENERATED_RAW_OR_CAPTURED_SOURCE
docs/audits/convergence/evidence/controlled-successor-20261006/checkpoint5-native-fin/browser-preparation/logs/verify-browser.log,added,3e1b6444421b84523dfa25c2d05eaec18f2b1cb9,512,0,1,0,GENERATED_RAW_OR_CAPTURED_SOURCE
docs/audits/convergence/evidence/controlled-successor-20261006/checkpoint5-native-fin/browser-preparation/logs/verify-driver.log,added,b03129618a202b517c0c9ab47606e6ad6e65eccd,459,0,1,0,GENERATED_RAW_OR_CAPTURED_SOURCE
docs/audits/convergence/evidence/controlled-successor-20261006/checkpoint5-native-fin/browser-preparation/receipts/browser-assets-validation.json,added,7bcfba543711c129e33399063bfdf2bac8f4a32a,3761,0,85,0,INDEX_MANIFEST_CANDIDATE
docs/audits/convergence/evidence/controlled-successor-20261006/checkpoint5-native-fin/browser-preparation/receipts/browser-cache-inventory.json,added,4d9a2d307484a07549b48125d18f18b526deea0f,328552,0,10441,0,INDEX_MANIFEST_CANDIDATE
docs/audits/convergence/evidence/controlled-successor-20261006/checkpoint5-native-fin/browser-preparation/receipts/browser-install.json,added,73ef170f2855bd18c3824bc589d1d39530458384,785,0,27,0,INDEX_MANIFEST_CANDIDATE
docs/audits/convergence/evidence/controlled-successor-20261006/checkpoint5-native-fin/browser-preparation/receipts/driver-record-inventory.json,added,58c9835fe436e95cde8b0b5dabefb51d6d6748cb,132716,0,3142,0,INDEX_MANIFEST_CANDIDATE
docs/audits/convergence/evidence/controlled-successor-20261006/checkpoint5-native-fin/browser-preparation/receipts/driver-validation.json,added,a283960642681050ef4602470feb4cd7944f49f4,6915,0,140,0,INDEX_MANIFEST_CANDIDATE
docs/audits/convergence/evidence/controlled-successor-20261006/checkpoint5-native-fin/browser-preparation/receipts/handoff.json,added,d0a217b716744fd2870cf53175f5931f87136086,29663,0,727,0,INDEX_MANIFEST_CANDIDATE
docs/audits/convergence/evidence/controlled-successor-20261006/checkpoint5-native-fin/browser-preparation/receipts/install-browser-kernel.json,added,78da71573ec19186775aad18733843635a5f71c3,2251,0,64,0,INDEX_MANIFEST_CANDIDATE
docs/audits/convergence/evidence/controlled-successor-20261006/checkpoint5-native-fin/browser-preparation/receipts/install-kernel.json,added,47f692c19f681f2948a145413adf4f468af7bb67,2837,0,82,0,INDEX_MANIFEST_CANDIDATE
docs/audits/convergence/evidence/controlled-successor-20261006/checkpoint5-native-fin/browser-preparation/receipts/pip-install-report.json,added,51ef4f6a51cb8f3be68b1b86ffa0f4689e2ff53f,17820,0,297,0,INDEX_MANIFEST_CANDIDATE
docs/audits/convergence/evidence/controlled-successor-20261006/checkpoint5-native-fin/browser-preparation/receipts/protected-after.json.gz,added,d2f6b55feea49c955da863382c514bf4a6ec4653,2452982,0,-,-,BINARY
docs/audits/convergence/evidence/controlled-successor-20261006/checkpoint5-native-fin/browser-preparation/receipts/protected-before.json.gz,added,fe50efbeb747e214c41b286ef38352444aa1af2d,2452909,0,-,-,BINARY
docs/audits/convergence/evidence/controlled-successor-20261006/checkpoint5-native-fin/browser-preparation/receipts/venv-kernel.json,added,bc48e6512a3226c5fb5bd47682e4229f212bb968,2318,0,67,0,INDEX_MANIFEST_CANDIDATE
docs/audits/convergence/evidence/controlled-successor-20261006/checkpoint5-native-fin/browser-preparation/receipts/verify-browser-kernel.json,added,cf28ed46039f9b23a981bde7408fae767f8419d1,2249,0,64,0,INDEX_MANIFEST_CANDIDATE
docs/audits/convergence/evidence/controlled-successor-20261006/checkpoint5-native-fin/browser-preparation/receipts/verify-driver-kernel.json,added,b064bc75c928fd4d791557d3aa3a6b1d19fc300f,2249,0,64,0,INDEX_MANIFEST_CANDIDATE
docs/audits/convergence/evidence/controlled-successor-20261006/checkpoint5-native-fin/browser-preparation/receipts/wheels.json,added,37b9ea90b4e1764ed0d610f500aad12959fb64e2,3366,0,83,0,INDEX_MANIFEST_CANDIDATE
docs/audits/convergence/evidence/controlled-successor-20261006/checkpoint5-native-fin/browser-preparation/sanitized_browser_install.py.source,added,66a40b9cfec2e05321e780efc71e63b7702b0504,3232,0,45,0,GENERATED_RAW_OR_CAPTURED_SOURCE
docs/audits/convergence/evidence/controlled-successor-20261006/checkpoint5-native-fin/browser-preparation/stage.py.source,added,46cd8ada4cd43869c9dbe1f8f9d37b7da4af722e,4136,0,38,0,GENERATED_RAW_OR_CAPTURED_SOURCE
docs/audits/convergence/evidence/controlled-successor-20261006/checkpoint5-native-fin/browser-preparation/verify_browser.py.source,added,8ebd1dc4af16e253c97055facd1d1b3be772bcfb,7619,0,83,0,GENERATED_RAW_OR_CAPTURED_SOURCE
docs/audits/convergence/evidence/controlled-successor-20261006/checkpoint5-native-fin/browser-preparation/verify_driver.py.source,added,7c3fcf0df2c11850f46b689110fff74ce69b5511,6229,0,76,0,GENERATED_RAW_OR_CAPTURED_SOURCE
docs/audits/convergence/evidence/controlled-successor-20261006/checkpoint5-native-fin/ci-native-fin/final-summary.json,added,e8a5261bfc36c2326bf58ff11800c4827f6303d2,12640,0,371,0,INDEX_MANIFEST_CANDIDATE
docs/audits/convergence/evidence/controlled-successor-20261006/checkpoint5-native-fin/ci-native-fin/predeploy-rca/rca-control-only.json,added,100823eabb72c8341f9f90c910f03814fbf9ba0d,27108,0,297,0,INDEX_MANIFEST_CANDIDATE
docs/audits/convergence/evidence/controlled-successor-20261006/checkpoint5-native-fin/ci-native-fin/raw-index.json,added,faf42abdcd1e51d7e3a786bd989a57985464890f,145915,0,3711,0,INDEX_MANIFEST_CANDIDATE
docs/audits/convergence/evidence/controlled-successor-20261006/checkpoint5-native-fin/ci-native-fin/review/helper.diff,added,a8c44f3209bd29420a1b0da3ab59b56150b93433,1118,0,22,0,GOVERNANCE
docs/audits/convergence/evidence/controlled-successor-20261006/checkpoint5-native-fin/ci-native-fin/review/proposal-stage1.json,added,d40d48bf6c67c2350453015ad721a3b6a2b46979,2938,0,65,0,INDEX_MANIFEST_CANDIDATE
docs/audits/convergence/evidence/controlled-successor-20261006/checkpoint5-native-fin/ci-native-fin/review/scoped-cleanup-test.diff,added,3abf5b566ea19b489ceae9ea3ea7533892dc5728,4452,0,65,0,GOVERNANCE
docs/audits/convergence/evidence/controlled-successor-20261006/checkpoint5-native-fin/ci-native-fin/v1/control/launch-plan.json,added,166fd47a9260f9b85060113f24be3ab86e7d75c4,2656,0,50,0,INDEX_MANIFEST_CANDIDATE
docs/audits/convergence/evidence/controlled-successor-20261006/checkpoint5-native-fin/ci-native-fin/v1/control/run_focals.py,added,f7297cf897ef86e6173bde47531a8fb8046324ef,11523,0,119,0,GOVERNANCE
docs/audits/convergence/evidence/controlled-successor-20261006/checkpoint5-native-fin/ci-native-fin/v1/epoch311/collection.kernel.json,added,fd568c2566fee1889817c1e070f321520324ea80,2213,0,66,0,INDEX_MANIFEST_CANDIDATE
docs/audits/convergence/evidence/controlled-successor-20261006/checkpoint5-native-fin/ci-native-fin/v1/epoch311/collection.log,added,886e7843a307998bf06079b29c257d20e0d42a4b,151,0,4,0,GENERATED_RAW_OR_CAPTURED_SOURCE
docs/audits/convergence/evidence/controlled-successor-20261006/checkpoint5-native-fin/ci-native-fin/v1/epoch311/failed-harness-format-receipt.json,added,5d8c3b829e878710eed3feab9ac1a44e4d46dcc2,34459,0,1666,0,INDEX_MANIFEST_CANDIDATE
docs/audits/convergence/evidence/controlled-successor-20261006/checkpoint5-native-fin/ci-native-fin/v1/epoch311/launch.json,added,a52e7478f8e9b379d2ee8b901c94136be681cea2,16920,0,832,0,INDEX_MANIFEST_CANDIDATE
docs/audits/convergence/evidence/controlled-successor-20261006/checkpoint5-native-fin/ci-native-fin/v1/epoch311/progress-0000.json,added,45da45928a3fb9e1229111474d3130751de2439b,237,0,9,0,INDEX_MANIFEST_CANDIDATE
docs/audits/convergence/evidence/controlled-successor-20261006/checkpoint5-native-fin/ci-native-fin/v2/control/harness-v2.diff,added,1cddf6133df5a6d1e29fd587ad853f312dbd6737,2565,0,20,0,GOVERNANCE
docs/audits/convergence/evidence/controlled-successor-20261006/checkpoint5-native-fin/ci-native-fin/v2/control/launch-plan.json,added,7c63ffbf8c0dfe88dbd8e08a6ce93a77a789ec12,3046,0,54,0,INDEX_MANIFEST_CANDIDATE
docs/audits/convergence/evidence/controlled-successor-20261006/checkpoint5-native-fin/ci-native-fin/v2/control/run_focals.py,added,f9dd9062bf6009f7459c9c6b6572f760f5979f81,11531,0,119,0,GOVERNANCE
docs/audits/convergence/evidence/controlled-successor-20261006/checkpoint5-native-fin/ci-native-fin/v2/v2-epoch311/ci-ready100/fixture-owner.json,added,3799975b51fba5c683968cb7e651c3afda37c7f4,2929,0,79,0,INDEX_MANIFEST_CANDIDATE
docs/audits/convergence/evidence/controlled-successor-20261006/checkpoint5-native-fin/ci-native-fin/v2/v2-epoch311/ci-ready100/native-github-env,added,fedd1ef237167ea1004114c07d679f4e7284d17b,215,0,1,0,GOVERNANCE
docs/audits/convergence/evidence/controlled-successor-20261006/checkpoint5-native-fin/ci-native-fin/v2/v2-epoch311/ci-ready100/private/.porota-predeploy-owner.json,added,a8dff34f8692a8346060d50d1f4a44c8d0bcdd20,1689,0,31,0,INDEX_MANIFEST_CANDIDATE
docs/audits/convergence/evidence/controlled-successor-20261006/checkpoint5-native-fin/ci-native-fin/v2/v2-epoch311/ci-ready100/private/native-owned-junit.xml,added,d5794d5dff99553864a336b7a8c1ade762773ce0,6366,0,18,0,GENERATED_RAW_OR_CAPTURED_SOURCE
docs/audits/convergence/evidence/controlled-successor-20261006/checkpoint5-native-fin/ci-native-fin/v2/v2-epoch311/ci-ready100/private/porota-pytest-collection-cli-control.json,added,1a0c3f528d4d6d1ad57683a10b55d0d342efa91c,542,0,6,0,INDEX_MANIFEST_CANDIDATE
docs/audits/convergence/evidence/controlled-successor-20261006/checkpoint5-native-fin/ci-native-fin/v2/v2-epoch311/ci-ready100/private/porota-pytest-collection-launch-intent.json,added,c31c9be66d447bd89d49028c52a17480a74883d2,1495,0,47,0,INDEX_MANIFEST_CANDIDATE
docs/audits/convergence/evidence/controlled-successor-20261006/checkpoint5-native-fin/ci-native-fin/v2/v2-epoch311/ci-ready100/private/porota-pytest-collection-owned-fin.json,added,72e8c491ede91f57390c0b77f6beb014b882645d,3935,0,104,0,INDEX_MANIFEST_CANDIDATE
docs/audits/convergence/evidence/controlled-successor-20261006/checkpoint5-native-fin/ci-native-fin/v2/v2-epoch311/ci-ready100/private/porota-pytest-collection-postread.json,added,e8c0d83a022ec3cf3ea98fe068b579c56ed57f5f,9503,0,120,0,INDEX_MANIFEST_CANDIDATE
docs/audits/convergence/evidence/controlled-successor-20261006/checkpoint5-native-fin/ci-native-fin/v2/v2-epoch311/ci-ready100/private/porota-pytest-collection-progress.json,added,436841201e36abd24453c7322b2b4ba51122d8ed,288,0,8,0,INDEX_MANIFEST_CANDIDATE
docs/audits/convergence/evidence/controlled-successor-20261006/checkpoint5-native-fin/ci-native-fin/v2/v2-epoch311/ci-ready100/private/porota-pytest-collection-retained.json,added,a6868a1826e6d9e0cfb314eacbb31903f187afce,1990,0,60,0,INDEX_MANIFEST_CANDIDATE
docs/audits/convergence/evidence/controlled-successor-20261006/checkpoint5-native-fin/ci-native-fin/v2/v2-epoch311/ci-ready100/private/porota-pytest-execution-cli-control.json,added,395672db0798195afe3b3bc475e119351db9f86f,529,0,6,0,INDEX_MANIFEST_CANDIDATE
docs/audits/convergence/evidence/controlled-successor-20261006/checkpoint5-native-fin/ci-native-fin/v2/v2-epoch311/ci-ready100/private/porota-pytest-launch-intent.json,added,4f676c4bf30716896c2499d00af9d47ea22cd0c1,1891,0,48,0,INDEX_MANIFEST_CANDIDATE
docs/audits/convergence/evidence/controlled-successor-20261006/checkpoint5-native-fin/ci-native-fin/v2/v2-epoch311/ci-ready100/private/porota-pytest-native.log,added,0eb71728bfd81970c110b126441048505c9f5e85,6355,0,25,0,GENERATED_RAW_OR_CAPTURED_SOURCE
docs/audits/convergence/evidence/controlled-successor-20261006/checkpoint5-native-fin/ci-native-fin/v2/v2-epoch311/ci-ready100/private/porota-pytest-owned-fin.json,added,8417e871527d39420358a6ff267216c596457a8d,49894,0,1706,0,INDEX_MANIFEST_CANDIDATE
docs/audits/convergence/evidence/controlled-successor-20261006/checkpoint5-native-fin/ci-native-fin/v2/v2-epoch311/ci-ready100/private/porota-pytest-postread.json,added,4b25a07f7c282af87dc050b0782a8d302278049b,60218,0,120,0,INDEX_MANIFEST_CANDIDATE
docs/audits/convergence/evidence/controlled-successor-20261006/checkpoint5-native-fin/ci-native-fin/v2/v2-epoch311/ci-ready100/private/porota-pytest-producers-postread.json,added,de7c546b4be4fc195173bcae8991df35354e4a59,74961,0,378,0,INDEX_MANIFEST_CANDIDATE
docs/audits/convergence/evidence/controlled-successor-20261006/checkpoint5-native-fin/ci-native-fin/v2/v2-epoch311/ci-ready100/private/porota-pytest-progress.json,added,f3f87d67c333adf5244657522beefccead4df386,290,0,8,0,INDEX_MANIFEST_CANDIDATE
docs/audits/convergence/evidence/controlled-successor-20261006/checkpoint5-native-fin/ci-native-fin/v2/v2-epoch311/ci-ready100/private/porota-pytest-retained.json,added,314f8a9b5f6d79c2b98a79877b0cd39e9f973226,2511,0,80,0,INDEX_MANIFEST_CANDIDATE
docs/audits/convergence/evidence/controlled-successor-20261006/checkpoint5-native-fin/ci-native-fin/v2/v2-epoch311/ci-ready100/private/porota-pytest-selected-fixture.json,added,5c81e0adb98dd5e436006a1ea95e4becaa2a05ff,116376,0,3535,0,INDEX_MANIFEST_CANDIDATE
docs/audits/convergence/evidence/controlled-successor-20261006/checkpoint5-native-fin/ci-native-fin/v2/v2-epoch311/ci-ready100/private/porota-test-collection.txt,added,d6e5e89ee20b7207af8f7f5046a68170cefcdda3,77,0,3,0,GOVERNANCE
docs/audits/convergence/evidence/controlled-successor-20261006/checkpoint5-native-fin/ci-native-fin/v2/v2-epoch311/ci-ready100/private/porota-test-workspace.json,added,840501d3c9858a7b0fee7ff820d4014003b1a0ff,3160,0,91,0,INDEX_MANIFEST_CANDIDATE
docs/audits/convergence/evidence/controlled-successor-20261006/checkpoint5-native-fin/ci-native-fin/v2/v2-epoch311/ci-ready100/producer/producer-control.json,added,6079184e3995dbc7e845ceb50eb282d10151724b,33529,0,2031,0,INDEX_MANIFEST_CANDIDATE
docs/audits/convergence/evidence/controlled-successor-20261006/checkpoint5-native-fin/ci-native-fin/v2/v2-epoch311/ci-ready100/producer/producer.py.source,added,69d93f905e706a677847d27caeab7c383ab3ea69,4632,0,106,0,GENERATED_RAW_OR_CAPTURED_SOURCE
docs/audits/convergence/evidence/controlled-successor-20261006/checkpoint5-native-fin/ci-native-fin/v2/v2-epoch311/ci-ready100/runner/porota-predeploy-471-2.owner.json,added,6e2b346d75148f86dc3cb2a5ba5f3ee5e782faca,2601,0,59,0,INDEX_MANIFEST_CANDIDATE
docs/audits/convergence/evidence/controlled-successor-20261006/checkpoint5-native-fin/ci-native-fin/v2/v2-epoch311/ci-ready100/runner/porota-predeploy-471-2.pytest-collection-postread.json,added,e8c0d83a022ec3cf3ea98fe068b579c56ed57f5f,9503,0,120,0,INDEX_MANIFEST_CANDIDATE
docs/audits/convergence/evidence/controlled-successor-20261006/checkpoint5-native-fin/ci-native-fin/v2/v2-epoch311/ci-ready100/runner/porota-predeploy-471-2.pytest-postread.json,added,4b25a07f7c282af87dc050b0782a8d302278049b,60218,0,120,0,INDEX_MANIFEST_CANDIDATE
docs/audits/convergence/evidence/controlled-successor-20261006/checkpoint5-native-fin/ci-native-fin/v2/v2-epoch311/ci-ready100/runner/porota-predeploy-471-2.pytest-producers-postread.json,added,de7c546b4be4fc195173bcae8991df35354e4a59,74961,0,378,0,INDEX_MANIFEST_CANDIDATE
docs/audits/convergence/evidence/controlled-successor-20261006/checkpoint5-native-fin/ci-native-fin/v2/v2-epoch311/ci-ready100/test_native_owned.py.source,added,4b1532131fa0c03d4e74177794f0c4599c730163,5539,0,13,0,GENERATED_RAW_OR_CAPTURED_SOURCE
docs/audits/convergence/evidence/controlled-successor-20261006/checkpoint5-native-fin/ci-native-fin/v2/v2-epoch311/collection-identities.json,added,59bf3ffbf46240e9c7a8c7d9590bea9259ea0822,8929,0,81,0,INDEX_MANIFEST_CANDIDATE
docs/audits/convergence/evidence/controlled-successor-20261006/checkpoint5-native-fin/ci-native-fin/v2/v2-epoch311/collection.kernel.json,added,d2f6c4a12c8b7bdf120ef2020bfc8ee1f8676254,2223,0,67,0,INDEX_MANIFEST_CANDIDATE
docs/audits/convergence/evidence/controlled-successor-20261006/checkpoint5-native-fin/ci-native-fin/v2/v2-epoch311/collection.log,added,8f4de6a41ad14038265b9272ee3aff03726a0c58,8046,0,69,0,GENERATED_RAW_OR_CAPTURED_SOURCE
docs/audits/convergence/evidence/controlled-successor-20261006/checkpoint5-native-fin/ci-native-fin/v2/v2-epoch311/execution.kernel.json,added,ce9161eaf63f77b29bef8ac0456d9d2e6700116d,4492,0,148,0,INDEX_MANIFEST_CANDIDATE
docs/audits/convergence/evidence/controlled-successor-20261006/checkpoint5-native-fin/ci-native-fin/v2/v2-epoch311/execution.log,added,999ad93b83dafe38a8052fd5daf84c864b5ccea5,80,0,1,0,GENERATED_RAW_OR_CAPTURED_SOURCE
docs/audits/convergence/evidence/controlled-successor-20261006/checkpoint5-native-fin/ci-native-fin/v2/v2-epoch311/junit.xml,added,d37b7d46e2295c2ed83d6e4b49506ea664276eab,10949,0,1,0,GENERATED_RAW_OR_CAPTURED_SOURCE
docs/audits/convergence/evidence/controlled-successor-20261006/checkpoint5-native-fin/ci-native-fin/v2/v2-epoch311/launch.json,added,2b65ae9876d861c2d04fd5d8b4cb65f93e03de7f,16942,0,833,0,INDEX_MANIFEST_CANDIDATE
docs/audits/convergence/evidence/controlled-successor-20261006/checkpoint5-native-fin/ci-native-fin/v2/v2-epoch311/native-controls/test_live_detached6_remains_un0/outer-kernel.json,added,af110ba063200885bc1602d7eaf328518334a615,2414,0,1,0,INDEX_MANIFEST_CANDIDATE
docs/audits/convergence/evidence/controlled-successor-20261006/checkpoint5-native-fin/ci-native-fin/v2/v2-epoch311/native-controls/test_live_detached6_remains_un0/producer-control.json,added,0a867d19489ae645d6511e0577a4fdc88900396e,927,0,43,0,INDEX_MANIFEST_CANDIDATE
docs/audits/convergence/evidence/controlled-successor-20261006/checkpoint5-native-fin/ci-native-fin/v2/v2-epoch311/native-controls/test_live_detached6_remains_un0/producer.log,added,e69de29bb2d1d6434b8b29ae775ad8c2e48c5391,0,0,0,0,GENERATED_RAW_OR_CAPTURED_SOURCE
docs/audits/convergence/evidence/controlled-successor-20261006/checkpoint5-native-fin/ci-native-fin/v2/v2-epoch311/native-controls/test_live_detached6_remains_un0/producer.py.source,added,69d93f905e706a677847d27caeab7c383ab3ea69,4632,0,106,0,GENERATED_RAW_OR_CAPTURED_SOURCE
docs/audits/convergence/evidence/controlled-successor-20261006/checkpoint5-native-fin/ci-native-fin/v2/v2-epoch311/native-controls/test_live_detached6_remains_un0/supervisor.log,added,0704fac6161e9d6997f53541b00c8ecb2696583a,5766,0,1,0,GENERATED_RAW_OR_CAPTURED_SOURCE
docs/audits/convergence/evidence/controlled-successor-20261006/checkpoint5-native-fin/ci-native-fin/v2/v2-epoch311/native-controls/test_live_detached6_remains_un0/supervisor.py.source,added,a9f5d30a508790d386becf7c5743c52eb1bdc4e2,5213,0,106,0,GENERATED_RAW_OR_CAPTURED_SOURCE
docs/audits/convergence/evidence/controlled-successor-20261006/checkpoint5-native-fin/ci-native-fin/v2/v2-epoch311/native-controls/test_normal_exit0_has_same_par0/outer-kernel.json,added,2c562103ed3dd9f6b5715d2890bebda5793cdc3c,2426,0,1,0,INDEX_MANIFEST_CANDIDATE
docs/audits/convergence/evidence/controlled-successor-20261006/checkpoint5-native-fin/ci-native-fin/v2/v2-epoch311/native-controls/test_normal_exit0_has_same_par0/producer-control.json,added,e4a5049743d38b95ef2a16029f645ddc0f9be2a3,728,0,29,0,INDEX_MANIFEST_CANDIDATE
docs/audits/convergence/evidence/controlled-successor-20261006/checkpoint5-native-fin/ci-native-fin/v2/v2-epoch311/native-controls/test_normal_exit0_has_same_par0/producer.log,added,e69de29bb2d1d6434b8b29ae775ad8c2e48c5391,0,0,0,0,GENERATED_RAW_OR_CAPTURED_SOURCE
docs/audits/convergence/evidence/controlled-successor-20261006/checkpoint5-native-fin/ci-native-fin/v2/v2-epoch311/native-controls/test_normal_exit0_has_same_par0/producer.py.source,added,69d93f905e706a677847d27caeab7c383ab3ea69,4632,0,106,0,GENERATED_RAW_OR_CAPTURED_SOURCE
docs/audits/convergence/evidence/controlled-successor-20261006/checkpoint5-native-fin/ci-native-fin/v2/v2-epoch311/native-controls/test_normal_exit0_has_same_par0/supervisor.log,added,ca6a489e7bb9453b88eced78763f2e89a32c69bb,3890,0,1,0,GENERATED_RAW_OR_CAPTURED_SOURCE
docs/audits/convergence/evidence/controlled-successor-20261006/checkpoint5-native-fin/ci-native-fin/v2/v2-epoch311/native-controls/test_normal_exit0_has_same_par0/supervisor.py.source,added,a9f5d30a508790d386becf7c5743c52eb1bdc4e2,5213,0,106,0,GENERATED_RAW_OR_CAPTURED_SOURCE
docs/audits/convergence/evidence/controlled-successor-20261006/checkpoint5-native-fin/ci-native-fin/v2/v2-epoch311/native-controls/test_ready100_real_owned_zombi0/outer-kernel.json,added,62a2f1d71f514d8ca6fc612c8c7d40c1cc9fe55c,2457,0,1,0,INDEX_MANIFEST_CANDIDATE
docs/audits/convergence/evidence/controlled-successor-20261006/checkpoint5-native-fin/ci-native-fin/v2/v2-epoch311/native-controls/test_ready100_real_owned_zombi0/producer-control.json,added,206226afbd4cffc0a59ad408a8a69cdfff5164ee,33529,0,2031,0,INDEX_MANIFEST_CANDIDATE
docs/audits/convergence/evidence/controlled-successor-20261006/checkpoint5-native-fin/ci-native-fin/v2/v2-epoch311/native-controls/test_ready100_real_owned_zombi0/producer.log,added,e69de29bb2d1d6434b8b29ae775ad8c2e48c5391,0,0,0,0,GENERATED_RAW_OR_CAPTURED_SOURCE
docs/audits/convergence/evidence/controlled-successor-20261006/checkpoint5-native-fin/ci-native-fin/v2/v2-epoch311/native-controls/test_ready100_real_owned_zombi0/producer.py.source,added,69d93f905e706a677847d27caeab7c383ab3ea69,4632,0,106,0,GENERATED_RAW_OR_CAPTURED_SOURCE
docs/audits/convergence/evidence/controlled-successor-20261006/checkpoint5-native-fin/ci-native-fin/v2/v2-epoch311/native-controls/test_ready100_real_owned_zombi0/supervisor.log,added,b7c718d5f3b60e73328bcabd85b55400e868e417,57671,0,1,0,GENERATED_RAW_OR_CAPTURED_SOURCE
docs/audits/convergence/evidence/controlled-successor-20261006/checkpoint5-native-fin/ci-native-fin/v2/v2-epoch311/native-controls/test_ready100_real_owned_zombi0/supervisor.py.source,added,a9f5d30a508790d386becf7c5743c52eb1bdc4e2,5213,0,106,0,GENERATED_RAW_OR_CAPTURED_SOURCE
docs/audits/convergence/evidence/controlled-successor-20261006/checkpoint5-native-fin/ci-native-fin/v2/v2-epoch311/native-controls/test_ready100_real_owned_zombi1/outer-kernel.json,added,6771c4eb9dbeac058e972e03e1242bdf4b913345,2412,0,1,0,INDEX_MANIFEST_CANDIDATE
docs/audits/convergence/evidence/controlled-successor-20261006/checkpoint5-native-fin/ci-native-fin/v2/v2-epoch311/native-controls/test_ready100_real_owned_zombi1/producer-control.json,added,7f2c47aac908c02e9e3221ab8f9ff6ab747326a2,33529,0,2031,0,INDEX_MANIFEST_CANDIDATE
docs/audits/convergence/evidence/controlled-successor-20261006/checkpoint5-native-fin/ci-native-fin/v2/v2-epoch311/native-controls/test_ready100_real_owned_zombi1/producer.log,added,e69de29bb2d1d6434b8b29ae775ad8c2e48c5391,0,0,0,0,GENERATED_RAW_OR_CAPTURED_SOURCE
docs/audits/convergence/evidence/controlled-successor-20261006/checkpoint5-native-fin/ci-native-fin/v2/v2-epoch311/native-controls/test_ready100_real_owned_zombi1/producer.py.source,added,69d93f905e706a677847d27caeab7c383ab3ea69,4632,0,106,0,GENERATED_RAW_OR_CAPTURED_SOURCE
docs/audits/convergence/evidence/controlled-successor-20261006/checkpoint5-native-fin/ci-native-fin/v2/v2-epoch311/native-controls/test_ready100_real_owned_zombi1/supervisor.log,added,8fd4b2f89ee5d6a8e5d0deb9056e371ba5b51433,57076,0,1,0,GENERATED_RAW_OR_CAPTURED_SOURCE
docs/audits/convergence/evidence/controlled-successor-20261006/checkpoint5-native-fin/ci-native-fin/v2/v2-epoch311/native-controls/test_ready100_real_owned_zombi1/supervisor.py.source,added,a9f5d30a508790d386becf7c5743c52eb1bdc4e2,5213,0,106,0,GENERATED_RAW_OR_CAPTURED_SOURCE
docs/audits/convergence/evidence/controlled-successor-20261006/checkpoint5-native-fin/ci-native-fin/v2/v2-epoch311/progress-0000.json,added,c5866c9049c576c3a8fc7521ef98fa20ce559e78,237,0,9,0,INDEX_MANIFEST_CANDIDATE
docs/audits/convergence/evidence/controlled-successor-20261006/checkpoint5-native-fin/ci-native-fin/v2/v2-epoch311/progress-0001.json,added,3148086e9b03d178797f8ad92d47f5888aafc667,237,0,9,0,INDEX_MANIFEST_CANDIDATE
docs/audits/convergence/evidence/controlled-successor-20261006/checkpoint5-native-fin/ci-native-fin/v2/v2-epoch311/progress-0002.json,added,8ee8b7943b6e7dd5facd7c8619aece6d2670d1a3,229,0,9,0,INDEX_MANIFEST_CANDIDATE
docs/audits/convergence/evidence/controlled-successor-20261006/checkpoint5-native-fin/ci-native-fin/v2/v2-epoch311/progress-0003.json,added,ca4bba760fb4ed8da2877caac40f3366e80219b7,229,0,9,0,INDEX_MANIFEST_CANDIDATE
docs/audits/convergence/evidence/controlled-successor-20261006/checkpoint5-native-fin/ci-native-fin/v2/v2-epoch311/progress-0004.json,added,fd49766ec5f6ac97bff41011763ac905878e5a97,231,0,9,0,INDEX_MANIFEST_CANDIDATE
docs/audits/convergence/evidence/controlled-successor-20261006/checkpoint5-native-fin/ci-native-fin/v2/v2-epoch311/progress-0005.json,added,ee00ea1691d0c1b9b9294fb33c115f537b3531cb,231,0,9,0,INDEX_MANIFEST_CANDIDATE
docs/audits/convergence/evidence/controlled-successor-20261006/checkpoint5-native-fin/ci-native-fin/v2/v2-epoch311/progress-0006.json,added,11202d1d3438b8c60610b8782db616fbe6ade117,230,0,9,0,INDEX_MANIFEST_CANDIDATE
docs/audits/convergence/evidence/controlled-successor-20261006/checkpoint5-native-fin/ci-native-fin/v2/v2-epoch311/progress-0007.json,added,2ca5f6f0580b409385f4207b80ae85a85e4bce10,231,0,9,0,INDEX_MANIFEST_CANDIDATE
docs/audits/convergence/evidence/controlled-successor-20261006/checkpoint5-native-fin/ci-native-fin/v2/v2-epoch311/progress-0008.json,added,b4819844c2bf077d87af3171afc832df900ab8d7,231,0,9,0,INDEX_MANIFEST_CANDIDATE
docs/audits/convergence/evidence/controlled-successor-20261006/checkpoint5-native-fin/ci-native-fin/v2/v2-epoch311/progress-0009.json,added,de3ad9698d30b4c6bcc55d7b96a7ec57ed8fc422,230,0,9,0,INDEX_MANIFEST_CANDIDATE
docs/audits/convergence/evidence/controlled-successor-20261006/checkpoint5-native-fin/ci-native-fin/v2/v2-epoch311/progress-0010.json,added,608628857dd8e898d699f6e36fe03673c82fdc29,230,0,9,0,INDEX_MANIFEST_CANDIDATE
docs/audits/convergence/evidence/controlled-successor-20261006/checkpoint5-native-fin/ci-native-fin/v2/v2-epoch311/progress-0011.json,added,2e1fe84ee82ff9b0bba7c6dca16f2d1d0aab41a2,230,0,9,0,INDEX_MANIFEST_CANDIDATE
docs/audits/convergence/evidence/controlled-successor-20261006/checkpoint5-native-fin/ci-native-fin/v2/v2-epoch311/progress-0012.json,added,573aba38f7f5f2a27cc928aca579415ca4012062,230,0,9,0,INDEX_MANIFEST_CANDIDATE
docs/audits/convergence/evidence/controlled-successor-20261006/checkpoint5-native-fin/ci-native-fin/v2/v2-epoch311/progress-0013.json,added,ff20a91a82ad5c8cce3e031e4c398038ae25fdd2,230,0,9,0,INDEX_MANIFEST_CANDIDATE
docs/audits/convergence/evidence/controlled-successor-20261006/checkpoint5-native-fin/ci-native-fin/v2/v2-epoch311/progress-0014.json,added,1b12726fddf5bf8d0a2dba041bdca761f8d17f1a,230,0,9,0,INDEX_MANIFEST_CANDIDATE
docs/audits/convergence/evidence/controlled-successor-20261006/checkpoint5-native-fin/ci-native-fin/v2/v2-epoch311/progress-0015.json,added,e7a146b707456dc0a20f6433197272a0461e0132,230,0,9,0,INDEX_MANIFEST_CANDIDATE
docs/audits/convergence/evidence/controlled-successor-20261006/checkpoint5-native-fin/ci-native-fin/v2/v2-epoch311/progress-0016.json,added,72360cef03f5e970295f98cc79e67030da12e18f,229,0,9,0,INDEX_MANIFEST_CANDIDATE
docs/audits/convergence/evidence/controlled-successor-20261006/checkpoint5-native-fin/ci-native-fin/v2/v2-epoch311/progress-0017.json,added,da94518e8e8759250c7f630a255f6df6e5edaa13,230,0,9,0,INDEX_MANIFEST_CANDIDATE
docs/audits/convergence/evidence/controlled-successor-20261006/checkpoint5-native-fin/ci-native-fin/v2/v2-epoch311/progress-0018.json,added,0574e8c65dda5c9750436c008566d0f848d20cfc,230,0,9,0,INDEX_MANIFEST_CANDIDATE
docs/audits/convergence/evidence/controlled-successor-20261006/checkpoint5-native-fin/ci-native-fin/v2/v2-epoch311/progress-0019.json,added,4f88aced631c7d2aacd25503d5c940d4a47c1bf4,228,0,9,0,INDEX_MANIFEST_CANDIDATE
docs/audits/convergence/evidence/controlled-successor-20261006/checkpoint5-native-fin/ci-native-fin/v2/v2-epoch311/progress-0020.json,added,ea415d6780949000ca84df607e4586b731a507f8,230,0,9,0,INDEX_MANIFEST_CANDIDATE
docs/audits/convergence/evidence/controlled-successor-20261006/checkpoint5-native-fin/ci-native-fin/v2/v2-epoch311/progress-0021.json,added,32c2ce46c38fc2ac78e1b39320d7235af84e389d,231,0,9,0,INDEX_MANIFEST_CANDIDATE
docs/audits/convergence/evidence/controlled-successor-20261006/checkpoint5-native-fin/ci-native-fin/v2/v2-epoch311/receipt.json,added,a5de418dfab3fed3a3a0dab8784e511bd7801290,44536,0,1502,0,INDEX_MANIFEST_CANDIDATE
docs/audits/convergence/evidence/controlled-successor-20261006/checkpoint5-native-fin/ci-native-fin/v2/v2-epoch312/ci-ready100/fixture-owner.json,added,ac619013fcee9499f3e6577eefe594fdc162b942,2928,0,79,0,INDEX_MANIFEST_CANDIDATE
docs/audits/convergence/evidence/controlled-successor-20261006/checkpoint5-native-fin/ci-native-fin/v2/v2-epoch312/ci-ready100/native-github-env,added,a8bc402d7d2dd4649aee7464be5411e6e1150878,215,0,1,0,GOVERNANCE
docs/audits/convergence/evidence/controlled-successor-20261006/checkpoint5-native-fin/ci-native-fin/v2/v2-epoch312/ci-ready100/private/.porota-predeploy-owner.json,added,d9d768fddfaf1e8f0122f9e594184f50afe4f585,1689,0,31,0,INDEX_MANIFEST_CANDIDATE
docs/audits/convergence/evidence/controlled-successor-20261006/checkpoint5-native-fin/ci-native-fin/v2/v2-epoch312/ci-ready100/private/native-owned-junit.xml,added,cc744afed4828f0fce06518463d48308ed6e6ef9,6366,0,18,0,GENERATED_RAW_OR_CAPTURED_SOURCE
docs/audits/convergence/evidence/controlled-successor-20261006/checkpoint5-native-fin/ci-native-fin/v2/v2-epoch312/ci-ready100/private/porota-pytest-collection-cli-control.json,added,95c406c85abdac3669e405bb4e8882e5e6d4fcbf,542,0,6,0,INDEX_MANIFEST_CANDIDATE
docs/audits/convergence/evidence/controlled-successor-20261006/checkpoint5-native-fin/ci-native-fin/v2/v2-epoch312/ci-ready100/private/porota-pytest-collection-launch-intent.json,added,803fafee15717a78d78fd731496168caf7fdea3d,1495,0,47,0,INDEX_MANIFEST_CANDIDATE
docs/audits/convergence/evidence/controlled-successor-20261006/checkpoint5-native-fin/ci-native-fin/v2/v2-epoch312/ci-ready100/private/porota-pytest-collection-owned-fin.json,added,761aabe39fc5f0a5288e9c83fff4e0804833b930,3934,0,104,0,INDEX_MANIFEST_CANDIDATE
docs/audits/convergence/evidence/controlled-successor-20261006/checkpoint5-native-fin/ci-native-fin/v2/v2-epoch312/ci-ready100/private/porota-pytest-collection-postread.json,added,39528dffd93dcc1e578d2a24d0c5bbcb93686d16,9502,0,120,0,INDEX_MANIFEST_CANDIDATE
docs/audits/convergence/evidence/controlled-successor-20261006/checkpoint5-native-fin/ci-native-fin/v2/v2-epoch312/ci-ready100/private/porota-pytest-collection-progress.json,added,ee6c90add8e3d5ae0de0cfadd81225916bb81bea,289,0,8,0,INDEX_MANIFEST_CANDIDATE
docs/audits/convergence/evidence/controlled-successor-20261006/checkpoint5-native-fin/ci-native-fin/v2/v2-epoch312/ci-ready100/private/porota-pytest-collection-retained.json,added,ae0fd71d009eb18c58864187d0ccd7c48ebe6ec5,1990,0,60,0,INDEX_MANIFEST_CANDIDATE
docs/audits/convergence/evidence/controlled-successor-20261006/checkpoint5-native-fin/ci-native-fin/v2/v2-epoch312/ci-ready100/private/porota-pytest-execution-cli-control.json,added,48ca5219e778494602c9a34c9b6681ef9d4cd0b4,531,0,6,0,INDEX_MANIFEST_CANDIDATE
docs/audits/convergence/evidence/controlled-successor-20261006/checkpoint5-native-fin/ci-native-fin/v2/v2-epoch312/ci-ready100/private/porota-pytest-launch-intent.json,added,a5dd568bf2907656abedc030bfdc8d7a0d8fd72f,1891,0,48,0,INDEX_MANIFEST_CANDIDATE
docs/audits/convergence/evidence/controlled-successor-20261006/checkpoint5-native-fin/ci-native-fin/v2/v2-epoch312/ci-ready100/private/porota-pytest-native.log,added,3ee64ef3f45558e375d24276c96e136ff6d76ac7,6355,0,25,0,GENERATED_RAW_OR_CAPTURED_SOURCE
docs/audits/convergence/evidence/controlled-successor-20261006/checkpoint5-native-fin/ci-native-fin/v2/v2-epoch312/ci-ready100/private/porota-pytest-owned-fin.json,added,a8270ea1f1f53952209bf2de2b359b339c605e81,49460,0,1706,0,INDEX_MANIFEST_CANDIDATE
docs/audits/convergence/evidence/controlled-successor-20261006/checkpoint5-native-fin/ci-native-fin/v2/v2-epoch312/ci-ready100/private/porota-pytest-postread.json,added,e142d59a0e7644d17f1792a0499a4be5435d26b5,59784,0,120,0,INDEX_MANIFEST_CANDIDATE
docs/audits/convergence/evidence/controlled-successor-20261006/checkpoint5-native-fin/ci-native-fin/v2/v2-epoch312/ci-ready100/private/porota-pytest-producers-postread.json,added,61316e517c8018281a8ec7d257bec47119fb20a5,74526,0,378,0,INDEX_MANIFEST_CANDIDATE
docs/audits/convergence/evidence/controlled-successor-20261006/checkpoint5-native-fin/ci-native-fin/v2/v2-epoch312/ci-ready100/private/porota-pytest-progress.json,added,70afa3754260caeeedfdfadcb8835b066599c965,289,0,8,0,INDEX_MANIFEST_CANDIDATE
docs/audits/convergence/evidence/controlled-successor-20261006/checkpoint5-native-fin/ci-native-fin/v2/v2-epoch312/ci-ready100/private/porota-pytest-retained.json,added,a11003bca80d6153dcb9ced01178c4d75207f2e1,2511,0,80,0,INDEX_MANIFEST_CANDIDATE
docs/audits/convergence/evidence/controlled-successor-20261006/checkpoint5-native-fin/ci-native-fin/v2/v2-epoch312/ci-ready100/private/porota-pytest-selected-fixture.json,added,2bdf273177dd139de911e7e30f2e1efc1670eb4b,116376,0,3535,0,INDEX_MANIFEST_CANDIDATE
docs/audits/convergence/evidence/controlled-successor-20261006/checkpoint5-native-fin/ci-native-fin/v2/v2-epoch312/ci-ready100/private/porota-test-collection.txt,added,d6e5e89ee20b7207af8f7f5046a68170cefcdda3,77,0,3,0,GOVERNANCE
docs/audits/convergence/evidence/controlled-successor-20261006/checkpoint5-native-fin/ci-native-fin/v2/v2-epoch312/ci-ready100/private/porota-test-workspace.json,added,d6a65e3a432b8f17f873b917bcd030c0e055ac1b,3159,0,91,0,INDEX_MANIFEST_CANDIDATE
docs/audits/convergence/evidence/controlled-successor-20261006/checkpoint5-native-fin/ci-native-fin/v2/v2-epoch312/ci-ready100/producer/producer-control.json,added,4a30fd40b0b59091ff2414ae428efda7ade1f955,33529,0,2031,0,INDEX_MANIFEST_CANDIDATE
docs/audits/convergence/evidence/controlled-successor-20261006/checkpoint5-native-fin/ci-native-fin/v2/v2-epoch312/ci-ready100/producer/producer.py.source,added,69d93f905e706a677847d27caeab7c383ab3ea69,4632,0,106,0,GENERATED_RAW_OR_CAPTURED_SOURCE
docs/audits/convergence/evidence/controlled-successor-20261006/checkpoint5-native-fin/ci-native-fin/v2/v2-epoch312/ci-ready100/runner/porota-predeploy-471-2.owner.json,added,27c5a0ed5ad0186e009008e3803af8f773d7833c,2601,0,59,0,INDEX_MANIFEST_CANDIDATE
docs/audits/convergence/evidence/controlled-successor-20261006/checkpoint5-native-fin/ci-native-fin/v2/v2-epoch312/ci-ready100/runner/porota-predeploy-471-2.pytest-collection-postread.json,added,39528dffd93dcc1e578d2a24d0c5bbcb93686d16,9502,0,120,0,INDEX_MANIFEST_CANDIDATE
docs/audits/convergence/evidence/controlled-successor-20261006/checkpoint5-native-fin/ci-native-fin/v2/v2-epoch312/ci-ready100/runner/porota-predeploy-471-2.pytest-postread.json,added,e142d59a0e7644d17f1792a0499a4be5435d26b5,59784,0,120,0,INDEX_MANIFEST_CANDIDATE
docs/audits/convergence/evidence/controlled-successor-20261006/checkpoint5-native-fin/ci-native-fin/v2/v2-epoch312/ci-ready100/runner/porota-predeploy-471-2.pytest-producers-postread.json,added,61316e517c8018281a8ec7d257bec47119fb20a5,74526,0,378,0,INDEX_MANIFEST_CANDIDATE
docs/audits/convergence/evidence/controlled-successor-20261006/checkpoint5-native-fin/ci-native-fin/v2/v2-epoch312/ci-ready100/test_native_owned.py.source,added,4b1532131fa0c03d4e74177794f0c4599c730163,5539,0,13,0,GENERATED_RAW_OR_CAPTURED_SOURCE
docs/audits/convergence/evidence/controlled-successor-20261006/checkpoint5-native-fin/ci-native-fin/v2/v2-epoch312/collection-identities.json,added,b505d4fd1e3d4fe7759b0e777b3416838345a6e4,8929,0,81,0,INDEX_MANIFEST_CANDIDATE
docs/audits/convergence/evidence/controlled-successor-20261006/checkpoint5-native-fin/ci-native-fin/v2/v2-epoch312/collection.kernel.json,added,f765590dbd85e717ff02803446a26bc849683b07,2219,0,67,0,INDEX_MANIFEST_CANDIDATE
docs/audits/convergence/evidence/controlled-successor-20261006/checkpoint5-native-fin/ci-native-fin/v2/v2-epoch312/collection.log,added,2574c6d5171203867e34207fcbe62f231551cc21,8046,0,69,0,GENERATED_RAW_OR_CAPTURED_SOURCE
docs/audits/convergence/evidence/controlled-successor-20261006/checkpoint5-native-fin/ci-native-fin/v2/v2-epoch312/execution.kernel.json,added,f884c1dbd68e413029a587501765b3c7ba48e749,4435,0,148,0,INDEX_MANIFEST_CANDIDATE
docs/audits/convergence/evidence/controlled-successor-20261006/checkpoint5-native-fin/ci-native-fin/v2/v2-epoch312/execution.log,added,999ad93b83dafe38a8052fd5daf84c864b5ccea5,80,0,1,0,GENERATED_RAW_OR_CAPTURED_SOURCE
docs/audits/convergence/evidence/controlled-successor-20261006/checkpoint5-native-fin/ci-native-fin/v2/v2-epoch312/junit.xml,added,ab04118386c849b8313dea78af73fd0d2a24924e,10948,0,1,0,GENERATED_RAW_OR_CAPTURED_SOURCE
docs/audits/convergence/evidence/controlled-successor-20261006/checkpoint5-native-fin/ci-native-fin/v2/v2-epoch312/launch.json,added,e793a6f59ff1b47fb3dc884711c1c5795abf5859,16942,0,833,0,INDEX_MANIFEST_CANDIDATE
docs/audits/convergence/evidence/controlled-successor-20261006/checkpoint5-native-fin/ci-native-fin/v2/v2-epoch312/native-controls/test_live_detached6_remains_un0/outer-kernel.json,added,155fa6ac83e097b2497a5ca6950b6a3d36e4eafe,2415,0,1,0,INDEX_MANIFEST_CANDIDATE
docs/audits/convergence/evidence/controlled-successor-20261006/checkpoint5-native-fin/ci-native-fin/v2/v2-epoch312/native-controls/test_live_detached6_remains_un0/producer-control.json,added,8759936c1e70d79551cf276d022f4cbed2ad790c,927,0,43,0,INDEX_MANIFEST_CANDIDATE
docs/audits/convergence/evidence/controlled-successor-20261006/checkpoint5-native-fin/ci-native-fin/v2/v2-epoch312/native-controls/test_live_detached6_remains_un0/producer.log,added,e69de29bb2d1d6434b8b29ae775ad8c2e48c5391,0,0,0,0,GENERATED_RAW_OR_CAPTURED_SOURCE
docs/audits/convergence/evidence/controlled-successor-20261006/checkpoint5-native-fin/ci-native-fin/v2/v2-epoch312/native-controls/test_live_detached6_remains_un0/producer.py.source,added,69d93f905e706a677847d27caeab7c383ab3ea69,4632,0,106,0,GENERATED_RAW_OR_CAPTURED_SOURCE
docs/audits/convergence/evidence/controlled-successor-20261006/checkpoint5-native-fin/ci-native-fin/v2/v2-epoch312/native-controls/test_live_detached6_remains_un0/supervisor.log,added,e56f621d2439e219986af9e7667827673835f8cc,5775,0,1,0,GENERATED_RAW_OR_CAPTURED_SOURCE
docs/audits/convergence/evidence/controlled-successor-20261006/checkpoint5-native-fin/ci-native-fin/v2/v2-epoch312/native-controls/test_live_detached6_remains_un0/supervisor.py.source,added,a9f5d30a508790d386becf7c5743c52eb1bdc4e2,5213,0,106,0,GENERATED_RAW_OR_CAPTURED_SOURCE
docs/audits/convergence/evidence/controlled-successor-20261006/checkpoint5-native-fin/ci-native-fin/v2/v2-epoch312/native-controls/test_normal_exit0_has_same_par0/outer-kernel.json,added,108927bbbb0fc485983961955ac5d4d2c55cea85,2414,0,1,0,INDEX_MANIFEST_CANDIDATE
docs/audits/convergence/evidence/controlled-successor-20261006/checkpoint5-native-fin/ci-native-fin/v2/v2-epoch312/native-controls/test_normal_exit0_has_same_par0/producer-control.json,added,6779ea748a3c0a32b824fc9b796358c3400fad0b,728,0,29,0,INDEX_MANIFEST_CANDIDATE
docs/audits/convergence/evidence/controlled-successor-20261006/checkpoint5-native-fin/ci-native-fin/v2/v2-epoch312/native-controls/test_normal_exit0_has_same_par0/producer.log,added,e69de29bb2d1d6434b8b29ae775ad8c2e48c5391,0,0,0,0,GENERATED_RAW_OR_CAPTURED_SOURCE
docs/audits/convergence/evidence/controlled-successor-20261006/checkpoint5-native-fin/ci-native-fin/v2/v2-epoch312/native-controls/test_normal_exit0_has_same_par0/producer.py.source,added,69d93f905e706a677847d27caeab7c383ab3ea69,4632,0,106,0,GENERATED_RAW_OR_CAPTURED_SOURCE
docs/audits/convergence/evidence/controlled-successor-20261006/checkpoint5-native-fin/ci-native-fin/v2/v2-epoch312/native-controls/test_normal_exit0_has_same_par0/supervisor.log,added,765a1c60a1c315e0cbea9283ae4dd97d8f6a3fec,3889,0,1,0,GENERATED_RAW_OR_CAPTURED_SOURCE
docs/audits/convergence/evidence/controlled-successor-20261006/checkpoint5-native-fin/ci-native-fin/v2/v2-epoch312/native-controls/test_normal_exit0_has_same_par0/supervisor.py.source,added,a9f5d30a508790d386becf7c5743c52eb1bdc4e2,5213,0,106,0,GENERATED_RAW_OR_CAPTURED_SOURCE
docs/audits/convergence/evidence/controlled-successor-20261006/checkpoint5-native-fin/ci-native-fin/v2/v2-epoch312/native-controls/test_ready100_real_owned_zombi0/outer-kernel.json,added,3cc3e167760eeee1f0ebdf4ce3b440679f990d60,2446,0,1,0,INDEX_MANIFEST_CANDIDATE
docs/audits/convergence/evidence/controlled-successor-20261006/checkpoint5-native-fin/ci-native-fin/v2/v2-epoch312/native-controls/test_ready100_real_owned_zombi0/producer-control.json,added,08f7aadbc1c8dc2a92886d838ef600261de4078a,33529,0,2031,0,INDEX_MANIFEST_CANDIDATE
docs/audits/convergence/evidence/controlled-successor-20261006/checkpoint5-native-fin/ci-native-fin/v2/v2-epoch312/native-controls/test_ready100_real_owned_zombi0/producer.log,added,e69de29bb2d1d6434b8b29ae775ad8c2e48c5391,0,0,0,0,GENERATED_RAW_OR_CAPTURED_SOURCE
docs/audits/convergence/evidence/controlled-successor-20261006/checkpoint5-native-fin/ci-native-fin/v2/v2-epoch312/native-controls/test_ready100_real_owned_zombi0/producer.py.source,added,69d93f905e706a677847d27caeab7c383ab3ea69,4632,0,106,0,GENERATED_RAW_OR_CAPTURED_SOURCE
docs/audits/convergence/evidence/controlled-successor-20261006/checkpoint5-native-fin/ci-native-fin/v2/v2-epoch312/native-controls/test_ready100_real_owned_zombi0/supervisor.log,added,9b7e05d333e2ffe31203cacb7431c4c88224c4e6,57639,0,1,0,GENERATED_RAW_OR_CAPTURED_SOURCE
docs/audits/convergence/evidence/controlled-successor-20261006/checkpoint5-native-fin/ci-native-fin/v2/v2-epoch312/native-controls/test_ready100_real_owned_zombi0/supervisor.py.source,added,a9f5d30a508790d386becf7c5743c52eb1bdc4e2,5213,0,106,0,GENERATED_RAW_OR_CAPTURED_SOURCE
docs/audits/convergence/evidence/controlled-successor-20261006/checkpoint5-native-fin/ci-native-fin/v2/v2-epoch312/native-controls/test_ready100_real_owned_zombi1/outer-kernel.json,added,7c1cf2887f03c6dd4298d22d9f5ffb36cb902eef,2423,0,1,0,INDEX_MANIFEST_CANDIDATE
docs/audits/convergence/evidence/controlled-successor-20261006/checkpoint5-native-fin/ci-native-fin/v2/v2-epoch312/native-controls/test_ready100_real_owned_zombi1/producer-control.json,added,cf687ee657c4695675ebbefff717633d664df617,33529,0,2031,0,INDEX_MANIFEST_CANDIDATE
docs/audits/convergence/evidence/controlled-successor-20261006/checkpoint5-native-fin/ci-native-fin/v2/v2-epoch312/native-controls/test_ready100_real_owned_zombi1/producer.log,added,e69de29bb2d1d6434b8b29ae775ad8c2e48c5391,0,0,0,0,GENERATED_RAW_OR_CAPTURED_SOURCE
docs/audits/convergence/evidence/controlled-successor-20261006/checkpoint5-native-fin/ci-native-fin/v2/v2-epoch312/native-controls/test_ready100_real_owned_zombi1/producer.py.source,added,69d93f905e706a677847d27caeab7c383ab3ea69,4632,0,106,0,GENERATED_RAW_OR_CAPTURED_SOURCE
docs/audits/convergence/evidence/controlled-successor-20261006/checkpoint5-native-fin/ci-native-fin/v2/v2-epoch312/native-controls/test_ready100_real_owned_zombi1/supervisor.log,added,a6f4557ae9a444092e6d1202a1a97ce9a8a8de69,56788,0,1,0,GENERATED_RAW_OR_CAPTURED_SOURCE
docs/audits/convergence/evidence/controlled-successor-20261006/checkpoint5-native-fin/ci-native-fin/v2/v2-epoch312/native-controls/test_ready100_real_owned_zombi1/supervisor.py.source,added,a9f5d30a508790d386becf7c5743c52eb1bdc4e2,5213,0,106,0,GENERATED_RAW_OR_CAPTURED_SOURCE
docs/audits/convergence/evidence/controlled-successor-20261006/checkpoint5-native-fin/ci-native-fin/v2/v2-epoch312/progress-0000.json,added,ebfbe868259399536e70182fa3089691de42d42f,236,0,9,0,INDEX_MANIFEST_CANDIDATE
docs/audits/convergence/evidence/controlled-successor-20261006/checkpoint5-native-fin/ci-native-fin/v2/v2-epoch312/progress-0001.json,added,b44398e56cf9a774290ebe3d2fd39809498a565d,236,0,9,0,INDEX_MANIFEST_CANDIDATE
docs/audits/convergence/evidence/controlled-successor-20261006/checkpoint5-native-fin/ci-native-fin/v2/v2-epoch312/progress-0002.json,added,76938588d5cf7e6eedba7e4522ee8ebf8402359c,230,0,9,0,INDEX_MANIFEST_CANDIDATE
docs/audits/convergence/evidence/controlled-successor-20261006/checkpoint5-native-fin/ci-native-fin/v2/v2-epoch312/progress-0003.json,added,4e49dda5bf485ca373bf491de0d40cb13e4275ea,231,0,9,0,INDEX_MANIFEST_CANDIDATE
docs/audits/convergence/evidence/controlled-successor-20261006/checkpoint5-native-fin/ci-native-fin/v2/v2-epoch312/progress-0004.json,added,9b654ce4e6277058195ec000af0ff1a40fde8431,231,0,9,0,INDEX_MANIFEST_CANDIDATE
docs/audits/convergence/evidence/controlled-successor-20261006/checkpoint5-native-fin/ci-native-fin/v2/v2-epoch312/progress-0005.json,added,e82f414d7e5f44a97721e1f8178f2fc799219fa8,231,0,9,0,INDEX_MANIFEST_CANDIDATE
docs/audits/convergence/evidence/controlled-successor-20261006/checkpoint5-native-fin/ci-native-fin/v2/v2-epoch312/progress-0006.json,added,4c2d5d055467be68b95dcdcc1f96b41bbcc3d69f,231,0,9,0,INDEX_MANIFEST_CANDIDATE
docs/audits/convergence/evidence/controlled-successor-20261006/checkpoint5-native-fin/ci-native-fin/v2/v2-epoch312/progress-0007.json,added,6f05e59f824838eaf688e71e77a92e727910983f,231,0,9,0,INDEX_MANIFEST_CANDIDATE
docs/audits/convergence/evidence/controlled-successor-20261006/checkpoint5-native-fin/ci-native-fin/v2/v2-epoch312/progress-0008.json,added,ca64692a7205d1e7194a7a3f21a0d65dd4770777,231,0,9,0,INDEX_MANIFEST_CANDIDATE
docs/audits/convergence/evidence/controlled-successor-20261006/checkpoint5-native-fin/ci-native-fin/v2/v2-epoch312/progress-0009.json,added,e2980a7cf9b68220eb2bc0895f0a3e1de0351ab1,230,0,9,0,INDEX_MANIFEST_CANDIDATE
docs/audits/convergence/evidence/controlled-successor-20261006/checkpoint5-native-fin/ci-native-fin/v2/v2-epoch312/progress-0010.json,added,14b1c88d64403e9c7c086a55b958b00a3b0a5fd7,230,0,9,0,INDEX_MANIFEST_CANDIDATE
docs/audits/convergence/evidence/controlled-successor-20261006/checkpoint5-native-fin/ci-native-fin/v2/v2-epoch312/progress-0011.json,added,6e1daf8415f6b82500ec682235717b881f842d09,230,0,9,0,INDEX_MANIFEST_CANDIDATE
docs/audits/convergence/evidence/controlled-successor-20261006/checkpoint5-native-fin/ci-native-fin/v2/v2-epoch312/progress-0012.json,added,b452c6c8cf64eb5779c4119a18b76f36645978c3,230,0,9,0,INDEX_MANIFEST_CANDIDATE
docs/audits/convergence/evidence/controlled-successor-20261006/checkpoint5-native-fin/ci-native-fin/v2/v2-epoch312/progress-0013.json,added,0aae90af4649e328becf6c7a7179b5a03b32b022,231,0,9,0,INDEX_MANIFEST_CANDIDATE
docs/audits/convergence/evidence/controlled-successor-20261006/checkpoint5-native-fin/ci-native-fin/v2/v2-epoch312/progress-0014.json,added,c85bf769a805cd521b924fdf266284c80aeecff5,230,0,9,0,INDEX_MANIFEST_CANDIDATE
docs/audits/convergence/evidence/controlled-successor-20261006/checkpoint5-native-fin/ci-native-fin/v2/v2-epoch312/progress-0015.json,added,978155f25bb525bf28f0ccdc8a2f9734de3d8f47,229,0,9,0,INDEX_MANIFEST_CANDIDATE
docs/audits/convergence/evidence/controlled-successor-20261006/checkpoint5-native-fin/ci-native-fin/v2/v2-epoch312/progress-0016.json,added,4f4d02239dfeaa8152bd7599f3c244ae720e4a03,230,0,9,0,INDEX_MANIFEST_CANDIDATE
docs/audits/convergence/evidence/controlled-successor-20261006/checkpoint5-native-fin/ci-native-fin/v2/v2-epoch312/progress-0017.json,added,1ccb2555ab2ba4743b277bc00056db3da36425b1,229,0,9,0,INDEX_MANIFEST_CANDIDATE
docs/audits/convergence/evidence/controlled-successor-20261006/checkpoint5-native-fin/ci-native-fin/v2/v2-epoch312/progress-0018.json,added,b8c9a14ea072f90b7c6c73e29ff1fde937458a26,230,0,9,0,INDEX_MANIFEST_CANDIDATE
docs/audits/convergence/evidence/controlled-successor-20261006/checkpoint5-native-fin/ci-native-fin/v2/v2-epoch312/progress-0019.json,added,4e14d868f3023d036039d7ba2a15b20622982592,230,0,9,0,INDEX_MANIFEST_CANDIDATE
docs/audits/convergence/evidence/controlled-successor-20261006/checkpoint5-native-fin/ci-native-fin/v2/v2-epoch312/receipt.json,added,c42f7cc3c8dbf0966651d8562b83635c4c24d2e1,44472,0,1502,0,INDEX_MANIFEST_CANDIDATE
docs/audits/convergence/evidence/controlled-successor-20261006/checkpoint5-native-fin/families-diagnostic/closed-read-causal-note.json,added,ae1d9a0fc2fe83e74c3e66e962226ce16bc3f801,15835,0,412,0,INDEX_MANIFEST_CANDIDATE
docs/audits/convergence/evidence/controlled-successor-20261006/checkpoint5-native-fin/families-diagnostic/families_read_profile_v1.py.source,added,939bff35cdf43e6e35de7955f93a48176b848254,37372,0,653,0,GENERATED_RAW_OR_CAPTURED_SOURCE
docs/audits/convergence/evidence/controlled-successor-20261006/checkpoint5-native-fin/families-diagnostic/families_read_profile_v2.py.source,added,60aacd5ae4d5ce1c26864966aa14167a6b180161,38253,0,672,0,GENERATED_RAW_OR_CAPTURED_SOURCE
docs/audits/convergence/evidence/controlled-successor-20261006/checkpoint5-native-fin/families-diagnostic/plan.json,added,d59cc3a3f9eb38e0db9f78192502629d0f55a658,6217,0,125,0,INDEX_MANIFEST_CANDIDATE
docs/audits/convergence/evidence/controlled-successor-20261006/checkpoint5-native-fin/families-diagnostic/raw/child.call-profile.json,added,e269104a0c78c9268248c05d602d5610123cdb37,14717,0,449,0,GENERATED_RAW_OR_CAPTURED_SOURCE
docs/audits/convergence/evidence/controlled-successor-20261006/checkpoint5-native-fin/families-diagnostic/raw/child.final.json,added,9034862521608b89177d371a53f85ac6d59854c2,1234,0,47,0,GENERATED_RAW_OR_CAPTURED_SOURCE
docs/audits/convergence/evidence/controlled-successor-20261006/checkpoint5-native-fin/families-diagnostic/raw/child.finalization.json,added,4f1579b97cd664e6448ded1abbb3d70ce8652549,1595,0,56,0,GENERATED_RAW_OR_CAPTURED_SOURCE
docs/audits/convergence/evidence/controlled-successor-20261006/checkpoint5-native-fin/families-diagnostic/raw/child.function-binding-after.json,added,1877fa8be7e8f0201976e0d63a384b04d3f09f59,2585,0,50,0,GENERATED_RAW_OR_CAPTURED_SOURCE
docs/audits/convergence/evidence/controlled-successor-20261006/checkpoint5-native-fin/families-diagnostic/raw/child.function-binding-before.json,added,9f8f7b90c77ccfd9f25ab45afc4fccf437b633e7,2585,0,50,0,GENERATED_RAW_OR_CAPTURED_SOURCE
docs/audits/convergence/evidence/controlled-successor-20261006/checkpoint5-native-fin/families-diagnostic/raw/child.import-before.json,added,7c05f5da2081aa09f1830285c2c4ce8622f2f12b,40259,0,1183,0,GENERATED_RAW_OR_CAPTURED_SOURCE
docs/audits/convergence/evidence/controlled-successor-20261006/checkpoint5-native-fin/families-diagnostic/raw/child.import-final.json,added,186a3c453891f83c063f2314446f93ba0778fb25,218408,0,5948,0,GENERATED_RAW_OR_CAPTURED_SOURCE
docs/audits/convergence/evidence/controlled-successor-20261006/checkpoint5-native-fin/families-diagnostic/raw/child.native-result-or-partial.json.gz,added,c374f6f236687e1fd6cf0bb5b2e42ebd555d0ba7,60104,0,-,-,GENERATED_RAW_OR_CAPTURED_SOURCE
docs/audits/convergence/evidence/controlled-successor-20261006/checkpoint5-native-fin/families-diagnostic/raw/child.read-final.json,added,044f7f87014e1798f9c21fee47f5156bf17c42b6,917,0,37,0,GENERATED_RAW_OR_CAPTURED_SOURCE
docs/audits/convergence/evidence/controlled-successor-20261006/checkpoint5-native-fin/families-diagnostic/raw/child.sqlite-connect-audit.json,added,5c647c818cde97485d7867e8b658cabcb4ae8225,246,0,12,0,GENERATED_RAW_OR_CAPTURED_SOURCE
docs/audits/convergence/evidence/controlled-successor-20261006/checkpoint5-native-fin/families-diagnostic/raw/collection.installed-closure.json,added,023391cb8a800e6411c0197444c702b6745e19fa,1806,0,47,0,GENERATED_RAW_OR_CAPTURED_SOURCE
docs/audits/convergence/evidence/controlled-successor-20261006/checkpoint5-native-fin/families-diagnostic/raw/collection.namespace.json,added,17c1e88b6b51479dcd4f9214c1e5544b6a3d2e86,656,0,11,0,GENERATED_RAW_OR_CAPTURED_SOURCE
docs/audits/convergence/evidence/controlled-successor-20261006/checkpoint5-native-fin/families-diagnostic/raw/collection.offline-capability.json,added,d365367ba1375925d9a4fc5d76cfeddb9ed4d74f,604,0,21,0,GENERATED_RAW_OR_CAPTURED_SOURCE
docs/audits/convergence/evidence/controlled-successor-20261006/checkpoint5-native-fin/families-diagnostic/raw/execution.installed-closure.json,added,023391cb8a800e6411c0197444c702b6745e19fa,1806,0,47,0,GENERATED_RAW_OR_CAPTURED_SOURCE
docs/audits/convergence/evidence/controlled-successor-20261006/checkpoint5-native-fin/families-diagnostic/raw/execution.namespace.json,added,9e2ab5e4be0634b00a791390c3ffa62637becf7a,653,0,11,0,GENERATED_RAW_OR_CAPTURED_SOURCE
docs/audits/convergence/evidence/controlled-successor-20261006/checkpoint5-native-fin/families-diagnostic/raw/execution.offline-capability.json,added,d365367ba1375925d9a4fc5d76cfeddb9ed4d74f,604,0,21,0,GENERATED_RAW_OR_CAPTURED_SOURCE
docs/audits/convergence/evidence/controlled-successor-20261006/checkpoint5-native-fin/families-diagnostic/raw/final.json,added,98fdfc4e971b31c7bf11631463bf3c6fb40f2d99,8987,0,301,0,GENERATED_RAW_OR_CAPTURED_SOURCE
docs/audits/convergence/evidence/controlled-successor-20261006/checkpoint5-native-fin/families-diagnostic/raw/kernel-supervision.json,added,6a8f54c22b8099ca5b53a9d3e84e60f781ad0bb3,2029,0,58,0,GENERATED_RAW_OR_CAPTURED_SOURCE
docs/audits/convergence/evidence/controlled-successor-20261006/checkpoint5-native-fin/families-diagnostic/raw/launch.json,added,6f10d4ccc55eb97c6b8e33cd6611fa6915f4a61d,2125,0,53,0,GENERATED_RAW_OR_CAPTURED_SOURCE
docs/audits/convergence/evidence/controlled-successor-20261006/checkpoint5-native-fin/families-diagnostic/raw/native.log,added,e69de29bb2d1d6434b8b29ae775ad8c2e48c5391,0,0,0,0,GENERATED_RAW_OR_CAPTURED_SOURCE
docs/audits/convergence/evidence/controlled-successor-20261006/checkpoint5-native-fin/families-diagnostic/raw/parent.cloned-data-after.json,added,2f4d6e251d52f6a14935e5d15b0fc44194c34e08,388,0,16,0,GENERATED_RAW_OR_CAPTURED_SOURCE
docs/audits/convergence/evidence/controlled-successor-20261006/checkpoint5-native-fin/families-diagnostic/raw/parent.cloned-data-before.json,added,2f4d6e251d52f6a14935e5d15b0fc44194c34e08,388,0,16,0,GENERATED_RAW_OR_CAPTURED_SOURCE
docs/audits/convergence/evidence/controlled-successor-20261006/checkpoint5-native-fin/families-diagnostic/raw/parent.frozen-source-after.json.gz,added,ca27ac0e0accd4c13c93db1f19a5b16c4ecfe007,319910,0,-,-,GENERATED_RAW_OR_CAPTURED_SOURCE
docs/audits/convergence/evidence/controlled-successor-20261006/checkpoint5-native-fin/families-diagnostic/raw/parent.frozen-source-before.json.gz,added,ca27ac0e0accd4c13c93db1f19a5b16c4ecfe007,319910,0,-,-,GENERATED_RAW_OR_CAPTURED_SOURCE
docs/audits/convergence/evidence/controlled-successor-20261006/checkpoint5-native-fin/families-diagnostic/raw/parent.original-data-after.json,added,29c576a1d825f127970ac392c55ab368b854341e,388,0,16,0,GENERATED_RAW_OR_CAPTURED_SOURCE
docs/audits/convergence/evidence/controlled-successor-20261006/checkpoint5-native-fin/families-diagnostic/raw/parent.original-data-before.json,added,29c576a1d825f127970ac392c55ab368b854341e,388,0,16,0,GENERATED_RAW_OR_CAPTURED_SOURCE
docs/audits/convergence/evidence/controlled-successor-20261006/checkpoint5-native-fin/families-diagnostic/raw/parent.postread-kernel-barrier.json,added,35f96dad0e078a7cd58320491a59040118cfd575,351,0,10,0,GENERATED_RAW_OR_CAPTURED_SOURCE
docs/audits/convergence/evidence/controlled-successor-20261006/checkpoint5-native-fin/families-diagnostic/raw/parent.source-after.json.gz,added,92d674f226a8719ea7a32bad84d9525255c2bb8c,350875,0,-,-,GENERATED_RAW_OR_CAPTURED_SOURCE
docs/audits/convergence/evidence/controlled-successor-20261006/checkpoint5-native-fin/families-diagnostic/raw/parent.source-before.json.gz,added,ca8505ba77440f665d41b57c0eec2e0fb6c9901d,350775,0,-,-,GENERATED_RAW_OR_CAPTURED_SOURCE
docs/audits/convergence/evidence/controlled-successor-20261006/checkpoint5-native-fin/gc-context-diagnostic/closed-gc-causal-note.json,added,77239c23e9a5976c540e41bc4181431211943ef9,27411,0,751,0,INDEX_MANIFEST_CANDIDATE
docs/audits/convergence/evidence/controlled-successor-20261006/checkpoint5-native-fin/gc-context-diagnostic/closed-raw-index.json,added,7979a0ef6c2a2003d8b6c2dcff733e2a2274b0cf,14148,0,472,0,INDEX_MANIFEST_CANDIDATE
docs/audits/convergence/evidence/controlled-successor-20261006/checkpoint5-native-fin/gc-context-diagnostic/contextual_gc_body.fragment.py.source,added,f2eca851c42146168d4bb40b37cfcc5fe8f5285e,25597,0,383,0,GENERATED_RAW_OR_CAPTURED_SOURCE
docs/audits/convergence/evidence/controlled-successor-20261006/checkpoint5-native-fin/gc-context-diagnostic/contextual_gc_passive_v1.py.source,added,579e31b638ca1057745fbf60d0db59e7f1f4c40c,7118,0,168,0,GENERATED_RAW_OR_CAPTURED_SOURCE
docs/audits/convergence/evidence/controlled-successor-20261006/checkpoint5-native-fin/gc-context-diagnostic/contextual_gc_passive_v2.py.source,added,b55bdbd144c6515bfbe30e69d9e544f1ad45c612,32814,0,554,0,GENERATED_RAW_OR_CAPTURED_SOURCE
docs/audits/convergence/evidence/controlled-successor-20261006/checkpoint5-native-fin/gc-context-diagnostic/contextual_gc_passive_v3.py.source,added,df9bc9ba16514ae8671f3ef07c653f9f04e08a0f,33018,0,557,0,GENERATED_RAW_OR_CAPTURED_SOURCE
docs/audits/convergence/evidence/controlled-successor-20261006/checkpoint5-native-fin/gc-context-diagnostic/plan.v2.json,added,93d4f9d9b43091c7a4a331339f4b40c187517b67,6123,0,119,0,INDEX_MANIFEST_CANDIDATE
docs/audits/convergence/evidence/controlled-successor-20261006/checkpoint5-native-fin/gc-context-diagnostic/plan.v3.json,added,8d28b6352f4261ade6cddb1df6211f73d19050a9,8265,0,172,0,INDEX_MANIFEST_CANDIDATE
docs/audits/convergence/evidence/controlled-successor-20261006/checkpoint5-native-fin/gc-context-diagnostic/raw/closed-gc-context-join.json.gz,added,83fb5e6e87219233311abc0801d8cc8e715e8097,59947,0,-,-,GENERATED_RAW_OR_CAPTURED_SOURCE
docs/audits/convergence/evidence/controlled-successor-20261006/checkpoint5-native-fin/gc-context-diagnostic/raw/collection.installed-closure.json,added,023391cb8a800e6411c0197444c702b6745e19fa,1806,0,47,0,GENERATED_RAW_OR_CAPTURED_SOURCE
docs/audits/convergence/evidence/controlled-successor-20261006/checkpoint5-native-fin/gc-context-diagnostic/raw/collection.namespace.json,added,905f1cd9f0127a22cc50a34a413ba2cae0f75895,632,0,11,0,GENERATED_RAW_OR_CAPTURED_SOURCE
docs/audits/convergence/evidence/controlled-successor-20261006/checkpoint5-native-fin/gc-context-diagnostic/raw/collection.offline-capability.json,added,d365367ba1375925d9a4fc5d76cfeddb9ed4d74f,604,0,21,0,GENERATED_RAW_OR_CAPTURED_SOURCE
docs/audits/convergence/evidence/controlled-successor-20261006/checkpoint5-native-fin/gc-context-diagnostic/raw/final.json,added,d9baa6d3702e62865ef1b23d3b1213f5e1427ef5,16076,0,570,0,GENERATED_RAW_OR_CAPTURED_SOURCE
docs/audits/convergence/evidence/controlled-successor-20261006/checkpoint5-native-fin/gc-context-diagnostic/raw/kernel-supervision.json,added,35fe371bbaa949f62d116e651a9a371f8d70a48d,2038,0,58,0,GENERATED_RAW_OR_CAPTURED_SOURCE
docs/audits/convergence/evidence/controlled-successor-20261006/checkpoint5-native-fin/gc-context-diagnostic/raw/launch.json,added,e3b91dbfc6bed38160c772aa8f582f223f0df9ec,2149,0,52,0,GENERATED_RAW_OR_CAPTURED_SOURCE
docs/audits/convergence/evidence/controlled-successor-20261006/checkpoint5-native-fin/gc-context-diagnostic/raw/native-stress-result.json.gz,added,573a27cb051dfe13d3c080e0a7c1fa440f543ad9,141017,0,-,-,GENERATED_RAW_OR_CAPTURED_SOURCE
docs/audits/convergence/evidence/controlled-successor-20261006/checkpoint5-native-fin/gc-context-diagnostic/raw/native.log,added,94061c3c09b2b6a47640c55179ba1cf6354acd9b,141,0,1,0,GENERATED_RAW_OR_CAPTURED_SOURCE
docs/audits/convergence/evidence/controlled-successor-20261006/checkpoint5-native-fin/gc-context-diagnostic/raw/parent.native-data-after-fin.json,added,94c36aada7809b572d745aff5e4aacafb1c11b90,388,0,16,0,GENERATED_RAW_OR_CAPTURED_SOURCE
docs/audits/convergence/evidence/controlled-successor-20261006/checkpoint5-native-fin/gc-context-diagnostic/raw/parent.original-data-after.json,added,29c576a1d825f127970ac392c55ab368b854341e,388,0,16,0,GENERATED_RAW_OR_CAPTURED_SOURCE
docs/audits/convergence/evidence/controlled-successor-20261006/checkpoint5-native-fin/gc-context-diagnostic/raw/parent.original-data-before.json,added,29c576a1d825f127970ac392c55ab368b854341e,388,0,16,0,GENERATED_RAW_OR_CAPTURED_SOURCE
docs/audits/convergence/evidence/controlled-successor-20261006/checkpoint5-native-fin/gc-context-diagnostic/raw/parent.original-source-after.json.gz,added,ca27ac0e0accd4c13c93db1f19a5b16c4ecfe007,319910,0,-,-,GENERATED_RAW_OR_CAPTURED_SOURCE
docs/audits/convergence/evidence/controlled-successor-20261006/checkpoint5-native-fin/gc-context-diagnostic/raw/parent.original-source-before.json.gz,added,ca27ac0e0accd4c13c93db1f19a5b16c4ecfe007,319910,0,-,-,GENERATED_RAW_OR_CAPTURED_SOURCE
docs/audits/convergence/evidence/controlled-successor-20261006/checkpoint5-native-fin/gc-context-diagnostic/raw/parent.source-after.json.gz,added,562ae2b4f92b2f27e098550e033974bb4b01a271,352205,0,-,-,GENERATED_RAW_OR_CAPTURED_SOURCE
docs/audits/convergence/evidence/controlled-successor-20261006/checkpoint5-native-fin/gc-context-diagnostic/raw/parent.source-before.json.gz,added,dbc98c68aee36ebbbfe97e08423b2bd0ad69677c,351863,0,-,-,GENERATED_RAW_OR_CAPTURED_SOURCE
docs/audits/convergence/evidence/controlled-successor-20261006/checkpoint5-native-fin/gc-context-diagnostic/raw/postread-kernel-barrier.json,added,3198a830f408f4564fbc699d090f8dc8e4c5a2bb,337,0,11,0,GENERATED_RAW_OR_CAPTURED_SOURCE
docs/audits/convergence/evidence/controlled-successor-20261006/checkpoint5-native-fin/gc-context-diagnostic/raw/process-25509/gc-events.jsonl,added,ce64534b875bb921f124b1f5d761a60579a9cd0d,120149,0,442,0,GENERATED_RAW_OR_CAPTURED_SOURCE
docs/audits/convergence/evidence/controlled-successor-20261006/checkpoint5-native-fin/gc-context-diagnostic/raw/process-25509/gc-observer-final.json,added,3868e4f12cd84ce5e870e6f815ea9269dbba436b,857,0,38,0,GENERATED_RAW_OR_CAPTURED_SOURCE
docs/audits/convergence/evidence/controlled-successor-20261006/checkpoint5-native-fin/gc-context-diagnostic/raw/process-25509/inet-audit-final.json,added,a1980c9e8c8a422f0ca1055f565c8f4159743f88,659,0,20,0,GENERATED_RAW_OR_CAPTURED_SOURCE
docs/audits/convergence/evidence/controlled-successor-20261006/checkpoint5-native-fin/gc-context-diagnostic/raw/process-25509/namespace.json,added,d9e9386693074cdc055b924329ec5d51acc52f76,671,0,11,0,GENERATED_RAW_OR_CAPTURED_SOURCE
docs/audits/convergence/evidence/controlled-successor-20261006/checkpoint5-native-fin/gc-context-diagnostic/raw/process-25509/offline-capability.json,added,d365367ba1375925d9a4fc5d76cfeddb9ed4d74f,604,0,21,0,GENERATED_RAW_OR_CAPTURED_SOURCE
docs/audits/convergence/evidence/controlled-successor-20261006/checkpoint5-native-fin/gc-context-diagnostic/raw/process-25515/gc-events.jsonl.gz,added,eb493d04b76e9fec848dd0557739ffae5eef9724,810418,0,-,-,GENERATED_RAW_OR_CAPTURED_SOURCE
docs/audits/convergence/evidence/controlled-successor-20261006/checkpoint5-native-fin/gc-context-diagnostic/raw/process-25515/gc-observer-final.json,added,6bc41863439147f1d9da7245829dc47dfd6867e2,876,0,38,0,GENERATED_RAW_OR_CAPTURED_SOURCE
docs/audits/convergence/evidence/controlled-successor-20261006/checkpoint5-native-fin/gc-context-diagnostic/raw/process-25515/inet-audit-final.json,added,fa50c4f876eda1b6b37deaf761621c1012c8b404,113,0,5,0,GENERATED_RAW_OR_CAPTURED_SOURCE
docs/audits/convergence/evidence/controlled-successor-20261006/checkpoint5-native-fin/gc-context-diagnostic/raw/process-25515/namespace.json,added,c9039c064ab0484879502ba48b0aeee354a50b3b,671,0,11,0,GENERATED_RAW_OR_CAPTURED_SOURCE
docs/audits/convergence/evidence/controlled-successor-20261006/checkpoint5-native-fin/gc-context-diagnostic/raw/process-25515/offline-capability.json,added,d365367ba1375925d9a4fc5d76cfeddb9ed4d74f,604,0,21,0,GENERATED_RAW_OR_CAPTURED_SOURCE
docs/audits/convergence/evidence/controlled-successor-20261006/checkpoint5-native-fin/gc-context-diagnostic/v2-to-v3.diff,added,b3b4b32129368769f7f341f0881b92466ddb23bb,4092,0,48,0,GOVERNANCE
docs/audits/convergence/evidence/controlled-successor-20261006/checkpoint5-native-fin/gov-native-fin/complete-raw-index-v2.json,added,0c5c55d6330719b0d6a2084a69023f1fc281b61e,266169,0,6778,0,INDEX_MANIFEST_CANDIDATE
docs/audits/convergence/evidence/controlled-successor-20261006/checkpoint5-native-fin/gov-native-fin/control/authorized-prelaunch.json,added,3c792f2be20504a76c34894d2438d53c98c5cb92,1682,0,22,0,INDEX_MANIFEST_CANDIDATE
docs/audits/convergence/evidence/controlled-successor-20261006/checkpoint5-native-fin/gov-native-fin/control/caller-v1-to-v2.diff,added,be66b47dd443b57f0c5e1ea3a9a06e4b6a07efa0,1108,0,11,0,GOVERNANCE
docs/audits/convergence/evidence/controlled-successor-20261006/checkpoint5-native-fin/gov-native-fin/control/launch-plan-v3-caller2.json,added,631d4f13a7daf025164570f27919c1da1a8f2133,4214,0,92,0,INDEX_MANIFEST_CANDIDATE
docs/audits/convergence/evidence/controlled-successor-20261006/checkpoint5-native-fin/gov-native-fin/control/run_gov_focals_v2.py,added,c4ce1b0fdc1859d035d6b6913792b520edc0d6ce,14045,0,152,0,GOVERNANCE
docs/audits/convergence/evidence/controlled-successor-20261006/checkpoint5-native-fin/gov-native-fin/control/run_gov_focals_v2.py.source,added,c4ce1b0fdc1859d035d6b6913792b520edc0d6ce,14045,0,152,0,GENERATED_RAW_OR_CAPTURED_SOURCE
docs/audits/convergence/evidence/controlled-successor-20261006/checkpoint5-native-fin/gov-native-fin/epoch311/collection-identities.json,added,e0516074e756922e0742142d1156bf1ccfc2ce5d,2401,0,29,0,INDEX_MANIFEST_CANDIDATE
docs/audits/convergence/evidence/controlled-successor-20261006/checkpoint5-native-fin/gov-native-fin/epoch311/collection.kernel.json,added,25552550c2996f509da8e487f6b158ae2b34e16c,2112,0,65,0,INDEX_MANIFEST_CANDIDATE
docs/audits/convergence/evidence/controlled-successor-20261006/checkpoint5-native-fin/gov-native-fin/epoch311/collection.log,added,bf9a1c3e47e6904d5b1ee0b2cad0c7146435065d,1882,0,17,0,GENERATED_RAW_OR_CAPTURED_SOURCE
docs/audits/convergence/evidence/controlled-successor-20261006/checkpoint5-native-fin/gov-native-fin/epoch311/component-controls.json,added,b7b33368c1ce60464408271f63cf97c6e7fec8e9,302875,0,9875,0,INDEX_MANIFEST_CANDIDATE
docs/audits/convergence/evidence/controlled-successor-20261006/checkpoint5-native-fin/gov-native-fin/epoch311/component-new-liveDetached6.kernel.json,added,30642f017e1c4a8bf555d6d3ac76d63e8392004a,2818,0,75,0,INDEX_MANIFEST_CANDIDATE
docs/audits/convergence/evidence/controlled-successor-20261006/checkpoint5-native-fin/gov-native-fin/epoch311/component-new-liveDetached6.log,added,0f09534b268ea91c43448fa75e41cb96e3e118c4,289,0,1,0,GENERATED_RAW_OR_CAPTURED_SOURCE
docs/audits/convergence/evidence/controlled-successor-20261006/checkpoint5-native-fin/gov-native-fin/epoch311/component-new-liveDetached6/control-result.json,added,b064f8884d39e56c919dc7e3f182e7fe2adcf190,13153,0,529,0,INDEX_MANIFEST_CANDIDATE
docs/audits/convergence/evidence/controlled-successor-20261006/checkpoint5-native-fin/gov-native-fin/epoch311/component-new-liveDetached6/native.log,added,e69de29bb2d1d6434b8b29ae775ad8c2e48c5391,0,0,0,0,GENERATED_RAW_OR_CAPTURED_SOURCE
docs/audits/convergence/evidence/controlled-successor-20261006/checkpoint5-native-fin/gov-native-fin/epoch311/component-new-liveDetached6/original-phase-kernel.json,added,b09588801ba3bb3aca0c6aa4eaadafe2ac3fba75,2507,0,73,0,INDEX_MANIFEST_CANDIDATE
docs/audits/convergence/evidence/controlled-successor-20261006/checkpoint5-native-fin/gov-native-fin/epoch311/component-new-liveDetached6/producer-control.json,added,534f7365f33b82372ac67c62cc243f1eed3f0499,927,0,43,0,INDEX_MANIFEST_CANDIDATE
docs/audits/convergence/evidence/controlled-successor-20261006/checkpoint5-native-fin/gov-native-fin/epoch311/component-new-liveDetached6/separate-followup-fin.json,added,e895f6be2ca58b7b518b6b8ffa1fabe8ab03bdb0,7727,0,391,0,INDEX_MANIFEST_CANDIDATE
docs/audits/convergence/evidence/controlled-successor-20261006/checkpoint5-native-fin/gov-native-fin/epoch311/component-new-mainUnknown.kernel.json,added,2e8e469eab49e0ae31e7d45d16ee22feb85be13d,2825,0,75,0,INDEX_MANIFEST_CANDIDATE
docs/audits/convergence/evidence/controlled-successor-20261006/checkpoint5-native-fin/gov-native-fin/epoch311/component-new-mainUnknown.log,added,910d6fb62f525422f59517e23a655d10ff6d8c76,285,0,1,0,GENERATED_RAW_OR_CAPTURED_SOURCE
docs/audits/convergence/evidence/controlled-successor-20261006/checkpoint5-native-fin/gov-native-fin/epoch311/component-new-mainUnknown/control-result.json,added,622347e1aefc6968d68c0a3568f64437a16f04ee,13183,0,528,0,INDEX_MANIFEST_CANDIDATE
docs/audits/convergence/evidence/controlled-successor-20261006/checkpoint5-native-fin/gov-native-fin/epoch311/component-new-mainUnknown/governed-main/collection.kernel.json,added,cce7c3a614239755f93eedecc8b1ee52097d95d4,2520,0,73,0,INDEX_MANIFEST_CANDIDATE
docs/audits/convergence/evidence/controlled-successor-20261006/checkpoint5-native-fin/gov-native-fin/epoch311/component-new-mainUnknown/governed-main/collection.log,added,e69de29bb2d1d6434b8b29ae775ad8c2e48c5391,0,0,0,0,GENERATED_RAW_OR_CAPTURED_SOURCE
docs/audits/convergence/evidence/controlled-successor-20261006/checkpoint5-native-fin/gov-native-fin/epoch311/component-new-mainUnknown/governed-main/collection.parent-source-before.index.json.gz,added,45d1a80c083d61075ee66acaff449234cf5db342,311308,0,-,-,BINARY
docs/audits/convergence/evidence/controlled-successor-20261006/checkpoint5-native-fin/gov-native-fin/epoch311/component-new-mainUnknown/governed-main/convergence-inventory.json.gz,added,4ea0945f9c860453bd54d0568e2bc0526a0e06c8,676267,0,-,-,BINARY
docs/audits/convergence/evidence/controlled-successor-20261006/checkpoint5-native-fin/gov-native-fin/epoch311/component-new-mainUnknown/governed-main/external-runner.py,added,49fa9278b51bf16e3b0aa966e9f7a6412704e685,63436,0,1047,0,GOVERNANCE
docs/audits/convergence/evidence/controlled-successor-20261006/checkpoint5-native-fin/gov-native-fin/epoch311/component-new-mainUnknown/governed-main/governed-error.json,added,1e0f34a3e190079b2cf5e6df5e3d88b707d1f0e7,341,0,9,0,INDEX_MANIFEST_CANDIDATE
docs/audits/convergence/evidence/controlled-successor-20261006/checkpoint5-native-fin/gov-native-fin/epoch311/component-new-mainUnknown/governed-main/launch.json,added,623e6ec6d5d60aad8223dd4e70b34b7f4c5eac1f,3336,0,83,0,INDEX_MANIFEST_CANDIDATE
docs/audits/convergence/evidence/controlled-successor-20261006/checkpoint5-native-fin/gov-native-fin/epoch311/component-new-mainUnknown/governed-main/source-before.index.json.gz,added,45d1a80c083d61075ee66acaff449234cf5db342,311308,0,-,-,BINARY
docs/audits/convergence/evidence/controlled-successor-20261006/checkpoint5-native-fin/gov-native-fin/epoch311/component-new-mainUnknown/original-phase-kernel.json,added,cce7c3a614239755f93eedecc8b1ee52097d95d4,2520,0,73,0,INDEX_MANIFEST_CANDIDATE
docs/audits/convergence/evidence/controlled-successor-20261006/checkpoint5-native-fin/gov-native-fin/epoch311/component-new-mainUnknown/producer-control.json,added,654a29f72aa3cd9afb743b643c153b1427bfbe74,927,0,43,0,INDEX_MANIFEST_CANDIDATE
docs/audits/convergence/evidence/controlled-successor-20261006/checkpoint5-native-fin/gov-native-fin/epoch311/component-new-mainUnknown/separate-followup-fin.json,added,33f26a20a1a5d0e6c7fa2e11e636437bdb890c68,7650,0,387,0,INDEX_MANIFEST_CANDIDATE
docs/audits/convergence/evidence/controlled-successor-20261006/checkpoint5-native-fin/gov-native-fin/epoch311/component-new-ready100Red.kernel.json,added,1aae818e89d9158be11ffea8e12b81ce07ee284d,2818,0,75,0,INDEX_MANIFEST_CANDIDATE
docs/audits/convergence/evidence/controlled-successor-20261006/checkpoint5-native-fin/gov-native-fin/epoch311/component-new-ready100Red.log,added,293d4de318fea342cae9bc54ebc06ad0df2ae8f3,284,0,1,0,GENERATED_RAW_OR_CAPTURED_SOURCE
docs/audits/convergence/evidence/controlled-successor-20261006/checkpoint5-native-fin/gov-native-fin/epoch311/component-new-ready100Red/control-result.json,added,36a0b8e0bae4bb03d06bafeac94ed322c9c46e38,87111,0,3744,0,INDEX_MANIFEST_CANDIDATE
docs/audits/convergence/evidence/controlled-successor-20261006/checkpoint5-native-fin/gov-native-fin/epoch311/component-new-ready100Red/native.log,added,e69de29bb2d1d6434b8b29ae775ad8c2e48c5391,0,0,0,0,GENERATED_RAW_OR_CAPTURED_SOURCE
docs/audits/convergence/evidence/controlled-successor-20261006/checkpoint5-native-fin/gov-native-fin/epoch311/component-new-ready100Red/original-phase-kernel.json,added,afc36b4f6a86db6c857e40f0700efe68f21e60cd,44448,0,1665,0,INDEX_MANIFEST_CANDIDATE
docs/audits/convergence/evidence/controlled-successor-20261006/checkpoint5-native-fin/gov-native-fin/epoch311/component-new-ready100Red/producer-control.json,added,7d610a01f606bbd0d6d014c3aa3633097fa3a075,33528,0,2031,0,INDEX_MANIFEST_CANDIDATE
docs/audits/convergence/evidence/controlled-successor-20261006/checkpoint5-native-fin/gov-native-fin/epoch311/component-new-ready100Red/separate-followup-fin.json,added,6faf017b02954f3e1947de32a146bbd360d056e5,716,0,26,0,INDEX_MANIFEST_CANDIDATE
docs/audits/convergence/evidence/controlled-successor-20261006/checkpoint5-native-fin/gov-native-fin/epoch311/component-new-simpleExit0.kernel.json,added,602c686ab38b6f213fd5b3308f297f5b9b22f581,2817,0,75,0,INDEX_MANIFEST_CANDIDATE
docs/audits/convergence/evidence/controlled-successor-20261006/checkpoint5-native-fin/gov-native-fin/epoch311/component-new-simpleExit0.log,added,5f088dc35f688e6192cb04b7cfbffd26bff66c45,283,0,1,0,GENERATED_RAW_OR_CAPTURED_SOURCE
docs/audits/convergence/evidence/controlled-successor-20261006/checkpoint5-native-fin/gov-native-fin/epoch311/component-new-simpleExit0/control-result.json,added,c72ee7e691b626f5798fccc585ccc4a2c3233d87,4897,0,140,0,INDEX_MANIFEST_CANDIDATE
docs/audits/convergence/evidence/controlled-successor-20261006/checkpoint5-native-fin/gov-native-fin/epoch311/component-new-simpleExit0/native.log,added,e69de29bb2d1d6434b8b29ae775ad8c2e48c5391,0,0,0,0,GENERATED_RAW_OR_CAPTURED_SOURCE
docs/audits/convergence/evidence/controlled-successor-20261006/checkpoint5-native-fin/gov-native-fin/epoch311/component-new-simpleExit0/original-phase-kernel.json,added,e798ca0c347ff27efb916c2ea80dace9953dda85,2243,0,63,0,INDEX_MANIFEST_CANDIDATE
docs/audits/convergence/evidence/controlled-successor-20261006/checkpoint5-native-fin/gov-native-fin/epoch311/component-new-simpleExit0/producer-control.json,added,8d9f3b3a0d3bbac7c5ddf47da05f283bf7394ec3,728,0,29,0,INDEX_MANIFEST_CANDIDATE
docs/audits/convergence/evidence/controlled-successor-20261006/checkpoint5-native-fin/gov-native-fin/epoch311/component-new-simpleExit0/separate-followup-fin.json,added,fd1aa6578a4dd56463774477c76737c96aa628a4,716,0,26,0,INDEX_MANIFEST_CANDIDATE
docs/audits/convergence/evidence/controlled-successor-20261006/checkpoint5-native-fin/gov-native-fin/epoch311/component-old-mainUnknown.kernel.json,added,6a81231dcf15310194ffca5ff8c9e2ec69ad94d5,2826,0,75,0,INDEX_MANIFEST_CANDIDATE
docs/audits/convergence/evidence/controlled-successor-20261006/checkpoint5-native-fin/gov-native-fin/epoch311/component-old-mainUnknown.log,added,f18632aabf612c846d7511baebed6186e647f879,285,0,1,0,GENERATED_RAW_OR_CAPTURED_SOURCE
docs/audits/convergence/evidence/controlled-successor-20261006/checkpoint5-native-fin/gov-native-fin/epoch311/component-old-mainUnknown/control-result.json,added,358a739c6b9d22500932a5248430349f2a1b73d2,13175,0,528,0,INDEX_MANIFEST_CANDIDATE
docs/audits/convergence/evidence/controlled-successor-20261006/checkpoint5-native-fin/gov-native-fin/epoch311/component-old-mainUnknown/governed-main/collection.kernel.json,added,97b9c2b692ea049cbf0407a62214082c2410d232,2507,0,73,0,INDEX_MANIFEST_CANDIDATE
docs/audits/convergence/evidence/controlled-successor-20261006/checkpoint5-native-fin/gov-native-fin/epoch311/component-old-mainUnknown/governed-main/collection.log,added,e69de29bb2d1d6434b8b29ae775ad8c2e48c5391,0,0,0,0,GENERATED_RAW_OR_CAPTURED_SOURCE
docs/audits/convergence/evidence/controlled-successor-20261006/checkpoint5-native-fin/gov-native-fin/epoch311/component-old-mainUnknown/governed-main/collection.parent-source-before.index.json.gz,added,45d1a80c083d61075ee66acaff449234cf5db342,311308,0,-,-,BINARY
docs/audits/convergence/evidence/controlled-successor-20261006/checkpoint5-native-fin/gov-native-fin/epoch311/component-old-mainUnknown/governed-main/convergence-inventory.json.gz,added,4ea0945f9c860453bd54d0568e2bc0526a0e06c8,676267,0,-,-,BINARY
docs/audits/convergence/evidence/controlled-successor-20261006/checkpoint5-native-fin/gov-native-fin/epoch311/component-old-mainUnknown/governed-main/external-runner.py,added,2dfc51bdb68719039830ce44e3801cc77ff65db5,63403,0,1046,0,GOVERNANCE
docs/audits/convergence/evidence/controlled-successor-20261006/checkpoint5-native-fin/gov-native-fin/epoch311/component-old-mainUnknown/governed-main/governed-error.json,added,7fce7119a3353d586e7f60cf846bce8445059f9e,335,0,9,0,INDEX_MANIFEST_CANDIDATE
docs/audits/convergence/evidence/controlled-successor-20261006/checkpoint5-native-fin/gov-native-fin/epoch311/component-old-mainUnknown/governed-main/launch.json,added,88d30b5c8587698bd07f6f3a9eee04c9e7f1e6b9,3336,0,83,0,INDEX_MANIFEST_CANDIDATE
docs/audits/convergence/evidence/controlled-successor-20261006/checkpoint5-native-fin/gov-native-fin/epoch311/component-old-mainUnknown/governed-main/source-before.index.json.gz,added,45d1a80c083d61075ee66acaff449234cf5db342,311308,0,-,-,BINARY
docs/audits/convergence/evidence/controlled-successor-20261006/checkpoint5-native-fin/gov-native-fin/epoch311/component-old-mainUnknown/original-phase-kernel.json,added,97b9c2b692ea049cbf0407a62214082c2410d232,2507,0,73,0,INDEX_MANIFEST_CANDIDATE
docs/audits/convergence/evidence/controlled-successor-20261006/checkpoint5-native-fin/gov-native-fin/epoch311/component-old-mainUnknown/producer-control.json,added,a9d1ff9de9d8d3e3972c7dc25580f532d41b2648,927,0,43,0,INDEX_MANIFEST_CANDIDATE
docs/audits/convergence/evidence/controlled-successor-20261006/checkpoint5-native-fin/gov-native-fin/epoch311/component-old-mainUnknown/separate-followup-fin.json,added,b295583664475b85ff9b459243fb0bbc47fb1de1,7650,0,387,0,INDEX_MANIFEST_CANDIDATE
docs/audits/convergence/evidence/controlled-successor-20261006/checkpoint5-native-fin/gov-native-fin/epoch311/component-old-ready100Red.kernel.json,added,546b5523eb609c46611da99b04e062e449185819,2827,0,75,0,INDEX_MANIFEST_CANDIDATE
docs/audits/convergence/evidence/controlled-successor-20261006/checkpoint5-native-fin/gov-native-fin/epoch311/component-old-ready100Red.log,added,4c782e937b70b2b87ee0aa763550718c04bd7133,285,0,1,0,GENERATED_RAW_OR_CAPTURED_SOURCE
docs/audits/convergence/evidence/controlled-successor-20261006/checkpoint5-native-fin/gov-native-fin/epoch311/component-old-ready100Red/control-result.json,added,a6ddbf59ecd41d0cac5126473492b69c3e524c3a,87059,0,3745,0,INDEX_MANIFEST_CANDIDATE
docs/audits/convergence/evidence/controlled-successor-20261006/checkpoint5-native-fin/gov-native-fin/epoch311/component-old-ready100Red/native.log,added,e69de29bb2d1d6434b8b29ae775ad8c2e48c5391,0,0,0,0,GENERATED_RAW_OR_CAPTURED_SOURCE
docs/audits/convergence/evidence/controlled-successor-20261006/checkpoint5-native-fin/gov-native-fin/epoch311/component-old-ready100Red/original-phase-kernel.json,added,62219dab03c40b5224f48eeb68b2e336e244fef7,44393,0,1666,0,INDEX_MANIFEST_CANDIDATE
docs/audits/convergence/evidence/controlled-successor-20261006/checkpoint5-native-fin/gov-native-fin/epoch311/component-old-ready100Red/producer-control.json,added,1a0ea991e7fa1ffecfd15643ba4273d7eadb7376,33528,0,2031,0,INDEX_MANIFEST_CANDIDATE
docs/audits/convergence/evidence/controlled-successor-20261006/checkpoint5-native-fin/gov-native-fin/epoch311/component-old-ready100Red/separate-followup-fin.json,added,ef939a30792132301e8c60cd852763ae228417dd,716,0,26,0,INDEX_MANIFEST_CANDIDATE
docs/audits/convergence/evidence/controlled-successor-20261006/checkpoint5-native-fin/gov-native-fin/epoch311/execution.kernel.json,added,485d3fdece8f1589ebaef86a6f58c29cb0c40603,2337,0,65,0,INDEX_MANIFEST_CANDIDATE
docs/audits/convergence/evidence/controlled-successor-20261006/checkpoint5-native-fin/gov-native-fin/epoch311/execution.log,added,cfc3d820e8e95af651f8f132df3d2d958f45c790,80,0,1,0,GENERATED_RAW_OR_CAPTURED_SOURCE
docs/audits/convergence/evidence/controlled-successor-20261006/checkpoint5-native-fin/gov-native-fin/epoch311/junit.xml,added,804bf7ab974595bd3d3465116c1a2c36a974819d,2702,0,1,0,GENERATED_RAW_OR_CAPTURED_SOURCE
docs/audits/convergence/evidence/controlled-successor-20261006/checkpoint5-native-fin/gov-native-fin/epoch311/launch.json,added,9889ce193b8bf2bbfd7a928fb611bd43bf911896,17299,0,846,0,INDEX_MANIFEST_CANDIDATE
docs/audits/convergence/evidence/controlled-successor-20261006/checkpoint5-native-fin/gov-native-fin/epoch311/progress-0000.json,added,2b2597a80028d01714ef479012b2290f8e38a381,236,0,9,0,INDEX_MANIFEST_CANDIDATE
docs/audits/convergence/evidence/controlled-successor-20261006/checkpoint5-native-fin/gov-native-fin/epoch311/progress-0001.json,added,e505da14e573a28979ccb9d81cbd481d03569607,235,0,9,0,INDEX_MANIFEST_CANDIDATE
docs/audits/convergence/evidence/controlled-successor-20261006/checkpoint5-native-fin/gov-native-fin/epoch311/progress-0002.json,added,081de470843720218f2ef38e4900b8ada4e140d1,229,0,9,0,INDEX_MANIFEST_CANDIDATE
docs/audits/convergence/evidence/controlled-successor-20261006/checkpoint5-native-fin/gov-native-fin/epoch311/progress-0003.json,added,38a5440db0a68dff69638738ae0590a7a8399188,252,0,9,0,INDEX_MANIFEST_CANDIDATE
docs/audits/convergence/evidence/controlled-successor-20261006/checkpoint5-native-fin/gov-native-fin/epoch311/progress-0004.json,added,571bbbbc29c30e9dc33cff8db840800d4ae7068b,245,0,9,0,INDEX_MANIFEST_CANDIDATE
docs/audits/convergence/evidence/controlled-successor-20261006/checkpoint5-native-fin/gov-native-fin/epoch311/progress-0005.json,added,cf398d0481b2e559c390669cb638dfcdf0455491,251,0,9,0,INDEX_MANIFEST_CANDIDATE
docs/audits/convergence/evidence/controlled-successor-20261006/checkpoint5-native-fin/gov-native-fin/epoch311/progress-0006.json,added,6be8f26ae8b259b389a6f9207a006b16998d3dae,252,0,9,0,INDEX_MANIFEST_CANDIDATE
docs/audits/convergence/evidence/controlled-successor-20261006/checkpoint5-native-fin/gov-native-fin/epoch311/progress-0007.json,added,98bd6239018fe4d346cee8baa705905077029024,254,0,9,0,INDEX_MANIFEST_CANDIDATE
docs/audits/convergence/evidence/controlled-successor-20261006/checkpoint5-native-fin/gov-native-fin/epoch311/progress-0008.json,added,fe2c16211be9a233de020eeecfe2c365efb38e5e,247,0,9,0,INDEX_MANIFEST_CANDIDATE
docs/audits/convergence/evidence/controlled-successor-20261006/checkpoint5-native-fin/gov-native-fin/epoch311/progress-0009.json,added,39bf1e431e3ac5f2616243946a474ba2c9d90f2a,252,0,9,0,INDEX_MANIFEST_CANDIDATE
docs/audits/convergence/evidence/controlled-successor-20261006/checkpoint5-native-fin/gov-native-fin/epoch311/progress-0010.json,added,3d5472d58fe0366dff0c08c9898a10e315f863ad,245,0,9,0,INDEX_MANIFEST_CANDIDATE
docs/audits/convergence/evidence/controlled-successor-20261006/checkpoint5-native-fin/gov-native-fin/epoch311/progress-0011.json,added,f64b40ec50721fc2a33e1d5c2f65eaba409e35de,252,0,9,0,INDEX_MANIFEST_CANDIDATE
docs/audits/convergence/evidence/controlled-successor-20261006/checkpoint5-native-fin/gov-native-fin/epoch311/progress-0012.json,added,d76e93da82177d9f6cb9f0d0ff7ee20fe6ffc977,245,0,9,0,INDEX_MANIFEST_CANDIDATE
docs/audits/convergence/evidence/controlled-successor-20261006/checkpoint5-native-fin/gov-native-fin/epoch311/receipt.json,added,a505ea7ae671485820297560c825526a8b6ff5e0,340007,0,11290,0,INDEX_MANIFEST_CANDIDATE
docs/audits/convergence/evidence/controlled-successor-20261006/checkpoint5-native-fin/gov-native-fin/epoch312/collection-identities.json,added,4e14839aa847ecfe12fd108b576cf3926b805c37,2401,0,29,0,INDEX_MANIFEST_CANDIDATE
docs/audits/convergence/evidence/controlled-successor-20261006/checkpoint5-native-fin/gov-native-fin/epoch312/collection.kernel.json,added,eaa9b852cfe63ae76c352a182c24931e58d309e7,2112,0,65,0,INDEX_MANIFEST_CANDIDATE
docs/audits/convergence/evidence/controlled-successor-20261006/checkpoint5-native-fin/gov-native-fin/epoch312/collection.log,added,fc6df2d7ef03a479cf626d7e9ce1dd2c79bb3ab0,1882,0,17,0,GENERATED_RAW_OR_CAPTURED_SOURCE
docs/audits/convergence/evidence/controlled-successor-20261006/checkpoint5-native-fin/gov-native-fin/epoch312/component-controls.json,added,05751189ba8c3988e7c200c2feda3f0d55b6a185,302963,0,9883,0,INDEX_MANIFEST_CANDIDATE
docs/audits/convergence/evidence/controlled-successor-20261006/checkpoint5-native-fin/gov-native-fin/epoch312/component-new-liveDetached6.kernel.json,added,219bd5ff7ab459d50b95554d6ca647c2a13f1be5,2819,0,75,0,INDEX_MANIFEST_CANDIDATE
docs/audits/convergence/evidence/controlled-successor-20261006/checkpoint5-native-fin/gov-native-fin/epoch312/component-new-liveDetached6.log,added,923352d1c428228cc389d21faba760c23c3b4943,289,0,1,0,GENERATED_RAW_OR_CAPTURED_SOURCE
docs/audits/convergence/evidence/controlled-successor-20261006/checkpoint5-native-fin/gov-native-fin/epoch312/component-new-liveDetached6/control-result.json,added,c31aea0ed56785b4b9985cfe4a5cffea21dc9a56,13226,0,533,0,INDEX_MANIFEST_CANDIDATE
docs/audits/convergence/evidence/controlled-successor-20261006/checkpoint5-native-fin/gov-native-fin/epoch312/component-new-liveDetached6/native.log,added,e69de29bb2d1d6434b8b29ae775ad8c2e48c5391,0,0,0,0,GENERATED_RAW_OR_CAPTURED_SOURCE
docs/audits/convergence/evidence/controlled-successor-20261006/checkpoint5-native-fin/gov-native-fin/epoch312/component-new-liveDetached6/original-phase-kernel.json,added,5f47a83a94aa605fcede2ce4f29a2c01e2d4cddc,2495,0,73,0,INDEX_MANIFEST_CANDIDATE
docs/audits/convergence/evidence/controlled-successor-20261006/checkpoint5-native-fin/gov-native-fin/epoch312/component-new-liveDetached6/producer-control.json,added,59c7fb4fcca58af38e67f638147dd5dfd79227a0,927,0,43,0,INDEX_MANIFEST_CANDIDATE
docs/audits/convergence/evidence/controlled-successor-20261006/checkpoint5-native-fin/gov-native-fin/epoch312/component-new-liveDetached6/separate-followup-fin.json,added,02ed219512a49913a4f16e199c1d5174d85c991b,7804,0,395,0,INDEX_MANIFEST_CANDIDATE
docs/audits/convergence/evidence/controlled-successor-20261006/checkpoint5-native-fin/gov-native-fin/epoch312/component-new-mainUnknown.kernel.json,added,3a33b091d91b2b39ce9a133db3de7661e34e4e37,2822,0,75,0,INDEX_MANIFEST_CANDIDATE
docs/audits/convergence/evidence/controlled-successor-20261006/checkpoint5-native-fin/gov-native-fin/epoch312/component-new-mainUnknown.log,added,2146aab56eb6788140d87b305d464dcbc2d52308,285,0,1,0,GENERATED_RAW_OR_CAPTURED_SOURCE
docs/audits/convergence/evidence/controlled-successor-20261006/checkpoint5-native-fin/gov-native-fin/epoch312/component-new-mainUnknown/control-result.json,added,f66643d700f02afc64deef36e21d17a32967f5de,13171,0,528,0,INDEX_MANIFEST_CANDIDATE
docs/audits/convergence/evidence/controlled-successor-20261006/checkpoint5-native-fin/gov-native-fin/epoch312/component-new-mainUnknown/governed-main/collection.kernel.json,added,00e1b59c228687a2bd109968eb0e436623535595,2508,0,73,0,INDEX_MANIFEST_CANDIDATE
docs/audits/convergence/evidence/controlled-successor-20261006/checkpoint5-native-fin/gov-native-fin/epoch312/component-new-mainUnknown/governed-main/collection.log,added,e69de29bb2d1d6434b8b29ae775ad8c2e48c5391,0,0,0,0,GENERATED_RAW_OR_CAPTURED_SOURCE
docs/audits/convergence/evidence/controlled-successor-20261006/checkpoint5-native-fin/gov-native-fin/epoch312/component-new-mainUnknown/governed-main/collection.parent-source-before.index.json.gz,added,45d1a80c083d61075ee66acaff449234cf5db342,311308,0,-,-,BINARY
docs/audits/convergence/evidence/controlled-successor-20261006/checkpoint5-native-fin/gov-native-fin/epoch312/component-new-mainUnknown/governed-main/convergence-inventory.json.gz,added,5f2231c02e05aaa430a40288677c3612ccc07b73,676274,0,-,-,BINARY
docs/audits/convergence/evidence/controlled-successor-20261006/checkpoint5-native-fin/gov-native-fin/epoch312/component-new-mainUnknown/governed-main/external-runner.py,added,49fa9278b51bf16e3b0aa966e9f7a6412704e685,63436,0,1047,0,GOVERNANCE
docs/audits/convergence/evidence/controlled-successor-20261006/checkpoint5-native-fin/gov-native-fin/epoch312/component-new-mainUnknown/governed-main/governed-error.json,added,f1ad8ef2a505b7a11c16a152d2e02ea35142e873,341,0,9,0,INDEX_MANIFEST_CANDIDATE
docs/audits/convergence/evidence/controlled-successor-20261006/checkpoint5-native-fin/gov-native-fin/epoch312/component-new-mainUnknown/governed-main/launch.json,added,bc256c691dfbe00cf5ae4ab65bb17ac5c3c3cf20,3336,0,83,0,INDEX_MANIFEST_CANDIDATE
docs/audits/convergence/evidence/controlled-successor-20261006/checkpoint5-native-fin/gov-native-fin/epoch312/component-new-mainUnknown/governed-main/source-before.index.json.gz,added,45d1a80c083d61075ee66acaff449234cf5db342,311308,0,-,-,BINARY
docs/audits/convergence/evidence/controlled-successor-20261006/checkpoint5-native-fin/gov-native-fin/epoch312/component-new-mainUnknown/original-phase-kernel.json,added,00e1b59c228687a2bd109968eb0e436623535595,2508,0,73,0,INDEX_MANIFEST_CANDIDATE
docs/audits/convergence/evidence/controlled-successor-20261006/checkpoint5-native-fin/gov-native-fin/epoch312/component-new-mainUnknown/producer-control.json,added,ad878e98ea442192386ee7a8f4d225dd41960093,927,0,43,0,INDEX_MANIFEST_CANDIDATE
docs/audits/convergence/evidence/controlled-successor-20261006/checkpoint5-native-fin/gov-native-fin/epoch312/component-new-mainUnknown/separate-followup-fin.json,added,24c1cd0b7712c904083b5f65fb92356ea2323800,7650,0,387,0,INDEX_MANIFEST_CANDIDATE
docs/audits/convergence/evidence/controlled-successor-20261006/checkpoint5-native-fin/gov-native-fin/epoch312/component-new-ready100Red.kernel.json,added,423cd8bb213f8d1cda9bd705a53635f513554b98,2840,0,75,0,INDEX_MANIFEST_CANDIDATE
docs/audits/convergence/evidence/controlled-successor-20261006/checkpoint5-native-fin/gov-native-fin/epoch312/component-new-ready100Red.log,added,a47fc4875e484ea7f4abf791fdc28c112dd52b18,284,0,1,0,GENERATED_RAW_OR_CAPTURED_SOURCE
docs/audits/convergence/evidence/controlled-successor-20261006/checkpoint5-native-fin/gov-native-fin/epoch312/component-new-ready100Red/control-result.json,added,ac638d841f4bf8b324a4db0215df5f81425394a6,86952,0,3744,0,INDEX_MANIFEST_CANDIDATE
docs/audits/convergence/evidence/controlled-successor-20261006/checkpoint5-native-fin/gov-native-fin/epoch312/component-new-ready100Red/native.log,added,e69de29bb2d1d6434b8b29ae775ad8c2e48c5391,0,0,0,0,GENERATED_RAW_OR_CAPTURED_SOURCE
docs/audits/convergence/evidence/controlled-successor-20261006/checkpoint5-native-fin/gov-native-fin/epoch312/component-new-ready100Red/original-phase-kernel.json,added,286395a40c6e7d949b3af9c9e61f042c697646f7,44289,0,1665,0,INDEX_MANIFEST_CANDIDATE
docs/audits/convergence/evidence/controlled-successor-20261006/checkpoint5-native-fin/gov-native-fin/epoch312/component-new-ready100Red/producer-control.json,added,46c8a7993bae945f7cf36bfc87981e2e38095443,33528,0,2031,0,INDEX_MANIFEST_CANDIDATE
docs/audits/convergence/evidence/controlled-successor-20261006/checkpoint5-native-fin/gov-native-fin/epoch312/component-new-ready100Red/separate-followup-fin.json,added,1d7e215a83c68593999b87f10ac061c2a0380c19,716,0,26,0,INDEX_MANIFEST_CANDIDATE
docs/audits/convergence/evidence/controlled-successor-20261006/checkpoint5-native-fin/gov-native-fin/epoch312/component-new-simpleExit0.kernel.json,added,d60a627e01056fda3b0498ffda9879bed8bafe0c,2814,0,75,0,INDEX_MANIFEST_CANDIDATE
docs/audits/convergence/evidence/controlled-successor-20261006/checkpoint5-native-fin/gov-native-fin/epoch312/component-new-simpleExit0.log,added,b652eaad6863ccd58d9202c0c16b23c817bce9bd,283,0,1,0,GENERATED_RAW_OR_CAPTURED_SOURCE
docs/audits/convergence/evidence/controlled-successor-20261006/checkpoint5-native-fin/gov-native-fin/epoch312/component-new-simpleExit0/control-result.json,added,82c10be091ecd16bfa951cfbca41efdc9075f7f4,4909,0,140,0,INDEX_MANIFEST_CANDIDATE
docs/audits/convergence/evidence/controlled-successor-20261006/checkpoint5-native-fin/gov-native-fin/epoch312/component-new-simpleExit0/native.log,added,e69de29bb2d1d6434b8b29ae775ad8c2e48c5391,0,0,0,0,GENERATED_RAW_OR_CAPTURED_SOURCE
docs/audits/convergence/evidence/controlled-successor-20261006/checkpoint5-native-fin/gov-native-fin/epoch312/component-new-simpleExit0/original-phase-kernel.json,added,12dc07bb3aefc7fc02e39906422975be3fd4276e,2256,0,63,0,INDEX_MANIFEST_CANDIDATE
docs/audits/convergence/evidence/controlled-successor-20261006/checkpoint5-native-fin/gov-native-fin/epoch312/component-new-simpleExit0/producer-control.json,added,5e716ec4e0a8af69ceab5c14e6112fe00fbb38aa,728,0,29,0,INDEX_MANIFEST_CANDIDATE
docs/audits/convergence/evidence/controlled-successor-20261006/checkpoint5-native-fin/gov-native-fin/epoch312/component-new-simpleExit0/separate-followup-fin.json,added,04b7f275e11293cfa13a8f967bc5818dce1dc3de,715,0,26,0,INDEX_MANIFEST_CANDIDATE
docs/audits/convergence/evidence/controlled-successor-20261006/checkpoint5-native-fin/gov-native-fin/epoch312/component-old-mainUnknown.kernel.json,added,93a16f461764f6c2b8bd95c2b7c24c01640f4478,2817,0,75,0,INDEX_MANIFEST_CANDIDATE
docs/audits/convergence/evidence/controlled-successor-20261006/checkpoint5-native-fin/gov-native-fin/epoch312/component-old-mainUnknown.log,added,a49beab65ff9e291498f4ebbf09bfd89d1f74f84,285,0,1,0,GENERATED_RAW_OR_CAPTURED_SOURCE
docs/audits/convergence/evidence/controlled-successor-20261006/checkpoint5-native-fin/gov-native-fin/epoch312/component-old-mainUnknown/control-result.json,added,e9719f646b43d784b08d9a876977e003c878e425,13259,0,532,0,INDEX_MANIFEST_CANDIDATE
docs/audits/convergence/evidence/controlled-successor-20261006/checkpoint5-native-fin/gov-native-fin/epoch312/component-old-mainUnknown/governed-main/collection.kernel.json,added,34a7b1a1b8096d1406788be3305494f15592ad32,2506,0,73,0,INDEX_MANIFEST_CANDIDATE
docs/audits/convergence/evidence/controlled-successor-20261006/checkpoint5-native-fin/gov-native-fin/epoch312/component-old-mainUnknown/governed-main/collection.log,added,e69de29bb2d1d6434b8b29ae775ad8c2e48c5391,0,0,0,0,GENERATED_RAW_OR_CAPTURED_SOURCE
docs/audits/convergence/evidence/controlled-successor-20261006/checkpoint5-native-fin/gov-native-fin/epoch312/component-old-mainUnknown/governed-main/collection.parent-source-before.index.json.gz,added,45d1a80c083d61075ee66acaff449234cf5db342,311308,0,-,-,BINARY
docs/audits/convergence/evidence/controlled-successor-20261006/checkpoint5-native-fin/gov-native-fin/epoch312/component-old-mainUnknown/governed-main/convergence-inventory.json.gz,added,5f2231c02e05aaa430a40288677c3612ccc07b73,676274,0,-,-,BINARY
docs/audits/convergence/evidence/controlled-successor-20261006/checkpoint5-native-fin/gov-native-fin/epoch312/component-old-mainUnknown/governed-main/external-runner.py,added,2dfc51bdb68719039830ce44e3801cc77ff65db5,63403,0,1046,0,GOVERNANCE
docs/audits/convergence/evidence/controlled-successor-20261006/checkpoint5-native-fin/gov-native-fin/epoch312/component-old-mainUnknown/governed-main/governed-error.json,added,9fbfb84152038b046e6ffc716fe7b53e505b5851,335,0,9,0,INDEX_MANIFEST_CANDIDATE
docs/audits/convergence/evidence/controlled-successor-20261006/checkpoint5-native-fin/gov-native-fin/epoch312/component-old-mainUnknown/governed-main/launch.json,added,5d38121c535529f86eb8a194e2728f5defea742c,3336,0,83,0,INDEX_MANIFEST_CANDIDATE
docs/audits/convergence/evidence/controlled-successor-20261006/checkpoint5-native-fin/gov-native-fin/epoch312/component-old-mainUnknown/governed-main/source-before.index.json.gz,added,45d1a80c083d61075ee66acaff449234cf5db342,311308,0,-,-,BINARY
docs/audits/convergence/evidence/controlled-successor-20261006/checkpoint5-native-fin/gov-native-fin/epoch312/component-old-mainUnknown/original-phase-kernel.json,added,34a7b1a1b8096d1406788be3305494f15592ad32,2506,0,73,0,INDEX_MANIFEST_CANDIDATE
docs/audits/convergence/evidence/controlled-successor-20261006/checkpoint5-native-fin/gov-native-fin/epoch312/component-old-mainUnknown/producer-control.json,added,c92a74de23f87be1ad9e33eff96736102b80cd4c,927,0,43,0,INDEX_MANIFEST_CANDIDATE
docs/audits/convergence/evidence/controlled-successor-20261006/checkpoint5-native-fin/gov-native-fin/epoch312/component-old-mainUnknown/separate-followup-fin.json,added,5e2fbca28a60e6b55473d53d2c953a8eee9bc103,7727,0,391,0,INDEX_MANIFEST_CANDIDATE
docs/audits/convergence/evidence/controlled-successor-20261006/checkpoint5-native-fin/gov-native-fin/epoch312/component-old-ready100Red.kernel.json,added,5a6b3a9836fe42900453abbd97194e4d4bc70093,2827,0,75,0,INDEX_MANIFEST_CANDIDATE
docs/audits/convergence/evidence/controlled-successor-20261006/checkpoint5-native-fin/gov-native-fin/epoch312/component-old-ready100Red.log,added,34c9f76817b5c7dcac34f10440bc09d9e6b5ffcd,285,0,1,0,GENERATED_RAW_OR_CAPTURED_SOURCE
docs/audits/convergence/evidence/controlled-successor-20261006/checkpoint5-native-fin/gov-native-fin/epoch312/component-old-ready100Red/control-result.json,added,4b1d5b76f507dfdc28bd194984d9c25bd1d7cd63,87093,0,3745,0,INDEX_MANIFEST_CANDIDATE
docs/audits/convergence/evidence/controlled-successor-20261006/checkpoint5-native-fin/gov-native-fin/epoch312/component-old-ready100Red/native.log,added,e69de29bb2d1d6434b8b29ae775ad8c2e48c5391,0,0,0,0,GENERATED_RAW_OR_CAPTURED_SOURCE
docs/audits/convergence/evidence/controlled-successor-20261006/checkpoint5-native-fin/gov-native-fin/epoch312/component-old-ready100Red/original-phase-kernel.json,added,16f17a2ab6b2f97316806687e6105b0a2cecdc6b,44426,0,1666,0,INDEX_MANIFEST_CANDIDATE
docs/audits/convergence/evidence/controlled-successor-20261006/checkpoint5-native-fin/gov-native-fin/epoch312/component-old-ready100Red/producer-control.json,added,6e53d1de31c7986213d1664345dc1f40d6bb3482,33528,0,2031,0,INDEX_MANIFEST_CANDIDATE
docs/audits/convergence/evidence/controlled-successor-20261006/checkpoint5-native-fin/gov-native-fin/epoch312/component-old-ready100Red/separate-followup-fin.json,added,3a1f15d9743085c7b30d1df4a6f07aebfd712561,717,0,26,0,INDEX_MANIFEST_CANDIDATE
docs/audits/convergence/evidence/controlled-successor-20261006/checkpoint5-native-fin/gov-native-fin/epoch312/execution.kernel.json,added,97ab973eebdf408f29fab197fad8d2ad5cc5dd19,2326,0,65,0,INDEX_MANIFEST_CANDIDATE
docs/audits/convergence/evidence/controlled-successor-20261006/checkpoint5-native-fin/gov-native-fin/epoch312/execution.log,added,cfc3d820e8e95af651f8f132df3d2d958f45c790,80,0,1,0,GENERATED_RAW_OR_CAPTURED_SOURCE
docs/audits/convergence/evidence/controlled-successor-20261006/checkpoint5-native-fin/gov-native-fin/epoch312/junit.xml,added,3d203a5988483887f809bd65ac3c7912233ef87e,2702,0,1,0,GENERATED_RAW_OR_CAPTURED_SOURCE
docs/audits/convergence/evidence/controlled-successor-20261006/checkpoint5-native-fin/gov-native-fin/epoch312/launch.json,added,87a815ff356307d8391f093cc5b521a45d741b6d,17299,0,846,0,INDEX_MANIFEST_CANDIDATE
docs/audits/convergence/evidence/controlled-successor-20261006/checkpoint5-native-fin/gov-native-fin/epoch312/progress-0000.json,added,452096c29681b6fa11347bc86446f9d6e2f2e256,237,0,9,0,INDEX_MANIFEST_CANDIDATE
docs/audits/convergence/evidence/controlled-successor-20261006/checkpoint5-native-fin/gov-native-fin/epoch312/progress-0001.json,added,436093ce8df5606955fd83aaaa6c8c2e6f6b7425,236,0,9,0,INDEX_MANIFEST_CANDIDATE
docs/audits/convergence/evidence/controlled-successor-20261006/checkpoint5-native-fin/gov-native-fin/epoch312/progress-0002.json,added,95c37c71519c091f0ddd2670b410584b4d283eaa,230,0,9,0,INDEX_MANIFEST_CANDIDATE
docs/audits/convergence/evidence/controlled-successor-20261006/checkpoint5-native-fin/gov-native-fin/epoch312/progress-0003.json,added,b22b5d315b369640b1c2448d039fb22af81bb341,252,0,9,0,INDEX_MANIFEST_CANDIDATE
docs/audits/convergence/evidence/controlled-successor-20261006/checkpoint5-native-fin/gov-native-fin/epoch312/progress-0004.json,added,c5e7b9b5380352b0a1d667eb05197b8f25dce280,245,0,9,0,INDEX_MANIFEST_CANDIDATE
docs/audits/convergence/evidence/controlled-successor-20261006/checkpoint5-native-fin/gov-native-fin/epoch312/progress-0005.json,added,9e5fb1a18b2d71a45ecc758046d94377ab29ad1d,252,0,9,0,INDEX_MANIFEST_CANDIDATE
docs/audits/convergence/evidence/controlled-successor-20261006/checkpoint5-native-fin/gov-native-fin/epoch312/progress-0006.json,added,84a69c8f93c46b9ee419e845413133eec51e3397,252,0,9,0,INDEX_MANIFEST_CANDIDATE
docs/audits/convergence/evidence/controlled-successor-20261006/checkpoint5-native-fin/gov-native-fin/epoch312/progress-0007.json,added,e343f561989165413a6d848f54a758ef02bcef49,254,0,9,0,INDEX_MANIFEST_CANDIDATE
docs/audits/convergence/evidence/controlled-successor-20261006/checkpoint5-native-fin/gov-native-fin/epoch312/progress-0008.json,added,67e3cf63595fa45a7f434e5dff1526c50d22c486,247,0,9,0,INDEX_MANIFEST_CANDIDATE
docs/audits/convergence/evidence/controlled-successor-20261006/checkpoint5-native-fin/gov-native-fin/epoch312/progress-0009.json,added,09359b040c04d8993ec92b974b8e6063dd627a2d,252,0,9,0,INDEX_MANIFEST_CANDIDATE
docs/audits/convergence/evidence/controlled-successor-20261006/checkpoint5-native-fin/gov-native-fin/epoch312/progress-0010.json,added,583c4175c44425dc7962b74794d645c527ef0740,245,0,9,0,INDEX_MANIFEST_CANDIDATE
docs/audits/convergence/evidence/controlled-successor-20261006/checkpoint5-native-fin/gov-native-fin/epoch312/progress-0011.json,added,33d08e450e50e316ae31c0eab527d11ad6cffe29,252,0,9,0,INDEX_MANIFEST_CANDIDATE
docs/audits/convergence/evidence/controlled-successor-20261006/checkpoint5-native-fin/gov-native-fin/epoch312/progress-0012.json,added,da68dc1b9ad4cb1f9d3cf994aa77e97a39e5afb3,246,0,9,0,INDEX_MANIFEST_CANDIDATE
docs/audits/convergence/evidence/controlled-successor-20261006/checkpoint5-native-fin/gov-native-fin/epoch312/receipt.json,added,59f4c316180c4c6d94e7b796bbeb72fa02cf4449,340084,0,11298,0,INDEX_MANIFEST_CANDIDATE
docs/audits/convergence/evidence/controlled-successor-20261006/checkpoint5-native-fin/gov-native-fin/final-focal-summary.json,added,684b922fba16d4c47637b1b6b9f305528a36860c,50236,0,1384,0,INDEX_MANIFEST_CANDIDATE
docs/audits/convergence/evidence/controlled-successor-20261006/checkpoint5-native-fin/gov-native-fin/proposal/control-plan-v2.json,added,0acc5c03791767466e37ba7b7a6e316610e0e977,3415,0,74,0,INDEX_MANIFEST_CANDIDATE
docs/audits/convergence/evidence/controlled-successor-20261006/checkpoint5-native-fin/gov-native-fin/proposal/control-plan-v3.json,added,162494794b9d955002b4047ff7789ebe9c18fd50,4561,0,87,0,INDEX_MANIFEST_CANDIDATE
docs/audits/convergence/evidence/controlled-successor-20261006/checkpoint5-native-fin/gov-native-fin/proposal/control-plan.json,added,af056c709aa13c24208cbacc3b8c0a79dce18e34,2241,0,56,0,INDEX_MANIFEST_CANDIDATE
docs/audits/convergence/evidence/controlled-successor-20261006/checkpoint5-native-fin/gov-native-fin/proposal/control-v1-to-v2.diff,added,24c7707d6ab4ac20287c8717209be655654081bb,1504,0,20,0,GOVERNANCE
docs/audits/convergence/evidence/controlled-successor-20261006/checkpoint5-native-fin/gov-native-fin/proposal/control-v2-to-v3.diff,added,7eedd4a4bdef78eb02154b4a522ff586ff2bf428,4753,0,77,0,GOVERNANCE
docs/audits/convergence/evidence/controlled-successor-20261006/checkpoint5-native-fin/gov-native-fin/proposal/gov-runner-after.py.source,added,49fa9278b51bf16e3b0aa966e9f7a6412704e685,63436,0,1047,0,GENERATED_RAW_OR_CAPTURED_SOURCE
docs/audits/convergence/evidence/controlled-successor-20261006/checkpoint5-native-fin/gov-native-fin/proposal/gov-runner-before.py.source,added,2dfc51bdb68719039830ce44e3801cc77ff65db5,63403,0,1046,0,GENERATED_RAW_OR_CAPTURED_SOURCE
docs/audits/convergence/evidence/controlled-successor-20261006/checkpoint5-native-fin/gov-native-fin/proposal/owned_process_control.py.source,added,69d93f905e706a677847d27caeab7c383ab3ea69,4632,0,106,0,GENERATED_RAW_OR_CAPTURED_SOURCE
docs/audits/convergence/evidence/controlled-successor-20261006/checkpoint5-native-fin/gov-native-fin/proposal/proposal.diff,added,8b7eaaed771449db4a4cd81482c1ab0bfc5d6dae,2044,0,30,0,GOVERNANCE
docs/audits/convergence/evidence/controlled-successor-20261006/checkpoint5-native-fin/gov-native-fin/proposal/proposal.json,added,23299c9e652f00df42910ac79717a3394f3f0ea7,1779,0,38,0,INDEX_MANIFEST_CANDIDATE
docs/audits/convergence/evidence/controlled-successor-20261006/checkpoint5-native-fin/gov-native-fin/proposal/real_gov_component_control.py.source,added,664b2949411e4235622b1cb4ef1f77b51f26d5f7,11348,0,201,0,GENERATED_RAW_OR_CAPTURED_SOURCE
docs/audits/convergence/evidence/controlled-successor-20261006/checkpoint5-native-fin/gov-native-fin/proposal/real_gov_component_control_v2.py.source,added,552c7b0d46811c93690ddcbcf67b4616045b5169,11402,0,201,0,GENERATED_RAW_OR_CAPTURED_SOURCE
docs/audits/convergence/evidence/controlled-successor-20261006/checkpoint5-native-fin/gov-native-fin/proposal/real_gov_component_control_v3.py.source,added,0fe277ab320ebe3000fc330d556066897d08b50c,13350,0,232,0,GENERATED_RAW_OR_CAPTURED_SOURCE
docs/audits/convergence/evidence/controlled-successor-20261006/checkpoint5-native-fin/gov-native-fin/selected-raw-index.json,added,487018e7a8479cc0befb6bb6a5a317424add847d,37925,0,973,0,INDEX_MANIFEST_CANDIDATE
docs/audits/convergence/evidence/controlled-successor-20261006/checkpoint5-native-fin/predeploy2e/closed-control-rca.json,added,100823eabb72c8341f9f90c910f03814fbf9ba0d,27108,0,297,0,INDEX_MANIFEST_CANDIDATE
docs/audits/convergence/evidence/controlled-successor-20261006/checkpoint5-native-fin/predeploy2e/control-postread.json,added,ea3660014d8f7a86a387d9a180fce85a3f055dfb,73920,0,377,0,INDEX_MANIFEST_CANDIDATE
docs/audits/convergence/evidence/controlled-successor-20261006/checkpoint5-native-fin/predeploy2e/original-controls-artifact.zip,added,e7e2acdf0a169d567e11654f776f06d3b575d396,7551,0,-,-,BINARY
docs/audits/convergence/evidence/controlled-successor-20261006/checkpoint5-native-fin/prior-closed-raw-preservation.json,added,37f731bf38e3f675e1ca333da54a36d27b5ef4b4,47642,0,1248,0,INDEX_MANIFEST_CANDIDATE
docs/audits/convergence/evidence/controlled-successor-20261006/checkpoint6-phase-child-barrier/CHANGE_SUMMARY.json,added,0e6efdd128ca800d2301f5fcb984fda409010913,5043,0,106,0,INDEX_MANIFEST_CANDIDATE
docs/audits/convergence/evidence/controlled-successor-20261006/checkpoint6-phase-child-barrier/RAW_PRESERVATION.json,added,9e6f3bd985c64d243233398f255a7b501d701c59,207563,0,4685,0,INDEX_MANIFEST_CANDIDATE
docs/audits/convergence/evidence/controlled-successor-20261006/checkpoint6-phase-child-barrier/additional-closed-evidence/RAW_PRESERVATION_EXTRA.json,added,a8276d8ce8b46f7a83b80541be45786c5eeaa9ba,10538,0,255,0,INDEX_MANIFEST_CANDIDATE
docs/audits/convergence/evidence/controlled-successor-20261006/checkpoint6-phase-child-barrier/additional-closed-evidence/compact-fin-proposal/cleanup-after.py.source,added,79256145b08406044dca14f6e10a1d7f36fa5ab2,36701,0,754,0,GENERATED_RAW_OR_CAPTURED_SOURCE
docs/audits/convergence/evidence/controlled-successor-20261006/checkpoint6-phase-child-barrier/additional-closed-evidence/compact-fin-proposal/cleanup-before.py.source,added,e56a103fb27bc75706457f6ccc9279f9545a92ca,36582,0,753,0,GENERATED_RAW_OR_CAPTURED_SOURCE
docs/audits/convergence/evidence/controlled-successor-20261006/checkpoint6-phase-child-barrier/additional-closed-evidence/compact-fin-proposal/closed-real100-reencoding.json,added,518234341e88344f6425f67878350db55dce60dd,2950,0,67,0,INDEX_MANIFEST_CANDIDATE
docs/audits/convergence/evidence/controlled-successor-20261006/checkpoint6-phase-child-barrier/additional-closed-evidence/compact-fin-proposal/compact-fin.diff,added,b55b7d27dfc375baf4ca4d5a0f5aa0cf620197b3,1255,0,26,0,GOVERNANCE
docs/audits/convergence/evidence/controlled-successor-20261006/checkpoint6-phase-child-barrier/additional-closed-evidence/compact-fin-proposal/proposal-plan.json,added,99551ddc3a4c81aa44ed1c35c4ed548c2b4538ce,8520,0,158,0,INDEX_MANIFEST_CANDIDATE
docs/audits/convergence/evidence/controlled-successor-20261006/checkpoint6-phase-child-barrier/additional-closed-evidence/compact-fin-proposal/workspace-after.py.source,added,ccf07efe5ca7ba4943664c4e41faa7eaa71d4575,50923,0,825,0,GENERATED_RAW_OR_CAPTURED_SOURCE
docs/audits/convergence/evidence/controlled-successor-20261006/checkpoint6-phase-child-barrier/additional-closed-evidence/compact-fin-proposal/workspace-before.py.source,added,6349cacff7adbfee477207103df606c3898fa15f,50909,0,825,0,GENERATED_RAW_OR_CAPTURED_SOURCE
docs/audits/convergence/evidence/controlled-successor-20261006/checkpoint6-phase-child-barrier/additional-closed-evidence/families-rca/readonly-families-rca-and-component-plan.json,added,b24d709284a91e0301368f2da03f248355acaa3d,11769,0,189,0,INDEX_MANIFEST_CANDIDATE
docs/audits/convergence/evidence/controlled-successor-20261006/checkpoint6-phase-child-barrier/additional-closed-evidence/predeploy0f/actual-controls.zip,added,efdd5604978db7aa1b5841887ed0d9493ed92ba5,3741,0,-,-,BINARY
docs/audits/convergence/evidence/controlled-successor-20261006/checkpoint6-phase-child-barrier/additional-closed-evidence/predeploy0f/pytest-producers-postread.json,added,b4ad94735e069a63a2349f6baf49e5a3e726ca69,19333,0,359,0,INDEX_MANIFEST_CANDIDATE
docs/audits/convergence/evidence/controlled-successor-20261006/checkpoint6-phase-child-barrier/horizon-preparation/horizon-v3-plan.json,added,e4e56f2b3f87882b52367c9d26e0b229c9dc201f,17370,0,300,0,INDEX_MANIFEST_CANDIDATE
docs/audits/convergence/evidence/controlled-successor-20261006/checkpoint6-phase-child-barrier/horizon-preparation/read-only-source-metadata.json,added,a61ac0f2292b6d8af364bd7e9d4e191c5e290b88,1828,0,38,0,INDEX_MANIFEST_CANDIDATE
docs/audits/convergence/evidence/controlled-successor-20261006/checkpoint6-phase-child-barrier/native-big-0f73e2c/authorized-prelaunch.json,added,4452c8835b9c97961df53d786879172b58f50766,1943,0,39,0,INDEX_MANIFEST_CANDIDATE
docs/audits/convergence/evidence/controlled-successor-20261006/checkpoint6-phase-child-barrier/native-big-0f73e2c/big-closed-red-causal-note.json,added,99d8fb2010bb80d71da2d433cc7f258e3ed898d3,15508,0,477,0,INDEX_MANIFEST_CANDIDATE
docs/audits/convergence/evidence/controlled-successor-20261006/checkpoint6-phase-child-barrier/native-big-0f73e2c/big-final-summary.json,added,fbd482e340b70539fd9eb7f23455f735be1bc5ee,19935,0,593,0,INDEX_MANIFEST_CANDIDATE
docs/audits/convergence/evidence/controlled-successor-20261006/checkpoint6-phase-child-barrier/native-big-0f73e2c/clone-canonical.json,added,2d4cfab5170c1ac1ab46e70cf96ef9b2f36e58c8,1510,0,43,0,INDEX_MANIFEST_CANDIDATE
docs/audits/convergence/evidence/controlled-successor-20261006/checkpoint6-phase-child-barrier/native-big-0f73e2c/data-slow/data/paper_v17/artifacts/observer_v17.db/dynamic-shadow-archive/archive.lock,added,e69de29bb2d1d6434b8b29ae775ad8c2e48c5391,0,0,0,0,GOVERNANCE
docs/audits/convergence/evidence/controlled-successor-20261006/checkpoint6-phase-child-barrier/native-big-0f73e2c/data-slow/data/paper_v17/artifacts/observer_v17.db/dynamic-shadow/preopen-2026-10-05.json.gz.gz.gz,added,e50f0560ea799fcf6bffca96702ba465616f4024,56899,0,-,-,BINARY
docs/audits/convergence/evidence/controlled-successor-20261006/checkpoint6-phase-child-barrier/native-big-0f73e2c/data-slow/data/paper_v17/artifacts/observer_v17.db/dynamic-shadow/writer.lock,added,e69de29bb2d1d6434b8b29ae775ad8c2e48c5391,0,0,0,0,GOVERNANCE
docs/audits/convergence/evidence/controlled-successor-20261006/checkpoint6-phase-child-barrier/native-big-0f73e2c/data-slow/data/paper_v17/artifacts/observer_v17.db/sqlite-read-scratch/.rc6-sqlite-scratch.lock,added,e69de29bb2d1d6434b8b29ae775ad8c2e48c5391,0,0,0,0,GOVERNANCE
docs/audits/convergence/evidence/controlled-successor-20261006/checkpoint6-phase-child-barrier/native-big-0f73e2c/data-slow/data/paper_v17/observer_v17.db.gz.gz,added,1c86053d0b7cf7323f0ac5539b71358f60711b51,1203507,0,-,-,BINARY
docs/audits/convergence/evidence/controlled-successor-20261006/checkpoint6-phase-child-barrier/native-big-0f73e2c/data-slow/exit-paper.db,added,936237e692903634ed19489547feb6c65d2136b2,458752,0,-,-,BINARY
docs/audits/convergence/evidence/controlled-successor-20261006/checkpoint6-phase-child-barrier/native-big-0f73e2c/export-preparation.json,added,11786f0ad1e14f4741867f8271b19827de4143cf,1757,0,36,0,INDEX_MANIFEST_CANDIDATE
docs/audits/convergence/evidence/controlled-successor-20261006/checkpoint6-phase-child-barrier/native-big-0f73e2c/github-commit.json,added,24095848c6be39145a6599447e70bebc304c42d0,1176,0,1,0,INDEX_MANIFEST_CANDIDATE
docs/audits/convergence/evidence/controlled-successor-20261006/checkpoint6-phase-child-barrier/native-big-0f73e2c/github-pr-after.json,added,8c17de4b337966da98920a80259543302df02669,18536,0,1,0,INDEX_MANIFEST_CANDIDATE
docs/audits/convergence/evidence/controlled-successor-20261006/checkpoint6-phase-child-barrier/native-big-0f73e2c/github-pr-before.json,added,a0a8c0271d6ca00748cfaaa9bcb1822edd174ef0,18536,0,1,0,INDEX_MANIFEST_CANDIDATE
docs/audits/convergence/evidence/controlled-successor-20261006/checkpoint6-phase-child-barrier/native-big-0f73e2c/github-predeploy-after.json,added,52aef16479cacebab15c494da4cfbb6ffad818ab,13285,0,1,0,INDEX_MANIFEST_CANDIDATE
docs/audits/convergence/evidence/controlled-successor-20261006/checkpoint6-phase-child-barrier/native-big-0f73e2c/github-predeploy-before.json,added,52aef16479cacebab15c494da4cfbb6ffad818ab,13285,0,1,0,INDEX_MANIFEST_CANDIDATE
docs/audits/convergence/evidence/controlled-successor-20261006/checkpoint6-phase-child-barrier/native-big-0f73e2c/github-ref-after.json,added,d51977334c239183ea17cd9c2246476d67077574,504,0,1,0,INDEX_MANIFEST_CANDIDATE
docs/audits/convergence/evidence/controlled-successor-20261006/checkpoint6-phase-child-barrier/native-big-0f73e2c/github-ref-before.json,added,d51977334c239183ea17cd9c2246476d67077574,504,0,1,0,INDEX_MANIFEST_CANDIDATE
docs/audits/convergence/evidence/controlled-successor-20261006/checkpoint6-phase-child-barrier/native-big-0f73e2c/github-repo.json,added,ab60892638a9556910701b65f1eb1f45243001e2,5799,0,1,0,INDEX_MANIFEST_CANDIDATE
docs/audits/convergence/evidence/controlled-successor-20261006/checkpoint6-phase-child-barrier/native-big-0f73e2c/native_big_direct_supervisor.py.source,added,b087e71cf5c8db6a73d2c15d64e151f334ac32f1,24743,0,348,0,GENERATED_RAW_OR_CAPTURED_SOURCE
docs/audits/convergence/evidence/controlled-successor-20261006/checkpoint6-phase-child-barrier/native-big-0f73e2c/pin/source.index.json.gz.gz,added,1374657661d1e6e96a4570cd1b0a7723363e4995,334328,0,-,-,BINARY
docs/audits/convergence/evidence/controlled-successor-20261006/checkpoint6-phase-child-barrier/native-big-0f73e2c/pin/source.tar.gz.gz.part-0000,added,4324fa8c9e80e4ddae919898bd52dc37ad404b98,8388608,0,-,-,GENERATED_RAW_OR_CAPTURED_SOURCE
docs/audits/convergence/evidence/controlled-successor-20261006/checkpoint6-phase-child-barrier/native-big-0f73e2c/pin/source.tar.gz.gz.part-0001,added,11eaec5b882ea75a07c6c3171fe0007de9645295,8388608,0,-,-,GENERATED_RAW_OR_CAPTURED_SOURCE
docs/audits/convergence/evidence/controlled-successor-20261006/checkpoint6-phase-child-barrier/native-big-0f73e2c/pin/source.tar.gz.gz.part-0002,added,6ec6c64a3be733c191819daa4cb1f973acb71275,8388608,0,-,-,GENERATED_RAW_OR_CAPTURED_SOURCE
docs/audits/convergence/evidence/controlled-successor-20261006/checkpoint6-phase-child-barrier/native-big-0f73e2c/pin/source.tar.gz.gz.part-0003,added,f77242f819d09acd46d87a9700abcc60e7505363,8388608,0,-,-,GENERATED_RAW_OR_CAPTURED_SOURCE
docs/audits/convergence/evidence/controlled-successor-20261006/checkpoint6-phase-child-barrier/native-big-0f73e2c/pin/source.tar.gz.gz.part-0004,added,0b3e749b06d1bd60bac7891cb65e2c120ae7326a,8388608,0,-,-,GENERATED_RAW_OR_CAPTURED_SOURCE
docs/audits/convergence/evidence/controlled-successor-20261006/checkpoint6-phase-child-barrier/native-big-0f73e2c/pin/source.tar.gz.gz.part-0005,added,14d2969d03463e1d8c6988e091282deed97eef41,8388608,0,-,-,GENERATED_RAW_OR_CAPTURED_SOURCE
docs/audits/convergence/evidence/controlled-successor-20261006/checkpoint6-phase-child-barrier/native-big-0f73e2c/pin/source.tar.gz.gz.part-0006,added,f1026d6b90d49448df35b57dcc0562061d8559e5,8388608,0,-,-,GENERATED_RAW_OR_CAPTURED_SOURCE
docs/audits/convergence/evidence/controlled-successor-20261006/checkpoint6-phase-child-barrier/native-big-0f73e2c/pin/source.tar.gz.gz.part-0007,added,69a4bf14373a731b3dd765ccee7a32bf5bb9d6d4,8388608,0,-,-,GENERATED_RAW_OR_CAPTURED_SOURCE
docs/audits/convergence/evidence/controlled-successor-20261006/checkpoint6-phase-child-barrier/native-big-0f73e2c/pin/source.tar.gz.gz.part-0008,added,bf94dd559aee137d589997c05f2765d1ce7433a4,8388608,0,-,-,GENERATED_RAW_OR_CAPTURED_SOURCE
docs/audits/convergence/evidence/controlled-successor-20261006/checkpoint6-phase-child-barrier/native-big-0f73e2c/pin/source.tar.gz.gz.part-0009,added,f616e5685a73e4d761ec006361fdfef904941baa,8388608,0,-,-,GENERATED_RAW_OR_CAPTURED_SOURCE
docs/audits/convergence/evidence/controlled-successor-20261006/checkpoint6-phase-child-barrier/native-big-0f73e2c/pin/source.tar.gz.gz.part-0010,added,de59bc78435421d107eaa26434509510e59c301b,8388608,0,-,-,GENERATED_RAW_OR_CAPTURED_SOURCE
docs/audits/convergence/evidence/controlled-successor-20261006/checkpoint6-phase-child-barrier/native-big-0f73e2c/pin/source.tar.gz.gz.part-0011,added,86b50e0d4bec078412994fca6634c811e86bc034,8388608,0,-,-,GENERATED_RAW_OR_CAPTURED_SOURCE
docs/audits/convergence/evidence/controlled-successor-20261006/checkpoint6-phase-child-barrier/native-big-0f73e2c/pin/source.tar.gz.gz.part-0012,added,0971fc9ca9409e9d20886688f5dfd21fbab12045,8388608,0,-,-,GENERATED_RAW_OR_CAPTURED_SOURCE
docs/audits/convergence/evidence/controlled-successor-20261006/checkpoint6-phase-child-barrier/native-big-0f73e2c/pin/source.tar.gz.gz.part-0013,added,867ab72a2b27570871a43ad75590d859b7aa8aaf,8388608,0,-,-,GENERATED_RAW_OR_CAPTURED_SOURCE
docs/audits/convergence/evidence/controlled-successor-20261006/checkpoint6-phase-child-barrier/native-big-0f73e2c/pin/source.tar.gz.gz.part-0014,added,938d8ee93420e58dd964f7b4c032d977bdd3f382,8388608,0,-,-,GENERATED_RAW_OR_CAPTURED_SOURCE
docs/audits/convergence/evidence/controlled-successor-20261006/checkpoint6-phase-child-barrier/native-big-0f73e2c/pin/source.tar.gz.gz.part-0015,added,7f0c6250e15477f364e5763f1abb0c4493a061ea,8388608,0,-,-,GENERATED_RAW_OR_CAPTURED_SOURCE
docs/audits/convergence/evidence/controlled-successor-20261006/checkpoint6-phase-child-barrier/native-big-0f73e2c/pin/source.tar.gz.gz.part-0016,added,2f339fdd42abcf91f2ffb1df73d9b4ee2912a8c8,4940801,0,-,-,GENERATED_RAW_OR_CAPTURED_SOURCE
docs/audits/convergence/evidence/controlled-successor-20261006/checkpoint6-phase-child-barrier/native-big-0f73e2c/postfin-read-authorization.json,added,4aa38f6e2e84bdd06c44ce05037dc76a919078bd,1583,0,43,0,INDEX_MANIFEST_CANDIDATE
docs/audits/convergence/evidence/controlled-successor-20261006/checkpoint6-phase-child-barrier/native-big-0f73e2c/prepared-launch-v2.json,added,409f4aec54cf8c8c8e0257b7b0c6ac765a96bb48,12691,0,293,0,INDEX_MANIFEST_CANDIDATE
docs/audits/convergence/evidence/controlled-successor-20261006/checkpoint6-phase-child-barrier/native-big-0f73e2c/prepared-launch-v3.json,added,3ec722279a6e555d402eb489ea1963194f28c6e0,13357,0,307,0,INDEX_MANIFEST_CANDIDATE
docs/audits/convergence/evidence/controlled-successor-20261006/checkpoint6-phase-child-barrier/native-big-0f73e2c/prepared-launch.json,added,fc04891a967d91f8414afc8e35e5850ab87145e9,11450,0,274,0,INDEX_MANIFEST_CANDIDATE
docs/audits/convergence/evidence/controlled-successor-20261006/checkpoint6-phase-child-barrier/native-big-0f73e2c/prepared-python-metadata.json,added,127623387f73191993ed612df4edb33182c75c73,10944,0,640,0,INDEX_MANIFEST_CANDIDATE
docs/audits/convergence/evidence/controlled-successor-20261006/checkpoint6-phase-child-barrier/native-big-0f73e2c/preserve-original-gc-and-signals-note-v2.json,added,3309329bfc4408cf8cb710f6a93b8f86695ef7c7,8242,0,234,0,INDEX_MANIFEST_CANDIDATE
docs/audits/convergence/evidence/controlled-successor-20261006/checkpoint6-phase-child-barrier/native-big-0f73e2c/preserve-original-gc-and-signals-note.json,added,a276fb29130b8b93d5d6b6086e5753594ec3fed9,7494,0,222,0,INDEX_MANIFEST_CANDIDATE
docs/audits/convergence/evidence/controlled-successor-20261006/checkpoint6-phase-child-barrier/native-big-0f73e2c/raw-closed-output-index.json,added,e644de1ed53104f61429a3513d28670d9797f025,64666,0,1741,0,INDEX_MANIFEST_CANDIDATE
docs/audits/convergence/evidence/controlled-successor-20261006/checkpoint6-phase-child-barrier/native-big-0f73e2c/raw-git-commit.raw,added,acc891915774bcea8fcd00989cfb97b75cd373ac,275,0,6,0,GOVERNANCE
docs/audits/convergence/evidence/controlled-successor-20261006/checkpoint6-phase-child-barrier/native-big-0f73e2c/raw-git-tree.z.gz.gz,added,54551a355eac2484e1ed53b7ea980a8b4831bfa3,125580,0,-,-,BINARY
docs/audits/convergence/evidence/controlled-successor-20261006/checkpoint6-phase-child-barrier/native-big-0f73e2c/raw-slow/harness-final.json,added,2f649dc2ae06563dbe3042fa91708b45c7e7f628,20294,0,694,0,INDEX_MANIFEST_CANDIDATE
docs/audits/convergence/evidence/controlled-successor-20261006/checkpoint6-phase-child-barrier/native-big-0f73e2c/raw-slow/kernel-supervision.json,added,daaf986064cd2c0d08c718c96853a80c409f32bc,2901,0,77,0,INDEX_MANIFEST_CANDIDATE
docs/audits/convergence/evidence/controlled-successor-20261006/checkpoint6-phase-child-barrier/native-big-0f73e2c/raw-slow/launch.json,added,293032efa6bbc3cf2fd10979a0da38f1d3825f26,2647,0,70,0,INDEX_MANIFEST_CANDIDATE
docs/audits/convergence/evidence/controlled-successor-20261006/checkpoint6-phase-child-barrier/native-big-0f73e2c/raw-slow/namespace.json,added,40868940c89c14b860efbdf0e6d8e8094b8c89ef,629,0,11,0,INDEX_MANIFEST_CANDIDATE
docs/audits/convergence/evidence/controlled-successor-20261006/checkpoint6-phase-child-barrier/native-big-0f73e2c/raw-slow/native-big-result.json.gz.gz,added,a1f13645473db694356dd07d0a922c6e26226f9d,136475,0,-,-,BINARY
docs/audits/convergence/evidence/controlled-successor-20261006/checkpoint6-phase-child-barrier/native-big-0f73e2c/raw-slow/native-result-capture.json,added,9901a696ff7f4e0a9858fec32d9ad21abd8cc503,493,0,19,0,INDEX_MANIFEST_CANDIDATE
docs/audits/convergence/evidence/controlled-successor-20261006/checkpoint6-phase-child-barrier/native-big-0f73e2c/raw-slow/native.log,added,2640e3ee6951efededef58bdf151e6f70ebd4f79,138,0,1,0,GENERATED_RAW_OR_CAPTURED_SOURCE
docs/audits/convergence/evidence/controlled-successor-20261006/checkpoint6-phase-child-barrier/native-big-0f73e2c/raw-slow/original-families-budget.json,added,c0c3eef9bac2a073048a1e8bba203eb280fc1212,336,0,8,0,INDEX_MANIFEST_CANDIDATE
docs/audits/convergence/evidence/controlled-successor-20261006/checkpoint6-phase-child-barrier/native-big-0f73e2c/raw-slow/parent-installed-closure.json,added,023391cb8a800e6411c0197444c702b6745e19fa,1806,0,47,0,INDEX_MANIFEST_CANDIDATE
docs/audits/convergence/evidence/controlled-successor-20261006/checkpoint6-phase-child-barrier/native-big-0f73e2c/raw-slow/source-after.json.gz.gz,added,5970854faab95e79d4fe9286c57a879295456057,364093,0,-,-,BINARY
docs/audits/convergence/evidence/controlled-successor-20261006/checkpoint6-phase-child-barrier/native-big-0f73e2c/raw-slow/source-before.json.gz.gz,added,facf44456c0b6ce8efc2965f574062b1901e6e62,363430,0,-,-,BINARY
docs/audits/convergence/evidence/controlled-successor-20261006/checkpoint6-phase-child-barrier/native-big-0f73e2c/source-exclusion-proof.json,added,95b0a118c973bdfa0c44059b2d337515e30e9426,2201,0,47,0,INDEX_MANIFEST_CANDIDATE
docs/audits/convergence/evidence/controlled-successor-20261006/checkpoint6-phase-child-barrier/phase-child-controls/control-v2/control-launch-plan.v3.json,added,3f551d110e30efc2ae3a2bdfb80823d75a1709a7,10136,0,256,0,INDEX_MANIFEST_CANDIDATE
docs/audits/convergence/evidence/controlled-successor-20261006/checkpoint6-phase-child-barrier/phase-child-controls/control-v2/control/frozen157-policy.json.source,added,a6d4abd5c46358b6b2707e4b209f14e0babb38fb,103636,0,2720,0,GENERATED_RAW_OR_CAPTURED_SOURCE
docs/audits/convergence/evidence/controlled-successor-20261006/checkpoint6-phase-child-barrier/phase-child-controls/control-v2/control/input-bindings.json,added,7843311df6f76f9b12e8188f2fcf60d014650423,9918,0,283,0,INDEX_MANIFEST_CANDIDATE
docs/audits/convergence/evidence/controlled-successor-20261006/checkpoint6-phase-child-barrier/phase-child-controls/control-v2/control/launch-inputs.final.json,added,27b5bad137425c3dc1ef2e960eadec4f9c4d896c,4863,0,164,0,INDEX_MANIFEST_CANDIDATE
docs/audits/convergence/evidence/controlled-successor-20261006/checkpoint6-phase-child-barrier/phase-child-controls/control-v2/control/new-governed-runner.py.source,added,f32dc64f1844ac5112868a7206f7656f97d26cc3,63436,0,1047,0,GENERATED_RAW_OR_CAPTURED_SOURCE
docs/audits/convergence/evidence/controlled-successor-20261006/checkpoint6-phase-child-barrier/phase-child-controls/control-v2/control/old-governed-runner.py.source,added,49fa9278b51bf16e3b0aa966e9f7a6412704e685,63436,0,1047,0,GENERATED_RAW_OR_CAPTURED_SOURCE
docs/audits/convergence/evidence/controlled-successor-20261006/checkpoint6-phase-child-barrier/phase-child-controls/control-v2/control/owned-native-child-manager.py.source,added,b221f59f4edbb7b04097aec57e91ffbef648100e,18113,0,327,0,GENERATED_RAW_OR_CAPTURED_SOURCE
docs/audits/convergence/evidence/controlled-successor-20261006/checkpoint6-phase-child-barrier/phase-child-controls/control-v2/control/phase_component.py.source,added,03eba3537cd387e8a103b6ed16e7b1c7db98aa4e,19585,0,320,0,GENERATED_RAW_OR_CAPTURED_SOURCE
docs/audits/convergence/evidence/controlled-successor-20261006/checkpoint6-phase-child-barrier/phase-child-controls/control-v2/control/run_controls.py.source,added,dc8d239a5193f7a234fca1453f51ab57e8cda40b,12203,0,224,0,GENERATED_RAW_OR_CAPTURED_SOURCE
docs/audits/convergence/evidence/controlled-successor-20261006/checkpoint6-phase-child-barrier/phase-child-controls/control-v2/control/test_live_component.py.source,added,55a3c89b3cbdacbdc54c6fea20c3ec0d32913cfc,2071,0,44,0,GENERATED_RAW_OR_CAPTURED_SOURCE
docs/audits/convergence/evidence/controlled-successor-20261006/checkpoint6-phase-child-barrier/phase-child-controls/control-v2/control/test_positive_component.py.source,added,b74ca4819a1793ae9e4ed0f966e5d8f333318bb0,157,0,5,0,GENERATED_RAW_OR_CAPTURED_SOURCE
docs/audits/convergence/evidence/controlled-successor-20261006/checkpoint6-phase-child-barrier/phase-child-controls/control-v2/epoch311/launch.json,added,057ecc86b4c905573ca699677257d037cd83f0a4,18950,0,893,0,INDEX_MANIFEST_CANDIDATE
docs/audits/convergence/evidence/controlled-successor-20261006/checkpoint6-phase-child-barrier/phase-child-controls/control-v2/epoch311/new_positive/closed-result.json,added,a97bf8b202a8baa9a8a567756158b53521d5711e,2909,0,79,0,INDEX_MANIFEST_CANDIDATE
docs/audits/convergence/evidence/controlled-successor-20261006/checkpoint6-phase-child-barrier/phase-child-controls/control-v2/epoch311/new_positive/component-launch.json,added,a72ea251b2368f11f664d67cf20daa19a662fa49,13140,0,711,0,INDEX_MANIFEST_CANDIDATE
docs/audits/convergence/evidence/controlled-successor-20261006/checkpoint6-phase-child-barrier/phase-child-controls/control-v2/epoch311/new_positive/component-receipt.json,added,fd78aece86bbc0254ee6d619de5ab4675fadc54c,7579,0,241,0,INDEX_MANIFEST_CANDIDATE
docs/audits/convergence/evidence/controlled-successor-20261006/checkpoint6-phase-child-barrier/phase-child-controls/control-v2/epoch311/new_positive/component.log,added,6a4422f3894d3def29d770161f8a45bd7a88e5a0,335,0,3,0,GENERATED_RAW_OR_CAPTURED_SOURCE
docs/audits/convergence/evidence/controlled-successor-20261006/checkpoint6-phase-child-barrier/phase-child-controls/control-v2/epoch311/new_positive/launch-intent.json,added,3536c3ac59a1f3469de7ec3aa93c533d49c517f0,545,0,20,0,INDEX_MANIFEST_CANDIDATE
docs/audits/convergence/evidence/controlled-successor-20261006/checkpoint6-phase-child-barrier/phase-child-controls/control-v2/epoch311/new_positive/outer-kernel.json,added,066f065aab9a65c15bff03444e5b325c135e598f,2258,0,65,0,INDEX_MANIFEST_CANDIDATE
docs/audits/convergence/evidence/controlled-successor-20261006/checkpoint6-phase-child-barrier/phase-child-controls/control-v2/epoch311/new_positive/phase-output/execution.child-finalization.json,added,47b9e1924e6bc978948f6c9b13267c2e15c4ebda,1596,0,56,0,INDEX_MANIFEST_CANDIDATE
docs/audits/convergence/evidence/controlled-successor-20261006/checkpoint6-phase-child-barrier/phase-child-controls/control-v2/epoch311/new_positive/phase-output/execution.namespace.json,added,e271eff0cc4bb2aefeb3acfc52c70844e28fbad3,650,0,11,0,INDEX_MANIFEST_CANDIDATE
docs/audits/convergence/evidence/controlled-successor-20261006/checkpoint6-phase-child-barrier/phase-child-controls/control-v2/epoch311/new_positive/phase-output/execution.observations.json,added,234b8c32dd1279ed5600d8b59f439a2d3a5909d7,16991,0,774,0,INDEX_MANIFEST_CANDIDATE
docs/audits/convergence/evidence/controlled-successor-20261006/checkpoint6-phase-child-barrier/phase-child-controls/control-v2/epoch311/new_positive/phase-output/execution.offline-capability.json,added,d365367ba1375925d9a4fc5d76cfeddb9ed4d74f,604,0,21,0,INDEX_MANIFEST_CANDIDATE
docs/audits/convergence/evidence/controlled-successor-20261006/checkpoint6-phase-child-barrier/phase-child-controls/control-v2/epoch311/new_positive/phase-output/execution.source-after.index.json,added,fa13cff1c78f98fd49fb9eba7115f86ac3657f6a,1647,0,59,0,INDEX_MANIFEST_CANDIDATE
docs/audits/convergence/evidence/controlled-successor-20261006/checkpoint6-phase-child-barrier/phase-child-controls/control-v2/epoch311/new_positive/phase-output/execution.source-before.index.json,added,580da39a4ab8fa298da454eb3a519580d5449921,1647,0,59,0,INDEX_MANIFEST_CANDIDATE
docs/audits/convergence/evidence/controlled-successor-20261006/checkpoint6-phase-child-barrier/phase-child-controls/control-v2/epoch311/new_positive/phase-output/launch.json,added,ab0231d34366fdc02ff1955869396737167401a7,162,0,5,0,INDEX_MANIFEST_CANDIDATE
docs/audits/convergence/evidence/controlled-successor-20261006/checkpoint6-phase-child-barrier/phase-child-controls/control-v2/epoch311/new_positive/phase-output/porota-governed-tests.xml,added,d42cf012c1f0eee36fa05b2fe1abd20b07c99614,413,0,1,0,GENERATED_RAW_OR_CAPTURED_SOURCE
docs/audits/convergence/evidence/controlled-successor-20261006/checkpoint6-phase-child-barrier/phase-child-controls/control-v2/epoch311/new_positive/source/tests/test_phase_component.py.source,added,b74ca4819a1793ae9e4ed0f966e5d8f333318bb0,157,0,5,0,GENERATED_RAW_OR_CAPTURED_SOURCE
docs/audits/convergence/evidence/controlled-successor-20261006/checkpoint6-phase-child-barrier/phase-child-controls/control-v2/epoch311/new_unknown5/closed-result.json,added,30b97b29525e06fcde964db9dc9740cc28af2a74,2884,0,79,0,INDEX_MANIFEST_CANDIDATE
docs/audits/convergence/evidence/controlled-successor-20261006/checkpoint6-phase-child-barrier/phase-child-controls/control-v2/epoch311/new_unknown5/component-launch.json,added,eba515275374cf93f481240f0352c6d31223a25a,13142,0,711,0,INDEX_MANIFEST_CANDIDATE
docs/audits/convergence/evidence/controlled-successor-20261006/checkpoint6-phase-child-barrier/phase-child-controls/control-v2/epoch311/new_unknown5/component-receipt.json,added,0ef47044f87a80fcb563c9b9259d3c9ad3ebfd63,7645,0,238,0,INDEX_MANIFEST_CANDIDATE
docs/audits/convergence/evidence/controlled-successor-20261006/checkpoint6-phase-child-barrier/phase-child-controls/control-v2/epoch311/new_unknown5/component.log,added,012da309c892fea6397fce6c041b92948d1b49f0,333,0,3,0,GENERATED_RAW_OR_CAPTURED_SOURCE
docs/audits/convergence/evidence/controlled-successor-20261006/checkpoint6-phase-child-barrier/phase-child-controls/control-v2/epoch311/new_unknown5/launch-intent.json,added,f51c5b14a507c029c126275c251890d23873faa8,545,0,20,0,INDEX_MANIFEST_CANDIDATE
docs/audits/convergence/evidence/controlled-successor-20261006/checkpoint6-phase-child-barrier/phase-child-controls/control-v2/epoch311/new_unknown5/live-kernel-observation.json,added,e285cd1a58c591ef7fc248ec808eb6103a11e4ff,534,0,22,0,INDEX_MANIFEST_CANDIDATE
docs/audits/convergence/evidence/controlled-successor-20261006/checkpoint6-phase-child-barrier/phase-child-controls/control-v2/epoch311/new_unknown5/outer-kernel.json,added,48140f8d1ce358f3b8d61fece25db324406b68c2,2235,0,65,0,INDEX_MANIFEST_CANDIDATE
docs/audits/convergence/evidence/controlled-successor-20261006/checkpoint6-phase-child-barrier/phase-child-controls/control-v2/epoch311/new_unknown5/phase-output/execution.child-finalization.json,added,b85682d6e799ed0bf8bca1ff88287badf5237fd2,947,0,30,0,INDEX_MANIFEST_CANDIDATE
docs/audits/convergence/evidence/controlled-successor-20261006/checkpoint6-phase-child-barrier/phase-child-controls/control-v2/epoch311/new_unknown5/phase-output/execution.namespace.json,added,a04eacf1568a44a1f8286c45ad4ec36cbd0a18c1,650,0,11,0,INDEX_MANIFEST_CANDIDATE
docs/audits/convergence/evidence/controlled-successor-20261006/checkpoint6-phase-child-barrier/phase-child-controls/control-v2/epoch311/new_unknown5/phase-output/execution.offline-capability.json,added,d365367ba1375925d9a4fc5d76cfeddb9ed4d74f,604,0,21,0,INDEX_MANIFEST_CANDIDATE
docs/audits/convergence/evidence/controlled-successor-20261006/checkpoint6-phase-child-barrier/phase-child-controls/control-v2/epoch311/new_unknown5/phase-output/launch.json,added,b9636c24f9a3785d0441fe030dbc081d1710e79f,162,0,5,0,INDEX_MANIFEST_CANDIDATE
docs/audits/convergence/evidence/controlled-successor-20261006/checkpoint6-phase-child-barrier/phase-child-controls/control-v2/epoch311/new_unknown5/phase-output/porota-governed-tests.xml,added,b418e87ebb366745acd75838193f90fe92886ebe,434,0,1,0,GENERATED_RAW_OR_CAPTURED_SOURCE
docs/audits/convergence/evidence/controlled-successor-20261006/checkpoint6-phase-child-barrier/phase-child-controls/control-v2/epoch311/new_unknown5/phase-output/producer-control.json,added,8bc163adb49ae75318f010d00b7f81924e40f0f6,486,0,20,0,INDEX_MANIFEST_CANDIDATE
docs/audits/convergence/evidence/controlled-successor-20261006/checkpoint6-phase-child-barrier/phase-child-controls/control-v2/epoch311/new_unknown5/source/tests/test_phase_component.py.source,added,55a3c89b3cbdacbdc54c6fea20c3ec0d32913cfc,2071,0,44,0,GENERATED_RAW_OR_CAPTURED_SOURCE
docs/audits/convergence/evidence/controlled-successor-20261006/checkpoint6-phase-child-barrier/phase-child-controls/control-v2/epoch311/old_unknown5/closed-result.json,added,22e59303fe52c72b0ac6f60966ed22a4526dc9f6,2894,0,79,0,INDEX_MANIFEST_CANDIDATE
docs/audits/convergence/evidence/controlled-successor-20261006/checkpoint6-phase-child-barrier/phase-child-controls/control-v2/epoch311/old_unknown5/component-launch.json,added,2bf62fded2dbdea6101dd1bce94012493b9a4ccf,13142,0,711,0,INDEX_MANIFEST_CANDIDATE
docs/audits/convergence/evidence/controlled-successor-20261006/checkpoint6-phase-child-barrier/phase-child-controls/control-v2/epoch311/old_unknown5/component-receipt.json,added,ce08350aaab6dedeb3e60cd496dfbeb6544412b7,7735,0,243,0,INDEX_MANIFEST_CANDIDATE
docs/audits/convergence/evidence/controlled-successor-20261006/checkpoint6-phase-child-barrier/phase-child-controls/control-v2/epoch311/old_unknown5/component.log,added,53accdb44a365c71aaa75e34a7c1a6ab4cbd5855,333,0,3,0,GENERATED_RAW_OR_CAPTURED_SOURCE
docs/audits/convergence/evidence/controlled-successor-20261006/checkpoint6-phase-child-barrier/phase-child-controls/control-v2/epoch311/old_unknown5/launch-intent.json,added,5ff7e0d2a7588c5e5b5d6d118064eccf96e716dd,545,0,20,0,INDEX_MANIFEST_CANDIDATE
docs/audits/convergence/evidence/controlled-successor-20261006/checkpoint6-phase-child-barrier/phase-child-controls/control-v2/epoch311/old_unknown5/live-kernel-observation.json,added,08500ad56fae0f711f821f43acb775a93a8e8f37,534,0,22,0,INDEX_MANIFEST_CANDIDATE
docs/audits/convergence/evidence/controlled-successor-20261006/checkpoint6-phase-child-barrier/phase-child-controls/control-v2/epoch311/old_unknown5/outer-kernel.json,added,a81c5864095c7c6927efa183263c6c9ab8590ede,2245,0,65,0,INDEX_MANIFEST_CANDIDATE
docs/audits/convergence/evidence/controlled-successor-20261006/checkpoint6-phase-child-barrier/phase-child-controls/control-v2/epoch311/old_unknown5/phase-output/execution.child-finalization.json,added,6cb469b611116eb6f5b1b28de7c9e3db6bbe097c,947,0,30,0,INDEX_MANIFEST_CANDIDATE
docs/audits/convergence/evidence/controlled-successor-20261006/checkpoint6-phase-child-barrier/phase-child-controls/control-v2/epoch311/old_unknown5/phase-output/execution.namespace.json,added,21402821178bbe46d114ae4d0f16150002471e3b,650,0,11,0,INDEX_MANIFEST_CANDIDATE
docs/audits/convergence/evidence/controlled-successor-20261006/checkpoint6-phase-child-barrier/phase-child-controls/control-v2/epoch311/old_unknown5/phase-output/execution.offline-capability.json,added,d365367ba1375925d9a4fc5d76cfeddb9ed4d74f,604,0,21,0,INDEX_MANIFEST_CANDIDATE
docs/audits/convergence/evidence/controlled-successor-20261006/checkpoint6-phase-child-barrier/phase-child-controls/control-v2/epoch311/old_unknown5/phase-output/launch.json,added,1f962a3f0eb8436950faaa751f0dbebaccd57d5c,162,0,5,0,INDEX_MANIFEST_CANDIDATE
docs/audits/convergence/evidence/controlled-successor-20261006/checkpoint6-phase-child-barrier/phase-child-controls/control-v2/epoch311/old_unknown5/phase-output/porota-governed-tests.xml,added,555fb646a3e5816e024915144a69c935ab6e0a0b,434,0,1,0,GENERATED_RAW_OR_CAPTURED_SOURCE
docs/audits/convergence/evidence/controlled-successor-20261006/checkpoint6-phase-child-barrier/phase-child-controls/control-v2/epoch311/old_unknown5/phase-output/producer-control.json,added,452141713ac6104b74ab7d116cd3a3b2a82fa0ad,486,0,20,0,INDEX_MANIFEST_CANDIDATE
docs/audits/convergence/evidence/controlled-successor-20261006/checkpoint6-phase-child-barrier/phase-child-controls/control-v2/epoch311/old_unknown5/source/tests/test_phase_component.py.source,added,55a3c89b3cbdacbdc54c6fea20c3ec0d32913cfc,2071,0,44,0,GENERATED_RAW_OR_CAPTURED_SOURCE
docs/audits/convergence/evidence/controlled-successor-20261006/checkpoint6-phase-child-barrier/phase-child-controls/control-v2/epoch311/progress-0000.json,added,b999adc7f5bb9af8f3d2956afe00d07d26153f73,247,0,10,0,INDEX_MANIFEST_CANDIDATE
docs/audits/convergence/evidence/controlled-successor-20261006/checkpoint6-phase-child-barrier/phase-child-controls/control-v2/epoch311/progress-0001.json,added,df6f0bbe983ca76324247fab1194ca1918521814,241,0,10,0,INDEX_MANIFEST_CANDIDATE
docs/audits/convergence/evidence/controlled-successor-20261006/checkpoint6-phase-child-barrier/phase-child-controls/control-v2/epoch311/progress-0002.json,added,6cb8ec57c8e447c8e7ae5191aee9abcbf27e39e6,247,0,10,0,INDEX_MANIFEST_CANDIDATE
docs/audits/convergence/evidence/controlled-successor-20261006/checkpoint6-phase-child-barrier/phase-child-controls/control-v2/epoch311/progress-0003.json,added,6d78ae67a7897eaaa71bb3aafcae9543de50cba5,241,0,10,0,INDEX_MANIFEST_CANDIDATE
docs/audits/convergence/evidence/controlled-successor-20261006/checkpoint6-phase-child-barrier/phase-child-controls/control-v2/epoch311/progress-0004.json,added,a45886e6ba52f2a8d33e0a24681a1cb831e6c212,247,0,10,0,INDEX_MANIFEST_CANDIDATE
docs/audits/convergence/evidence/controlled-successor-20261006/checkpoint6-phase-child-barrier/phase-child-controls/control-v2/epoch311/receipt.json,added,0ebd4ebca4c4e2397eb5efdb98ee99dcb4f31fe7,15074,0,415,0,INDEX_MANIFEST_CANDIDATE
docs/audits/convergence/evidence/controlled-successor-20261006/checkpoint6-phase-child-barrier/phase-child-controls/control-v2/epoch312/launch.json,added,90fda93bba93b44da54fad54709a57778332878f,18950,0,893,0,INDEX_MANIFEST_CANDIDATE
docs/audits/convergence/evidence/controlled-successor-20261006/checkpoint6-phase-child-barrier/phase-child-controls/control-v2/epoch312/new_positive/closed-result.json,added,e1bf3e73ee08aa7e216ce1b3c1dd9f6208d38ce3,2888,0,79,0,INDEX_MANIFEST_CANDIDATE
docs/audits/convergence/evidence/controlled-successor-20261006/checkpoint6-phase-child-barrier/phase-child-controls/control-v2/epoch312/new_positive/component-launch.json,added,9fd73a9f2176654a566d4ca3d8e584d2e0bdfb07,13140,0,711,0,INDEX_MANIFEST_CANDIDATE
docs/audits/convergence/evidence/controlled-successor-20261006/checkpoint6-phase-child-barrier/phase-child-controls/control-v2/epoch312/new_positive/component-receipt.json,added,63829c9e3337ff8c7ba8b5b9b17ebae5472454c1,7577,0,241,0,INDEX_MANIFEST_CANDIDATE
docs/audits/convergence/evidence/controlled-successor-20261006/checkpoint6-phase-child-barrier/phase-child-controls/control-v2/epoch312/new_positive/component.log,added,36debd5ab3d264a752a066cd8db1f331410cecf7,335,0,3,0,GENERATED_RAW_OR_CAPTURED_SOURCE
docs/audits/convergence/evidence/controlled-successor-20261006/checkpoint6-phase-child-barrier/phase-child-controls/control-v2/epoch312/new_positive/launch-intent.json,added,ee4faec37586cab6a248e5efa448f7c4d8481ff9,545,0,20,0,INDEX_MANIFEST_CANDIDATE
docs/audits/convergence/evidence/controlled-successor-20261006/checkpoint6-phase-child-barrier/phase-child-controls/control-v2/epoch312/new_positive/outer-kernel.json,added,deea7eb70fa5fb4442cfc5766706ba629788ed13,2237,0,65,0,INDEX_MANIFEST_CANDIDATE
docs/audits/convergence/evidence/controlled-successor-20261006/checkpoint6-phase-child-barrier/phase-child-controls/control-v2/epoch312/new_positive/phase-output/execution.child-finalization.json,added,81047628a03496d94a531e15bc7e8f8b3a6508f7,1594,0,56,0,INDEX_MANIFEST_CANDIDATE
docs/audits/convergence/evidence/controlled-successor-20261006/checkpoint6-phase-child-barrier/phase-child-controls/control-v2/epoch312/new_positive/phase-output/execution.namespace.json,added,4eb5a91d61bd5cbd518fc674a337117d471d913a,650,0,11,0,INDEX_MANIFEST_CANDIDATE
docs/audits/convergence/evidence/controlled-successor-20261006/checkpoint6-phase-child-barrier/phase-child-controls/control-v2/epoch312/new_positive/phase-output/execution.observations.json,added,1c88c9be4d339eec91255fac709cbd69cb793ac1,16989,0,774,0,INDEX_MANIFEST_CANDIDATE
docs/audits/convergence/evidence/controlled-successor-20261006/checkpoint6-phase-child-barrier/phase-child-controls/control-v2/epoch312/new_positive/phase-output/execution.offline-capability.json,added,d365367ba1375925d9a4fc5d76cfeddb9ed4d74f,604,0,21,0,INDEX_MANIFEST_CANDIDATE
docs/audits/convergence/evidence/controlled-successor-20261006/checkpoint6-phase-child-barrier/phase-child-controls/control-v2/epoch312/new_positive/phase-output/execution.source-after.index.json,added,bc1d95e278218d0dd4e0cb0b976cd2f74719ee0d,1647,0,59,0,INDEX_MANIFEST_CANDIDATE
docs/audits/convergence/evidence/controlled-successor-20261006/checkpoint6-phase-child-barrier/phase-child-controls/control-v2/epoch312/new_positive/phase-output/execution.source-before.index.json,added,2247dfbfc1eb55e5e99af42ea146100a7fab835a,1647,0,59,0,INDEX_MANIFEST_CANDIDATE
docs/audits/convergence/evidence/controlled-successor-20261006/checkpoint6-phase-child-barrier/phase-child-controls/control-v2/epoch312/new_positive/phase-output/launch.json,added,4a0467f9443c51ea7dc15a7152b78e7a902ee983,162,0,5,0,INDEX_MANIFEST_CANDIDATE
docs/audits/convergence/evidence/controlled-successor-20261006/checkpoint6-phase-child-barrier/phase-child-controls/control-v2/epoch312/new_positive/phase-output/porota-governed-tests.xml,added,a631783aa69e12ff019388bd89b6b9e0a40e6691,413,0,1,0,GENERATED_RAW_OR_CAPTURED_SOURCE
docs/audits/convergence/evidence/controlled-successor-20261006/checkpoint6-phase-child-barrier/phase-child-controls/control-v2/epoch312/new_positive/source/tests/test_phase_component.py.source,added,b74ca4819a1793ae9e4ed0f966e5d8f333318bb0,157,0,5,0,GENERATED_RAW_OR_CAPTURED_SOURCE
docs/audits/convergence/evidence/controlled-successor-20261006/checkpoint6-phase-child-barrier/phase-child-controls/control-v2/epoch312/new_unknown5/closed-result.json,added,053dbc2ebc589c4e2cb62e83a65ab4f26e7b6fcd,2897,0,79,0,INDEX_MANIFEST_CANDIDATE
docs/audits/convergence/evidence/controlled-successor-20261006/checkpoint6-phase-child-barrier/phase-child-controls/control-v2/epoch312/new_unknown5/component-launch.json,added,16db896f5787b65e32ab0e59d55dc152c18786b9,13142,0,711,0,INDEX_MANIFEST_CANDIDATE
docs/audits/convergence/evidence/controlled-successor-20261006/checkpoint6-phase-child-barrier/phase-child-controls/control-v2/epoch312/new_unknown5/component-receipt.json,added,cd24daceb0340160d91aa20a66d95b92e36e429f,7645,0,238,0,INDEX_MANIFEST_CANDIDATE
docs/audits/convergence/evidence/controlled-successor-20261006/checkpoint6-phase-child-barrier/phase-child-controls/control-v2/epoch312/new_unknown5/component.log,added,7b074eb1e1b1ef7d0fc9e5542551f0abbafd6408,333,0,3,0,GENERATED_RAW_OR_CAPTURED_SOURCE
docs/audits/convergence/evidence/controlled-successor-20261006/checkpoint6-phase-child-barrier/phase-child-controls/control-v2/epoch312/new_unknown5/launch-intent.json,added,549cae342e2c5b9d67ba04d9803e5b0fdbbf444a,545,0,20,0,INDEX_MANIFEST_CANDIDATE
docs/audits/convergence/evidence/controlled-successor-20261006/checkpoint6-phase-child-barrier/phase-child-controls/control-v2/epoch312/new_unknown5/live-kernel-observation.json,added,d47b020f4959fa6bc16f22b0ffcd8c638f351855,534,0,22,0,INDEX_MANIFEST_CANDIDATE
docs/audits/convergence/evidence/controlled-successor-20261006/checkpoint6-phase-child-barrier/phase-child-controls/control-v2/epoch312/new_unknown5/outer-kernel.json,added,047ce6d4a7a66cdb11e76249f856a1d9d4fbb9f0,2248,0,65,0,INDEX_MANIFEST_CANDIDATE
docs/audits/convergence/evidence/controlled-successor-20261006/checkpoint6-phase-child-barrier/phase-child-controls/control-v2/epoch312/new_unknown5/phase-output/execution.child-finalization.json,added,b3967d46d4c3c75c0cf979781be20b4dc23f20cb,947,0,30,0,INDEX_MANIFEST_CANDIDATE
docs/audits/convergence/evidence/controlled-successor-20261006/checkpoint6-phase-child-barrier/phase-child-controls/control-v2/epoch312/new_unknown5/phase-output/execution.namespace.json,added,80e586cd2a11e8557a5123f89ff4edaa8f270209,650,0,11,0,INDEX_MANIFEST_CANDIDATE
docs/audits/convergence/evidence/controlled-successor-20261006/checkpoint6-phase-child-barrier/phase-child-controls/control-v2/epoch312/new_unknown5/phase-output/execution.offline-capability.json,added,d365367ba1375925d9a4fc5d76cfeddb9ed4d74f,604,0,21,0,INDEX_MANIFEST_CANDIDATE
docs/audits/convergence/evidence/controlled-successor-20261006/checkpoint6-phase-child-barrier/phase-child-controls/control-v2/epoch312/new_unknown5/phase-output/launch.json,added,8f5baa25b7ca6853be8c226b4a7f6352c988c880,162,0,5,0,INDEX_MANIFEST_CANDIDATE
docs/audits/convergence/evidence/controlled-successor-20261006/checkpoint6-phase-child-barrier/phase-child-controls/control-v2/epoch312/new_unknown5/phase-output/porota-governed-tests.xml,added,263f3f950aaffc41d8acfb055343cc6f38cf20db,434,0,1,0,GENERATED_RAW_OR_CAPTURED_SOURCE
docs/audits/convergence/evidence/controlled-successor-20261006/checkpoint6-phase-child-barrier/phase-child-controls/control-v2/epoch312/new_unknown5/phase-output/producer-control.json,added,c565f061e71883524e9b27991c01b568151e61a2,486,0,20,0,INDEX_MANIFEST_CANDIDATE
docs/audits/convergence/evidence/controlled-successor-20261006/checkpoint6-phase-child-barrier/phase-child-controls/control-v2/epoch312/new_unknown5/source/tests/test_phase_component.py.source,added,55a3c89b3cbdacbdc54c6fea20c3ec0d32913cfc,2071,0,44,0,GENERATED_RAW_OR_CAPTURED_SOURCE
docs/audits/convergence/evidence/controlled-successor-20261006/checkpoint6-phase-child-barrier/phase-child-controls/control-v2/epoch312/old_unknown5/closed-result.json,added,82727d66a0268aa2d849b07678808f2dc27369d5,2884,0,79,0,INDEX_MANIFEST_CANDIDATE
docs/audits/convergence/evidence/controlled-successor-20261006/checkpoint6-phase-child-barrier/phase-child-controls/control-v2/epoch312/old_unknown5/component-launch.json,added,3a888ec1834dde6e77a72492001b28299743e358,13142,0,711,0,INDEX_MANIFEST_CANDIDATE
docs/audits/convergence/evidence/controlled-successor-20261006/checkpoint6-phase-child-barrier/phase-child-controls/control-v2/epoch312/old_unknown5/component-receipt.json,added,572e42b7837d69474edc489b4ae094ccd8f375a6,7735,0,243,0,INDEX_MANIFEST_CANDIDATE
docs/audits/convergence/evidence/controlled-successor-20261006/checkpoint6-phase-child-barrier/phase-child-controls/control-v2/epoch312/old_unknown5/component.log,added,b052d0aa13d1b3d9d5ee9aa47e1d36a172414b99,333,0,3,0,GENERATED_RAW_OR_CAPTURED_SOURCE
docs/audits/convergence/evidence/controlled-successor-20261006/checkpoint6-phase-child-barrier/phase-child-controls/control-v2/epoch312/old_unknown5/launch-intent.json,added,c17e0fe0200b7872df5dd7768b2e847fbfaa7b49,545,0,20,0,INDEX_MANIFEST_CANDIDATE
docs/audits/convergence/evidence/controlled-successor-20261006/checkpoint6-phase-child-barrier/phase-child-controls/control-v2/epoch312/old_unknown5/live-kernel-observation.json,added,718b20d75dd8ce7b434ba0b8629c6c5f9a4e9aa5,534,0,22,0,INDEX_MANIFEST_CANDIDATE
docs/audits/convergence/evidence/controlled-successor-20261006/checkpoint6-phase-child-barrier/phase-child-controls/control-v2/epoch312/old_unknown5/outer-kernel.json,added,e24abb6c939d4e84d58f0a9be04d92588016c246,2235,0,65,0,INDEX_MANIFEST_CANDIDATE
docs/audits/convergence/evidence/controlled-successor-20261006/checkpoint6-phase-child-barrier/phase-child-controls/control-v2/epoch312/old_unknown5/phase-output/execution.child-finalization.json,added,c21b2ce3d00cc014a2758646d8af651833b0ebe8,947,0,30,0,INDEX_MANIFEST_CANDIDATE
docs/audits/convergence/evidence/controlled-successor-20261006/checkpoint6-phase-child-barrier/phase-child-controls/control-v2/epoch312/old_unknown5/phase-output/execution.namespace.json,added,95a176c1e06670c0b2a2fa09c528b225ed49a2dd,650,0,11,0,INDEX_MANIFEST_CANDIDATE
docs/audits/convergence/evidence/controlled-successor-20261006/checkpoint6-phase-child-barrier/phase-child-controls/control-v2/epoch312/old_unknown5/phase-output/execution.offline-capability.json,added,d365367ba1375925d9a4fc5d76cfeddb9ed4d74f,604,0,21,0,INDEX_MANIFEST_CANDIDATE
docs/audits/convergence/evidence/controlled-successor-20261006/checkpoint6-phase-child-barrier/phase-child-controls/control-v2/epoch312/old_unknown5/phase-output/launch.json,added,7a9f8f119f9150e1918ff8ee686ed726686a0401,162,0,5,0,INDEX_MANIFEST_CANDIDATE
docs/audits/convergence/evidence/controlled-successor-20261006/checkpoint6-phase-child-barrier/phase-child-controls/control-v2/epoch312/old_unknown5/phase-output/porota-governed-tests.xml,added,768ebdd82820d4c4e4d7b1038a6fd412fbe0ef92,434,0,1,0,GENERATED_RAW_OR_CAPTURED_SOURCE
docs/audits/convergence/evidence/controlled-successor-20261006/checkpoint6-phase-child-barrier/phase-child-controls/control-v2/epoch312/old_unknown5/phase-output/producer-control.json,added,52b02689f1c88e653289da768d07456e6da88ba8,486,0,20,0,INDEX_MANIFEST_CANDIDATE
docs/audits/convergence/evidence/controlled-successor-20261006/checkpoint6-phase-child-barrier/phase-child-controls/control-v2/epoch312/old_unknown5/source/tests/test_phase_component.py.source,added,55a3c89b3cbdacbdc54c6fea20c3ec0d32913cfc,2071,0,44,0,GENERATED_RAW_OR_CAPTURED_SOURCE
docs/audits/convergence/evidence/controlled-successor-20261006/checkpoint6-phase-child-barrier/phase-child-controls/control-v2/epoch312/progress-0000.json,added,ae1c6e3853880941bb4397def783f8b906077b7c,247,0,10,0,INDEX_MANIFEST_CANDIDATE
docs/audits/convergence/evidence/controlled-successor-20261006/checkpoint6-phase-child-barrier/phase-child-controls/control-v2/epoch312/progress-0001.json,added,402aff85e358626a4d227ecbc1fa3b692ad59759,241,0,10,0,INDEX_MANIFEST_CANDIDATE
docs/audits/convergence/evidence/controlled-successor-20261006/checkpoint6-phase-child-barrier/phase-child-controls/control-v2/epoch312/progress-0002.json,added,1334ec6ad2996dbd98f204725c15f376867c83f3,247,0,10,0,INDEX_MANIFEST_CANDIDATE
docs/audits/convergence/evidence/controlled-successor-20261006/checkpoint6-phase-child-barrier/phase-child-controls/control-v2/epoch312/progress-0003.json,added,b6e528dfc3b23242c1b9f2a3419fedcf77627403,241,0,10,0,INDEX_MANIFEST_CANDIDATE
docs/audits/convergence/evidence/controlled-successor-20261006/checkpoint6-phase-child-barrier/phase-child-controls/control-v2/epoch312/progress-0004.json,added,c889f75f8c3d153a34a3d17db1433b5ece1c0bce,247,0,10,0,INDEX_MANIFEST_CANDIDATE
docs/audits/convergence/evidence/controlled-successor-20261006/checkpoint6-phase-child-barrier/phase-child-controls/control-v2/epoch312/receipt.json,added,68b114ad63481a0c4dbdc8be9db041571ca4211c,15056,0,415,0,INDEX_MANIFEST_CANDIDATE
docs/audits/convergence/evidence/controlled-successor-20261006/checkpoint6-phase-child-barrier/phase-child-controls/control-v2/metadata-scope-only.diff,added,08cfa2a59090c058248b46eef440cafd31027245,1791,0,22,0,GOVERNANCE
docs/audits/convergence/evidence/controlled-successor-20261006/checkpoint6-phase-child-barrier/phase-child-controls/final-summary.json,added,842dfae6939b3d24772eafe484d5e3723c0a5e5d,9128,0,195,0,INDEX_MANIFEST_CANDIDATE
docs/audits/convergence/evidence/controlled-successor-20261006/checkpoint6-phase-child-barrier/phase-child-controls/proposal-v1/control-launch-plan.v2.json,added,59e9bd4d0fdc10cd04c45da351975e035e2574ca,9624,0,251,0,INDEX_MANIFEST_CANDIDATE
docs/audits/convergence/evidence/controlled-successor-20261006/checkpoint6-phase-child-barrier/phase-child-controls/proposal-v1/control/frozen157-policy.json.source,added,a6d4abd5c46358b6b2707e4b209f14e0babb38fb,103636,0,2720,0,GENERATED_RAW_OR_CAPTURED_SOURCE
docs/audits/convergence/evidence/controlled-successor-20261006/checkpoint6-phase-child-barrier/phase-child-controls/proposal-v1/control/input-bindings.json,added,fb01a39315ee4994de5382c27b09efe8ef1383a5,4322,0,135,0,INDEX_MANIFEST_CANDIDATE
docs/audits/convergence/evidence/controlled-successor-20261006/checkpoint6-phase-child-barrier/phase-child-controls/proposal-v1/control/launch-inputs.final.json,added,7d9703f656f8b63eae26497b363f3c73011cb442,4744,0,162,0,INDEX_MANIFEST_CANDIDATE
docs/audits/convergence/evidence/controlled-successor-20261006/checkpoint6-phase-child-barrier/phase-child-controls/proposal-v1/control/new-governed-runner.py.source,added,f32dc64f1844ac5112868a7206f7656f97d26cc3,63436,0,1047,0,GENERATED_RAW_OR_CAPTURED_SOURCE
docs/audits/convergence/evidence/controlled-successor-20261006/checkpoint6-phase-child-barrier/phase-child-controls/proposal-v1/control/old-governed-runner.py.source,added,49fa9278b51bf16e3b0aa966e9f7a6412704e685,63436,0,1047,0,GENERATED_RAW_OR_CAPTURED_SOURCE
docs/audits/convergence/evidence/controlled-successor-20261006/checkpoint6-phase-child-barrier/phase-child-controls/proposal-v1/control/owned-native-child-manager.py.source,added,b221f59f4edbb7b04097aec57e91ffbef648100e,18113,0,327,0,GENERATED_RAW_OR_CAPTURED_SOURCE
docs/audits/convergence/evidence/controlled-successor-20261006/checkpoint6-phase-child-barrier/phase-child-controls/proposal-v1/control/phase_component.py.source,added,112f7ff830235883f24036497fffa451259f1773,19459,0,320,0,GENERATED_RAW_OR_CAPTURED_SOURCE
docs/audits/convergence/evidence/controlled-successor-20261006/checkpoint6-phase-child-barrier/phase-child-controls/proposal-v1/control/run_controls.py.source,added,dc8d239a5193f7a234fca1453f51ab57e8cda40b,12203,0,224,0,GENERATED_RAW_OR_CAPTURED_SOURCE
docs/audits/convergence/evidence/controlled-successor-20261006/checkpoint6-phase-child-barrier/phase-child-controls/proposal-v1/control/test_live_component.py.source,added,55a3c89b3cbdacbdc54c6fea20c3ec0d32913cfc,2071,0,44,0,GENERATED_RAW_OR_CAPTURED_SOURCE
docs/audits/convergence/evidence/controlled-successor-20261006/checkpoint6-phase-child-barrier/phase-child-controls/proposal-v1/control/test_positive_component.py.source,added,b74ca4819a1793ae9e4ed0f966e5d8f333318bb0,157,0,5,0,GENERATED_RAW_OR_CAPTURED_SOURCE
docs/audits/convergence/evidence/controlled-successor-20261006/checkpoint6-phase-child-barrier/phase-child-controls/proposal-v1/natural-control-plan.json,added,e3b62ab276efb6a4e68118236d40f9f92b8186da,7235,0,102,0,INDEX_MANIFEST_CANDIDATE
docs/audits/convergence/evidence/controlled-successor-20261006/checkpoint6-phase-child-barrier/phase-child-controls/proposal-v1/phase-child-postread.diff,added,dc7a417d0214a83fb570931bc59c449baae6a7ca,2226,0,30,0,GOVERNANCE
docs/audits/convergence/evidence/controlled-successor-20261006/checkpoint6-phase-child-barrier/phase-child-controls/proposal-v1/proposed/rc6_controlled_governed_runner.py.source,added,f32dc64f1844ac5112868a7206f7656f97d26cc3,63436,0,1047,0,GENERATED_RAW_OR_CAPTURED_SOURCE
docs/audits/convergence/evidence/controlled-successor-20261006/checkpoint6-phase-child-barrier/phase-child-controls/proposal-v1/static-review.json,added,1b12ac8876608b087da03426a8278ae51aa0677c,1087,0,23,0,INDEX_MANIFEST_CANDIDATE
docs/audits/convergence/evidence/controlled-successor-20261006/checkpoint6-phase-child-barrier/phase-child-controls/raw-index.json,added,f8e9b83127b6e737f2a07fd3df1964f1bb423b87,103654,0,2685,0,INDEX_MANIFEST_CANDIDATE
docs/audits/convergence/evidence/controlled-successor-20261006/checkpoint6-phase-child-barrier/publisher-component-control/RAW_PRESERVATION_PUBLISHER.json,added,f2518a466e676a1f020f2cc3fc3d5570077aa2e0,43527,0,1048,0,INDEX_MANIFEST_CANDIDATE
docs/audits/convergence/evidence/controlled-successor-20261006/checkpoint6-phase-child-barrier/publisher-component-control/complete-raw-index.json,added,ce5c2e07804bab72b8ffa935cdfdb9784fe0f1c0,65924,0,1715,0,INDEX_MANIFEST_CANDIDATE
docs/audits/convergence/evidence/controlled-successor-20261006/checkpoint6-phase-child-barrier/publisher-component-control/fin-publisher-components-0f73/control/publisher_control.py.source,added,2e9d82c8ec29ca7a7ff93fc79cfc4a5bbb33b184,9620,0,176,0,GENERATED_RAW_OR_CAPTURED_SOURCE
docs/audits/convergence/evidence/controlled-successor-20261006/checkpoint6-phase-child-barrier/publisher-component-control/fin-publisher-components-0f73/control/run_control.py.source,added,965845db375d288c3a2b9ccc499792123eb2e4f1,7573,0,143,0,GENERATED_RAW_OR_CAPTURED_SOURCE
docs/audits/convergence/evidence/controlled-successor-20261006/checkpoint6-phase-child-barrier/publisher-component-control/fin-publisher-components-0f73/control/run_control_v2.py.source,added,7cea085b8dd925672974946076d62e02e15b8f02,7718,0,145,0,GENERATED_RAW_OR_CAPTURED_SOURCE
docs/audits/convergence/evidence/controlled-successor-20261006/checkpoint6-phase-child-barrier/publisher-component-control/fin-publisher-components-0f73/epoch311/kernel.json,added,b7b10aabf9e27d13860e2a5d426b1584439edf0d,2230,0,61,0,INDEX_MANIFEST_CANDIDATE
docs/audits/convergence/evidence/controlled-successor-20261006/checkpoint6-phase-child-barrier/publisher-component-control/fin-publisher-components-0f73/epoch311/launch.json,added,df9acc1d83a5ac0edb7d10c3ebced5e63ed188ef,12272,0,681,0,INDEX_MANIFEST_CANDIDATE
docs/audits/convergence/evidence/controlled-successor-20261006/checkpoint6-phase-child-barrier/publisher-component-control/fin-publisher-components-0f73/epoch311/progress-0000.json,added,b3dbd71c5e0463d158b43d54cd373d2a0f0d38fc,199,0,8,0,INDEX_MANIFEST_CANDIDATE
docs/audits/convergence/evidence/controlled-successor-20261006/checkpoint6-phase-child-barrier/publisher-component-control/fin-publisher-components-0f73/epoch311/raw/closed-genuine-oversize-copy.json.gz.gz,added,3b7c697ccdbc8ca1a8dd549d03d5d5584bf55a1d,300316,0,-,-,GENERATED_RAW_OR_CAPTURED_SOURCE
docs/audits/convergence/evidence/controlled-successor-20261006/checkpoint6-phase-child-barrier/publisher-component-control/fin-publisher-components-0f73/epoch311/raw/closed311-original-default.json,added,8417e871527d39420358a6ff267216c596457a8d,49894,0,1706,0,GENERATED_RAW_OR_CAPTURED_SOURCE
docs/audits/convergence/evidence/controlled-successor-20261006/checkpoint6-phase-child-barrier/publisher-component-control/fin-publisher-components-0f73/epoch311/raw/closed311-proposed-compact.json,added,2a8d5ae25bcd98d9347303b889ffb25ca3a57a09,34481,0,1,0,GENERATED_RAW_OR_CAPTURED_SOURCE
docs/audits/convergence/evidence/controlled-successor-20261006/checkpoint6-phase-child-barrier/publisher-component-control/fin-publisher-components-0f73/epoch311/raw/closed311-proposed-default.json,added,8417e871527d39420358a6ff267216c596457a8d,49894,0,1706,0,GENERATED_RAW_OR_CAPTURED_SOURCE
docs/audits/convergence/evidence/controlled-successor-20261006/checkpoint6-phase-child-barrier/publisher-component-control/fin-publisher-components-0f73/epoch311/raw/closed312-original-default.json,added,a8270ea1f1f53952209bf2de2b359b339c605e81,49460,0,1706,0,GENERATED_RAW_OR_CAPTURED_SOURCE
docs/audits/convergence/evidence/controlled-successor-20261006/checkpoint6-phase-child-barrier/publisher-component-control/fin-publisher-components-0f73/epoch311/raw/closed312-proposed-compact.json,added,01afcd3e83e93b8ff876d7da4a77c0d9dfcb7b4a,34047,0,1,0,GENERATED_RAW_OR_CAPTURED_SOURCE
docs/audits/convergence/evidence/controlled-successor-20261006/checkpoint6-phase-child-barrier/publisher-component-control/fin-publisher-components-0f73/epoch311/raw/closed312-proposed-default.json,added,a8270ea1f1f53952209bf2de2b359b339c605e81,49460,0,1706,0,GENERATED_RAW_OR_CAPTURED_SOURCE
docs/audits/convergence/evidence/controlled-successor-20261006/checkpoint6-phase-child-barrier/publisher-component-control/fin-publisher-components-0f73/epoch311/raw/component-receipt.json,added,27ca518e362ca546a7da0f996666cc588a276eaa,20058,0,879,0,GENERATED_RAW_OR_CAPTURED_SOURCE
docs/audits/convergence/evidence/controlled-successor-20261006/checkpoint6-phase-child-barrier/publisher-component-control/fin-publisher-components-0f73/epoch311/terminal-receipt.json,added,9d4f76a5fe06ad7648c57a5a523566eb27b611e0,28837,0,1047,0,INDEX_MANIFEST_CANDIDATE
docs/audits/convergence/evidence/controlled-successor-20261006/checkpoint6-phase-child-barrier/publisher-component-control/fin-publisher-components-0f73/epoch311/worker.log,added,cc98daa0146da4be81e42eccb9a2b175ea650f28,227,0,1,0,GENERATED_RAW_OR_CAPTURED_SOURCE
docs/audits/convergence/evidence/controlled-successor-20261006/checkpoint6-phase-child-barrier/publisher-component-control/fin-publisher-components-0f73/epoch312/kernel.json,added,76dd5ddc7da1138838fdb73008721fc0f7cba834,2216,0,61,0,INDEX_MANIFEST_CANDIDATE
docs/audits/convergence/evidence/controlled-successor-20261006/checkpoint6-phase-child-barrier/publisher-component-control/fin-publisher-components-0f73/epoch312/launch.json,added,c63944597ccde69049355433132a65d95b47be1c,12272,0,681,0,INDEX_MANIFEST_CANDIDATE
docs/audits/convergence/evidence/controlled-successor-20261006/checkpoint6-phase-child-barrier/publisher-component-control/fin-publisher-components-0f73/epoch312/progress-0000.json,added,b9b1b4c127cedf48e7706a370b1fd23bb805da00,198,0,8,0,INDEX_MANIFEST_CANDIDATE
docs/audits/convergence/evidence/controlled-successor-20261006/checkpoint6-phase-child-barrier/publisher-component-control/fin-publisher-components-0f73/epoch312/raw/closed-genuine-oversize-copy.json.gz.gz,added,3b7c697ccdbc8ca1a8dd549d03d5d5584bf55a1d,300316,0,-,-,GENERATED_RAW_OR_CAPTURED_SOURCE
docs/audits/convergence/evidence/controlled-successor-20261006/checkpoint6-phase-child-barrier/publisher-component-control/fin-publisher-components-0f73/epoch312/raw/closed311-original-default.json,added,8417e871527d39420358a6ff267216c596457a8d,49894,0,1706,0,GENERATED_RAW_OR_CAPTURED_SOURCE
docs/audits/convergence/evidence/controlled-successor-20261006/checkpoint6-phase-child-barrier/publisher-component-control/fin-publisher-components-0f73/epoch312/raw/closed311-proposed-compact.json,added,2a8d5ae25bcd98d9347303b889ffb25ca3a57a09,34481,0,1,0,GENERATED_RAW_OR_CAPTURED_SOURCE
docs/audits/convergence/evidence/controlled-successor-20261006/checkpoint6-phase-child-barrier/publisher-component-control/fin-publisher-components-0f73/epoch312/raw/closed311-proposed-default.json,added,8417e871527d39420358a6ff267216c596457a8d,49894,0,1706,0,GENERATED_RAW_OR_CAPTURED_SOURCE
docs/audits/convergence/evidence/controlled-successor-20261006/checkpoint6-phase-child-barrier/publisher-component-control/fin-publisher-components-0f73/epoch312/raw/closed312-original-default.json,added,a8270ea1f1f53952209bf2de2b359b339c605e81,49460,0,1706,0,GENERATED_RAW_OR_CAPTURED_SOURCE
docs/audits/convergence/evidence/controlled-successor-20261006/checkpoint6-phase-child-barrier/publisher-component-control/fin-publisher-components-0f73/epoch312/raw/closed312-proposed-compact.json,added,01afcd3e83e93b8ff876d7da4a77c0d9dfcb7b4a,34047,0,1,0,GENERATED_RAW_OR_CAPTURED_SOURCE
docs/audits/convergence/evidence/controlled-successor-20261006/checkpoint6-phase-child-barrier/publisher-component-control/fin-publisher-components-0f73/epoch312/raw/closed312-proposed-default.json,added,a8270ea1f1f53952209bf2de2b359b339c605e81,49460,0,1706,0,GENERATED_RAW_OR_CAPTURED_SOURCE
docs/audits/convergence/evidence/controlled-successor-20261006/checkpoint6-phase-child-barrier/publisher-component-control/fin-publisher-components-0f73/epoch312/raw/component-receipt.json,added,0b322802584c237b31bc74905f20836ff2fcd398,20058,0,879,0,GENERATED_RAW_OR_CAPTURED_SOURCE
docs/audits/convergence/evidence/controlled-successor-20261006/checkpoint6-phase-child-barrier/publisher-component-control/fin-publisher-components-0f73/epoch312/terminal-receipt.json,added,f092d86445c0455d4eef5b8cf015e033aa3bdb37,28823,0,1047,0,INDEX_MANIFEST_CANDIDATE
docs/audits/convergence/evidence/controlled-successor-20261006/checkpoint6-phase-child-barrier/publisher-component-control/fin-publisher-components-0f73/epoch312/worker.log,added,49dac62db88615b57629ec9b552636e5d6023a52,227,0,1,0,GENERATED_RAW_OR_CAPTURED_SOURCE
docs/audits/convergence/evidence/controlled-successor-20261006/checkpoint6-phase-child-barrier/publisher-component-control/fin-publisher-components-0f73/original-proposal/cleanup-after.py.source,added,79256145b08406044dca14f6e10a1d7f36fa5ab2,36701,0,754,0,GENERATED_RAW_OR_CAPTURED_SOURCE
docs/audits/convergence/evidence/controlled-successor-20261006/checkpoint6-phase-child-barrier/publisher-component-control/fin-publisher-components-0f73/original-proposal/cleanup-before.py.source,added,e56a103fb27bc75706457f6ccc9279f9545a92ca,36582,0,753,0,GENERATED_RAW_OR_CAPTURED_SOURCE
docs/audits/convergence/evidence/controlled-successor-20261006/checkpoint6-phase-child-barrier/publisher-component-control/fin-publisher-components-0f73/original-proposal/closed-real100-reencoding.json,added,518234341e88344f6425f67878350db55dce60dd,2950,0,67,0,INDEX_MANIFEST_CANDIDATE
docs/audits/convergence/evidence/controlled-successor-20261006/checkpoint6-phase-child-barrier/publisher-component-control/fin-publisher-components-0f73/original-proposal/compact-fin.diff,added,b55b7d27dfc375baf4ca4d5a0f5aa0cf620197b3,1255,0,26,0,GOVERNANCE
docs/audits/convergence/evidence/controlled-successor-20261006/checkpoint6-phase-child-barrier/publisher-component-control/fin-publisher-components-0f73/original-proposal/proposal-plan.json,added,99551ddc3a4c81aa44ed1c35c4ed548c2b4538ce,8520,0,158,0,INDEX_MANIFEST_CANDIDATE
docs/audits/convergence/evidence/controlled-successor-20261006/checkpoint6-phase-child-barrier/publisher-component-control/fin-publisher-components-0f73/original-proposal/workspace-after.py.source,added,ccf07efe5ca7ba4943664c4e41faa7eaa71d4575,50923,0,825,0,GENERATED_RAW_OR_CAPTURED_SOURCE
docs/audits/convergence/evidence/controlled-successor-20261006/checkpoint6-phase-child-barrier/publisher-component-control/fin-publisher-components-0f73/original-proposal/workspace-before.py.source,added,6349cacff7adbfee477207103df606c3898fa15f,50909,0,825,0,GENERATED_RAW_OR_CAPTURED_SOURCE
docs/audits/convergence/evidence/controlled-successor-20261006/checkpoint6-phase-child-barrier/publisher-component-control/fin-publisher-components-0f73/publisher-control-plan-v2.json,added,95dd153dbe4faa937ae8f8ad34975933f2ab35a1,8023,0,149,0,INDEX_MANIFEST_CANDIDATE
docs/audits/convergence/evidence/controlled-successor-20261006/checkpoint6-phase-child-barrier/publisher-component-control/fin-publisher-components-0f73/references/original-closed-source-index.json.gz.gz,added,3b7c697ccdbc8ca1a8dd549d03d5d5584bf55a1d,300316,0,-,-,BINARY
docs/audits/convergence/evidence/controlled-successor-20261006/checkpoint6-phase-child-barrier/publisher-component-control/fin-publisher-components-0f73/references/original-closed311-fin.json,added,8417e871527d39420358a6ff267216c596457a8d,49894,0,1706,0,INDEX_MANIFEST_CANDIDATE
docs/audits/convergence/evidence/controlled-successor-20261006/checkpoint6-phase-child-barrier/publisher-component-control/fin-publisher-components-0f73/references/original-closed312-fin.json,added,a8270ea1f1f53952209bf2de2b359b339c605e81,49460,0,1706,0,INDEX_MANIFEST_CANDIDATE
docs/audits/convergence/evidence/controlled-successor-20261006/checkpoint6-phase-child-barrier/publisher-component-control/fin-publisher-components-0f73/references/original-predeploy375229-postread-control.json,added,b4ad94735e069a63a2349f6baf49e5a3e726ca69,19333,0,359,0,INDEX_MANIFEST_CANDIDATE
docs/audits/convergence/evidence/controlled-successor-20261006/checkpoint6-phase-child-barrier/publisher-component-control/fin-publisher-components-0f73/references/original-v2-owned-manager.py.source,added,2c5709b25cc4548651e9e85aba50eba0eb5121cf,55671,0,905,0,GENERATED_RAW_OR_CAPTURED_SOURCE
docs/audits/convergence/evidence/controlled-successor-20261006/checkpoint6-phase-child-barrier/publisher-component-control/fin-publisher-components-0f73/references/prior-complete-raw-index-v2.json,added,0c5c55d6330719b0d6a2084a69023f1fc281b61e,266169,0,6778,0,INDEX_MANIFEST_CANDIDATE
docs/audits/convergence/evidence/controlled-successor-20261006/checkpoint6-phase-child-barrier/publisher-component-control/outcome-summary.json,added,9bd2cf5a079864c05090aa18ea78d1c70643158a,8111,0,178,0,INDEX_MANIFEST_CANDIDATE
docs/audits/convergence/evidence/controlled-successor-20261006/checkpoint7-read-diagnostics/CHANGE_SUMMARY.json,added,7c60c5efec2461abc2ded639c7a3aa84d0d619c5,1832,0,41,0,INDEX_MANIFEST_CANDIDATE
docs/audits/convergence/evidence/controlled-successor-20261006/checkpoint7-read-diagnostics/RAW_PRESERVATION.json,added,9a3d5c50d468f66ba5e9b8ce0cc1bbe244b70d2f,73078,0,1837,0,INDEX_MANIFEST_CANDIDATE
docs/audits/convergence/evidence/controlled-successor-20261006/checkpoint7-read-diagnostics/full-gov-builder-prepared-only/GitHub-preparation-authority.template.json,added,d7ced13eeb6a9b9d694d366352a8aa9bf07856e5,743,0,17,0,INDEX_MANIFEST_CANDIDATE
docs/audits/convergence/evidence/controlled-successor-20261006/checkpoint7-read-diagnostics/full-gov-builder-prepared-only/build_governed_sources.py.source,added,e6d1ed7f659a8d687cff056de12edbd43c3959cd,21454,0,326,0,GENERATED_RAW_OR_CAPTURED_SOURCE
docs/audits/convergence/evidence/controlled-successor-20261006/checkpoint7-read-diagnostics/full-gov-builder-prepared-only/build_governed_sources.reviewed2860825.py.source,added,84c9820928452a9ba8af5187a9721a3177f7361e,21163,0,323,0,GENERATED_RAW_OR_CAPTURED_SOURCE
docs/audits/convergence/evidence/controlled-successor-20261006/checkpoint7-read-diagnostics/full-gov-builder-prepared-only/builder-binding.template.json,added,56e0f9ee54d43b7556b1487c459d2ac82c1eb814,1632,0,29,0,INDEX_MANIFEST_CANDIDATE
docs/audits/convergence/evidence/controlled-successor-20261006/checkpoint7-read-diagnostics/full-gov-builder-prepared-only/builder-frozen-final-index.json,added,efe35988d35e6d24bbb27d498e81dec7c3fc2744,4531,0,138,0,INDEX_MANIFEST_CANDIDATE
docs/audits/convergence/evidence/controlled-successor-20261006/checkpoint7-read-diagnostics/full-gov-builder-prepared-only/builder-preparation-index.json,added,fb9fc1851caffa549a89121d488b1f32d0f4a0ad,1658,0,41,0,INDEX_MANIFEST_CANDIDATE
docs/audits/convergence/evidence/controlled-successor-20261006/checkpoint7-read-diagnostics/full-gov-builder-prepared-only/builder-preparation-plan.json,added,f2abcf49b7e830f5a9d975457a307f132cc0f1a3,5252,0,84,0,INDEX_MANIFEST_CANDIDATE
docs/audits/convergence/evidence/controlled-successor-20261006/checkpoint7-read-diagnostics/full-gov-builder-prepared-only/builder-review286-to-final03.diff,added,ce54cfab6070f168edd449726261d12fe1571395,1461,0,22,0,GOVERNANCE
docs/audits/convergence/evidence/controlled-successor-20261006/checkpoint7-read-diagnostics/full-gov-prepared-only/final-binding.template.json,added,4b629acf5861691242d6f8c273dcbc267309601e,1911,0,34,0,INDEX_MANIFEST_CANDIDATE
docs/audits/convergence/evidence/controlled-successor-20261006/checkpoint7-read-diagnostics/full-gov-prepared-only/full-Gov-final-preparation-plan.json,added,e3d9a0bbf13259e9dafcd4857b1b39e5beeda38e,12802,0,227,0,INDEX_MANIFEST_CANDIDATE
docs/audits/convergence/evidence/controlled-successor-20261006/checkpoint7-read-diagnostics/full-gov-prepared-only/governed_outer.py.source,added,ad14f88d7be47573e7206363430cdde51546c5d8,37959,0,603,0,GENERATED_RAW_OR_CAPTURED_SOURCE
docs/audits/convergence/evidence/controlled-successor-20261006/checkpoint7-read-diagnostics/full-gov-prepared-only/original-required-19-objects.json,added,c9b5072ed750a42f7df0b82622cc27c8b47dd32b,7920,0,196,0,INDEX_MANIFEST_CANDIDATE
docs/audits/convergence/evidence/controlled-successor-20261006/checkpoint7-read-diagnostics/full-gov-prepared-only/preparation-index.json,added,b7dc9d6ceb1b4b968347e5e09fc0b7ae2006e575,1374,0,33,0,INDEX_MANIFEST_CANDIDATE
docs/audits/convergence/evidence/controlled-successor-20261006/checkpoint7-read-diagnostics/full-gov-prepared-only/previous-preparation-semantic-baseline.json,added,cc5c515540c56343da1587bce55e3374df217a10,2851,0,71,0,INDEX_MANIFEST_CANDIDATE
docs/audits/convergence/evidence/controlled-successor-20261006/checkpoint7-read-diagnostics/full-gov-prepared-only/remote-authority.template.json,added,2f4bb13182340c6a5183e07b3aa040a33a663b3b,718,0,17,0,INDEX_MANIFEST_CANDIDATE
docs/audits/convergence/evidence/controlled-successor-20261006/checkpoint7-read-diagnostics/prior-inventory/fip-22be0a8d-full-sha.json.gz,added,7095c21cb8080f3afe67c9a90542d5c738e0089b,696317,0,-,-,BINARY
docs/audits/convergence/evidence/controlled-successor-20261006/checkpoint7-read-diagnostics/row-tuple/preparation/ast-normalization-proof.json,added,34af8dba3c607ea42b2bf8e8bfd3481c46b22995,587,0,16,0,INDEX_MANIFEST_CANDIDATE
docs/audits/convergence/evidence/controlled-successor-20261006/checkpoint7-read-diagnostics/row-tuple/preparation/ast-normalization-proof.v2.json,added,73c95057b386be9dee826dd530db4cfd3fb7dd61,730,0,17,0,INDEX_MANIFEST_CANDIDATE
docs/audits/convergence/evidence/controlled-successor-20261006/checkpoint7-read-diagnostics/row-tuple/preparation/closed-pair-causal-note.json,added,073851666cad8de0217a3247cf320deb63ebb8e6,66444,0,1739,0,INDEX_MANIFEST_CANDIDATE
docs/audits/convergence/evidence/controlled-successor-20261006/checkpoint7-read-diagnostics/row-tuple/preparation/closed-pair-raw-index.json,added,cf520f735e19a843a34a394030bda46c86bad7dc,41442,0,1340,0,INDEX_MANIFEST_CANDIDATE
docs/audits/convergence/evidence/controlled-successor-20261006/checkpoint7-read-diagnostics/row-tuple/preparation/components-v1-to-v2.diff,added,253214211c38ef2e397aeeb5740f8842c9e4d433,1678,0,24,0,GOVERNANCE
docs/audits/convergence/evidence/controlled-successor-20261006/checkpoint7-read-diagnostics/row-tuple/preparation/launcher-v1-to-v2.diff,added,ce8decc49bc463c7eb4d9c332f89f712b5ef139f,2715,0,39,0,GOVERNANCE
docs/audits/convergence/evidence/controlled-successor-20261006/checkpoint7-read-diagnostics/row-tuple/preparation/launcher-v2-to-v3.diff,added,cac585ac7ee8e87481782058a7d7c84dfb0c2ee5,9537,0,143,0,GOVERNANCE
docs/audits/convergence/evidence/controlled-successor-20261006/checkpoint7-read-diagnostics/row-tuple/preparation/original-read.py.txt,added,9a6c7ad419aa38e3c6d7ceea207d235591c44ff4,3335,0,52,0,GOVERNANCE
docs/audits/convergence/evidence/controlled-successor-20261006/checkpoint7-read-diagnostics/row-tuple/preparation/original-vs-row-adaptations.diff,added,ebee0bc473f209073f5dcc7a5bb742fd4799e739,4110,0,62,0,GOVERNANCE
docs/audits/convergence/evidence/controlled-successor-20261006/checkpoint7-read-diagnostics/row-tuple/preparation/pair_components.py.source,added,46ec7901bac74fdf8edc9d78758cebae2134bef2,8810,0,143,0,GENERATED_RAW_OR_CAPTURED_SOURCE
docs/audits/convergence/evidence/controlled-successor-20261006/checkpoint7-read-diagnostics/row-tuple/preparation/pair_components_v2.py.source,added,51e8268662a616aec5e7a7e4ad580db2bf6d43ce,9210,0,147,0,GENERATED_RAW_OR_CAPTURED_SOURCE
docs/audits/convergence/evidence/controlled-successor-20261006/checkpoint7-read-diagnostics/row-tuple/preparation/pair_owned_launch.py.source,added,5dde412854bd3dff79304d0fd9b5281d904eaa5b,24071,0,404,0,GENERATED_RAW_OR_CAPTURED_SOURCE
docs/audits/convergence/evidence/controlled-successor-20261006/checkpoint7-read-diagnostics/row-tuple/preparation/pair_owned_launch_v2.py.source,added,38a92fa78a03f0f282337c5bfbd1ad3d0b9c6ffb,24165,0,405,0,GENERATED_RAW_OR_CAPTURED_SOURCE
docs/audits/convergence/evidence/controlled-successor-20261006/checkpoint7-read-diagnostics/row-tuple/preparation/pair_owned_launch_v3.py.source,added,987e5a6c0d21dc565baf01e664643eb4149a93d7,29990,0,485,0,GENERATED_RAW_OR_CAPTURED_SOURCE
docs/audits/convergence/evidence/controlled-successor-20261006/checkpoint7-read-diagnostics/row-tuple/preparation/plan-v2-to-v3.diff,added,e73f6cf4cfd14457f3a873598c72829dcde4b683,10013,0,156,0,GOVERNANCE
docs/audits/convergence/evidence/controlled-successor-20261006/checkpoint7-read-diagnostics/row-tuple/preparation/plan.json,added,39e70300e4b78ff1d26c76dea048f561a75da37b,15027,0,336,0,INDEX_MANIFEST_CANDIDATE
docs/audits/convergence/evidence/controlled-successor-20261006/checkpoint7-read-diagnostics/row-tuple/preparation/plan.v3.json,added,459ab663608f0b6141f8f2f88469c2edc119907a,18789,0,399,0,INDEX_MANIFEST_CANDIDATE
docs/audits/convergence/evidence/controlled-successor-20261006/checkpoint7-read-diagnostics/row-tuple/preparation/preparation-handoff.json,added,4dcec2a2b24d67ca0c410181f7b8bfdd6bba6c32,704,0,17,0,INDEX_MANIFEST_CANDIDATE
docs/audits/convergence/evidence/controlled-successor-20261006/checkpoint7-read-diagnostics/row-tuple/preparation/preparation-handoff.v3.json,added,0fb94c4d4f9e156d6a09a4b0b25fdfe75526a522,1097,0,29,0,INDEX_MANIFEST_CANDIDATE
docs/audits/convergence/evidence/controlled-successor-20261006/checkpoint7-read-diagnostics/row-tuple/preparation/row-control.py.txt,added,63f0c8840835da3417e88db969d87baa3378f193,3915,0,59,0,GOVERNANCE
docs/audits/convergence/evidence/controlled-successor-20261006/checkpoint7-read-diagnostics/row-tuple/preparation/row-vs-tuple.diff,added,09a5c671bcb45fee23010ec92f0fb90aef559710,1031,0,19,0,GOVERNANCE
docs/audits/convergence/evidence/controlled-successor-20261006/checkpoint7-read-diagnostics/row-tuple/preparation/row-vs-tuple.v2.diff,added,d75ed4d0afb7b2c7064fe5de7e592ccf9e8b9c0c,1077,0,19,0,GOVERNANCE
docs/audits/convergence/evidence/controlled-successor-20261006/checkpoint7-read-diagnostics/row-tuple/preparation/tuple-component.py.txt,added,cac0a0a0e5d03522a42c3bfe319e3e305a4768aa,3996,0,60,0,GOVERNANCE
docs/audits/convergence/evidence/controlled-successor-20261006/checkpoint7-read-diagnostics/row-tuple/raw/ROW_control/child-finalization-control.json,added,0121d2bdf6efeccc3dc797050e2898e8f556b46a,2090,0,66,0,GENERATED_RAW_OR_CAPTURED_SOURCE
docs/audits/convergence/evidence/controlled-successor-20261006/checkpoint7-read-diagnostics/row-tuple/raw/ROW_control/child.data-after.json,added,21aa0624cf442a9d5746d49345305ef794ed654d,388,0,16,0,GENERATED_RAW_OR_CAPTURED_SOURCE
docs/audits/convergence/evidence/controlled-successor-20261006/checkpoint7-read-diagnostics/row-tuple/raw/ROW_control/child.data-before.json,added,21aa0624cf442a9d5746d49345305ef794ed654d,388,0,16,0,GENERATED_RAW_OR_CAPTURED_SOURCE
docs/audits/convergence/evidence/controlled-successor-20261006/checkpoint7-read-diagnostics/row-tuple/raw/ROW_control/child.result.json,added,5527776b83a437bc125f00282a1de86c9068b92f,14217,0,388,0,GENERATED_RAW_OR_CAPTURED_SOURCE
docs/audits/convergence/evidence/controlled-successor-20261006/checkpoint7-read-diagnostics/row-tuple/raw/ROW_control/child.source-after.json.gz,added,6b7745adcd734b37e903e5da0ca487e79e9dbd03,351210,0,-,-,GENERATED_RAW_OR_CAPTURED_SOURCE
docs/audits/convergence/evidence/controlled-successor-20261006/checkpoint7-read-diagnostics/row-tuple/raw/ROW_control/child.source-before.json.gz,added,6b7745adcd734b37e903e5da0ca487e79e9dbd03,351210,0,-,-,GENERATED_RAW_OR_CAPTURED_SOURCE
docs/audits/convergence/evidence/controlled-successor-20261006/checkpoint7-read-diagnostics/row-tuple/raw/ROW_control/execution.installed-closure.json,added,023391cb8a800e6411c0197444c702b6745e19fa,1806,0,47,0,GENERATED_RAW_OR_CAPTURED_SOURCE
docs/audits/convergence/evidence/controlled-successor-20261006/checkpoint7-read-diagnostics/row-tuple/raw/ROW_control/execution.namespace.json,added,3c842e519d6f67a25141dca2936780a1fb6dba33,653,0,11,0,GENERATED_RAW_OR_CAPTURED_SOURCE
docs/audits/convergence/evidence/controlled-successor-20261006/checkpoint7-read-diagnostics/row-tuple/raw/ROW_control/execution.offline-capability.json,added,d365367ba1375925d9a4fc5d76cfeddb9ed4d74f,604,0,21,0,GENERATED_RAW_OR_CAPTURED_SOURCE
docs/audits/convergence/evidence/controlled-successor-20261006/checkpoint7-read-diagnostics/row-tuple/raw/ROW_control/kernel-supervision.json,added,b3aeb6b08d23fe1d0c416a775ef6264ffeb2a8d2,2034,0,59,0,GENERATED_RAW_OR_CAPTURED_SOURCE
docs/audits/convergence/evidence/controlled-successor-20261006/checkpoint7-read-diagnostics/row-tuple/raw/ROW_control/launch.json,added,f1bd2ce9c41dc3694084140ab1b025e1a0a94524,826,0,23,0,GENERATED_RAW_OR_CAPTURED_SOURCE
docs/audits/convergence/evidence/controlled-successor-20261006/checkpoint7-read-diagnostics/row-tuple/raw/ROW_control/native-finalization-readback-control.json,added,bcbfdf96b4f116e866832854761ce0eb07059fba,1485,0,42,0,GENERATED_RAW_OR_CAPTURED_SOURCE
docs/audits/convergence/evidence/controlled-successor-20261006/checkpoint7-read-diagnostics/row-tuple/raw/ROW_control/native.log,added,e69de29bb2d1d6434b8b29ae775ad8c2e48c5391,0,0,0,0,GENERATED_RAW_OR_CAPTURED_SOURCE
docs/audits/convergence/evidence/controlled-successor-20261006/checkpoint7-read-diagnostics/row-tuple/raw/ROW_control/parent.data-after.json,added,21aa0624cf442a9d5746d49345305ef794ed654d,388,0,16,0,GENERATED_RAW_OR_CAPTURED_SOURCE
docs/audits/convergence/evidence/controlled-successor-20261006/checkpoint7-read-diagnostics/row-tuple/raw/ROW_control/parent.source-after.json.gz,added,6b7745adcd734b37e903e5da0ca487e79e9dbd03,351210,0,-,-,GENERATED_RAW_OR_CAPTURED_SOURCE
docs/audits/convergence/evidence/controlled-successor-20261006/checkpoint7-read-diagnostics/row-tuple/raw/ROW_control/postread-kernel-barrier.json,added,b20fc48687b3effe253f079265772a4b5d22612e,259,0,7,0,GENERATED_RAW_OR_CAPTURED_SOURCE
docs/audits/convergence/evidence/controlled-successor-20261006/checkpoint7-read-diagnostics/row-tuple/raw/ROW_control/typed-native-result.json.gz,added,19b07320bb3dc490896cccd6be36e8e65220731e,60845,0,-,-,GENERATED_RAW_OR_CAPTURED_SOURCE
docs/audits/convergence/evidence/controlled-successor-20261006/checkpoint7-read-diagnostics/row-tuple/raw/TUPLE_component/child-finalization-control.json,added,9405334b8401f71ad8d93041275cdc192bef0dfb,2093,0,66,0,GENERATED_RAW_OR_CAPTURED_SOURCE
docs/audits/convergence/evidence/controlled-successor-20261006/checkpoint7-read-diagnostics/row-tuple/raw/TUPLE_component/child.data-after.json,added,21aa0624cf442a9d5746d49345305ef794ed654d,388,0,16,0,GENERATED_RAW_OR_CAPTURED_SOURCE
docs/audits/convergence/evidence/controlled-successor-20261006/checkpoint7-read-diagnostics/row-tuple/raw/TUPLE_component/child.data-before.json,added,21aa0624cf442a9d5746d49345305ef794ed654d,388,0,16,0,GENERATED_RAW_OR_CAPTURED_SOURCE
docs/audits/convergence/evidence/controlled-successor-20261006/checkpoint7-read-diagnostics/row-tuple/raw/TUPLE_component/child.result.json,added,9fb6e8f47adeb50fca31ab1ca161f844d445cc3f,14237,0,388,0,GENERATED_RAW_OR_CAPTURED_SOURCE
docs/audits/convergence/evidence/controlled-successor-20261006/checkpoint7-read-diagnostics/row-tuple/raw/TUPLE_component/child.source-after.json.gz,added,6b7745adcd734b37e903e5da0ca487e79e9dbd03,351210,0,-,-,GENERATED_RAW_OR_CAPTURED_SOURCE
docs/audits/convergence/evidence/controlled-successor-20261006/checkpoint7-read-diagnostics/row-tuple/raw/TUPLE_component/child.source-before.json.gz,added,6b7745adcd734b37e903e5da0ca487e79e9dbd03,351210,0,-,-,GENERATED_RAW_OR_CAPTURED_SOURCE
docs/audits/convergence/evidence/controlled-successor-20261006/checkpoint7-read-diagnostics/row-tuple/raw/TUPLE_component/execution.installed-closure.json,added,023391cb8a800e6411c0197444c702b6745e19fa,1806,0,47,0,GENERATED_RAW_OR_CAPTURED_SOURCE
docs/audits/convergence/evidence/controlled-successor-20261006/checkpoint7-read-diagnostics/row-tuple/raw/TUPLE_component/execution.namespace.json,added,657c20209a0b6a89403ed22beb23b93f07e527ee,665,0,11,0,GENERATED_RAW_OR_CAPTURED_SOURCE
docs/audits/convergence/evidence/controlled-successor-20261006/checkpoint7-read-diagnostics/row-tuple/raw/TUPLE_component/execution.offline-capability.json,added,d365367ba1375925d9a4fc5d76cfeddb9ed4d74f,604,0,21,0,GENERATED_RAW_OR_CAPTURED_SOURCE
docs/audits/convergence/evidence/controlled-successor-20261006/checkpoint7-read-diagnostics/row-tuple/raw/TUPLE_component/kernel-supervision.json,added,03ea0d7d39e7bdf3c3d7f4f65cf82ec64d6c4fc0,2037,0,59,0,GENERATED_RAW_OR_CAPTURED_SOURCE
docs/audits/convergence/evidence/controlled-successor-20261006/checkpoint7-read-diagnostics/row-tuple/raw/TUPLE_component/launch.json,added,7f344840e541ef80463933abe15f7cb32712fd75,834,0,23,0,GENERATED_RAW_OR_CAPTURED_SOURCE
docs/audits/convergence/evidence/controlled-successor-20261006/checkpoint7-read-diagnostics/row-tuple/raw/TUPLE_component/native-finalization-readback-control.json,added,d1178b4aeab581d1745e70d74d88e2d2f6a38f85,1485,0,42,0,GENERATED_RAW_OR_CAPTURED_SOURCE
docs/audits/convergence/evidence/controlled-successor-20261006/checkpoint7-read-diagnostics/row-tuple/raw/TUPLE_component/native.log,added,e69de29bb2d1d6434b8b29ae775ad8c2e48c5391,0,0,0,0,GENERATED_RAW_OR_CAPTURED_SOURCE
docs/audits/convergence/evidence/controlled-successor-20261006/checkpoint7-read-diagnostics/row-tuple/raw/TUPLE_component/parent.data-after.json,added,21aa0624cf442a9d5746d49345305ef794ed654d,388,0,16,0,GENERATED_RAW_OR_CAPTURED_SOURCE
docs/audits/convergence/evidence/controlled-successor-20261006/checkpoint7-read-diagnostics/row-tuple/raw/TUPLE_component/parent.source-after.json.gz,added,6b7745adcd734b37e903e5da0ca487e79e9dbd03,351210,0,-,-,GENERATED_RAW_OR_CAPTURED_SOURCE
docs/audits/convergence/evidence/controlled-successor-20261006/checkpoint7-read-diagnostics/row-tuple/raw/TUPLE_component/postread-kernel-barrier.json,added,b20fc48687b3effe253f079265772a4b5d22612e,259,0,7,0,GENERATED_RAW_OR_CAPTURED_SOURCE
docs/audits/convergence/evidence/controlled-successor-20261006/checkpoint7-read-diagnostics/row-tuple/raw/TUPLE_component/typed-native-result.json.gz,added,19b07320bb3dc490896cccd6be36e8e65220731e,60845,0,-,-,GENERATED_RAW_OR_CAPTURED_SOURCE
docs/audits/convergence/evidence/controlled-successor-20261006/checkpoint7-read-diagnostics/row-tuple/raw/collection.installed-closure.json,added,023391cb8a800e6411c0197444c702b6745e19fa,1806,0,47,0,GENERATED_RAW_OR_CAPTURED_SOURCE
docs/audits/convergence/evidence/controlled-successor-20261006/checkpoint7-read-diagnostics/row-tuple/raw/collection.namespace.json,added,e6652f034be33ec74143f17cd0037148b18e4033,620,0,11,0,GENERATED_RAW_OR_CAPTURED_SOURCE
docs/audits/convergence/evidence/controlled-successor-20261006/checkpoint7-read-diagnostics/row-tuple/raw/collection.offline-capability.json,added,d365367ba1375925d9a4fc5d76cfeddb9ed4d74f,604,0,21,0,GENERATED_RAW_OR_CAPTURED_SOURCE
docs/audits/convergence/evidence/controlled-successor-20261006/checkpoint7-read-diagnostics/row-tuple/raw/pair-final.json,added,f1a7eaa747cde47a5d4f3423e5199123aa609dff,36188,0,862,0,GENERATED_RAW_OR_CAPTURED_SOURCE
docs/audits/convergence/evidence/controlled-successor-20261006/checkpoint7-read-diagnostics/row-tuple/raw/parent.data-before.json,added,21aa0624cf442a9d5746d49345305ef794ed654d,388,0,16,0,GENERATED_RAW_OR_CAPTURED_SOURCE
docs/audits/convergence/evidence/controlled-successor-20261006/checkpoint7-read-diagnostics/row-tuple/raw/parent.source-before.json.gz,added,6b7745adcd734b37e903e5da0ca487e79e9dbd03,351210,0,-,-,GENERATED_RAW_OR_CAPTURED_SOURCE
docs/audits/convergence/evidence/final-predeploy-source-only-preparation/CUSTODY.json,added,4425f1ae26b01c97048f3bbb049e22706c1629f1,5825,0,147,0,INDEX_MANIFEST_CANDIDATE
docs/audits/convergence/evidence/final-predeploy-source-only-preparation/MANIFEST.json,added,48c7a5d587724d59afbfbc024bd6d1e33cc387f9,5535,0,150,0,INDEX_MANIFEST_CANDIDATE
docs/audits/convergence/evidence/final-predeploy-source-only-preparation/README.md,added,5d8b394945258394f97ed99a7cde06d07889527a,1353,0,9,0,GOVERNANCE
docs/audits/convergence/evidence/final-predeploy-source-only-preparation/REVIEW_RECIPE.md,added,85000ba9a9e960058130f5d621b9d19cdc55f18a,13667,0,81,0,GOVERNANCE
docs/audits/convergence/evidence/final-predeploy-source-only-preparation/SOURCE_PLAN.json,added,d07922c9585edf1af8cf12fffecfdf1e9550092c,16566,0,412,0,INDEX_MANIFEST_CANDIDATE
docs/audits/convergence/evidence/final-predeploy-source-only-preparation/original-source-preparation.zip,added,dc678ea5beb06522815063cead4cd884ccd87de7,246154,0,-,-,BINARY
docs/audits/convergence/evidence/final-predeploy-source-only-preparation/rc6_run_frozen_governed_v2.py.source,added,7d1c5ce69f8b340092f44842dcac465788969324,31518,0,504,0,GENERATED_RAW_OR_CAPTURED_SOURCE
docs/audits/convergence/evidence/finance-signed-zero-codec-dc59c2fb-receipt.json,added,3d7bc26a1ce7a7c1d4010b214bf4ccca28b805e7,14156,0,245,0,INDEX_MANIFEST_CANDIDATE
docs/audits/convergence/evidence/fresh-github-source-ro-20261005/ACTIONS_SMALL_EVIDENCE_READONLY_RECEIPTS.json,added,a276b5f21613892bfc14cfcc54612f5cbbda1101,2303,0,60,0,INDEX_MANIFEST_CANDIDATE
docs/audits/convergence/evidence/fresh-github-source-ro-20261005/API_SNAPSHOT_MANIFEST.json,added,fb061cd549e38f1aa757d8b4654f7963848057c8,22810,0,631,0,INDEX_MANIFEST_CANDIDATE
docs/audits/convergence/evidence/fresh-github-source-ro-20261005/CUSTODY.json,added,711bc3268e1cbf3dfbaff9b3ac5725d9bcead2ad,104989,0,3180,0,INDEX_MANIFEST_CANDIDATE
docs/audits/convergence/evidence/fresh-github-source-ro-20261005/GOV_INET_SOURCE_CALLER_SCAN.json,added,4c32dc04a512993c93ed1d7ceb0d0b68e185101a,767,0,20,0,INDEX_MANIFEST_CANDIDATE
docs/audits/convergence/evidence/fresh-github-source-ro-20261005/GOV_ORIGINAL_REF_AVAILABILITY.json,added,03ee78faa4fb97136e3786442ce568676e33ba73,4774,0,191,0,INDEX_MANIFEST_CANDIDATE
docs/audits/convergence/evidence/fresh-github-source-ro-20261005/GOV_PRIOR_FRONT_AND_EXCLUSION_READONLY.json,added,e5a16c12272c73960490913ea2db7244cfc03590,2119,0,63,0,INDEX_MANIFEST_CANDIDATE
docs/audits/convergence/evidence/fresh-github-source-ro-20261005/MANIFEST.json,added,919afed8ee2ac57b99ca05cd5199a60241eb2ca5,16354,0,449,0,INDEX_MANIFEST_CANDIDATE
docs/audits/convergence/evidence/fresh-github-source-ro-20261005/PACKET_MANIFEST.json,added,2179bb2c7f977a4f78eb3f22f594f79f68dcc5b3,11634,0,315,0,INDEX_MANIFEST_CANDIDATE
docs/audits/convergence/evidence/fresh-github-source-ro-20261005/PRIVATE_TRANSPORT_RAW_BINDING.json,added,28fb6bc7a00bd57138233156802a4ff9a8537f0f,1015,0,22,0,INDEX_MANIFEST_CANDIDATE
docs/audits/convergence/evidence/fresh-github-source-ro-20261005/README.md,added,fcca2972b5089812df4bcb38dce07a96d465a9f3,2386,0,13,0,GOVERNANCE
docs/audits/convergence/evidence/fresh-github-source-ro-20261005/RUNTIME_CHANNEL_SELECTED_DECLARATIONS.json,added,bf0959f8efeeba7153317a218a8604a928e143a2,2488,0,90,0,INDEX_MANIFEST_CANDIDATE
docs/audits/convergence/evidence/fresh-github-source-ro-20261005/SOURCE_COMPARISON_INPUTS.json,added,74b7c6ac08d3c819a757732a253f863ca7678914,17162,0,384,0,INDEX_MANIFEST_CANDIDATE
docs/audits/convergence/evidence/fresh-github-source-ro-20261005/SOURCE_REVIEW.md,added,5782815ffca7749be976af635a1c20cc1adc420c,7481,0,23,0,GOVERNANCE
docs/audits/convergence/evidence/fresh-github-source-ro-20261005/SOURCE_REVIEW_RECEIPT.json,added,253e5526d302d7d630f7f569436bc14990ac9040,9364,0,251,0,INDEX_MANIFEST_CANDIDATE
docs/audits/convergence/evidence/fresh-github-source-ro-20261005/actions.artifact11277627152.stderr.sanitized,added,87bd478e4338e412275643cd8b38fce2b14dc2ba,128,0,1,0,GOVERNANCE
docs/audits/convergence/evidence/fresh-github-source-ro-20261005/actions.artifact11344882392.stderr.sanitized,added,87bd478e4338e412275643cd8b38fce2b14dc2ba,128,0,1,0,GOVERNANCE
docs/audits/convergence/evidence/fresh-github-source-ro-20261005/actions.run37125515526.artifacts.json,added,ccd036f15290ec2e42695f742d9edf63354be932,32,0,1,0,INDEX_MANIFEST_CANDIDATE
docs/audits/convergence/evidence/fresh-github-source-ro-20261005/actions.run37125515526.jobs.json,added,e4ef78e07f65be7fb420ba70d526555a1cde48b7,3204,0,1,0,INDEX_MANIFEST_CANDIDATE
docs/audits/convergence/evidence/fresh-github-source-ro-20261005/actions.run37125515526.run.json,added,8c1422a6aed723260a04ab055ce5600150ec1620,13117,0,1,0,INDEX_MANIFEST_CANDIDATE
docs/audits/convergence/evidence/fresh-github-source-ro-20261005/actions.run37131712187.artifacts.json,added,6f3b505f6556ae6081886ca38338945c4221a3da,2309,0,1,0,INDEX_MANIFEST_CANDIDATE
docs/audits/convergence/evidence/fresh-github-source-ro-20261005/actions.run37131712187.jobs.json,added,9e2f49c33b945c2671b574bb98868ca971f1ad8a,5148,0,1,0,INDEX_MANIFEST_CANDIDATE
docs/audits/convergence/evidence/fresh-github-source-ro-20261005/actions.run37131712187.run.json,added,04170401e52d45c86d0a28daa797fbfa7bbe9903,12834,0,1,0,INDEX_MANIFEST_CANDIDATE
docs/audits/convergence/evidence/fresh-github-source-ro-20261005/actions.run37308106428.artifacts.json,added,ccd036f15290ec2e42695f742d9edf63354be932,32,0,1,0,INDEX_MANIFEST_CANDIDATE
docs/audits/convergence/evidence/fresh-github-source-ro-20261005/actions.run37308106428.jobs.json,added,8123704b2061e578141a4e25058d34bd178cd6ca,1787,0,1,0,INDEX_MANIFEST_CANDIDATE
docs/audits/convergence/evidence/fresh-github-source-ro-20261005/actions.run37308106428.run.json,added,2e9923219cd9385d61231a6bfeb2136fdf1113a6,12783,0,1,0,INDEX_MANIFEST_CANDIDATE
docs/audits/convergence/evidence/fresh-github-source-ro-20261005/actions.run37308983612.artifacts.json,added,59f8fe6ea3f151bb0c8a75c0cc56c9fbca04b428,780,0,1,0,INDEX_MANIFEST_CANDIDATE
docs/audits/convergence/evidence/fresh-github-source-ro-20261005/actions.run37308983612.jobs.json,added,1663d9a6315da9093595b1f13d79796a1df05db2,2685,0,1,0,INDEX_MANIFEST_CANDIDATE
docs/audits/convergence/evidence/fresh-github-source-ro-20261005/actions.run37308983612.run.json,added,bc1aff7095f5103a43d1f4610ac742ea957431b1,12768,0,1,0,INDEX_MANIFEST_CANDIDATE
docs/audits/convergence/evidence/fresh-github-source-ro-20261005/integration.actual.ref.epoch2.json,added,7e23a0e2f08598e387503216cf7bbdce0abce86b,497,0,1,0,INDEX_MANIFEST_CANDIDATE
docs/audits/convergence/evidence/fresh-github-source-ro-20261005/integration.actual.ref.json,added,981b3d813a2991e637cc7c0b38abf50d72ebecda,497,0,1,0,INDEX_MANIFEST_CANDIDATE
docs/audits/convergence/evidence/fresh-github-source-ro-20261005/issue471.comments.page1.json,added,55857d993125f77d96d21977aaf6bd553519c100,20289,0,1,0,INDEX_MANIFEST_CANDIDATE
docs/audits/convergence/evidence/fresh-github-source-ro-20261005/issue471.json,added,c50abe2cb9c29f4edf82e14ff8f17dbd342da51f,21906,0,1,0,INDEX_MANIFEST_CANDIDATE
docs/audits/convergence/evidence/fresh-github-source-ro-20261005/issue473.comments.page1.json,added,c6cb14484afa3dd3a8d3a2929f9fd862ffc7ee11,31988,0,1,0,INDEX_MANIFEST_CANDIDATE
docs/audits/convergence/evidence/fresh-github-source-ro-20261005/issue473.json,added,53ec886026fb1b680407f3f919687484fcb65f3a,6241,0,1,0,INDEX_MANIFEST_CANDIDATE
docs/audits/convergence/evidence/fresh-github-source-ro-20261005/local-source-d050/docs/audits/rc6-convergence-persistence-evidence/PACKED_VOLATILE_SCALARS_PLAN.md,added,7d3dbadc12c39a0d1e77d2df4820b423c442ec09,6315,0,100,0,GOVERNANCE
docs/audits/convergence/evidence/fresh-github-source-ro-20261005/local-source-d050/docs/dashboard/evidence/rc6-convergence-ux/PREPARED_SMALL_SOURCE_CONTRACT.md,added,9acaeacdcf44077af5b87162737249f23b4921bc,5778,0,19,0,GOVERNANCE
docs/audits/convergence/evidence/fresh-github-source-ro-20261005/local-source-d050/ops/policy/rc6-supply-chain-v1.json,added,a6d4abd5c46358b6b2707e4b209f14e0babb38fb,103636,0,2720,0,INDEX_MANIFEST_CANDIDATE
docs/audits/convergence/evidence/fresh-github-source-ro-20261005/local-source-d050/ops/policy/test-policy.yaml,added,c1488edf5fa369b82811b930c0f581be92013636,1556,0,40,0,GOVERNANCE
docs/audits/convergence/evidence/fresh-github-source-ro-20261005/local-source-d050/pytest.ini,added,a56fe9690d9485512fecba6dd6e93ed1aa560cd5,159,0,6,0,GOVERNANCE
docs/audits/convergence/evidence/fresh-github-source-ro-20261005/local-source-d050/rc6_shadow_runtime/packed_storage.py.source,added,d55e0164a7c7be6325ad3b12ef7bc2182cdc6bd2,31553,0,675,0,GENERATED_RAW_OR_CAPTURED_SOURCE
docs/audits/convergence/evidence/fresh-github-source-ro-20261005/local-source-d050/scripts/rc6_archive_maximum_member_probe.py.source,added,19ebdeaec109d1a18575d76580709fd0eb7e12dc,55709,0,928,0,GENERATED_RAW_OR_CAPTURED_SOURCE
docs/audits/convergence/evidence/fresh-github-source-ro-20261005/local-source-d050/scripts/rc6_convergence_provenance.py.source,added,c46911dba97a4d9715ba6d2ca6670a98dbdeed02,37593,0,635,0,GENERATED_RAW_OR_CAPTURED_SOURCE
docs/audits/convergence/evidence/fresh-github-source-ro-20261005/local-source-d050/tests/ci_rc6_browser_prepare.py.source,added,be2bd8eb6dbc1ade736940f127b476f22edc72a5,13843,0,226,0,GENERATED_RAW_OR_CAPTURED_SOURCE
docs/audits/convergence/evidence/fresh-github-source-ro-20261005/local-source-d050/tests/ci_rc6_browser_product.py.source,added,bb39d68f999e03110e03a64ca2831af3bed4c904,28393,0,427,0,GENERATED_RAW_OR_CAPTURED_SOURCE
docs/audits/convergence/evidence/fresh-github-source-ro-20261005/local-source-d050/tests/ci_trader_terminal_browser.py.source,added,70d00ec13f8761f46851924998161c88445f45aa,16625,0,223,0,GENERATED_RAW_OR_CAPTURED_SOURCE
docs/audits/convergence/evidence/fresh-github-source-ro-20261005/local-source-d050/tests/rc6_browser_ipc.py.source,added,878806aa3ca48aa246ef3dad1bb20f9265f53853,23894,0,479,0,GENERATED_RAW_OR_CAPTURED_SOURCE
docs/audits/convergence/evidence/fresh-github-source-ro-20261005/local-source-d050/tests/rc6_browser_prepared.py.source,added,18082b456a0e3b5d078e151cdecd49f11643351c,17769,0,279,0,GENERATED_RAW_OR_CAPTURED_SOURCE
docs/audits/convergence/evidence/fresh-github-source-ro-20261005/local-source-d050/tests/rc6_dashboard_native_fixture.py.source,added,52fdc82a7dd1f42cd1adebd25149f0fb086a1481,21193,0,368,0,GENERATED_RAW_OR_CAPTURED_SOURCE
docs/audits/convergence/evidence/fresh-github-source-ro-20261005/local-source-d050/tests/test_rc6_archive_maximum_member_guard.py.source,added,10b44c9d2449961dd543c55fad31b03f3338c8a6,9114,0,141,0,GENERATED_RAW_OR_CAPTURED_SOURCE
docs/audits/convergence/evidence/fresh-github-source-ro-20261005/local-source-d050/tests/test_rc6_browser_family_health_coverage.py.source,added,b5ef431b76142c014a60f99c3559ce2e6380f916,14729,0,243,0,GENERATED_RAW_OR_CAPTURED_SOURCE
docs/audits/convergence/evidence/fresh-github-source-ro-20261005/local-source-d050/tests/test_rc6_browser_prepared.py.source,added,1a350def6533efaaa993baf38ef32f950855e963,11840,0,183,0,GENERATED_RAW_OR_CAPTURED_SOURCE
docs/audits/convergence/evidence/fresh-github-source-ro-20261005/local-source-d050/tests/test_rc6_browser_product_ipc.py.source,added,2f8ca8a9c599d98845fb6801dd33af9fb627adf8,17352,0,332,0,GENERATED_RAW_OR_CAPTURED_SOURCE
docs/audits/convergence/evidence/fresh-github-source-ro-20261005/local-source-d050/tests/test_rc6_packed_volatile_scalars.py.source,added,aa55e2f56f26c20796839aa82dd4580baea2361a,16388,0,344,0,GENERATED_RAW_OR_CAPTURED_SOURCE
docs/audits/convergence/evidence/fresh-github-source-ro-20261005/prepared-governed-runner-f4e994.py.source,added,7d1c5ce69f8b340092f44842dcac465788969324,31518,0,504,0,GENERATED_RAW_OR_CAPTURED_SOURCE
docs/audits/convergence/evidence/fresh-github-source-ro-20261005/product.commit.json,added,ab8dd4369adf9341eaf59d2b06646d61ae66000c,3348,0,1,0,INDEX_MANIFEST_CANDIDATE
docs/audits/convergence/evidence/fresh-github-source-ro-20261005/product.ref.json,added,be1ba423501e84a21d651f291af3dbbcd8b5eb46,447,0,1,0,INDEX_MANIFEST_CANDIDATE
docs/audits/convergence/evidence/fresh-github-source-ro-20261005/product.source.AGENTS.md,added,4dfe11fbf8c0ea9bb8bdde3adff011ba0295ce75,2777,0,37,0,GOVERNANCE
docs/audits/convergence/evidence/fresh-github-source-ro-20261005/product.source.docs__RUNTIME_EVIDENCE_CHANNEL_RC6.md,added,1ac2def49e32515f5f083e6c526383ef5506c42f,4338,0,92,0,GOVERNANCE
docs/audits/convergence/evidence/fresh-github-source-ro-20261005/product.source.docs__releases__RC6_UNIFIED_HANDOFF_2026-10-02.md,added,9c8f4869757ee434fa939d25e171e63695d93724,2650,0,21,0,GOVERNANCE
docs/audits/convergence/evidence/fresh-github-source-ro-20261005/product.source.docs__releases__RC6_UNIFIED_INPUTS_2026-10-02.json,added,4c0ca76e629bc813263f1d97d69f85a4fcb891df,2887,0,92,0,INDEX_MANIFEST_CANDIDATE
docs/audits/convergence/evidence/fresh-github-source-ro-20261005/product.source.ops__policy__porota-policy.yaml,added,b4ffad53345d88a7f6b94cac0db837bbcea33314,3885,0,129,0,GOVERNANCE
docs/audits/convergence/evidence/fresh-github-source-ro-20261005/runtime-observability.commit.json,added,625f611d98287387b2577d1f1b0e50e858bbdde6,1206,0,1,0,INDEX_MANIFEST_CANDIDATE
docs/audits/convergence/evidence/fresh-github-source-ro-20261005/runtime-observability.download.receipt.json,added,63d0651d307317b6c268faa6a1ac07ebdd7b7516,912,0,24,0,INDEX_MANIFEST_CANDIDATE
docs/audits/convergence/evidence/fresh-github-source-ro-20261005/runtime-observability.ref.json,added,3712bb1930e895bc4abc529ada383b94a6e12acc,407,0,1,0,INDEX_MANIFEST_CANDIDATE
docs/audits/convergence/evidence/generated-evidence-links-2446246d-red.txt,added,d4c1583d0f5377de97a32a405c70a34eb36f62ac,959,0,11,0,GOVERNANCE
docs/audits/convergence/evidence/git-authority-material-finaleligibility-107a-wip.json,added,43337616029faf923c6a4f52d89fd0c3810aac94,1271,0,25,0,INDEX_MANIFEST_CANDIDATE
docs/audits/convergence/evidence/git-authority-material-finaleligibility-107a-wip.xml,added,fadfd99b1d3fdb9c6013e936dd6de70bbec844e4,1388,0,1,0,GENERATED_RAW_OR_CAPTURED_SOURCE
docs/audits/convergence/evidence/git-replace-original-helper-probe.json,added,d97f15be55aef22c6a6d7521520d7a7a4751b4f6,6019,0,122,0,INDEX_MANIFEST_CANDIDATE
docs/audits/convergence/evidence/git-replace-original-helper-probe.py,added,52e484efc1bff917ef7b09c2e1cb742d0938aedd,8664,0,134,0,GOVERNANCE
docs/audits/convergence/evidence/governed-3cfe112b-py311.json,added,5ac03a5608c3e02b4ae16a4416eb009b2185eb52,912,0,27,0,INDEX_MANIFEST_CANDIDATE
docs/audits/convergence/evidence/governed-3cfe112b-py311.xml,added,a4e40c5308fc9742bfef083fbf34f0781ac885f9,729880,0,1,0,GENERATED_RAW_OR_CAPTURED_SOURCE
docs/audits/convergence/evidence/governed-binding-fixture-red-003dcc-wip.json,added,c57f5e76c19ff2128645d80fd916affe16c9b484,741,0,25,0,INDEX_MANIFEST_CANDIDATE
docs/audits/convergence/evidence/governed-binding-fixture-red-003dcc-wip.xml,added,64384d69e1f16b073994df2233900a12dcdb71f1,31205,0,81,0,GENERATED_RAW_OR_CAPTURED_SOURCE
docs/audits/convergence/evidence/governed-binding-fixture-red-second-003dcc-wip.json,added,efc54406c8b262a746aff532706ab82a01d1d6a9,745,0,25,0,INDEX_MANIFEST_CANDIDATE
docs/audits/convergence/evidence/governed-binding-fixture-red-second-003dcc-wip.xml,added,f4c85021e71d39a06023bc146976ee2ee59ef316,19495,0,81,0,GENERATED_RAW_OR_CAPTURED_SOURCE
docs/audits/convergence/evidence/governed-binding-successor-focal-003dcc-wip.json,added,1a10d23d7af82bcc61b7241119fa534b8d9b069c,745,0,25,0,INDEX_MANIFEST_CANDIDATE
docs/audits/convergence/evidence/governed-binding-successor-focal-003dcc-wip.xml,added,1cdde48b4f8e2010088cac93619a870db43a0d4d,34406,0,1,0,GENERATED_RAW_OR_CAPTURED_SOURCE
docs/audits/convergence/evidence/governed-owned-process-v3-controls-20261006/CUSTODY.json,added,566eee5b1c4f3d56cdeb4c0be86962e196e82a31,95571,0,2593,0,INDEX_MANIFEST_CANDIDATE
docs/audits/convergence/evidence/governed-owned-process-v3-controls-20261006/PACKET_SOURCE_INVENTORY.json,added,ce389d1f6440612e501cea6eec8c8b1afa30e01b,51460,0,1169,0,INDEX_MANIFEST_CANDIDATE
docs/audits/convergence/evidence/governed-owned-process-v3-controls-20261006/dispatch/dispatch.source-only.json,added,578f7200f7b7551b28dc7b4ddd7c4974dd689605,446,0,16,0,INDEX_MANIFEST_CANDIDATE
docs/audits/convergence/evidence/governed-owned-process-v3-controls-20261006/dispatch/kernel.wait4.json,added,3b0d412370767fef1a2ea73b1f4b226ba15b756c,639,0,26,0,INDEX_MANIFEST_CANDIDATE
docs/audits/convergence/evidence/governed-owned-process-v3-controls-20261006/dispatch/stderr.raw,added,e69de29bb2d1d6434b8b29ae775ad8c2e48c5391,0,0,0,0,GOVERNANCE
docs/audits/convergence/evidence/governed-owned-process-v3-controls-20261006/dispatch/stdout.raw,added,a9237aab5468cf1d20a454d4e5df17962fe091a4,249,0,1,0,GOVERNANCE
docs/audits/convergence/evidence/governed-owned-process-v3-controls-20261006/raw/ADOPTED_ALIVE/actual-phase.resources.json,added,bde72ac5e1e096f6e3a0e8454aa10de5acacd1bf,4149,0,136,0,GENERATED_RAW_OR_CAPTURED_SOURCE
docs/audits/convergence/evidence/governed-owned-process-v3-controls-20261006/raw/ADOPTED_ALIVE/phase.log,added,e69de29bb2d1d6434b8b29ae775ad8c2e48c5391,0,0,0,0,GENERATED_RAW_OR_CAPTURED_SOURCE
docs/audits/convergence/evidence/governed-owned-process-v3-controls-20261006/raw/BASELINE_F4_ORPHAN/actual-phase.resources.json,added,9e04fd68a6918d19cfe2b3d003458fb645f50c7b,2761,0,101,0,GENERATED_RAW_OR_CAPTURED_SOURCE
docs/audits/convergence/evidence/governed-owned-process-v3-controls-20261006/raw/BASELINE_F4_ORPHAN/phase.log,added,e69de29bb2d1d6434b8b29ae775ad8c2e48c5391,0,0,0,0,GENERATED_RAW_OR_CAPTURED_SOURCE
docs/audits/convergence/evidence/governed-owned-process-v3-controls-20261006/raw/EXIT_ONE/actual-phase.resources.json,added,e456506bf519f5b36785b0c0f178594c203b3995,3221,0,106,0,GENERATED_RAW_OR_CAPTURED_SOURCE
docs/audits/convergence/evidence/governed-owned-process-v3-controls-20261006/raw/EXIT_ONE/phase.log,added,e69de29bb2d1d6434b8b29ae775ad8c2e48c5391,0,0,0,0,GENERATED_RAW_OR_CAPTURED_SOURCE
docs/audits/convergence/evidence/governed-owned-process-v3-controls-20261006/raw/LATE_OBSERVED_REAP/actual-phase.resources.json,added,c82295f831e06763f62d641c6f7dbf6610f5bb4c,3241,0,106,0,GENERATED_RAW_OR_CAPTURED_SOURCE
docs/audits/convergence/evidence/governed-owned-process-v3-controls-20261006/raw/LATE_OBSERVED_REAP/phase.log,added,e69de29bb2d1d6434b8b29ae775ad8c2e48c5391,0,0,0,0,GENERATED_RAW_OR_CAPTURED_SOURCE
docs/audits/convergence/evidence/governed-owned-process-v3-controls-20261006/raw/LOG_EXIT_ERROR/actual-phase.resources.json,added,d23e68271d1b40ce4292aa098b12987bdfecc40b,3400,0,112,0,GENERATED_RAW_OR_CAPTURED_SOURCE
docs/audits/convergence/evidence/governed-owned-process-v3-controls-20261006/raw/LOG_EXIT_ERROR/phase.log,added,e69de29bb2d1d6434b8b29ae775ad8c2e48c5391,0,0,0,0,GENERATED_RAW_OR_CAPTURED_SOURCE
docs/audits/convergence/evidence/governed-owned-process-v3-controls-20261006/raw/NORMAL_ZERO/actual-phase.resources.json,added,d62467198fa19ab5648e0e45eb76781b0f27a196,3190,0,106,0,GENERATED_RAW_OR_CAPTURED_SOURCE
docs/audits/convergence/evidence/governed-owned-process-v3-controls-20261006/raw/NORMAL_ZERO/phase.log,added,e69de29bb2d1d6434b8b29ae775ad8c2e48c5391,0,0,0,0,GENERATED_RAW_OR_CAPTURED_SOURCE
docs/audits/convergence/evidence/governed-owned-process-v3-controls-20261006/raw/PRESPAWN_OWN_CHILD/actual-phase.resources.json,added,5913d71ae7d810c77723ea3bb725792a23f48397,4174,0,142,0,GENERATED_RAW_OR_CAPTURED_SOURCE
docs/audits/convergence/evidence/governed-owned-process-v3-controls-20261006/raw/SIGNAL_ERROR/actual-phase.resources.json,added,872424e2917cf6a01552aacafb334b33399693d0,3503,0,120,0,GENERATED_RAW_OR_CAPTURED_SOURCE
docs/audits/convergence/evidence/governed-owned-process-v3-controls-20261006/raw/SIGNAL_ERROR/phase.log,added,e69de29bb2d1d6434b8b29ae775ad8c2e48c5391,0,0,0,0,GENERATED_RAW_OR_CAPTURED_SOURCE
docs/audits/convergence/evidence/governed-owned-process-v3-controls-20261006/raw/SPAWN_ERROR/actual-phase.resources.json,added,105dca62aef87ba22bf160f0f832d2773fba739f,3298,0,103,0,GENERATED_RAW_OR_CAPTURED_SOURCE
docs/audits/convergence/evidence/governed-owned-process-v3-controls-20261006/raw/SPAWN_ERROR/phase.log,added,e69de29bb2d1d6434b8b29ae775ad8c2e48c5391,0,0,0,0,GENERATED_RAW_OR_CAPTURED_SOURCE
docs/audits/convergence/evidence/governed-owned-process-v3-controls-20261006/raw/TIMEOUT/actual-phase.resources.json,added,992b9a31e43dea29007e7e5115e597421cea6120,3320,0,112,0,GENERATED_RAW_OR_CAPTURED_SOURCE
docs/audits/convergence/evidence/governed-owned-process-v3-controls-20261006/raw/TIMEOUT/phase.log,added,057e07ac77f06efdbe503f22f2269b77eba19fd0,92,0,3,0,GENERATED_RAW_OR_CAPTURED_SOURCE
docs/audits/convergence/evidence/governed-owned-process-v3-controls-20261006/raw/baseline.py.source,added,7d1c5ce69f8b340092f44842dcac465788969324,31518,0,504,0,GENERATED_RAW_OR_CAPTURED_SOURCE
docs/audits/convergence/evidence/governed-owned-process-v3-controls-20261006/raw/candidate.py.source,added,8807e65d062e64ec10c97e2ff56fb2a812ba6d8e,43365,0,713,0,GENERATED_RAW_OR_CAPTURED_SOURCE
docs/audits/convergence/evidence/governed-owned-process-v3-controls-20261006/raw/controlled-process.receipt.json,added,e1efadc2dd59a242f230c070221b5ed57f25f6a3,12192,0,357,0,GENERATED_RAW_OR_CAPTURED_SOURCE
docs/audits/convergence/evidence/governed-owned-process-v3-controls-20261006/raw/driver.py.source,added,9b916c21d422aaf5e18b51c53caa75eac04214ae,29521,0,509,0,GENERATED_RAW_OR_CAPTURED_SOURCE
docs/audits/convergence/evidence/governed-owned-process-v3-controls-20261006/raw/source-after.json,added,96139601ca9885467227a0cd87c5bf3cc61c714b,1555,0,56,0,GENERATED_RAW_OR_CAPTURED_SOURCE
docs/audits/convergence/evidence/governed-owned-process-v3-controls-20261006/raw/source-before.json,added,96139601ca9885467227a0cd87c5bf3cc61c714b,1555,0,56,0,GENERATED_RAW_OR_CAPTURED_SOURCE
docs/audits/convergence/evidence/governed-owned-process-v3-controls-20261006/root_launchers/rc6-governed-v3-process-controls-20261006-launcher-v2.py.source,added,35e115e5ff4dc428a9e4ae372a4a4fbaef14f801,4381,0,66,0,GENERATED_RAW_OR_CAPTURED_SOURCE
docs/audits/convergence/evidence/governed-owned-process-v3-controls-20261006/root_launchers/rc6-governed-v3-process-controls-20261006-launcher.py.source,added,99f998911c060119b3dcb2812ad6a397c8db2975,4217,0,61,0,GENERATED_RAW_OR_CAPTURED_SOURCE
docs/audits/convergence/evidence/governed-owned-process-v3-controls-20261006/source_inputs/rc6_governed_v3_owned_process_controls_candidate.py.source,added,1acc0032919a387fc515e4c03e408c110cc83f2a,24215,0,440,0,GENERATED_RAW_OR_CAPTURED_SOURCE
docs/audits/convergence/evidence/governed-owned-process-v3-controls-20261006/source_inputs/rc6_governed_v3_owned_process_controls_candidate_v2.py.source,added,9b916c21d422aaf5e18b51c53caa75eac04214ae,29521,0,509,0,GENERATED_RAW_OR_CAPTURED_SOURCE
docs/audits/convergence/evidence/governed-owned-process-v3-controls-20261006/source_inputs/rc6_governed_v3_owned_process_controls_source_plan.json,added,ede026e43d3012975ff6f5f45219598824e8ca06,6828,0,136,0,INDEX_MANIFEST_CANDIDATE
docs/audits/convergence/evidence/governed-owned-process-v3-controls-20261006/source_inputs/rc6_governed_v3_owned_process_controls_source_plan_v2.json,added,23dee6bef0e634c2711e46882921182c00232457,8328,0,153,0,INDEX_MANIFEST_CANDIDATE
docs/audits/convergence/evidence/governed-owned-process-v3-controls-20261006/source_inputs/rc6_governed_v3_owned_process_controls_v2.diff.source,added,5cd1b0aa5e6f88419086848c109abe00390c4394,25694,0,403,0,GENERATED_RAW_OR_CAPTURED_SOURCE
docs/audits/convergence/evidence/governed-owned-process-v3-controls-20261006/source_inputs/rc6_run_frozen_governed_v2.py.source,added,7d1c5ce69f8b340092f44842dcac465788969324,31518,0,504,0,GENERATED_RAW_OR_CAPTURED_SOURCE
docs/audits/convergence/evidence/governed-owned-process-v3-controls-20261006/source_inputs/rc6_run_frozen_governed_v3_candidate.diff.source,added,de90005ee767204c3106e0456492c983c33b908c,15966,0,284,0,GENERATED_RAW_OR_CAPTURED_SOURCE
docs/audits/convergence/evidence/governed-owned-process-v3-controls-20261006/source_inputs/rc6_run_frozen_governed_v3_candidate.py.source,added,8807e65d062e64ec10c97e2ff56fb2a812ba6d8e,43365,0,713,0,GENERATED_RAW_OR_CAPTURED_SOURCE
docs/audits/convergence/evidence/governed-owned-process-v3-controls-20261006/source_inputs/rc6_run_frozen_governed_v3_source_plan.json,added,dd2ebe8451c906e8283d5836847d3b33f30db375,6037,0,146,0,INDEX_MANIFEST_CANDIDATE
docs/audits/convergence/evidence/governed-owned-process-v3-controls-20261006/source_preparation/README.md,added,66794f886544bceb37d396f9f7998aad33b3ed4c,3954,0,23,0,GOVERNANCE
docs/audits/convergence/evidence/governed-owned-process-v3-controls-20261006/source_preparation/publication-incident.json,added,b20a2cca044978dc8dce68baa76bb526985763d2,1815,0,36,0,INDEX_MANIFEST_CANDIDATE
docs/audits/convergence/evidence/governed-owned-process-v3-controls-20261006/source_preparation/rc6_governed_v3_controls_forward_source_builder.py.source,added,6a79cd66ade6146d1a18761aa79efa2985630a7b,18595,0,272,0,GENERATED_RAW_OR_CAPTURED_SOURCE
docs/audits/convergence/evidence/governed-owned-process-v3-controls-20261006/source_preparation/rc6_governed_v3_owned_phase.source,added,f465d3e49b9fbe3d3203f7476a9dd8070854770d,12016,0,213,0,GENERATED_RAW_OR_CAPTURED_SOURCE
docs/audits/convergence/evidence/governed-owned-process-v3-controls-20261006/source_preparation/replacement-recipe.json,added,5c407da01024e46a9d575709752fa5c66e499b45,11218,0,245,0,INDEX_MANIFEST_CANDIDATE
docs/audits/convergence/evidence/issue465-budget-successors-readonly-9d51af45.json,added,ffb9de9bbae1e0d1260ec3ac5c4a5fe40752a199,11105,0,129,0,INDEX_MANIFEST_CANDIDATE
docs/audits/convergence/evidence/issue465-original-gate-red-3cfe112b.json,added,e89d5d6d688117d0a445dcd9a99eeb06de87d653,608,0,11,0,INDEX_MANIFEST_CANDIDATE
docs/audits/convergence/evidence/native-big-1426b284-157/CUSTODY.json,added,153be876d949f2bf99c8dbc79ddd192a273f3a7d,40660,0,1148,0,INDEX_MANIFEST_CANDIDATE
docs/audits/convergence/evidence/native-big-1426b284-157/README.md,added,389cb066d7d5eb961125602bf722d86addbbcd64,2868,0,46,0,GOVERNANCE
docs/audits/convergence/evidence/native-big-1426b284-157/big.log.gz,added,147d00456510997916fc157801c29c0b0126d58d,116,0,-,-,BINARY
docs/audits/convergence/evidence/native-big-1426b284-157/dispatch.sh,added,467caca7ecda47c67a3e8da4635cfc5f4dfcb5fa,1356,0,14,0,GOVERNANCE
docs/audits/convergence/evidence/native-big-1426b284-157/dispatch.source-only.json,added,a267946db142422c509c23193f30560b8d186d18,1118,0,23,0,INDEX_MANIFEST_CANDIDATE
docs/audits/convergence/evidence/native-big-1426b284-157/entry-preflight.json,added,a4d0f65c849e058be04483a40327687bdfebe12a,11612,0,659,0,INDEX_MANIFEST_CANDIDATE
docs/audits/convergence/evidence/native-big-1426b284-157/export-whole-source.py.source,added,501675c06f0ca5f2ee1b39ccb636fb18d8a2c678,4874,0,96,0,GENERATED_RAW_OR_CAPTURED_SOURCE
docs/audits/convergence/evidence/native-big-1426b284-157/export.stderr,added,e69de29bb2d1d6434b8b29ae775ad8c2e48c5391,0,0,0,0,GOVERNANCE
docs/audits/convergence/evidence/native-big-1426b284-157/export.stdout,added,7700fec84178ea0cd6db94454cb43333b3c4b3ee,495,0,1,0,GOVERNANCE
docs/audits/convergence/evidence/native-big-1426b284-157/generator.stderr,added,e69de29bb2d1d6434b8b29ae775ad8c2e48c5391,0,0,0,0,GOVERNANCE
docs/audits/convergence/evidence/native-big-1426b284-157/generator.stdout,added,66046bbe22f436feef716e93e228761bc4ea7d09,665,0,1,0,GOVERNANCE
docs/audits/convergence/evidence/native-big-1426b284-157/native-big-result.json,added,4172fc0cea689e1474dabbaea82c368155cd6ac2,432324,0,12780,0,INDEX_MANIFEST_CANDIDATE
docs/audits/convergence/evidence/native-big-1426b284-157/prepare-wrapper.py.source,added,d66891661682d695c060a46165a11fc32b6f0577,39113,0,730,0,GENERATED_RAW_OR_CAPTURED_SOURCE
docs/audits/convergence/evidence/native-big-1426b284-157/preserve-witness-initial.py.source,added,15a513c395571755ffb7711fb84f3c3611fd33e3,9626,0,158,0,GENERATED_RAW_OR_CAPTURED_SOURCE
docs/audits/convergence/evidence/native-big-1426b284-157/preserve-witness.py.source,added,4d3228482df7377f88f8a23b5e53943c264b6ffa,9844,0,161,0,GENERATED_RAW_OR_CAPTURED_SOURCE
docs/audits/convergence/evidence/native-big-1426b284-157/run-wrapper.py.source,added,9593641ef3eb210e38c00fe0a0f755dad58cbf42,32640,0,581,0,GENERATED_RAW_OR_CAPTURED_SOURCE
docs/audits/convergence/evidence/native-big-1426b284-157/source-custody-after.json.gz,added,46e40edafaede6640aca6edc4693a8631c9a22b0,220758,0,-,-,BINARY
docs/audits/convergence/evidence/native-big-1426b284-157/source-custody-before.json.gz,added,a2342775e4ee91cf3f047389e451832d4d1b52d9,220104,0,-,-,BINARY
docs/audits/convergence/evidence/native-big-1426b284-157/source.index.json.gz,added,28a4c2d87d3d8c12f88dde0c69378cf5ee5d1d4c,211229,0,-,-,BINARY
docs/audits/convergence/evidence/native-big-1426b284-157/wrapper-before.json,added,d4652c52e6d6694df4d80829121be1155b5d84f3,3215,0,79,0,INDEX_MANIFEST_CANDIDATE
docs/audits/convergence/evidence/native-big-1426b284-157/wrapper-final.json,added,08ae46577162200df8e9883c903bf655e6ab41cd,16068,0,512,0,INDEX_MANIFEST_CANDIDATE
docs/audits/convergence/evidence/native-big-1426b284-157/wrapper.stderr,added,e69de29bb2d1d6434b8b29ae775ad8c2e48c5391,0,0,0,0,GOVERNANCE
docs/audits/convergence/evidence/native-big-1426b284-157/wrapper.stdout,added,b75ad39f1e52d25a3dc6991b629ba9b969305a11,227,0,1,0,GOVERNANCE
docs/audits/convergence/evidence/native-big-400a677c-157/CUSTODY.json,added,596c9d142aa30ecac2a781d7d2a453595c444dbd,5783,0,121,0,INDEX_MANIFEST_CANDIDATE
docs/audits/convergence/evidence/native-big-400a677c-157/big.log.gz,added,04493c33e5f8fcc1c9b0fb81186b44005124aefb,99,0,-,-,BINARY
docs/audits/convergence/evidence/native-big-400a677c-157/entry-preflight.json,added,d8e2215abf786e95cefee346ff403274d2c29b53,11412,0,656,0,INDEX_MANIFEST_CANDIDATE
docs/audits/convergence/evidence/native-big-400a677c-157/export-whole-source.py,added,501675c06f0ca5f2ee1b39ccb636fb18d8a2c678,4874,0,96,0,GOVERNANCE
docs/audits/convergence/evidence/native-big-400a677c-157/native-big-result.json,added,6713aa6a05ff07002915de7b0f18fa2dd35e3a67,30612,0,1056,0,INDEX_MANIFEST_CANDIDATE
docs/audits/convergence/evidence/native-big-400a677c-157/prepare-wrapper.py,added,8003c64ffc57ac8fa7a458c23e9cb0b02ec47855,3075,0,53,0,GOVERNANCE
docs/audits/convergence/evidence/native-big-400a677c-157/run-wrapper.py,added,b45a1a9302dbf96303cbac9b7ab402b78278d9f9,8717,0,149,0,GOVERNANCE
docs/audits/convergence/evidence/native-big-400a677c-157/source.index.json.gz,added,50fd33b1c743e1d4baa77f7c8d9a581c9b00f528,165791,0,-,-,BINARY
docs/audits/convergence/evidence/native-big-400a677c-157/wrapper-before.json,added,1bcece28670ccc35c0c559253f1a5a386901cbb4,12290,0,679,0,INDEX_MANIFEST_CANDIDATE
docs/audits/convergence/evidence/native-big-400a677c-157/wrapper-final.json,added,c3b53a9db5b10b88dabfaeb199f78d681fac1d21,12593,0,684,0,INDEX_MANIFEST_CANDIDATE
docs/audits/convergence/evidence/native-big-4ba47b87-157/CUSTODY.json,added,f049e784fe6c63ca3098d6f607c901ceb92ef993,5870,0,121,0,INDEX_MANIFEST_CANDIDATE
docs/audits/convergence/evidence/native-big-4ba47b87-157/big.log.gz,added,1c75c9cc1d189da9e467a8ec323161c925441164,99,0,-,-,BINARY
docs/audits/convergence/evidence/native-big-4ba47b87-157/entry-preflight.json,added,da660d990cd0754ab26c524c4013ad6e92ca92b5,11412,0,656,0,INDEX_MANIFEST_CANDIDATE
docs/audits/convergence/evidence/native-big-4ba47b87-157/export-whole-source.py,added,501675c06f0ca5f2ee1b39ccb636fb18d8a2c678,4874,0,96,0,GOVERNANCE
docs/audits/convergence/evidence/native-big-4ba47b87-157/native-big-result.json,added,9430ff25b819fa240ccb8ebefa6d7a5d38761992,31785,0,1097,0,INDEX_MANIFEST_CANDIDATE
docs/audits/convergence/evidence/native-big-4ba47b87-157/prepare-wrapper.py,added,8003c64ffc57ac8fa7a458c23e9cb0b02ec47855,3075,0,53,0,GOVERNANCE
docs/audits/convergence/evidence/native-big-4ba47b87-157/run-wrapper.py,added,25559c8504607f2fa3285a3e0b21abe6675b9ac8,8714,0,149,0,GOVERNANCE
docs/audits/convergence/evidence/native-big-4ba47b87-157/source.index.json.gz,added,2a8b031382a1ee51ab1baec714b730e24606597d,178095,0,-,-,BINARY
docs/audits/convergence/evidence/native-big-4ba47b87-157/wrapper-before.json,added,0217f299600d1c2ad92b58484ca895b1463c6925,12288,0,679,0,INDEX_MANIFEST_CANDIDATE
docs/audits/convergence/evidence/native-big-4ba47b87-157/wrapper-final.json,added,f992ab4b86ada23d37fed3541a3454ed7e390cad,12591,0,684,0,INDEX_MANIFEST_CANDIDATE
docs/audits/convergence/evidence/native-big-8764e934-157/CUSTODY.json,added,64726dea2103c6e7ac1e994697b8c060a6033074,13524,0,380,0,INDEX_MANIFEST_CANDIDATE
docs/audits/convergence/evidence/native-big-8764e934-157/big.log.gz,added,21043d0fe9ccef581c0134250aad9dbb09941cd6,105,0,-,-,BINARY
docs/audits/convergence/evidence/native-big-8764e934-157/entry-preflight.json,added,6f34fb51b66f2e25c6cfc7aee32288d1575862ac,11412,0,656,0,INDEX_MANIFEST_CANDIDATE
docs/audits/convergence/evidence/native-big-8764e934-157/export-whole-source.py.source,added,501675c06f0ca5f2ee1b39ccb636fb18d8a2c678,4874,0,96,0,GENERATED_RAW_OR_CAPTURED_SOURCE
docs/audits/convergence/evidence/native-big-8764e934-157/native-big-result.json,added,9b7fd16981ddaab4513e7bba2a3baf5397f339f3,31833,0,1099,0,INDEX_MANIFEST_CANDIDATE
docs/audits/convergence/evidence/native-big-8764e934-157/prepare-wrapper.py.source,added,8003c64ffc57ac8fa7a458c23e9cb0b02ec47855,3075,0,53,0,GENERATED_RAW_OR_CAPTURED_SOURCE
docs/audits/convergence/evidence/native-big-8764e934-157/run-wrapper.py.source,added,2748e90d10cce19661ce63b2a3d8b5dded9e1da5,8747,0,149,0,GENERATED_RAW_OR_CAPTURED_SOURCE
docs/audits/convergence/evidence/native-big-8764e934-157/source.index.json.gz,added,d2308548c15ed245840cea430d007aea83e8d4b9,204550,0,-,-,BINARY
docs/audits/convergence/evidence/native-big-8764e934-157/wrapper-before.json,added,93c60d773e3ef30b7c815086c25ed45dca4fe771,12304,0,679,0,INDEX_MANIFEST_CANDIDATE
docs/audits/convergence/evidence/native-big-8764e934-157/wrapper-final.json,added,0fa7f035650f24cc7efe53bf60f7deeb1c1b34df,12607,0,684,0,INDEX_MANIFEST_CANDIDATE
docs/audits/convergence/evidence/native-big-9d32d326-157/CUSTODY.json,added,6e9f00aaf58e09f3850e21051429f54466237293,13483,0,380,0,INDEX_MANIFEST_CANDIDATE
docs/audits/convergence/evidence/native-big-9d32d326-157/big.log.gz,added,1a33c6ec561bb1fc505af765267677a04c0e40e7,98,0,-,-,BINARY
docs/audits/convergence/evidence/native-big-9d32d326-157/entry-preflight.json,added,367dbdc46400a997f8adf1f92ed14092037b45ab,11412,0,656,0,INDEX_MANIFEST_CANDIDATE
docs/audits/convergence/evidence/native-big-9d32d326-157/export-whole-source.py.source,added,501675c06f0ca5f2ee1b39ccb636fb18d8a2c678,4874,0,96,0,GENERATED_RAW_OR_CAPTURED_SOURCE
docs/audits/convergence/evidence/native-big-9d32d326-157/native-big-result.json,added,840f99251f55262033b1da7eff9e69aedcb8cc82,31489,0,1089,0,INDEX_MANIFEST_CANDIDATE
docs/audits/convergence/evidence/native-big-9d32d326-157/prepare-wrapper.py.source,added,8003c64ffc57ac8fa7a458c23e9cb0b02ec47855,3075,0,53,0,GENERATED_RAW_OR_CAPTURED_SOURCE
docs/audits/convergence/evidence/native-big-9d32d326-157/run-wrapper.py.source,added,d4f90d7419527c0f49c1633f78b59ba8b2bf16bc,8720,0,149,0,GENERATED_RAW_OR_CAPTURED_SOURCE
docs/audits/convergence/evidence/native-big-9d32d326-157/source.index.json.gz,added,051fddf6058d383f50b141ea47df5450421c553e,184460,0,-,-,BINARY
docs/audits/convergence/evidence/native-big-9d32d326-157/wrapper-before.json,added,784c30afcef35d8912778d24ea3bcd9e215beca6,12292,0,679,0,INDEX_MANIFEST_CANDIDATE
docs/audits/convergence/evidence/native-big-9d32d326-157/wrapper-final.json,added,cc4c63a6a3a88661b961101b8390c616ce4ec588,12595,0,684,0,INDEX_MANIFEST_CANDIDATE
docs/audits/convergence/evidence/native-big-d0507884-157/CUSTODY.json,added,4969a9fa76c47f0862ebaad1a46f095362d423b6,13477,0,380,0,INDEX_MANIFEST_CANDIDATE
docs/audits/convergence/evidence/native-big-d0507884-157/big.log.gz,added,1239c8abd0f0d41f6804490a80ff38715c820531,99,0,-,-,BINARY
docs/audits/convergence/evidence/native-big-d0507884-157/entry-preflight.json,added,8f270e434f33f6d26a9fa4ce12b92fbfdfdbc40e,11412,0,656,0,INDEX_MANIFEST_CANDIDATE
docs/audits/convergence/evidence/native-big-d0507884-157/export-whole-source.py.source,added,501675c06f0ca5f2ee1b39ccb636fb18d8a2c678,4874,0,96,0,GENERATED_RAW_OR_CAPTURED_SOURCE
docs/audits/convergence/evidence/native-big-d0507884-157/native-big-result.json,added,cd349c4097d763f36fd8131232e9c0728555cd78,31773,0,1099,0,INDEX_MANIFEST_CANDIDATE
docs/audits/convergence/evidence/native-big-d0507884-157/prepare-wrapper.py.source,added,8003c64ffc57ac8fa7a458c23e9cb0b02ec47855,3075,0,53,0,GENERATED_RAW_OR_CAPTURED_SOURCE
docs/audits/convergence/evidence/native-big-d0507884-157/run-wrapper.py.source,added,a296ad692a0e9c3bc5f56cf1ab530ff0300ff59a,8729,0,149,0,GENERATED_RAW_OR_CAPTURED_SOURCE
docs/audits/convergence/evidence/native-big-d0507884-157/source.index.json.gz,added,ec6c3ef1bb2edb2961447bd3c49e3a16a333d809,189996,0,-,-,BINARY
docs/audits/convergence/evidence/native-big-d0507884-157/wrapper-before.json,added,1debdb9f59aa119f38048c85d41c6271d02983ba,12298,0,679,0,INDEX_MANIFEST_CANDIDATE
docs/audits/convergence/evidence/native-big-d0507884-157/wrapper-final.json,added,88a83f04ce2a1bb17a4fef5c2b33f21be12ca376,12601,0,684,0,INDEX_MANIFEST_CANDIDATE
docs/audits/convergence/evidence/native-big-import-provenance/4087/focal-runner.py.source,added,914e1736546498bc4e19e07f50843ccda082b4ef,12542,0,198,0,GENERATED_RAW_OR_CAPTURED_SOURCE
docs/audits/convergence/evidence/native-big-import-provenance/4087/focal-supervisor.json,added,d561de53da8619fce52baa5010db889ff1e7e2b5,1558,0,35,0,INDEX_MANIFEST_CANDIDATE
docs/audits/convergence/evidence/native-big-import-provenance/4087/focal-supervisor.py.source,added,6977d60e81f8cb68e830f14815a8fc1bd57180a4,5891,0,108,0,GENERATED_RAW_OR_CAPTURED_SOURCE
docs/audits/convergence/evidence/native-big-import-provenance/4087/focal.log,added,2cee053cd2e35c63a2b1a02128773e864b0bf7f2,1886,0,25,0,GENERATED_RAW_OR_CAPTURED_SOURCE
docs/audits/convergence/evidence/native-big-import-provenance/4087/native-import-provenance-focal-receipt.json,added,0e652faa46186f1875776a8d0be43b85cf52be8a,218917,0,6108,0,INDEX_MANIFEST_CANDIDATE
docs/audits/convergence/evidence/native-big-import-provenance/4087/native-import-provenance-focal.junit.xml,added,c2209545d625faae0d2ce60994b4f03a34f65213,4310,0,18,0,GENERATED_RAW_OR_CAPTURED_SOURCE
docs/audits/convergence/evidence/native-big-import-provenance/4087/source.index.json,added,f8a3473a6c763d0366c24e294f27d5b72d841832,702988,0,6498,0,INDEX_MANIFEST_CANDIDATE
docs/audits/convergence/evidence/native-big-import-provenance/fa1/focal-runner.py.source,added,b2c62be8296f652c79ea4ca0727fc89c968a733e,12540,0,198,0,GENERATED_RAW_OR_CAPTURED_SOURCE
docs/audits/convergence/evidence/native-big-import-provenance/fa1/focal-supervisor.json,added,d463e3bbd91b4cc9df381c8068f57902f27cdf55,1569,0,35,0,INDEX_MANIFEST_CANDIDATE
docs/audits/convergence/evidence/native-big-import-provenance/fa1/focal-supervisor.py.source,added,a466dc228f378afae142c955bd996c8a5ad1c0bf,5889,0,108,0,GENERATED_RAW_OR_CAPTURED_SOURCE
docs/audits/convergence/evidence/native-big-import-provenance/fa1/focal.log,added,cfdcbe3ff5d0528ac71591634920785dfb79f33d,529,0,2,0,GENERATED_RAW_OR_CAPTURED_SOURCE
docs/audits/convergence/evidence/native-big-import-provenance/fa1/native-import-provenance-focal-receipt.json,added,3a585112b8c70ffe4a22ea38986c977c24a1d4cd,218725,0,6106,0,INDEX_MANIFEST_CANDIDATE
docs/audits/convergence/evidence/native-big-import-provenance/fa1/native-import-provenance-focal.junit.xml,added,7cff55b2ea591f66d8e038d388ce61db812d5c94,3209,0,1,0,GENERATED_RAW_OR_CAPTURED_SOURCE
docs/audits/convergence/evidence/native-big-import-provenance/fa1/source.index.json,added,5d71216bf02a4cd5f904d27f9d9640521051d9e8,702988,0,6498,0,INDEX_MANIFEST_CANDIDATE
docs/audits/convergence/evidence/native-big-import-provenance/harness/focal-runner-d086-unexecuted-draft.py.source,added,da24c3bfac7dbec768f4cfbd560db08cf469ead0,7974,0,128,0,GENERATED_RAW_OR_CAPTURED_SOURCE
docs/audits/convergence/evidence/native-big-import-provenance/harness/whole-source-exporter.py.source,added,501675c06f0ca5f2ee1b39ccb636fb18d8a2c678,4874,0,96,0,GENERATED_RAW_OR_CAPTURED_SOURCE
docs/audits/convergence/evidence/native-browser-ipc-b6fd4c21-157/CUSTODY.json,added,d9f1b30eb1ea70aebf908251e0e5b169202a9cab,8055,0,176,0,INDEX_MANIFEST_CANDIDATE
docs/audits/convergence/evidence/native-browser-ipc-b6fd4c21-157/functional-run.py,added,48f0cfaa183ba3423e565a598e3b27c36ab4d44c,4635,0,45,0,GOVERNANCE
docs/audits/convergence/evidence/native-browser-ipc-b6fd4c21-157/ipc-311-receipt.json,added,5f98cdad5a408c87c3ce2cf907aa7e0c68db40ce,554327,0,13312,0,INDEX_MANIFEST_CANDIDATE
docs/audits/convergence/evidence/native-browser-ipc-b6fd4c21-157/ipc-311-review.json,added,b3501dbc65c83d2dae412c3a085335dc0cb30624,4202355,0,73,0,INDEX_MANIFEST_CANDIDATE
docs/audits/convergence/evidence/native-browser-ipc-b6fd4c21-157/ipc-311-started.json,added,ec57eb394153d214186ef52644e3e244f8106482,279891,0,6750,0,INDEX_MANIFEST_CANDIDATE
docs/audits/convergence/evidence/native-browser-ipc-b6fd4c21-157/ipc-311.stderr.gz,added,d4b9926df0b7defceb6caf0b474c4a190c5ca8f0,20,0,-,-,BINARY
docs/audits/convergence/evidence/native-browser-ipc-b6fd4c21-157/ipc-311.stdout.gz,added,c94f4c59b0f241988ef21954f094ff2a154d57d0,6176,0,-,-,BINARY
docs/audits/convergence/evidence/native-browser-ipc-b6fd4c21-157/ipc-311.xml.gz,added,4671aa142d2892666923831f2f3a4214b99d07f0,6127,0,-,-,BINARY
docs/audits/convergence/evidence/native-browser-ipc-b6fd4c21-157/ipc-312-receipt.json,added,78b88b30dce59f1a3074bf4fe169a0bc01cbe7fa,554319,0,13312,0,INDEX_MANIFEST_CANDIDATE
docs/audits/convergence/evidence/native-browser-ipc-b6fd4c21-157/ipc-312-review.json,added,b53d76e57684dab7e7a3dd740f1774dc2358a051,4202355,0,73,0,INDEX_MANIFEST_CANDIDATE
docs/audits/convergence/evidence/native-browser-ipc-b6fd4c21-157/ipc-312-started.json,added,4b6e79d7b7452381eef915556a9615387e8bcc9e,279883,0,6750,0,INDEX_MANIFEST_CANDIDATE
docs/audits/convergence/evidence/native-browser-ipc-b6fd4c21-157/ipc-312.stderr.gz,added,d4b9926df0b7defceb6caf0b474c4a190c5ca8f0,20,0,-,-,BINARY
docs/audits/convergence/evidence/native-browser-ipc-b6fd4c21-157/ipc-312.stdout.gz,added,9a2e8d9eff121869d09ce1d2626c3acf199dfa0c,6174,0,-,-,BINARY
docs/audits/convergence/evidence/native-browser-ipc-b6fd4c21-157/ipc-312.xml.gz,added,5962417eb6b2c8d3a83295cb6d0f11314632953f,6140,0,-,-,BINARY
docs/audits/convergence/evidence/native-browser-ipc-b6fd4c21-157/preparation.json,added,af86bc3cba2e3c9e625fd2d126c027c5a703cb19,760,0,16,0,INDEX_MANIFEST_CANDIDATE
docs/audits/convergence/evidence/native-browser-ipc-b6fd4c21-157/source.commit.raw,added,5fc5d68677863f50d8ff792ea32a4bb12b40c20f,264,0,6,0,GOVERNANCE
docs/audits/convergence/evidence/native-browser-ipc-b6fd4c21-157/source.index.json.gz,added,df79e4258ea89a7587985e335e3b80c75f3e7ae6,159605,0,-,-,BINARY
docs/audits/convergence/evidence/native-capacity-b26f4d93/big-big.log,added,e5498e187ab594abd538eb448b0827d0d046f71c,77,0,1,0,GENERATED_RAW_OR_CAPTURED_SOURCE
docs/audits/convergence/evidence/native-capacity-b26f4d93/big-native-big-result.json,added,84abf10b3dc1bd25571b89126fc51a7e6b5808c8,3464,0,110,0,INDEX_MANIFEST_CANDIDATE
docs/audits/convergence/evidence/native-capacity-b26f4d93/big-run-wrapper.py,added,36e6055b0d113a12fe7cc98508cf371a2a8bdc52,3495,0,45,0,GOVERNANCE
docs/audits/convergence/evidence/native-capacity-b26f4d93/big-wrapper-before.json,added,468b57f12a449329195b6f7d207e5c70784126b2,11804,0,669,0,INDEX_MANIFEST_CANDIDATE
docs/audits/convergence/evidence/native-capacity-b26f4d93/big-wrapper-final.json,added,866910f099dce3b955fb0e769896b88c4fa7ac2e,12106,0,674,0,INDEX_MANIFEST_CANDIDATE
docs/audits/convergence/evidence/native-capacity-b26f4d93/big-wrapper.log,added,9069e2cb9fd6581f66a06718f05cf15d51d5f11c,196,0,1,0,GENERATED_RAW_OR_CAPTURED_SOURCE
docs/audits/convergence/evidence/native-capacity-b26f4d93/normal4-native-normal4-result.json,added,56152bf73c32fb13c9d9bb2b1a3fdfbee29fccc8,14801,0,395,0,INDEX_MANIFEST_CANDIDATE
docs/audits/convergence/evidence/native-capacity-b26f4d93/normal4-normal4.log,added,97a9605459cbef8d47a288b990209f6f0038f1b4,811,0,5,0,GENERATED_RAW_OR_CAPTURED_SOURCE
docs/audits/convergence/evidence/native-capacity-b26f4d93/normal4-run-wrapper-first-syntax-red.py.source,added,5971752e596e3af44dd55c82b19cf16222157905,3625,0,45,0,GENERATED_RAW_OR_CAPTURED_SOURCE
docs/audits/convergence/evidence/native-capacity-b26f4d93/normal4-run-wrapper.py,added,d86d9651b1bd158dcda72c941b66bc6bd4826bc6,3627,0,45,0,GOVERNANCE
docs/audits/convergence/evidence/native-capacity-b26f4d93/normal4-source.index.json,added,82631c9ee6c988617b459d182feb290bac67cf5b,442415,0,4673,0,INDEX_MANIFEST_CANDIDATE
docs/audits/convergence/evidence/native-capacity-b26f4d93/normal4-wrapper-before.json,added,3c7e2dec7b6e1b88404ad146408038c810f2a552,12008,0,673,0,INDEX_MANIFEST_CANDIDATE
docs/audits/convergence/evidence/native-capacity-b26f4d93/normal4-wrapper-final.json,added,4f07803397fe34cfa349992ba1b21c55d3e45578,12311,0,678,0,INDEX_MANIFEST_CANDIDATE
docs/audits/convergence/evidence/native-capacity-b26f4d93/normal4-wrapper-first-syntax-red.log,added,69a059f69783e2b0a2c19d2dc457d61d57638c6a,393,0,4,0,GENERATED_RAW_OR_CAPTURED_SOURCE
docs/audits/convergence/evidence/native-capacity-b26f4d93/normal4-wrapper.log,added,c99e065471a764973dd53ce811d57cea14c30252,197,0,1,0,GENERATED_RAW_OR_CAPTURED_SOURCE
docs/audits/convergence/evidence/native-capacity-b26f4d93/receipt-custody.json,added,f5e91468c592eafdcd1249a69ebafa46249d26e2,5604,0,126,0,INDEX_MANIFEST_CANDIDATE
docs/audits/convergence/evidence/native-capacity-f8895434-157/big.log,added,0661104fbaee5c67bf9f79e48ce333a2d26607a7,81,0,1,0,GENERATED_RAW_OR_CAPTURED_SOURCE
docs/audits/convergence/evidence/native-capacity-f8895434-157/child-stacks.log,added,a2d3dae34a993a2ae4e4ec7f4dfff2d0098f5641,2857,0,27,0,GENERATED_RAW_OR_CAPTURED_SOURCE
docs/audits/convergence/evidence/native-capacity-f8895434-157/entry-preflight.json,added,92ef9b1e3f84c94cf704e3f6825ec6e2ca4d7af1,11412,0,656,0,INDEX_MANIFEST_CANDIDATE
docs/audits/convergence/evidence/native-capacity-f8895434-157/native-big-result.json,added,938857c552b8dde1218cf3b371149f7c0df79f52,10390,0,360,0,INDEX_MANIFEST_CANDIDATE
docs/audits/convergence/evidence/native-capacity-f8895434-157/receipt-custody.json,added,658b21a3e430dbc6305d22d8af9ad02ffc441462,4653,0,110,0,INDEX_MANIFEST_CANDIDATE
docs/audits/convergence/evidence/native-capacity-f8895434-157/run-wrapper.py,added,88a2d856922fd41b67704eb3f11b46edd1898b50,8755,0,151,0,GOVERNANCE
docs/audits/convergence/evidence/native-capacity-f8895434-157/source.index.json,added,8ebc7af50895fd9ea677e0e828fb4f2c62a65bdf,443900,0,4685,0,INDEX_MANIFEST_CANDIDATE
docs/audits/convergence/evidence/native-capacity-f8895434-157/wrapper-before.json,added,e33c4396b7a4ceea416f290ded243a6f6b5f508c,12336,0,681,0,INDEX_MANIFEST_CANDIDATE
docs/audits/convergence/evidence/native-capacity-f8895434-157/wrapper-final.json,added,963701837e6b33b43550a39fecd1d23ef38d0359,12738,0,687,0,INDEX_MANIFEST_CANDIDATE
docs/audits/convergence/evidence/native-capacity-f8895434-157/wrapper.log,added,6030f374b157858260c6b41e0318ab3ed0073087,250,0,1,0,GENERATED_RAW_OR_CAPTURED_SOURCE
docs/audits/convergence/evidence/native-capacity-retention-green.xml,added,689ff7ad3590e9863cfac93b3cf359ac712c609c,10025,0,1,0,GENERATED_RAW_OR_CAPTURED_SOURCE
docs/audits/convergence/evidence/native-capacity-retention-red.xml,added,07651c8cca2a5f0e084a860608270d078ff70883,3267,0,34,0,GENERATED_RAW_OR_CAPTURED_SOURCE
docs/audits/convergence/evidence/native-capacity-retention.json,added,b2f2b458ba3f1ea43c5325165dc2c77470fcf528,2961,0,53,0,INDEX_MANIFEST_CANDIDATE
docs/audits/convergence/evidence/native-capture-components-f8895434-157/capture_probe.py,added,f1a357e4f39ac061c2b276f9f89cdc6407024f8d,14218,0,274,0,GOVERNANCE
docs/audits/convergence/evidence/native-capture-components-f8895434-157/receipt-custody.json,added,4f84dd7e4506ffc667b68fad960ed4966f3f6f92,1276,0,30,0,INDEX_MANIFEST_CANDIDATE
docs/audits/convergence/evidence/native-capture-components-f8895434-157/result.json,added,22df51266569d686483ae1126934a7d1d5789edf,195888,0,6512,0,INDEX_MANIFEST_CANDIDATE
docs/audits/convergence/evidence/native-capture-components-f8895434-157/run.log,added,f3a498dd7011f735a931db63095e118c7d274338,205,0,1,0,GENERATED_RAW_OR_CAPTURED_SOURCE
docs/audits/convergence/evidence/native-gc-diagnostic-d9e7fb7d-157/big-gc-big-gc.log.gz,added,26955afb68367ad4671e4007da12eb6e76b22849,103,0,-,-,BINARY
docs/audits/convergence/evidence/native-gc-diagnostic-d9e7fb7d-157/big-gc-child-stacks.log.gz,added,381629d6d278c67fbc52530c91e6527e1a153e74,457627,0,-,-,BINARY
docs/audits/convergence/evidence/native-gc-diagnostic-d9e7fb7d-157/big-gc-entry-preflight.json,added,0f6f938d1e949aef5c2ebc39785668435482b117,11412,0,656,0,INDEX_MANIFEST_CANDIDATE
docs/audits/convergence/evidence/native-gc-diagnostic-d9e7fb7d-157/big-gc-native-big-gc-result.json,added,52711a57fc99126cc1ed7e7ebd8462a86110ecef,12809,0,429,0,INDEX_MANIFEST_CANDIDATE
docs/audits/convergence/evidence/native-gc-diagnostic-d9e7fb7d-157/big-gc-runner.py,added,ade55eca9cd1309c5392e873230548005ef7550d,8889,0,151,0,GOVERNANCE
docs/audits/convergence/evidence/native-gc-diagnostic-d9e7fb7d-157/big-gc-wrapper-before.json,added,634b02cac7bc8058855960a7edd7bae7d21c6b58,12385,0,681,0,INDEX_MANIFEST_CANDIDATE
docs/audits/convergence/evidence/native-gc-diagnostic-d9e7fb7d-157/big-gc-wrapper-final.json,added,d5dc6b910f999d71abfabbeeee56a35867857fc5,12786,0,687,0,INDEX_MANIFEST_CANDIDATE
docs/audits/convergence/evidence/native-gc-diagnostic-d9e7fb7d-157/receipt-custody.json,added,e6c17fa2815d55d1aa99a6571fbe54e2fcf12249,8065,0,167,0,INDEX_MANIFEST_CANDIDATE
docs/audits/convergence/evidence/native-gc-diagnostic-d9e7fb7d-157/small-gc-child-stacks.log.gz,added,3000ddcbecef1d6a724c95d4ca4c2f16cb569887,2857,0,-,-,BINARY
docs/audits/convergence/evidence/native-gc-diagnostic-d9e7fb7d-157/small-gc-entry-preflight.json,added,0f6f938d1e949aef5c2ebc39785668435482b117,11412,0,656,0,INDEX_MANIFEST_CANDIDATE
docs/audits/convergence/evidence/native-gc-diagnostic-d9e7fb7d-157/small-gc-native-small-gc-result.json,added,853c583e3c0ef45ec364896b6618db564835b2d7,61478,0,2104,0,INDEX_MANIFEST_CANDIDATE
docs/audits/convergence/evidence/native-gc-diagnostic-d9e7fb7d-157/small-gc-runner.py,added,2b950c64f39d824a8f4c62f861c6494f846566bf,8898,0,151,0,GOVERNANCE
docs/audits/convergence/evidence/native-gc-diagnostic-d9e7fb7d-157/small-gc-small-gc.log.gz,added,075ab41a014a23424207bee64090967944e11967,105,0,-,-,BINARY
docs/audits/convergence/evidence/native-gc-diagnostic-d9e7fb7d-157/small-gc-wrapper-before.json,added,d7bb71683bb51428fad1833fb2eb0d625dedd66b,12390,0,681,0,INDEX_MANIFEST_CANDIDATE
docs/audits/convergence/evidence/native-gc-diagnostic-d9e7fb7d-157/small-gc-wrapper-final.json,added,4b52715da7a8939c8084d694ec7971592e164055,12792,0,687,0,INDEX_MANIFEST_CANDIDATE
docs/audits/convergence/evidence/native-harness-progress-f8895434.json,added,b413cd822792d45b91dafc97bb093c1717fa688e,1158,0,36,0,INDEX_MANIFEST_CANDIDATE
docs/audits/convergence/evidence/native-harness-progress-f8895434.log,added,2119cca71fef3320cc2ce473afd928987b5d1775,80,0,1,0,GENERATED_RAW_OR_CAPTURED_SOURCE
docs/audits/convergence/evidence/native-harness-progress-f8895434.xml,added,cd81cf37393e03a9d51e2c4dea4ecc07fe2b7283,400,0,1,0,GENERATED_RAW_OR_CAPTURED_SOURCE
docs/audits/convergence/evidence/native-harness-progress-runner-f8895434.py,added,53b9b5569b64d5c130d6344b36d28e6ede3fae70,3591,0,60,0,GOVERNANCE
docs/audits/convergence/evidence/native-import-runtime-provenance-focal-reds-20261006/CAPSULE.json,added,7992cdeb18d3a64f20ab2306b4f35d7f393f59ad,5784,0,136,0,INDEX_MANIFEST_CANDIDATE
docs/audits/convergence/evidence/native-import-runtime-provenance-focal-reds-20261006/CUSTODY.json,added,7c4c7c9d4311f3a61ec2220a605b2d005bf1b103,131301,0,3341,0,INDEX_MANIFEST_CANDIDATE
docs/audits/convergence/evidence/native-import-runtime-provenance-focal-reds-20261006/README.md,added,fe9e1adac56680dc4ae056ffdc7182f6f7d37136,612,0,7,0,GOVERNANCE
docs/audits/convergence/evidence/native-import-runtime-provenance-focal-reds-20261006/common/rc6_export_whole_git_source.py.source,added,501675c06f0ca5f2ee1b39ccb636fb18d8a2c678,4874,0,96,0,GENERATED_RAW_OR_CAPTURED_SOURCE
docs/audits/convergence/evidence/native-import-runtime-provenance-focal-reds-20261006/epochs/1d60/cython-control/runtime-control-output-receipt.json,added,13a5b8dbf57ce3fab3f190384e1ef6e82a638fbc,1479,0,1,0,INDEX_MANIFEST_CANDIDATE
docs/audits/convergence/evidence/native-import-runtime-provenance-focal-reds-20261006/epochs/1d60/cython-control/runtime-control-stderr.bin,added,e69de29bb2d1d6434b8b29ae775ad8c2e48c5391,0,0,0,0,GOVERNANCE
docs/audits/convergence/evidence/native-import-runtime-provenance-focal-reds-20261006/epochs/1d60/cython-control/runtime-control-stdout.bin,added,36f00a5e23aa34848accfd6ca03e8fd7f2eca5b1,95991,0,1,0,GOVERNANCE
docs/audits/convergence/evidence/native-import-runtime-provenance-focal-reds-20261006/epochs/1d60/dispatch/dispatch.source-only.json,added,b5fee4f25fec2db7819ce824d50c57a54b730f3f,720,0,17,0,INDEX_MANIFEST_CANDIDATE
docs/audits/convergence/evidence/native-import-runtime-provenance-focal-reds-20261006/epochs/1d60/dispatch/launch.stderr.raw,added,e69de29bb2d1d6434b8b29ae775ad8c2e48c5391,0,0,0,0,GOVERNANCE
docs/audits/convergence/evidence/native-import-runtime-provenance-focal-reds-20261006/epochs/1d60/dispatch/launch.stdout.raw,added,ccfd1d6462e4f870a05bf9b2ae88d034e812201d,18677,0,2,0,GOVERNANCE
docs/audits/convergence/evidence/native-import-runtime-provenance-focal-reds-20261006/epochs/1d60/infrastructure/runner.py.source,added,5befdc0319068c669248abe4972cda4edaac9f8f,16990,0,221,0,GENERATED_RAW_OR_CAPTURED_SOURCE
docs/audits/convergence/evidence/native-import-runtime-provenance-focal-reds-20261006/epochs/1d60/infrastructure/supervisor.py.source,added,63e054b9a1b4a50cd7ee8cee228c2860aa3ff258,22347,0,363,0,GENERATED_RAW_OR_CAPTURED_SOURCE
docs/audits/convergence/evidence/native-import-runtime-provenance-focal-reds-20261006/epochs/1d60/raw/focal-supervisor.json,added,d7aa5c8536260d1853e89ef84cb25d640f2de197,8262,0,221,0,GENERATED_RAW_OR_CAPTURED_SOURCE
docs/audits/convergence/evidence/native-import-runtime-provenance-focal-reds-20261006/epochs/1d60/raw/focal.log,added,a0f098146aadc51581d90ab59e48bda1a8d59248,1606,0,17,0,GENERATED_RAW_OR_CAPTURED_SOURCE
docs/audits/convergence/evidence/native-import-runtime-provenance-focal-reds-20261006/epochs/1d60/raw/native-import-provenance-focal-receipt.json.gz,added,e1ef347e57bf05818fc3ea4352cbc433c496116e,23858,0,-,-,GENERATED_RAW_OR_CAPTURED_SOURCE
docs/audits/convergence/evidence/native-import-runtime-provenance-focal-reds-20261006/epochs/1d60/raw/native-import-provenance-focal.junit.xml,added,3c19f69bf0ad78d7058fcb19f6fffa514ff60188,8382,0,10,0,GENERATED_RAW_OR_CAPTURED_SOURCE
docs/audits/convergence/evidence/native-import-runtime-provenance-focal-reds-20261006/epochs/1d60/raw/source.index.json.gz,added,5b3cd641269141bc9b2fa4e3f7663416710bc1ba,215915,0,-,-,GENERATED_RAW_OR_CAPTURED_SOURCE
docs/audits/convergence/evidence/native-import-runtime-provenance-focal-reds-20261006/epochs/1d60/source/docs/audits/convergence/NATIVE_BIG_RUNTIME_PROVENANCE_SOURCE_PLAN.json,added,d254690929d874228137510cde1ba96e712e10ba,16264,0,181,0,INDEX_MANIFEST_CANDIDATE
docs/audits/convergence/evidence/native-import-runtime-provenance-focal-reds-20261006/epochs/1d60/source/scripts/rc6_native_import_provenance.py.source,added,594b699583c73d32adc97a41f3d61926fe779447,55257,0,944,0,GENERATED_RAW_OR_CAPTURED_SOURCE
docs/audits/convergence/evidence/native-import-runtime-provenance-focal-reds-20261006/epochs/1d60/source/tests/test_rc6_native_big_import_provenance.py.source,added,cf9db84786bcfa2a11a38904db0b7b4c8ffa79f8,45570,0,822,0,GENERATED_RAW_OR_CAPTURED_SOURCE
docs/audits/convergence/evidence/native-import-runtime-provenance-focal-reds-20261006/epochs/27ae/cython-control/runtime-control-output-receipt.json,added,1593ff3a11013e58b826556270238c1201422cfd,1481,0,1,0,INDEX_MANIFEST_CANDIDATE
docs/audits/convergence/evidence/native-import-runtime-provenance-focal-reds-20261006/epochs/27ae/cython-control/runtime-control-stderr.bin,added,e69de29bb2d1d6434b8b29ae775ad8c2e48c5391,0,0,0,0,GOVERNANCE
docs/audits/convergence/evidence/native-import-runtime-provenance-focal-reds-20261006/epochs/27ae/cython-control/runtime-control-stdout.bin,added,279b3e99195635c398e037fa528c5a92b0d43734,103703,0,1,0,GOVERNANCE
docs/audits/convergence/evidence/native-import-runtime-provenance-focal-reds-20261006/epochs/27ae/dispatch/dispatch.source-only.json,added,4ed54ac3333f2b2dd194c171861d657baabe3b48,776,0,18,0,INDEX_MANIFEST_CANDIDATE
docs/audits/convergence/evidence/native-import-runtime-provenance-focal-reds-20261006/epochs/27ae/dispatch/exit.json,added,989186b2f5b7285b04baa0e1d2c2e3d9d089836c,39,0,1,0,INDEX_MANIFEST_CANDIDATE
docs/audits/convergence/evidence/native-import-runtime-provenance-focal-reds-20261006/epochs/27ae/dispatch/stderr.log,added,e69de29bb2d1d6434b8b29ae775ad8c2e48c5391,0,0,0,0,GENERATED_RAW_OR_CAPTURED_SOURCE
docs/audits/convergence/evidence/native-import-runtime-provenance-focal-reds-20261006/epochs/27ae/dispatch/stdout.log,added,8d38043937bf4dc867f645e86539b6dac26b62e8,18677,0,2,0,GENERATED_RAW_OR_CAPTURED_SOURCE
docs/audits/convergence/evidence/native-import-runtime-provenance-focal-reds-20261006/epochs/27ae/infrastructure/runner.py.source,added,edff473aabfee21dec89f1de62a549e992c379ae,16990,0,221,0,GENERATED_RAW_OR_CAPTURED_SOURCE
docs/audits/convergence/evidence/native-import-runtime-provenance-focal-reds-20261006/epochs/27ae/infrastructure/supervisor.py.source,added,fdd867fee2e2a21d9eca079ec5fb5979842b92ef,22347,0,363,0,GENERATED_RAW_OR_CAPTURED_SOURCE
docs/audits/convergence/evidence/native-import-runtime-provenance-focal-reds-20261006/epochs/27ae/raw/focal-supervisor.json,added,3d246ed04a0a4192c6e4aebb16045fc5230375d7,8287,0,221,0,GENERATED_RAW_OR_CAPTURED_SOURCE
docs/audits/convergence/evidence/native-import-runtime-provenance-focal-reds-20261006/epochs/27ae/raw/focal.log,added,e54bd88e2e85864bbf3bc3a0c9463c641683a99a,1606,0,17,0,GENERATED_RAW_OR_CAPTURED_SOURCE
docs/audits/convergence/evidence/native-import-runtime-provenance-focal-reds-20261006/epochs/27ae/raw/native-import-provenance-focal-receipt.json.gz,added,f2e6df6849bab12ea2fad243f67d4a202890551e,23861,0,-,-,GENERATED_RAW_OR_CAPTURED_SOURCE
docs/audits/convergence/evidence/native-import-runtime-provenance-focal-reds-20261006/epochs/27ae/raw/native-import-provenance-focal.junit.xml,added,35567b5a81106c3c4f9d3eda1c741b3652f8dee8,8382,0,10,0,GENERATED_RAW_OR_CAPTURED_SOURCE
docs/audits/convergence/evidence/native-import-runtime-provenance-focal-reds-20261006/epochs/27ae/raw/source-prebaseline-synchronization.json,added,31b4192f162a090dc3ac45edfc2b408f490fe898,4415,0,146,0,GENERATED_RAW_OR_CAPTURED_SOURCE
docs/audits/convergence/evidence/native-import-runtime-provenance-focal-reds-20261006/epochs/27ae/raw/source.commit.raw,added,bff7b8d9e85e87a1036a70491e056b7d9bd881fd,257,0,6,0,GENERATED_RAW_OR_CAPTURED_SOURCE
docs/audits/convergence/evidence/native-import-runtime-provenance-focal-reds-20261006/epochs/27ae/raw/source.index.json.gz,added,4898fca9cfa2ac852da99dabd2ab10eaa9b8b276,215911,0,-,-,GENERATED_RAW_OR_CAPTURED_SOURCE
docs/audits/convergence/evidence/native-import-runtime-provenance-focal-reds-20261006/epochs/27ae/source/docs/audits/convergence/NATIVE_BIG_RUNTIME_PROVENANCE_SOURCE_PLAN.json,added,fee4f7109d280bc9ab03c41f6cae6b467db762a7,19834,0,226,0,INDEX_MANIFEST_CANDIDATE
docs/audits/convergence/evidence/native-import-runtime-provenance-focal-reds-20261006/epochs/27ae/source/scripts/rc6_native_import_provenance.py.source,added,594b699583c73d32adc97a41f3d61926fe779447,55257,0,944,0,GENERATED_RAW_OR_CAPTURED_SOURCE
docs/audits/convergence/evidence/native-import-runtime-provenance-focal-reds-20261006/epochs/27ae/source/tests/test_rc6_native_big_import_provenance.py.source,added,2457fbb0ad2061759915bd505a305308f0ad4ead,49206,0,876,0,GENERATED_RAW_OR_CAPTURED_SOURCE
docs/audits/convergence/evidence/native-import-runtime-provenance-focal-reds-20261006/epochs/ce932/dispatch/dispatch.source-only.json,added,9329cf033bc6f62824ea2ba90b6f693f1574592a,842,0,16,0,INDEX_MANIFEST_CANDIDATE
docs/audits/convergence/evidence/native-import-runtime-provenance-focal-reds-20261006/epochs/ce932/dispatch/launch.stderr.raw,added,e69de29bb2d1d6434b8b29ae775ad8c2e48c5391,0,0,0,0,GOVERNANCE
docs/audits/convergence/evidence/native-import-runtime-provenance-focal-reds-20261006/epochs/ce932/dispatch/launch.stdout.raw,added,2efef00d9b88051b81c84dd2a88452d8cd08215e,18681,0,2,0,GOVERNANCE
docs/audits/convergence/evidence/native-import-runtime-provenance-focal-reds-20261006/epochs/ce932/infrastructure/runner.py.source,added,a88e108fc83104c4caca3b82fcffa3c888907e88,16993,0,221,0,GENERATED_RAW_OR_CAPTURED_SOURCE
docs/audits/convergence/evidence/native-import-runtime-provenance-focal-reds-20261006/epochs/ce932/infrastructure/supervisor.py.source,added,7d8e16f85cb953fa1e3c5a567f4c7eaa3f231a4a,22350,0,363,0,GENERATED_RAW_OR_CAPTURED_SOURCE
docs/audits/convergence/evidence/native-import-runtime-provenance-focal-reds-20261006/epochs/ce932/raw/focal-supervisor.json,added,4d9808a00a5dd8b733b781b8c908f88ca9d718f9,8246,0,221,0,GENERATED_RAW_OR_CAPTURED_SOURCE
docs/audits/convergence/evidence/native-import-runtime-provenance-focal-reds-20261006/epochs/ce932/raw/focal.log,added,52f09426642654c8af9b5a47f35c959cf751dcf7,7378,0,106,0,GENERATED_RAW_OR_CAPTURED_SOURCE
docs/audits/convergence/evidence/native-import-runtime-provenance-focal-reds-20261006/epochs/ce932/raw/native-import-provenance-focal-receipt.json.gz,added,66f92abde9bbb51327385a6824bc3c2a65d21174,23868,0,-,-,GENERATED_RAW_OR_CAPTURED_SOURCE
docs/audits/convergence/evidence/native-import-runtime-provenance-focal-reds-20261006/epochs/ce932/raw/native-import-provenance-focal.junit.xml,added,6cf3cfd09ff8e8bfe2df09bc478c97cce5bb2cd1,14413,0,95,0,GENERATED_RAW_OR_CAPTURED_SOURCE
docs/audits/convergence/evidence/native-import-runtime-provenance-focal-reds-20261006/epochs/ce932/raw/source.index.json.gz,added,549dba413e76bc322a13fa0cdce3967ea5d44578,215908,0,-,-,GENERATED_RAW_OR_CAPTURED_SOURCE
docs/audits/convergence/evidence/native-import-runtime-provenance-focal-reds-20261006/epochs/ce932/source/docs/audits/convergence/NATIVE_BIG_RUNTIME_PROVENANCE_SOURCE_PLAN.json,added,55f2b529cef07a6e3fd674447c8e51e23c630fd5,13197,0,139,0,INDEX_MANIFEST_CANDIDATE
docs/audits/convergence/evidence/native-import-runtime-provenance-focal-reds-20261006/epochs/ce932/source/scripts/rc6_native_import_provenance.py.source,added,594b699583c73d32adc97a41f3d61926fe779447,55257,0,944,0,GENERATED_RAW_OR_CAPTURED_SOURCE
docs/audits/convergence/evidence/native-import-runtime-provenance-focal-reds-20261006/epochs/ce932/source/tests/test_rc6_native_big_import_provenance.py.source,added,096b52b27c761c2f1546d41e1dd1e5f4d1ecba66,42213,0,764,0,GENERATED_RAW_OR_CAPTURED_SOURCE
docs/audits/convergence/evidence/native-import-runtime-provenance-focal-reds-20261006/source-only-candidates/alias-selector-proposal.md,added,f86378bb2b4f5a6ca2d69953846dcb489503d401,12018,0,189,0,GOVERNANCE
docs/audits/convergence/evidence/native-integrated-source512-b26f4d93.json,added,6f297618550e36d282e8f47b3691736405050769,1854,0,45,0,INDEX_MANIFEST_CANDIDATE
docs/audits/convergence/evidence/native-integrated-source512-b26f4d93.log,added,d3e3e1b7046b2f530831186711edccb3d3526290,320,0,4,0,GENERATED_RAW_OR_CAPTURED_SOURCE
docs/audits/convergence/evidence/native-integrated-source512-b26f4d93.xml,added,c77b03aefed41dd1e138eebf753daf202213f463,39598,0,1,0,GENERATED_RAW_OR_CAPTURED_SOURCE
docs/audits/convergence/evidence/native-integrated-source512-runner-b26f4d93.py,added,59de13524d0de30f8e03ee3f54468d592c2daa4b,4277,0,70,0,GOVERNANCE
docs/audits/convergence/evidence/native-maximum-member-d9e7fb7d-157/DOSSIER.json,added,432996237c83a2fe70ff9c0cb91ecff69fc121a9,34472,0,896,0,INDEX_MANIFEST_CANDIDATE
docs/audits/convergence/evidence/native-maximum-member-d9e7fb7d-157/MANIFEST.json,added,71dae625eb078b4c7665b77318a7c35ec2fbca2b,2284,0,67,0,INDEX_MANIFEST_CANDIDATE
docs/audits/convergence/evidence/native-maximum-member-d9e7fb7d-157/README.md,added,a6a34f7d5e5c27c366aec237a7581057fd1021b9,2947,0,11,0,GOVERNANCE
docs/audits/convergence/evidence/native-maximum-member-d9e7fb7d-157/child-resource.json,added,cb377ee091f1143b4429f4709f8d287271e5fb1e,805,0,21,0,INDEX_MANIFEST_CANDIDATE
docs/audits/convergence/evidence/native-maximum-member-d9e7fb7d-157/native-probe.py,added,234ac3128463633fcb017b5f4f7d83662b6ecb48,35258,0,586,0,GOVERNANCE
docs/audits/convergence/evidence/native-maximum-member-d9e7fb7d-157/native-receipt.json,added,8caf274066eb5708208967c6128b8f8375ef75bd,428253,0,12111,0,INDEX_MANIFEST_CANDIDATE
docs/audits/convergence/evidence/native-maximum-member-d9e7fb7d-157/native.log,added,814a7661746662e15aa58534010ccae52742d7d7,1374,0,10,0,GENERATED_RAW_OR_CAPTURED_SOURCE
docs/audits/convergence/evidence/native-maximum-member-d9e7fb7d-157/prelaunch-error.json,added,ce63214f86fb216706f1c88303b561d78fa16edc,859,0,15,0,INDEX_MANIFEST_CANDIDATE
docs/audits/convergence/evidence/native-maximum-member-d9e7fb7d-157/prelaunch-native.log,added,e69de29bb2d1d6434b8b29ae775ad8c2e48c5391,0,0,0,0,GENERATED_RAW_OR_CAPTURED_SOURCE
docs/audits/convergence/evidence/native-maximum-member-d9e7fb7d-157/prelaunch-runner.py,added,68eaf2e64546aac5284b0fce1099516c1632e42f,2659,0,42,0,GOVERNANCE
docs/audits/convergence/evidence/native-maximum-member-d9e7fb7d-157/prelaunch-source-plan.json,added,3ff5c95ebeedc2d5d50bd92cd4ff8bf1d6c28543,10478,0,244,0,INDEX_MANIFEST_CANDIDATE
docs/audits/convergence/evidence/native-maximum-member-d9e7fb7d-157/prelaunch-wrapper-before.json,added,3717a668539c2ca9c8a87b513da5066b90905e5a,1489,0,38,0,INDEX_MANIFEST_CANDIDATE
docs/audits/convergence/evidence/native-maximum-member-d9e7fb7d-157/receipt-custody.json,added,234b57a85a0f7776f74d88d252c3612474d8ef15,7970,0,159,0,INDEX_MANIFEST_CANDIDATE
docs/audits/convergence/evidence/native-maximum-member-d9e7fb7d-157/source-plan.json,added,95bc2a43cf017e9b9b4ea9b8d74e7be30f4a0232,11538,0,264,0,INDEX_MANIFEST_CANDIDATE
docs/audits/convergence/evidence/native-maximum-member-d9e7fb7d-157/wait4-runner.py,added,77ab6ee21d9945cbc8e14ebe77407485413307d7,6349,0,115,0,GOVERNANCE
docs/audits/convergence/evidence/native-maximum-member-d9e7fb7d-157/wrapper-before.json,added,1fdca20c36f8b1fd943ff43e85c8d22a77c822a4,1984,0,45,0,INDEX_MANIFEST_CANDIDATE
docs/audits/convergence/evidence/native-maximum-member-d9e7fb7d-157/wrapper-final.json,added,7d07b49614c0c09be3150c185c78ef7c341b88c2,2428,0,53,0,INDEX_MANIFEST_CANDIDATE
docs/audits/convergence/evidence/native-normal4-d9333065-157/CUSTODY.json,added,b78e146d1dc0395306ef5d3697fa11e7aa410bde,13051,0,351,0,INDEX_MANIFEST_CANDIDATE
docs/audits/convergence/evidence/native-normal4-d9333065-157/entry-preflight.json,added,62e8f8fedf7be7d2ceb389088e73364442768b37,11412,0,656,0,INDEX_MANIFEST_CANDIDATE
docs/audits/convergence/evidence/native-normal4-d9333065-157/export-whole-source.py.source,added,501675c06f0ca5f2ee1b39ccb636fb18d8a2c678,4874,0,96,0,GENERATED_RAW_OR_CAPTURED_SOURCE
docs/audits/convergence/evidence/native-normal4-d9333065-157/native-normal4-result.json,added,3417c3cc8eb6e24bba9ace3d6475d5b08a315a75,257233,0,6999,0,INDEX_MANIFEST_CANDIDATE
docs/audits/convergence/evidence/native-normal4-d9333065-157/normal4.log.gz,added,df62baec8407fa6b52fca18cb463803733c7a2e1,375,0,-,-,BINARY
docs/audits/convergence/evidence/native-normal4-d9333065-157/run-wrapper.py.source,added,1f4581ab83675e05fca563887e9d0ec00e634765,9072,0,149,0,GENERATED_RAW_OR_CAPTURED_SOURCE
docs/audits/convergence/evidence/native-normal4-d9333065-157/source.index.json.gz,added,63a9d11a50c40d2f7324422b24089298dededa0c,180072,0,-,-,BINARY
docs/audits/convergence/evidence/native-normal4-d9333065-157/wrapper-before.json,added,8533053b3d487c808d9b12175c2e1997a7714404,1895,0,49,0,INDEX_MANIFEST_CANDIDATE
docs/audits/convergence/evidence/native-normal4-d9333065-157/wrapper-final.json,added,b2b59f7fcd30cdc95568baf5506aa2605cea2486,2379,0,59,0,INDEX_MANIFEST_CANDIDATE
docs/audits/convergence/evidence/native-normal4-d9333065-157/wrapper-started.json,added,9c9477612571d2815475685584fb5f2ceb36ef7d,1919,0,50,0,INDEX_MANIFEST_CANDIDATE
docs/audits/convergence/evidence/native-normal4-eb17b878-157/CUSTODY.json,added,5639e321e35d350dc2400e5394fe66519cdab649,11261,0,282,0,INDEX_MANIFEST_CANDIDATE
docs/audits/convergence/evidence/native-normal4-eb17b878-157/entry-preflight.json,added,bcf90694cde853a8b4642ccd8b9b3656ef2308f2,11412,0,656,0,INDEX_MANIFEST_CANDIDATE
docs/audits/convergence/evidence/native-normal4-eb17b878-157/export-whole-source.py,added,501675c06f0ca5f2ee1b39ccb636fb18d8a2c678,4874,0,96,0,GOVERNANCE
docs/audits/convergence/evidence/native-normal4-eb17b878-157/native-normal4-result.json,added,b2d4db26adb4550cf4622710c9ee2f754c1da0fa,15007,0,398,0,INDEX_MANIFEST_CANDIDATE
docs/audits/convergence/evidence/native-normal4-eb17b878-157/normal4.log.gz,added,06cc06d93c23626dc19b0dd3d38da97cd84d1c1f,377,0,-,-,BINARY
docs/audits/convergence/evidence/native-normal4-eb17b878-157/run-wrapper.py,added,de83e4c772da1f29cf23b767ec59c055c411ed3f,8965,0,149,0,GOVERNANCE
docs/audits/convergence/evidence/native-normal4-eb17b878-157/source.index.json.gz,added,a8982680fbccfd340cbda0119e688339bd559dd1,172268,0,-,-,BINARY
docs/audits/convergence/evidence/native-normal4-eb17b878-157/wrapper-before.json,added,64bf3d03dc64bedb7d094319e8217fc238e1b40a,1776,0,47,0,INDEX_MANIFEST_CANDIDATE
docs/audits/convergence/evidence/native-normal4-eb17b878-157/wrapper-final.json,added,41e0d6242b4ebeff81f9ead1caab487f82fa1492,2260,0,57,0,INDEX_MANIFEST_CANDIDATE
docs/audits/convergence/evidence/native-normal4-eb17b878-157/wrapper-started.json,added,1fbb7bc3cf4864dbee5c0c6174c8e9c10c9eb312,1800,0,48,0,INDEX_MANIFEST_CANDIDATE
docs/audits/convergence/evidence/native-normal4-original-107a.json,added,7d233d59538f1ea35f2f3d9a1855df9f571b8c71,11226,0,277,0,INDEX_MANIFEST_CANDIDATE
docs/audits/convergence/evidence/native-signedzero-codec-f383e814-157/entry-preflight.json,added,014721c915b094e482d6485c29dd93466272034f,11785,0,663,0,INDEX_MANIFEST_CANDIDATE
docs/audits/convergence/evidence/native-signedzero-codec-f383e814-157/native-receipt.json,added,090e37e7b46067eb34b48e8911a08e185164b901,233253,0,4245,0,INDEX_MANIFEST_CANDIDATE
docs/audits/convergence/evidence/native-signedzero-codec-f383e814-157/receipt-custody.json,added,2286f18e1d97433f47f2b2b1d533cb8c01333b34,1636,0,37,0,INDEX_MANIFEST_CANDIDATE
docs/audits/convergence/evidence/native-signedzero-codec-f383e814-157/runner.py,added,0ffb36ac79cce0f777f7887d64cf134c9663fe75,16918,0,321,0,GOVERNANCE
docs/audits/convergence/evidence/native-signedzero-codec-f383e814-157/source.index.json,added,3f90a75032306a86006de5ed20277c869c547df2,533706,0,9545,0,INDEX_MANIFEST_CANDIDATE
docs/audits/convergence/evidence/native-source-blocks-3bad4a1d-157/controlled-runner.py.source,added,c6e2e5b77c65c1475b8a8a4552b4896bf71013c2,6278,0,98,0,GENERATED_RAW_OR_CAPTURED_SOURCE
docs/audits/convergence/evidence/native-source-blocks-3bad4a1d-157/native-source-blocks-guards-receipt.json,added,3a052bc4134e330af8d4c876f5169eb69bca7042,111299,0,3301,0,INDEX_MANIFEST_CANDIDATE
docs/audits/convergence/evidence/native-source-blocks-3bad4a1d-157/native-source-blocks-guards.junit.xml,added,0945d801a8e0001c5c986092c1f4a31fa4755bc6,885,0,1,0,GENERATED_RAW_OR_CAPTURED_SOURCE
docs/audits/convergence/evidence/native-source-blocks-3bad4a1d-157/source.index.json,added,14ab4a4ad5eeddecf4e1389e417f67259af65392,589565,0,5732,0,INDEX_MANIFEST_CANDIDATE
docs/audits/convergence/evidence/native-source-capture-original-f8895434-157/entry-preflight.json,added,92ef9b1e3f84c94cf704e3f6825ec6e2ca4d7af1,11412,0,656,0,INDEX_MANIFEST_CANDIDATE
docs/audits/convergence/evidence/native-source-capture-original-f8895434-157/original-guard-receipt.json,added,7bb9dcc94f60f26a1227f1bd2052e6883d87fd34,3717,0,83,0,INDEX_MANIFEST_CANDIDATE
docs/audits/convergence/evidence/native-source-capture-original-f8895434-157/original-native-guards.xml,added,d0ee7a0129523d490c2c33dd92c73d3a561054b8,24907,0,317,0,GENERATED_RAW_OR_CAPTURED_SOURCE
docs/audits/convergence/evidence/native-source-capture-original-f8895434-157/original.log,added,62ee43e53236a158621610190bdd097cfae3b000,24135,0,349,0,GENERATED_RAW_OR_CAPTURED_SOURCE
docs/audits/convergence/evidence/native-source-capture-original-f8895434-157/receipt-custody.json,added,df20a923332427dffcf93881cf47c49663e8e8df,3328,0,60,0,INDEX_MANIFEST_CANDIDATE
docs/audits/convergence/evidence/native-source-capture-original-f8895434-157/run_original_guards.py,added,90f48b9660d9ea0c5331511b8ea1ed84375be152,4214,0,72,0,GOVERNANCE
docs/audits/convergence/evidence/native-source-capture-original-f8895434-157/test_rc6_source_capture_deadlines.py.source,added,32c272090a2500d5bf35a4a7d5a5f919dfe421ad,10693,0,238,0,GENERATED_RAW_OR_CAPTURED_SOURCE
docs/audits/convergence/evidence/native-source-capture-original-f8895434-157/wrapper-before.json,added,92847811339bb3eb25c2af32f850c6e5ca3158b3,1455,0,36,0,INDEX_MANIFEST_CANDIDATE
docs/audits/convergence/evidence/native-source-sqlite-metadata-original-107a.json,added,16543e18c3ecea2d76372517743fbfc5fef92eb4,6878,0,227,0,INDEX_MANIFEST_CANDIDATE
docs/audits/convergence/evidence/native-source-sqlite-metadata-original-probe.py,added,448db834911cbe2c2a30f6b021cc6b0d9ea1ca53,2662,0,40,0,GOVERNANCE
docs/audits/convergence/evidence/observer-history-diagnostic-green.xml,added,5666768605844f71c38e749464897315c46e8308,1309,0,1,0,GENERATED_RAW_OR_CAPTURED_SOURCE
docs/audits/convergence/evidence/observer-history-diagnostic-red.xml,added,e446a74eaa11c6feb2e7e03ebdb83c22bcfdd613,13932,0,120,0,GENERATED_RAW_OR_CAPTURED_SOURCE
docs/audits/convergence/evidence/observer-history-diagnostic.json,added,dbb4b46d52a33014777be2fddf01496d04656450,3119,0,55,0,INDEX_MANIFEST_CANDIDATE
docs/audits/convergence/evidence/original-budget-c27/INVALIDATED_BUDGET_REPLAY_HARNESS.json,added,a78c8171dc51f081bef3f38ee9c04e2618320209,6297,0,80,0,INDEX_MANIFEST_CANDIDATE
docs/audits/convergence/evidence/original-budget-c27/ORIGINAL_RA_A_F01_F02.md,added,5a92ea8af19a92e63df575121c6b6d55cfbbb8bf,27241,0,311,0,GOVERNANCE
docs/audits/convergence/evidence/original-budget-c27/ORIGINAL_RA_C_FINANCE_FUTURES_HISTORY.md,added,5fe11710184c136de126707bccefcb2567758f88,19771,0,365,0,GOVERNANCE
docs/audits/convergence/evidence/original-budget-c27/ORIGINAL_RA_D_E_RISK_DATA.md,added,67c02333a247802ec907896bca359c9e879ceb06,21259,0,313,0,GOVERNANCE
docs/audits/convergence/evidence/original-budget-c27/native-c27-replay-receipt.json,added,dbf44628325776868c6ddba7515df6079899236e,732938,0,19770,0,INDEX_MANIFEST_CANDIDATE
docs/audits/convergence/evidence/original-budget-c27/u01-original-driver.py.source,added,f3fd236859a7395a3683ff8ee0185dfbc417276c,15352,0,393,0,GENERATED_RAW_OR_CAPTURED_SOURCE
docs/audits/convergence/evidence/original-budget-c27/u07-original-driver.py.source,added,8a75a4ebf94a5040a8fb521cf34cf196c57db86f,16232,0,329,0,GENERATED_RAW_OR_CAPTURED_SOURCE
docs/audits/convergence/evidence/original-closure-rebinding-green.xml,added,f1d672d561cd9806603cc99083674642bdab90c2,9439,0,1,0,GENERATED_RAW_OR_CAPTURED_SOURCE
docs/audits/convergence/evidence/original-closure-rebinding-red.xml,added,2c773775441f84c128957f13afd6820f8221bad6,9417,0,93,0,GENERATED_RAW_OR_CAPTURED_SOURCE
docs/audits/convergence/evidence/original-closure-rebinding.json,added,4928b2c146d5e464b17079d5a517acdb0faefeab,3058,0,63,0,INDEX_MANIFEST_CANDIDATE
docs/audits/convergence/evidence/original-git-object-recovery.json,added,fd4927ad0751e7a88052141ed9dc839097cfb05b,375,0,10,0,INDEX_MANIFEST_CANDIDATE
docs/audits/convergence/evidence/porota-sre-governed-exclusion-authority-native.xml,added,7b6a097c9f9bd887191f61c532471265d5936e9b,18729,0,1,0,GENERATED_RAW_OR_CAPTURED_SOURCE
docs/audits/convergence/evidence/porota-sre-governed-exclusion-canonical-eight.xml,added,18c8d65c82cb1508fa2d5f52915d981b828599d8,1647,0,1,0,GENERATED_RAW_OR_CAPTURED_SOURCE
docs/audits/convergence/evidence/porota-sre-v3-smoke-complete-native.xml,added,af81ad36ac26c99461a7a457cfaecc1bc4e08806,24224,0,1,0,GENERATED_RAW_OR_CAPTURED_SOURCE
docs/audits/convergence/evidence/porota-sre-v3-smoke-corrected-native.xml,added,263fab01943e84d3e61c8aae7fc4178c0abc33b3,4560,0,16,0,GENERATED_RAW_OR_CAPTURED_SOURCE
docs/audits/convergence/evidence/porota-sre-v3-smoke-final-binding-native.xml,added,4679e77f0d9bd6f84684723bcf89bb2bd5d6b28f,28776,0,70,0,GENERATED_RAW_OR_CAPTURED_SOURCE
docs/audits/convergence/evidence/porota-sre-v3-smoke-first-native.xml,added,03727028fab04be40daf45c63b2e7741108f4360,21953,0,16,0,GENERATED_RAW_OR_CAPTURED_SOURCE
docs/audits/convergence/evidence/porota-sre-v3-smoke-live512-native.xml,added,8d4b6826adc84d84d69fa87990de585833a9a1e5,34731,0,1,0,GENERATED_RAW_OR_CAPTURED_SOURCE
docs/audits/convergence/evidence/predeploy-cleanup-controlled-54048ed3-157/CUSTODY.json,added,bb40e7f753985803239dddcdc32c3ab70e2e7278,25228,0,641,0,INDEX_MANIFEST_CANDIDATE
docs/audits/convergence/evidence/predeploy-cleanup-controlled-54048ed3-157/README.md,added,44ab288dd88ff7cdb224fe9d7b4ee71b19ed56e9,2811,0,44,0,GOVERNANCE
docs/audits/convergence/evidence/predeploy-cleanup-controlled-54048ed3-157/child.prefixture157.json,added,023391cb8a800e6411c0197444c702b6745e19fa,1806,0,47,0,INDEX_MANIFEST_CANDIDATE
docs/audits/convergence/evidence/predeploy-cleanup-controlled-54048ed3-157/child.source-after.index.json.gz,added,0c1694bc1ad8bdf10629a83b31520f790c980c27,247726,0,-,-,BINARY
docs/audits/convergence/evidence/predeploy-cleanup-controlled-54048ed3-157/child.source-before.index.json.gz,added,e529c9deee2f044aaa64730e19d9dd8ffbbaecc9,247721,0,-,-,BINARY
docs/audits/convergence/evidence/predeploy-cleanup-controlled-54048ed3-157/collection-before-fixtures.json,added,33abd7e9f1c22ef5fa4ed58895a7c785f85a1c60,26986,0,437,0,INDEX_MANIFEST_CANDIDATE
docs/audits/convergence/evidence/predeploy-cleanup-controlled-54048ed3-157/focal.log,added,d6bee2ac9a74612f38188d53010ab7bcc3b5ef91,328,0,3,0,GENERATED_RAW_OR_CAPTURED_SOURCE
docs/audits/convergence/evidence/predeploy-cleanup-controlled-54048ed3-157/focal.receipt.json,added,fb0674918de337b9526cebfb231d4529c00a2ad5,103014,0,2368,0,INDEX_MANIFEST_CANDIDATE
docs/audits/convergence/evidence/predeploy-cleanup-controlled-54048ed3-157/focal.xml,added,b29194cbfee505cb6205fd34633d9ab5778de343,19979,0,1,0,GENERATED_RAW_OR_CAPTURED_SOURCE
docs/audits/convergence/evidence/predeploy-cleanup-controlled-54048ed3-157/kernel.resources.json,added,e72ceb001299637da24c546f6b9554ff45b43ad8,1355,0,39,0,INDEX_MANIFEST_CANDIDATE
docs/audits/convergence/evidence/predeploy-cleanup-controlled-54048ed3-157/launch.json,added,806d04b0e33eff5e64364a38ef755d557a43f99d,1816,0,52,0,INDEX_MANIFEST_CANDIDATE
docs/audits/convergence/evidence/predeploy-cleanup-controlled-54048ed3-157/parent.prefixture157.json,added,023391cb8a800e6411c0197444c702b6745e19fa,1806,0,47,0,INDEX_MANIFEST_CANDIDATE
docs/audits/convergence/evidence/predeploy-cleanup-controlled-54048ed3-157/parent.source-after.index.json.gz,added,0c1694bc1ad8bdf10629a83b31520f790c980c27,247726,0,-,-,BINARY
docs/audits/convergence/evidence/predeploy-cleanup-controlled-54048ed3-157/parent.source-before.index.json.gz,added,9a0e7bb5ce5c0232351bf9ec624bb1839c2927d1,247726,0,-,-,BINARY
docs/audits/convergence/evidence/predeploy-cleanup-controlled-54048ed3-157/runner.py.source,added,dec1614d90d2f016b1b454bcb88e1c39e48e5a03,17203,0,284,0,GENERATED_RAW_OR_CAPTURED_SOURCE
docs/audits/convergence/evidence/predeploy-cleanup-controlled-54048ed3-157/source-ops__policy__rc6-supply-chain-v1.json.source,added,a6d4abd5c46358b6b2707e4b209f14e0babb38fb,103636,0,2720,0,GENERATED_RAW_OR_CAPTURED_SOURCE
docs/audits/convergence/evidence/predeploy-cleanup-controlled-54048ed3-157/source-ops__policy__test-policy.yaml.source,added,c1488edf5fa369b82811b930c0f581be92013636,1556,0,40,0,GENERATED_RAW_OR_CAPTURED_SOURCE
docs/audits/convergence/evidence/predeploy-cleanup-controlled-54048ed3-157/source-requirements.build.lock.txt.source,added,b1f9e3600ee15a407c769f8c52cdd4da954648a8,458,0,8,0,GENERATED_RAW_OR_CAPTURED_SOURCE
docs/audits/convergence/evidence/predeploy-cleanup-controlled-54048ed3-157/source-requirements.lock.txt.source,added,c37fb993c92835266eefe5344020e3296a1c064f,20883,0,365,0,GENERATED_RAW_OR_CAPTURED_SOURCE
docs/audits/convergence/evidence/predeploy-cleanup-controlled-54048ed3-157/source_support.py.source,added,7d1c5ce69f8b340092f44842dcac465788969324,31518,0,504,0,GENERATED_RAW_OR_CAPTURED_SOURCE
docs/audits/convergence/evidence/rc6-budget-postcommit.xml,added,89903511b656d83761a2932b21f6aa8af4113116,2245,0,1,0,GENERATED_RAW_OR_CAPTURED_SOURCE
docs/audits/convergence/evidence/rc6-budget-retention-aging.xml,added,147b6462044733af56cca1e0f83411c887aab9d4,9071,0,1,0,GENERATED_RAW_OR_CAPTURED_SOURCE
docs/audits/convergence/evidence/rc6-budget-retention-guards.xml,added,e3d8f1538a0dfbbbc9229b5e8c1ef63f8c833517,2622,0,1,0,GENERATED_RAW_OR_CAPTURED_SOURCE
docs/audits/convergence/evidence/rc6-budget-retention-interop.xml,added,79d5c73abeebe9b8c3799ddde7c3f0ab46a5dfdf,15338,0,1,0,GENERATED_RAW_OR_CAPTURED_SOURCE
docs/audits/convergence/evidence/rc6-budget-retention-native.xml,added,8686ddee177cb0a1a8957a403d4a0ff6c50cbee2,33977,0,1,0,GENERATED_RAW_OR_CAPTURED_SOURCE
docs/audits/convergence/evidence/rc6-budget-retention-orphan.xml,added,ad0859bb76e32b18f24f9af6eea2fa9e3dca27c9,2777,0,1,0,GENERATED_RAW_OR_CAPTURED_SOURCE
docs/audits/convergence/evidence/rc6-budget-retention-protected.xml,added,600321f95c1021732a3b4af0f8dd19778edcdf38,414,0,1,0,GENERATED_RAW_OR_CAPTURED_SOURCE
docs/audits/convergence/evidence/rc6-budget-retention-red-probe.json,added,ad735dbe776a6cb26cc1dafad12dddae21fa2922,1366,0,34,0,INDEX_MANIFEST_CANDIDATE
docs/audits/convergence/evidence/rc6-budget-revalidation-red.xml,added,fb089531fe148e6ef8ed1e57f435a23ee8a1cb10,49743,0,178,0,GENERATED_RAW_OR_CAPTURED_SOURCE
docs/audits/convergence/evidence/rc6-budget-source-final.xml,added,a34b753fdb8009a7209c4bcbae6d7dbd71481c33,52461,0,1,0,GENERATED_RAW_OR_CAPTURED_SOURCE
docs/audits/convergence/evidence/register-helper-identity-reference-v2-documentary-controls-20261006/CUSTODY.json,added,2d3e9395e5dc3a4a9b5bcaaed0adc9385deb4bc9,19871,0,504,0,INDEX_MANIFEST_CANDIDATE
docs/audits/convergence/evidence/register-helper-identity-reference-v2-documentary-controls-20261006/PRESERVATION_INPUTS.json,added,b84a5dbb0a52ce75f2c7b08f14109a8458c30245,8273,0,122,0,INDEX_MANIFEST_CANDIDATE
docs/audits/convergence/evidence/register-helper-identity-reference-v2-documentary-controls-20261006/notes/README_SOURCE.md,added,937da3ddec874fca94fed4fac7467eb4918758b8,3051,0,11,0,GOVERNANCE
docs/audits/convergence/evidence/register-helper-identity-reference-v2-documentary-controls-20261006/notes/independent-source-closure-notes.json,added,98884cde6cf168db615ae4cd98d38b7da2a4a005,2847,0,25,0,INDEX_MANIFEST_CANDIDATE
docs/audits/convergence/evidence/register-helper-identity-reference-v2-documentary-controls-20261006/notes/limited-execution-scope-preservation-plan.json,added,1ff5645839a96c42c9efda761269941f5af68f3b,3361,0,54,0,INDEX_MANIFEST_CANDIDATE
docs/audits/convergence/evidence/register-helper-identity-reference-v2-documentary-controls-20261006/raw/actual29-original.stderr,added,e69de29bb2d1d6434b8b29ae775ad8c2e48c5391,0,0,0,0,GENERATED_RAW_OR_CAPTURED_SOURCE
docs/audits/convergence/evidence/register-helper-identity-reference-v2-documentary-controls-20261006/raw/actual29-original.stdout.json,added,7b005119cfb76c3ba6e07c269d8460ed06cf9489,180535,0,1,0,GENERATED_RAW_OR_CAPTURED_SOURCE
docs/audits/convergence/evidence/register-helper-identity-reference-v2-documentary-controls-20261006/raw/controlled33-original.stderr,added,e69de29bb2d1d6434b8b29ae775ad8c2e48c5391,0,0,0,0,GENERATED_RAW_OR_CAPTURED_SOURCE
docs/audits/convergence/evidence/register-helper-identity-reference-v2-documentary-controls-20261006/raw/controlled33-original.stdout.json,added,1b3680e133688a4d5975b9961ece5ea84b7bc1ab,10452,0,1,0,GENERATED_RAW_OR_CAPTURED_SOURCE
docs/audits/convergence/evidence/register-helper-identity-reference-v2-documentary-controls-20261006/raw/dispatch-original-source-only.json,added,b6d0d854fe1e4f6f59f5a9e5a72418c6415f9944,914,0,15,0,GENERATED_RAW_OR_CAPTURED_SOURCE
docs/audits/convergence/evidence/register-helper-identity-reference-v2-documentary-controls-20261006/sources/actual29-capsule-driver.py.source,added,e231a174f29386c100823c45bd883e79299d9c09,7963,0,136,0,GENERATED_RAW_OR_CAPTURED_SOURCE
docs/audits/convergence/evidence/register-helper-identity-reference-v2-documentary-controls-20261006/sources/controlled33-driver.py.source,added,a96c4fbb938004feb93d2291b505338de8901adb,17058,0,293,0,GENERATED_RAW_OR_CAPTURED_SOURCE
docs/audits/convergence/evidence/register-helper-identity-reference-v2-documentary-controls-20261006/sources/register-helper-identity-reference-v2.py.source,added,b2b002cc0d15da72b0dc5e942bcfb1080ae29f03,157737,0,2410,0,GENERATED_RAW_OR_CAPTURED_SOURCE
docs/audits/convergence/evidence/register-helper-identity-reference-v2-documentary-controls-20261006/sources/supplement-helper-identity-reference-v2.py.source,added,0a00e4eee0252cb60f913b85f97b51396c1070e6,93955,0,1464,0,GENERATED_RAW_OR_CAPTURED_SOURCE
docs/audits/convergence/evidence/register-helper-opaque-v2-documentary-controls-20261006/CUSTODY.json,added,bed2020498e671efa80ea19fbd59a37ed205ee10,19190,0,501,0,INDEX_MANIFEST_CANDIDATE
docs/audits/convergence/evidence/register-helper-opaque-v2-documentary-controls-20261006/PRESERVATION_INPUTS.json,added,2bcb5b963742208f3ba5c5e1db82e4832ed51807,7941,0,122,0,INDEX_MANIFEST_CANDIDATE
docs/audits/convergence/evidence/register-helper-opaque-v2-documentary-controls-20261006/notes/README_SOURCE.md,added,6d17875724cd096647b6235673306ad49be33961,3491,0,11,0,GOVERNANCE
docs/audits/convergence/evidence/register-helper-opaque-v2-documentary-controls-20261006/notes/independent-source-closure-notes.json,added,518a0081f31d78af8a739a651ae2a7aff46f5d83,3211,0,26,0,INDEX_MANIFEST_CANDIDATE
docs/audits/convergence/evidence/register-helper-opaque-v2-documentary-controls-20261006/notes/limited-execution-scope-preservation-plan.json,added,bacf59e46ee5ec79905c83f1007279bde014e1c5,3661,0,55,0,INDEX_MANIFEST_CANDIDATE
docs/audits/convergence/evidence/register-helper-opaque-v2-documentary-controls-20261006/raw/actual91-original.stderr,added,e69de29bb2d1d6434b8b29ae775ad8c2e48c5391,0,0,0,0,GENERATED_RAW_OR_CAPTURED_SOURCE
docs/audits/convergence/evidence/register-helper-opaque-v2-documentary-controls-20261006/raw/actual91-original.stdout.json,added,c187201dbc1ec54a40f931bc95f4900958f8c34d,54046,0,1,0,GENERATED_RAW_OR_CAPTURED_SOURCE
docs/audits/convergence/evidence/register-helper-opaque-v2-documentary-controls-20261006/raw/controlled70-original.stderr,added,e69de29bb2d1d6434b8b29ae775ad8c2e48c5391,0,0,0,0,GENERATED_RAW_OR_CAPTURED_SOURCE
docs/audits/convergence/evidence/register-helper-opaque-v2-documentary-controls-20261006/raw/controlled70-original.stdout.json,added,eedf1b99023d9bce8e59c2e3dde39d49491f7b1f,17554,0,1,0,GENERATED_RAW_OR_CAPTURED_SOURCE
docs/audits/convergence/evidence/register-helper-opaque-v2-documentary-controls-20261006/raw/dispatch-original-source-only.json,added,7f3c0e7a3ac018e8902d442a1a165c65b53da28a,859,0,12,0,GENERATED_RAW_OR_CAPTURED_SOURCE
docs/audits/convergence/evidence/register-helper-opaque-v2-documentary-controls-20261006/sources/actual91-capsule-driver.py.source,added,d4aa8897198df76a39425a11452ac5b2ff602ff7,7964,0,141,0,GENERATED_RAW_OR_CAPTURED_SOURCE
docs/audits/convergence/evidence/register-helper-opaque-v2-documentary-controls-20261006/sources/controlled70-driver.py.source,added,92ff14a0a0a4c767c12f1a57ff36311b2d33c017,21340,0,361,0,GENERATED_RAW_OR_CAPTURED_SOURCE
docs/audits/convergence/evidence/register-helper-opaque-v2-documentary-controls-20261006/sources/register-helper-opaque-v2.py.source,added,df8c6ee7936aebb28dc52de1680c68d9aac1c300,143273,0,2226,0,GENERATED_RAW_OR_CAPTURED_SOURCE
docs/audits/convergence/evidence/register-helper-opaque-v2-documentary-controls-20261006/sources/supplement-helper-opaque-v2.py.source,added,50e48d7f51843d777aa9b8f86522dc15708034ea,80559,0,1292,0,GENERATED_RAW_OR_CAPTURED_SOURCE
docs/audits/convergence/evidence/register-helper-source-only-preparation/CUSTODY.json,added,d7c7a2cccc57ecf59e7f7293836b6461f58e0e8d,3927,0,77,0,INDEX_MANIFEST_CANDIDATE
docs/audits/convergence/evidence/register-helper-source-only-preparation/SOURCE_ONLY_PACKET.json,added,63b964acbcd40563bb2ca046b18c9424f5460ea4,1980,0,53,0,INDEX_MANIFEST_CANDIDATE
docs/audits/convergence/evidence/register-helper-source-only-preparation/rc6_known_gzip_receipts_d9_source_only.json,added,c3a2c9b594c74ae01ac411e8cd08c635c76f4d77,7185,0,142,0,INDEX_MANIFEST_CANDIDATE
docs/audits/convergence/evidence/register-helper-source-only-preparation/rc6_known_gzip_receipts_source_only.py,added,9cfd6a06ca3577fd75974123604b72fe9e587d92,3310,0,59,0,GOVERNANCE
docs/audits/convergence/evidence/register-helper-source-only-preparation/rc6_register_derived_refs_source_only_controls.json,added,5ff1ee3ab6187bf933d3caf6f9967ad49efa3c2a,4007,0,144,0,INDEX_MANIFEST_CANDIDATE
docs/audits/convergence/evidence/register-helper-source-only-preparation/rc6_register_derived_refs_source_only_controls.py,added,50ba8b7dbbf0f2ee87655a1fe6ab530e944c9c12,14811,0,189,0,GOVERNANCE
docs/audits/convergence/evidence/register-helper-source-only-preparation/rc6_register_derived_refs_source_only_plan.json,added,8462fc15f586d8be669d676b25bc8fc7362ee0fe,5393,0,124,0,INDEX_MANIFEST_CANDIDATE
docs/audits/convergence/evidence/register-helper-source-only-preparation/rc6_remediation_register_generate.py,added,496a2ddf26fa39268af9693e8e71d28cd9d6ad91,80175,0,1276,0,GOVERNANCE
docs/audits/convergence/evidence/register-helper-source-only-preparation/rc6_remediation_register_generate_README.md,added,1c9d91f29ed53143661fa0f96c55db3c1d7e853c,12384,0,81,0,GOVERNANCE
docs/audits/convergence/evidence/register-helper-source-only-preparation/rc6_root_supplemental_named_findings_generate.py,added,db3e9f015db0ddcf31269afd7c3326838948e188,23227,0,427,0,GOVERNANCE
docs/audits/convergence/evidence/register-helper-v3-documentary-controls-20261005/CUSTODY.json,added,c46982dc49d11f770572b8ce7847094db610332c,16398,0,456,0,INDEX_MANIFEST_CANDIDATE
docs/audits/convergence/evidence/register-helper-v3-documentary-controls-20261005/DOCUMENTARY_CONTROLS.json,added,079251c659fda4a98b4e068fd9783aeb64d317f3,8119,0,284,0,INDEX_MANIFEST_CANDIDATE
docs/audits/convergence/evidence/register-helper-v3-documentary-controls-20261005/PRESERVATION_INPUTS.json,added,1196c0482da4251028e845b3e4b7a642530e0e50,6735,0,118,0,INDEX_MANIFEST_CANDIDATE
docs/audits/convergence/evidence/register-helper-v3-documentary-controls-20261005/README.md,added,b175354b4afe5a8a4106099e37e9b6c5f15aa145,9019,0,68,0,GOVERNANCE
docs/audits/convergence/evidence/register-helper-v3-documentary-controls-20261005/SOURCE_ONLY_PLAN.json,added,3862188554d2f908d54f2bd3cf5c03b10b035f47,17064,0,350,0,INDEX_MANIFEST_CANDIDATE
docs/audits/convergence/evidence/register-helper-v3-documentary-controls-20261005/STATIC_REVIEW.json,added,17b3c7ca61e778bf170eb5da11be3118c6790e9a,5566,0,130,0,INDEX_MANIFEST_CANDIDATE
docs/audits/convergence/evidence/register-helper-v3-documentary-controls-20261005/raw/controls.stderr,added,e69de29bb2d1d6434b8b29ae775ad8c2e48c5391,0,0,0,0,GENERATED_RAW_OR_CAPTURED_SOURCE
docs/audits/convergence/evidence/register-helper-v3-documentary-controls-20261005/raw/controls.stdout,added,047fbd59f6bbf14f6001f999a475c8d554132dc1,320,0,1,0,GENERATED_RAW_OR_CAPTURED_SOURCE
docs/audits/convergence/evidence/register-helper-v3-documentary-controls-20261005/raw/source-after.sha256,added,5abb4b0e0f34e58e7246e1c6dcdcf534176a2714,341,0,3,0,GENERATED_RAW_OR_CAPTURED_SOURCE
docs/audits/convergence/evidence/register-helper-v3-documentary-controls-20261005/raw/source-before.sha256,added,5abb4b0e0f34e58e7246e1c6dcdcf534176a2714,341,0,3,0,GENERATED_RAW_OR_CAPTURED_SOURCE
docs/audits/convergence/evidence/register-helper-v3-documentary-controls-20261005/rc6_register_helpers_v3_controls.py.source,added,1a4612b651bd3ee307900426fb5a4b635ece87e9,28031,0,346,0,GENERATED_RAW_OR_CAPTURED_SOURCE
docs/audits/convergence/evidence/register-helper-v3-documentary-controls-20261005/rc6_remediation_register_generate_v3.py.source,added,59b87decfa327164566e30936c486d355a515003,97086,0,1540,0,GENERATED_RAW_OR_CAPTURED_SOURCE
docs/audits/convergence/evidence/register-helper-v3-documentary-controls-20261005/rc6_root_supplemental_named_findings_generate_v2.py.source,added,94781fa2799a7cd78af039df036ec94bcd5db887,35668,0,627,0,GENERATED_RAW_OR_CAPTURED_SOURCE
docs/audits/convergence/evidence/register-helper-v4-big3-documentary-controls-20261006/CUSTODY.json,added,f0afa7bdd9c617c31d17def33cb926c39d3ec838,17565,0,460,0,INDEX_MANIFEST_CANDIDATE
docs/audits/convergence/evidence/register-helper-v4-big3-documentary-controls-20261006/PRESERVATION_INPUTS.json,added,6e38c6c6a6080ef86ea0daf8c7a9e5ae14f2b143,7249,0,112,0,INDEX_MANIFEST_CANDIDATE
docs/audits/convergence/evidence/register-helper-v4-big3-documentary-controls-20261006/notes/README_SOURCE.md,added,11459d79cffbe0080f7a8d12f56bdd3097af752a,3215,0,13,0,GOVERNANCE
docs/audits/convergence/evidence/register-helper-v4-big3-documentary-controls-20261006/notes/independent-source-review-original-note.json,added,9aef7364e0a0dbeff1790d0b5937d6efca88dd07,2201,0,32,0,INDEX_MANIFEST_CANDIDATE
docs/audits/convergence/evidence/register-helper-v4-big3-documentary-controls-20261006/notes/limited-execution-scope-preservation-plan.json,added,d3be830253a864f2dac99b05d01311d6b5d5693f,3620,0,54,0,INDEX_MANIFEST_CANDIDATE
docs/audits/convergence/evidence/register-helper-v4-big3-documentary-controls-20261006/raw/first168-stdout-gap-note.json,added,1f3a39ea883b995409542ad7aebbb1e539dc4d1b,895,0,19,0,GENERATED_RAW_OR_CAPTURED_SOURCE
docs/audits/convergence/evidence/register-helper-v4-big3-documentary-controls-20261006/raw/legacy64-original-receipt.json,added,05bf9fd614b3c3f69b5a666d6dc32ccf6d8e5709,8438,0,289,0,GENERATED_RAW_OR_CAPTURED_SOURCE
docs/audits/convergence/evidence/register-helper-v4-big3-documentary-controls-20261006/raw/repeat168-original.stderr,added,e69de29bb2d1d6434b8b29ae775ad8c2e48c5391,0,0,0,0,GENERATED_RAW_OR_CAPTURED_SOURCE
docs/audits/convergence/evidence/register-helper-v4-big3-documentary-controls-20261006/raw/repeat168-original.stdout.json,added,06edec4b985a89f6bac9827c654b28b2b8bce20f,18999,0,1,0,GENERATED_RAW_OR_CAPTURED_SOURCE
docs/audits/convergence/evidence/register-helper-v4-big3-documentary-controls-20261006/sources/legacy64-controls-v2.py.source,added,27631f9443f2bc54c1131e2af6618995034cba8e,29369,0,373,0,GENERATED_RAW_OR_CAPTURED_SOURCE
docs/audits/convergence/evidence/register-helper-v4-big3-documentary-controls-20261006/sources/predeploy168-controls-v2.py.source,added,bf36e0d5cf35dfad203658a9f72715371b18a059,28120,0,403,0,GENERATED_RAW_OR_CAPTURED_SOURCE
docs/audits/convergence/evidence/register-helper-v4-big3-documentary-controls-20261006/sources/register-helper-v4.py.source,added,ceb138242a06b2dadddde298e018f648a2d5d94d,124732,0,1965,0,GENERATED_RAW_OR_CAPTURED_SOURCE
docs/audits/convergence/evidence/register-helper-v4-big3-documentary-controls-20261006/sources/supplement-helper-v3.py.source,added,c0e8eb38bb54f10b654e4b23a8504ff0a1736d13,63314,0,1052,0,GENERATED_RAW_OR_CAPTURED_SOURCE
docs/audits/convergence/evidence/restored-controls-provenance-green.xml,added,22c011ba184b9fb2dfa4632020d8fd7c5aabc548,10343,0,1,0,GENERATED_RAW_OR_CAPTURED_SOURCE
docs/audits/convergence/evidence/restored-controls-provenance.json,added,f5cb1ec2bb71d38c68bae7b49bf76c712b8995cf,1620,0,29,0,INDEX_MANIFEST_CANDIDATE
docs/audits/convergence/evidence/source-exporter-v2-controls-abc-20261006/CUSTODY.json,added,b65cbf10bf503473ebdeece852909e6bdbdf712a,85777,0,2220,0,INDEX_MANIFEST_CANDIDATE
docs/audits/convergence/evidence/source-exporter-v2-controls-abc-20261006/PRESERVATION_INPUTS.json,added,2e2ca98e336b924f0ee7c5357f24469e09971197,42629,0,1026,0,INDEX_MANIFEST_CANDIDATE
docs/audits/convergence/evidence/source-exporter-v2-controls-abc-20261006/dispatch/A/dispatch.source-only.json,added,dd89172b36da68e57aeb838a5c1b10d692477dd0,438,0,16,0,INDEX_MANIFEST_CANDIDATE
docs/audits/convergence/evidence/source-exporter-v2-controls-abc-20261006/dispatch/A/stderr.raw,added,e69de29bb2d1d6434b8b29ae775ad8c2e48c5391,0,0,0,0,GOVERNANCE
docs/audits/convergence/evidence/source-exporter-v2-controls-abc-20261006/dispatch/A/stdout.raw,added,b17160546b48658fc198f74cf989f16618cf543b,988,0,2,0,GOVERNANCE
docs/audits/convergence/evidence/source-exporter-v2-controls-abc-20261006/dispatch/B/dispatch.source-only.json,added,899551bd7b3f7a6c555e0cc611357fc639a48825,18070,0,15,0,INDEX_MANIFEST_CANDIDATE
docs/audits/convergence/evidence/source-exporter-v2-controls-abc-20261006/dispatch/B/kernel.wait4.json,added,09be7f527762a9ecb238f47e0b476bab36a59b20,1483,0,61,0,INDEX_MANIFEST_CANDIDATE
docs/audits/convergence/evidence/source-exporter-v2-controls-abc-20261006/dispatch/B/stderr.raw,added,e69de29bb2d1d6434b8b29ae775ad8c2e48c5391,0,0,0,0,GOVERNANCE
docs/audits/convergence/evidence/source-exporter-v2-controls-abc-20261006/dispatch/B/stdout.raw,added,4f8f35c5c0c7e43d4660c005e8e3d3c0ff66c98e,1012,0,2,0,GOVERNANCE
docs/audits/convergence/evidence/source-exporter-v2-controls-abc-20261006/dispatch/C/dispatch.source-only.json,added,7c72b579820a8d522e3ea3127926f37a2478ad4b,18070,0,15,0,INDEX_MANIFEST_CANDIDATE
docs/audits/convergence/evidence/source-exporter-v2-controls-abc-20261006/dispatch/C/kernel.wait4.json,added,df6341ed050d8395bba43b0f1bf906aa461e44ba,1743,0,69,0,INDEX_MANIFEST_CANDIDATE
docs/audits/convergence/evidence/source-exporter-v2-controls-abc-20261006/dispatch/C/stderr.raw,added,e69de29bb2d1d6434b8b29ae775ad8c2e48c5391,0,0,0,0,GOVERNANCE
docs/audits/convergence/evidence/source-exporter-v2-controls-abc-20261006/dispatch/C/stdout.raw,added,6bf5f8bea90c710f21a289f50822b09a5c270ace,1012,0,2,0,GOVERNANCE
docs/audits/convergence/evidence/source-exporter-v2-controls-abc-20261006/outer/B/dispatch.source-only.json,added,5bfaee3a7d16487324c4a4933c34127664017658,326,0,1,0,INDEX_MANIFEST_CANDIDATE
docs/audits/convergence/evidence/source-exporter-v2-controls-abc-20261006/outer/B/exit.json,added,5476b42737fe6d0868bfbe79db5fa3077bd41382,24,0,1,0,INDEX_MANIFEST_CANDIDATE
docs/audits/convergence/evidence/source-exporter-v2-controls-abc-20261006/outer/B/stderr.raw,added,e69de29bb2d1d6434b8b29ae775ad8c2e48c5391,0,0,0,0,GOVERNANCE
docs/audits/convergence/evidence/source-exporter-v2-controls-abc-20261006/outer/B/stdout.raw,added,913566a7746b8cc054b0ba9b3da145d15f9458cd,1275,0,1,0,GOVERNANCE
docs/audits/convergence/evidence/source-exporter-v2-controls-abc-20261006/outer/C/dispatch.source-only.json,added,34b8ddf42f495fc7a9a582e1eb867f6880cde6f5,326,0,1,0,INDEX_MANIFEST_CANDIDATE
docs/audits/convergence/evidence/source-exporter-v2-controls-abc-20261006/outer/C/exit.json,added,5a25bec42ff7ac8fb29d4de24385b36018687b58,24,0,1,0,INDEX_MANIFEST_CANDIDATE
docs/audits/convergence/evidence/source-exporter-v2-controls-abc-20261006/outer/C/stderr.raw,added,e69de29bb2d1d6434b8b29ae775ad8c2e48c5391,0,0,0,0,GOVERNANCE
docs/audits/convergence/evidence/source-exporter-v2-controls-abc-20261006/outer/C/stdout.raw,added,a378f2948b69142d1378b37c3c62626a7f07e2a1,1491,0,1,0,GOVERNANCE
docs/audits/convergence/evidence/source-exporter-v2-controls-abc-20261006/raw/A/controls.receipt.json,added,050139289dadefaf0b34d2f2d10e13ebc13b912a,6402,0,207,0,GENERATED_RAW_OR_CAPTURED_SOURCE
docs/audits/convergence/evidence/source-exporter-v2-controls-abc-20261006/raw/B/controls.receipt.json,added,a0336c968587745318ebae611e627e3542a1722c,6402,0,207,0,GENERATED_RAW_OR_CAPTURED_SOURCE
docs/audits/convergence/evidence/source-exporter-v2-controls-abc-20261006/raw/C/controls.receipt.json,added,ad78696363eb97597d8cb4f74a4d1b71b859d44c,6402,0,207,0,GENERATED_RAW_OR_CAPTURED_SOURCE
docs/audits/convergence/evidence/source-exporter-v2-controls-abc-20261006/source/rc6-exporter-v2-source-controls-20261006-launcher-v2.py.source,added,0fe7672efb3a4ac91af71d2f42ca8d9745c67670,5259,0,74,0,GENERATED_RAW_OR_CAPTURED_SOURCE
docs/audits/convergence/evidence/source-exporter-v2-controls-abc-20261006/source/rc6-exporter-v2-source-controls-20261006-launcher-v3.py.source,added,3b7ff0cfcb5979a90761e48d5ead0f6a94dce73f,5736,0,79,0,GENERATED_RAW_OR_CAPTURED_SOURCE
docs/audits/convergence/evidence/source-exporter-v2-controls-abc-20261006/source/rc6-exporter-v2-source-controls-20261006-launcher-v4.py.source,added,5fb9f0fcca18a55019856e40ba580882d9638263,6217,0,85,0,GENERATED_RAW_OR_CAPTURED_SOURCE
docs/audits/convergence/evidence/source-exporter-v2-controls-abc-20261006/source/rc6-exporter-v2-source-controls-20261006-launcher-v5.py.source,added,86579d881fe2305c55f95a39ba7c00db59ec14dd,6468,0,88,0,GENERATED_RAW_OR_CAPTURED_SOURCE
docs/audits/convergence/evidence/source-exporter-v2-controls-abc-20261006/source/rc6-exporter-v2-source-controls-20261006-launcher.py.source,added,e410a295b3ddf73d763e88099eac58c2601c967e,4372,0,66,0,GENERATED_RAW_OR_CAPTURED_SOURCE
docs/audits/convergence/evidence/source-exporter-v2-controls-abc-20261006/source/rc6_browser_c_source_review_directory_enumeration_incident.json,added,7be12a0b551071001d02fd96030bc5a491f608ee,1777,0,37,0,INDEX_MANIFEST_CANDIDATE
docs/audits/convergence/evidence/source-exporter-v2-controls-abc-20261006/source/rc6_export_fsync_and_governed_packet_source_plan_v1.json,added,019d9a529b978b011d7f403bad7c644e3fe4970d,5568,0,128,0,INDEX_MANIFEST_CANDIDATE
docs/audits/convergence/evidence/source-exporter-v2-controls-abc-20261006/source/rc6_export_whole_git_source.py.source,added,501675c06f0ca5f2ee1b39ccb636fb18d8a2c678,4874,0,96,0,GENERATED_RAW_OR_CAPTURED_SOURCE
docs/audits/convergence/evidence/source-exporter-v2-controls-abc-20261006/source/rc6_export_whole_git_source_v2_candidate.diff.source,added,4f89346b8340ada72e0006d64ac9d79f796bc0d6,10177,0,206,0,GENERATED_RAW_OR_CAPTURED_SOURCE
docs/audits/convergence/evidence/source-exporter-v2-controls-abc-20261006/source/rc6_export_whole_git_source_v2_candidate.py.source,added,cdbd1dc37e3b885b2012327ae88e2b44b146c10a,12388,0,252,0,GENERATED_RAW_OR_CAPTURED_SOURCE
docs/audits/convergence/evidence/source-exporter-v2-controls-abc-20261006/source/rc6_export_whole_git_source_v2_controls_candidate.py.source,added,acc7efae8014753a10d9b2485c0859ad5b7c1028,16759,0,316,0,GENERATED_RAW_OR_CAPTURED_SOURCE
docs/audits/convergence/evidence/source-exporter-v2-controls-abc-20261006/source/rc6_exporter_v2_source_controls_epoch_a_scope_note.json,added,d8013c6bf7154df7d89d371e7ee93ff347bdf511,7303,0,178,0,INDEX_MANIFEST_CANDIDATE
docs/audits/convergence/evidence/source-exporter-v2-controls-abc-20261006/source/rc6_exporter_v2_source_controls_epochs_bc_scope_note.json,added,b55cfd3d40980650490db855e7279fec02304968,8600,0,235,0,INDEX_MANIFEST_CANDIDATE
docs/audits/convergence/evidence/source-modes-evolution-green.xml,added,28acbe9d5d8b3eb5d617283f42bfb856851392cf,11031,0,1,0,GENERATED_RAW_OR_CAPTURED_SOURCE
docs/audits/convergence/evidence/source-modes-evolution-invalid-harness.xml,added,db6d5f07d51bba90e1440fe406935a8acaa069e8,1701,0,18,0,GENERATED_RAW_OR_CAPTURED_SOURCE
docs/audits/convergence/evidence/source-modes-evolution-red.xml,added,f722b840e0f3f351bbd258ac731f47806dd94a84,3263,0,35,0,GENERATED_RAW_OR_CAPTURED_SOURCE
docs/audits/convergence/evidence/source-modes-evolution.json,added,c7bc505c1d0976cbba2471d0d30eb29863525d2b,3486,0,65,0,INDEX_MANIFEST_CANDIDATE
docs/audits/convergence/evidence/source-scratch-cleanup-20261005/CUSTODY.json,added,6a4e01e43efb45730e9f1236e82af807aec85199,2595,0,73,0,INDEX_MANIFEST_CANDIDATE
docs/audits/convergence/evidence/source-scratch-cleanup-20261005/rc6-ux-exact-source-scratch-cleanup-receipt-20261005.json,added,549399109290908219304d585f5a4e576cddb598,9255,0,239,0,INDEX_MANIFEST_CANDIDATE
docs/audits/convergence/evidence/source-scratch-cleanup-20261005/rc6-ux-exact-source-scratch-removal-proposal-20261005.json,added,173d86d967c1b30af75a535eb12d73776e9ede53,18647,0,429,0,INDEX_MANIFEST_CANDIDATE
docs/audits/convergence/evidence/sre-archive-admission/namespace-focal.xml,added,72ac92e93421bb091912ea3dffce4edc0053d198,17879,0,1,0,GENERATED_RAW_OR_CAPTURED_SOURCE
docs/audits/convergence/evidence/sre-archive-admission/native-current-green.json,added,d53a861a8c7b0df056210beef69cf43dc55ffbcb,1666,0,1,0,INDEX_MANIFEST_CANDIDATE
docs/audits/convergence/evidence/sre-archive-admission/native-factory-probe.txt,added,2ca59405b5dbb57a16824af26a22b3b1466f0e85,4353,0,78,0,GOVERNANCE
docs/audits/convergence/evidence/sre-archive-admission/native-old-red.json,added,6a3a7600e2855c0e19afb5d29633acf0c849aa39,1573,0,1,0,INDEX_MANIFEST_CANDIDATE
docs/audits/convergence/evidence/sre-archive-admission/native-sparse-before-red.xml,added,95f2c8dfb1c16b35c260efab346fd340e71365d2,4018,0,43,0,GENERATED_RAW_OR_CAPTURED_SOURCE
docs/audits/convergence/evidence/sre-archive-admission/native-sparse-fallback-green.xml,added,a0e7bdf947b9ad37e4a334e1156ea23c3d6158a0,1848,0,1,0,GENERATED_RAW_OR_CAPTURED_SOURCE
docs/audits/convergence/evidence/sre-archive-admission/precommit-sparse-red-admission-source.txt,added,c86dde213822220f309616d6ab461292b6e3ca27,23899,0,462,0,GOVERNANCE
docs/audits/convergence/evidence/sre-archive-admission/precommit-sparse-red-live-source.txt,added,0b33994b1f01fc3b281f11ff8b3c54934ebc302d,7435,0,144,0,GOVERNANCE
docs/audits/convergence/evidence/sre-archive-admission/sre-final-allocated-regression.xml,added,35a173c2019e536467b24af520634af3efbc201b,52047,0,1,0,GENERATED_RAW_OR_CAPTURED_SOURCE
docs/audits/convergence/evidence/sre-archive-admission/sre-regression.xml,added,7bea3bd0aa7ecd9fbb23116deeb2894fcb145539,51119,0,1,0,GENERATED_RAW_OR_CAPTURED_SOURCE
docs/audits/convergence/evidence/sre-baseline-bounds/baseline-Dockerfile.txt,added,cf3856c641846f64d8ed535f2d019869503a016d,3513,0,66,0,GOVERNANCE
docs/audits/convergence/evidence/sre-baseline-bounds/baseline-dependency-auditor.txt,added,f421fbfa36b0b1450ba5ba1ba30719b1610abbf5,2617,0,70,0,GOVERNANCE
docs/audits/convergence/evidence/sre-baseline-bounds/baseline-disk-calculator.txt,added,32bff1d83c172eb75b30bfd0b0b3b90ada851f3c,3037,0,93,0,GOVERNANCE
docs/audits/convergence/evidence/sre-baseline-bounds/baseline-disk-checkpoint.md,added,4138ab163dc88765c5f2a3d217e52440c475f155,2694,0,67,0,GOVERNANCE
docs/audits/convergence/evidence/sre-baseline-bounds/baseline-disk-policy.json,added,e5a08db82978c876123fdbff1f43b1579fc1ec41,2499,0,82,0,INDEX_MANIFEST_CANDIDATE
docs/audits/convergence/evidence/sre-baseline-bounds/baseline-policy-yaml.txt,added,b4ffad53345d88a7f6b94cac0db837bbcea33314,3885,0,129,0,GOVERNANCE
docs/audits/convergence/evidence/sre-baseline-bounds/baseline-requirements-lock.txt,added,c2cef583c5e62b3448a9b85f65b523aeb8d15695,3233,0,158,0,GOVERNANCE
docs/audits/convergence/evidence/sre-baseline-bounds/baseline-requirements.txt,added,926ea95402cd7a5bd436ef14289cbe8e4bada05b,3017,0,71,0,GOVERNANCE
docs/audits/convergence/evidence/sre-baseline-bounds/current-native-readonly-replay.json,added,18994333c70cd6559dfa13c9565564646107c54c,12504,0,396,0,INDEX_MANIFEST_CANDIDATE
docs/audits/convergence/evidence/sre-baseline-bounds/prior-current-closure-cpython311.json,added,faba2c1d39094825ed135858deedb1c30cf5d521,1620,0,46,0,INDEX_MANIFEST_CANDIDATE
docs/audits/convergence/evidence/sre-baseline-bounds/prior-current-closure-cpython312.json,added,7fec80742262a53e06853ee9014f124d1e2ac996,1620,0,46,0,INDEX_MANIFEST_CANDIDATE
docs/audits/convergence/evidence/sre-baseline-bounds/prior-real-pip-hash-negative-input.txt,added,2484b1a6a5b2575ee3f06a70a294b66f1ad8315b,96,0,1,0,GOVERNANCE
docs/audits/convergence/evidence/sre-baseline-bounds/prior-real-pip-hash-negative.json,added,f294f4908cd6db56eaeac7f37f124a486f4974c5,247,0,9,0,INDEX_MANIFEST_CANDIDATE
docs/audits/convergence/evidence/sre-large-open-health-59481b3e.json,added,e416b1c71f7fb1fa4473cb00a701e75aa653f303,21529,0,609,0,INDEX_MANIFEST_CANDIDATE
docs/audits/convergence/evidence/sre-large-open-health-probe-59481b3e.txt,added,3f4156d46870625d50616790553af31f55d525b8,7869,0,158,0,GOVERNANCE
docs/audits/convergence/evidence/sre-u29-native-metadata-baseline-auditor.txt,added,d993a4f5b9c9f1fd1b0b34a570da494e9a65b465,10313,0,192,0,GOVERNANCE
docs/audits/convergence/evidence/sre-u29-native-metadata-duplicate-green.xml,added,475ff5996656d819e9b9da4c7f76617017b60c57,4535,0,1,0,GENERATED_RAW_OR_CAPTURED_SOURCE
docs/audits/convergence/evidence/sre-u29-native-metadata-duplicate-red.xml,added,ae1ed49f5913e3baf48c40dffce315025823dbcb,4550,0,63,0,GENERATED_RAW_OR_CAPTURED_SOURCE
docs/audits/convergence/evidence/typed-successor-focal-ba921-wip.json,added,86bf6ded3dbc2c8973de3f0b1186d744e1708c3e,449,0,14,0,INDEX_MANIFEST_CANDIDATE
docs/audits/convergence/evidence/typed-successor-focal-ba921-wip.xml,added,9b589592286b6c5ceda2c9b2439eb2dbdddda02b,29720,0,1,0,GENERATED_RAW_OR_CAPTURED_SOURCE
docs/audits/convergence/published-replay-deadline-native/MANIFEST.json,added,81fbef5eed2a702915229cf8551c376cc4df8344,10184,0,253,0,INDEX_MANIFEST_CANDIDATE
docs/audits/convergence/published-replay-deadline-native/README.md,added,a81b8c13a7cf4121976af41d3778e5bca9a68b88,2052,0,11,0,GOVERNANCE
docs/audits/convergence/published-replay-deadline-native/child.prefixture157.json,added,023391cb8a800e6411c0197444c702b6745e19fa,1806,0,47,0,INDEX_MANIFEST_CANDIDATE
docs/audits/convergence/published-replay-deadline-native/child.source-after.index.json.gz,added,e20dba271e5fece92faaed7ae1e5558b12b5382c,180912,0,-,-,BINARY
docs/audits/convergence/published-replay-deadline-native/child.source-before.index.json.gz,added,2d9e0d107b212e24117b500c6a434abac96fa52e,180908,0,-,-,BINARY
docs/audits/convergence/published-replay-deadline-native/collection-before-fixtures.json,added,98041ea20fa66af27642353c79badc2a2c6f3fc3,14768,0,232,0,INDEX_MANIFEST_CANDIDATE
docs/audits/convergence/published-replay-deadline-native/focal.log,added,73d814daefe9e1ec283632b7ab7ae62f62e28d80,220,0,2,0,GENERATED_RAW_OR_CAPTURED_SOURCE
docs/audits/convergence/published-replay-deadline-native/focal.receipt.json,added,f4e2402bfd57f4f79c49607f265ccab1b672fdc4,89849,0,2142,0,INDEX_MANIFEST_CANDIDATE
docs/audits/convergence/published-replay-deadline-native/focal.xml,added,516101abfb7774683ca49be016855ae146b5f7f2,11063,0,1,0,GENERATED_RAW_OR_CAPTURED_SOURCE
docs/audits/convergence/published-replay-deadline-native/kernel.resources.json,added,555298de55a9a6d60bfce13c549ba7151eab9c0a,1315,0,39,0,INDEX_MANIFEST_CANDIDATE
docs/audits/convergence/published-replay-deadline-native/launch.json,added,47a1bc40b8e2ac83d94da249a548c52862614071,1740,0,52,0,INDEX_MANIFEST_CANDIDATE
docs/audits/convergence/published-replay-deadline-native/parent.prefixture157.json,added,023391cb8a800e6411c0197444c702b6745e19fa,1806,0,47,0,INDEX_MANIFEST_CANDIDATE
docs/audits/convergence/published-replay-deadline-native/parent.source-after.index.json.gz,added,e20dba271e5fece92faaed7ae1e5558b12b5382c,180912,0,-,-,BINARY
docs/audits/convergence/published-replay-deadline-native/parent.source-before.index.json.gz,added,425421e7ce1e8495af7693597e24ca4fd73609e0,180910,0,-,-,BINARY
docs/audits/convergence/published-replay-deadline-native/runner.py,added,788d6d0df5524db9f3ea91d6daaae37ac9bb69d8,16999,0,284,0,GOVERNANCE
docs/audits/convergence/published-replay-deadline-native/source_support.py,added,7d1c5ce69f8b340092f44842dcac465788969324,31518,0,504,0,GOVERNANCE
docs/audits/convergence/scenario-guards-sre.json,added,26136158fb498497174829acdd8364bfde658457,81021,0,1647,0,INDEX_MANIFEST_CANDIDATE
docs/audits/convergence/sre-archive-admission.json,added,70f6d217c81caa200ecca871e5925f208541abea,12736,0,281,0,INDEX_MANIFEST_CANDIDATE
docs/audits/convergence/sre-baseline-bounds.json,added,ac94eebd38e9c4616d8b8cbd8da0a3f7ac6e8f3b,12587,0,253,0,INDEX_MANIFEST_CANDIDATE
docs/audits/convergence/sre-large-open-health.json,added,b4f726df76abf81ba368c87c1a0e4e5f3c1d28c5,1912,0,40,0,INDEX_MANIFEST_CANDIDATE
docs/audits/convergence/sre-u29-native-metadata-guard.json,added,43fbb8cc4f3c7a5c8d9f38cc81edea2af97c832b,9360,0,209,0,INDEX_MANIFEST_CANDIDATE
docs/audits/rc6-convergence-persistence-evidence/ARCHIVE_V3_CHECKPOINT.md,added,8e4568345f80a5d2e844c96ff9eff7cac567cbd7,6670,0,107,0,GOVERNANCE
docs/audits/rc6-convergence-persistence-evidence/CAPTURE_RESTORE_DIAGNOSTIC_PLAN.md,added,f9547d5adf7adef0d517dfdeb69379ad67c50d33,8158,0,125,0,GOVERNANCE
docs/audits/rc6-convergence-persistence-evidence/FULL1201_DRIVER_V2_SOURCE_PLAN.json,added,da9263d8b24434a8dbe295f2e403d7fa01866f34,13022,0,261,0,INDEX_MANIFEST_CANDIDATE
docs/audits/rc6-convergence-persistence-evidence/FULL1201_DRIVER_V2_SRE_SOURCE_REVIEW.json,added,d6ce33fe402ca470abf5a89bfa6cbc08409291d6,12007,0,330,0,INDEX_MANIFEST_CANDIDATE
docs/audits/rc6-convergence-persistence-evidence/FULL1201_EXTERNAL_DRIVER_SOURCE_PLAN.json,added,bebb948c5189f0b3ef30a4704f6beec69bf6d97e,10805,0,166,0,INDEX_MANIFEST_CANDIDATE
docs/audits/rc6-convergence-persistence-evidence/HORIZON_WRAPPER_CORRECTION.json,added,1c7b140ce39aff3c368125e6c8a5dab4c8e1c671,18239,0,227,0,INDEX_MANIFEST_CANDIDATE
docs/audits/rc6-convergence-persistence-evidence/PACKED_CONTAINER_COUNT_PLAN.md,added,6e26c34064f7bccf24674707d56425593426e3ab,3804,0,57,0,GOVERNANCE
docs/audits/rc6-convergence-persistence-evidence/PACKED_SCALAR_DISPATCH_PLAN.md,added,3458f70af7dbbfbb6abb99c4f8d8920762d3506b,7017,0,109,0,GOVERNANCE
docs/audits/rc6-convergence-persistence-evidence/PACKED_SMALL_CONTAINER_PLAN.md,added,9dc6b3aaed2f1f8ce025b89709690cf009ad93f9,4947,0,78,0,GOVERNANCE
docs/audits/rc6-convergence-persistence-evidence/PACKED_VOLATILE_SCALARS_PLAN.md,added,7d3dbadc12c39a0d1e77d2df4820b423c442ec09,6315,0,100,0,GOVERNANCE
docs/audits/rc6-convergence-persistence-evidence/README.md,added,8bf1e0a2a978a179602d4b50b8dd3821f929a6ed,2202,0,34,0,GOVERNANCE
docs/audits/rc6-convergence-persistence-evidence/STORAGE_V2_ARCHIVE_V3_PROPOSAL.md,added,800bdbe67fd2e0031358b75a9db243bd42f28b46,13530,0,209,0,GOVERNANCE
docs/audits/rc6-convergence-persistence-evidence/U14-full-tick-horizon.json,added,ef585ec074719af87eb313638f187719f280be44,642,0,24,0,INDEX_MANIFEST_CANDIDATE
docs/audits/rc6-convergence-persistence-evidence/U15-bounded-archive-cycles.json,added,e1028fabdb06d65389a580b06150475627084664,500,0,18,0,INDEX_MANIFEST_CANDIDATE
docs/audits/rc6-convergence-persistence-evidence/archive.junit.xml,added,65724a3398e5e6701c6d8517a0470c152e9f3d4c,434,0,1,0,GENERATED_RAW_OR_CAPTURED_SOURCE
docs/audits/rc6-convergence-persistence-evidence/archive.run.json,added,a09a588858d80833bc1a35abb29e32f1b72a2a4a,1590,0,48,0,INDEX_MANIFEST_CANDIDATE
docs/audits/rc6-convergence-persistence-evidence/archive_v3_atime_7e9425e2_red.json,added,6d9616323a49937e4454eff1f04c28cb8db55dc8,847,0,48,0,INDEX_MANIFEST_CANDIDATE
docs/audits/rc6-convergence-persistence-evidence/archive_v3_atime_final_guard.junit.xml,added,b7022003d4368d81b96c8f9e65765004cc35d8ec,791,0,1,0,GENERATED_RAW_OR_CAPTURED_SOURCE
docs/audits/rc6-convergence-persistence-evidence/archive_v3_atime_final_native.junit.xml,added,888cff0d5b7d64dede2b89bf0ad9a0729fac4c08,7527,0,1,0,GENERATED_RAW_OR_CAPTURED_SOURCE
docs/audits/rc6-convergence-persistence-evidence/archive_v3_atime_fix_evidence.json,added,4b1877875910bde773fb0515d82f7283d96fa3b8,4260,0,117,0,INDEX_MANIFEST_CANDIDATE
docs/audits/rc6-convergence-persistence-evidence/archive_v3_atime_fixed_native.junit.xml,added,fed7f3ecb49b559f45333d4c8e8f236279c345bd,7527,0,1,0,GENERATED_RAW_OR_CAPTURED_SOURCE
docs/audits/rc6-convergence-persistence-evidence/archive_v3_atime_inputs.json,added,500f1fcddde1e7d7491366118cde0f56194909a7,930,0,14,0,INDEX_MANIFEST_CANDIDATE
docs/audits/rc6-convergence-persistence-evidence/archive_v3_atime_original_probe.py,added,63980f98a0e0a78679d09414ea4ac95366e43236,1814,0,23,0,GOVERNANCE
docs/audits/rc6-convergence-persistence-evidence/archive_v3_final_native.junit.xml,added,819aca19a05159e433722b064ec9c57acc6f17c6,6983,0,1,0,GENERATED_RAW_OR_CAPTURED_SOURCE
docs/audits/rc6-convergence-persistence-evidence/archive_v3_first_native.junit.xml,added,fa1ff5b6d4f91d61adfafb802a8f5d5e19a61213,20373,0,157,0,GENERATED_RAW_OR_CAPTURED_SOURCE
docs/audits/rc6-convergence-persistence-evidence/archive_v3_first_native_inputs.json,added,02729727bdcb905b43c06cadf889f4333e4a0513,873,0,13,0,INDEX_MANIFEST_CANDIDATE
docs/audits/rc6-convergence-persistence-evidence/archive_v3_gc_fixed.junit.xml,added,23ff37762cac14f1cf36026797934de63e433b5c,6823,0,1,0,GENERATED_RAW_OR_CAPTURED_SOURCE
docs/audits/rc6-convergence-persistence-evidence/archive_v3_gc_fixed_inputs.json,added,5a23c8106078bee98a309849d90aea929cf3aa76,653,0,8,0,INDEX_MANIFEST_CANDIDATE
docs/audits/rc6-convergence-persistence-evidence/archive_v3_iterative_evidence.json,added,6396878d862ce6d2a7f1ddf57ba6b8d0c991deb9,12957,0,127,0,INDEX_MANIFEST_CANDIDATE
docs/audits/rc6-convergence-persistence-evidence/archive_v3_legacy_native.junit.xml,added,71b64ee31f0b3fb20152047de8b2b638ca5809d0,37739,0,1,0,GENERATED_RAW_OR_CAPTURED_SOURCE
docs/audits/rc6-convergence-persistence-evidence/archive_v3_native_checkpoint.json,added,0b0225d0370e5029ebd02c0fe402885660b8e970,3686,0,88,0,INDEX_MANIFEST_CANDIDATE
docs/audits/rc6-convergence-persistence-evidence/capture_restore_real_cut/DOSSIER.json,added,3f7cc7b216446a93595d9f2f967776d250b919af,41412,0,985,0,INDEX_MANIFEST_CANDIDATE
docs/audits/rc6-convergence-persistence-evidence/capture_restore_real_cut/README.md,added,6daa313126cfcd7a52c78619007debced01e9a25,3706,0,60,0,GOVERNANCE
docs/audits/rc6-convergence-persistence-evidence/capture_restore_real_cut/capture-none/child.log.gz,added,d4b9926df0b7defceb6caf0b474c4a190c5ca8f0,20,0,-,-,BINARY
docs/audits/rc6-convergence-persistence-evidence/capture_restore_real_cut/capture-none/entry-preflight.json.gz,added,2e003dae931564f6c6fc9d580d20b86e340b27b7,1988,0,-,-,BINARY
docs/audits/rc6-convergence-persistence-evidence/capture_restore_real_cut/capture-none/native-progress.json.gz,added,f7071ca3c18bb3a286d72cc64e0a251a87f9d585,1643,0,-,-,BINARY
docs/audits/rc6-convergence-persistence-evidence/capture_restore_real_cut/capture-none/private-copy-after.json.gz,added,18029a98850e716802f9ba9733645d0c96c22942,1072,0,-,-,BINARY
docs/audits/rc6-convergence-persistence-evidence/capture_restore_real_cut/capture-none/rc6-capture-restore-400-nosample-launch.log.gz,added,52c7f1ac9a8f71c1d201e0dd22ebbfa7e9b30402,1986,0,-,-,BINARY
docs/audits/rc6-convergence-persistence-evidence/capture_restore_real_cut/capture-none/samples.log.gz,added,d4b9926df0b7defceb6caf0b474c4a190c5ca8f0,20,0,-,-,BINARY
docs/audits/rc6-convergence-persistence-evidence/capture_restore_real_cut/capture-none/source-data-after.json.gz,added,d6e6b4920d5dbfb894b03fa2f7ca011f6b10d93a,1487,0,-,-,BINARY
docs/audits/rc6-convergence-persistence-evidence/capture_restore_real_cut/capture-none/source-data-before.json.gz,added,d6e6b4920d5dbfb894b03fa2f7ca011f6b10d93a,1487,0,-,-,BINARY
docs/audits/rc6-convergence-persistence-evidence/capture_restore_real_cut/capture-none/wrapper-before.json.gz,added,ef1b0e5422d1a3acc1f0fcbaff2ad53c2133b40c,1857,0,-,-,BINARY
docs/audits/rc6-convergence-persistence-evidence/capture_restore_real_cut/capture-none/wrapper-final.json.gz,added,3e901b67c4119fb33a41917069bef8819f725bb8,2023,0,-,-,BINARY
docs/audits/rc6-convergence-persistence-evidence/capture_restore_real_cut/capture-none/wrapper-started.json.gz,added,500d4d8ef5418b5afab818164e3f278f929ab1cd,1858,0,-,-,BINARY
docs/audits/rc6-convergence-persistence-evidence/capture_restore_real_cut/capture-sigsegv/child.log.gz,added,d4b9926df0b7defceb6caf0b474c4a190c5ca8f0,20,0,-,-,BINARY
docs/audits/rc6-convergence-persistence-evidence/capture_restore_real_cut/capture-sigsegv/entry-preflight.json.gz,added,2e003dae931564f6c6fc9d580d20b86e340b27b7,1988,0,-,-,BINARY
docs/audits/rc6-convergence-persistence-evidence/capture_restore_real_cut/capture-sigsegv/native-progress.json.gz,added,b1bd58fe766c90bedfb1aa53063d9705219430f7,1357,0,-,-,BINARY
docs/audits/rc6-convergence-persistence-evidence/capture_restore_real_cut/capture-sigsegv/private-copy-after.json.gz,added,3729cb2149fde51151d34b577777ffcb21176673,1071,0,-,-,BINARY
docs/audits/rc6-convergence-persistence-evidence/capture_restore_real_cut/capture-sigsegv/rc6-capture-restore-400-capture-launch.log.gz,added,80cf4afcd9e024b38dfb7c853f32753f7a5da228,1906,0,-,-,BINARY
docs/audits/rc6-convergence-persistence-evidence/capture_restore_real_cut/capture-sigsegv/samples.log.gz,added,d5c85878dfacc20441436c6cced616e3001180b6,158,0,-,-,BINARY
docs/audits/rc6-convergence-persistence-evidence/capture_restore_real_cut/capture-sigsegv/source-data-after.json.gz,added,d6e6b4920d5dbfb894b03fa2f7ca011f6b10d93a,1487,0,-,-,BINARY
docs/audits/rc6-convergence-persistence-evidence/capture_restore_real_cut/capture-sigsegv/source-data-before.json.gz,added,d6e6b4920d5dbfb894b03fa2f7ca011f6b10d93a,1487,0,-,-,BINARY
docs/audits/rc6-convergence-persistence-evidence/capture_restore_real_cut/capture-sigsegv/wrapper-before.json.gz,added,01ea4876a3e27de610b87bb1a954b60b9a0d6382,1825,0,-,-,BINARY
docs/audits/rc6-convergence-persistence-evidence/capture_restore_real_cut/capture-sigsegv/wrapper-final.json.gz,added,297c705bbb791c9dc2b8331b8520677778ee9773,1936,0,-,-,BINARY
docs/audits/rc6-convergence-persistence-evidence/capture_restore_real_cut/capture-sigsegv/wrapper-started.json.gz,added,67fe60dad41a13d9613d04a8a5ae1ee72786c1ac,1826,0,-,-,BINARY
docs/audits/rc6-convergence-persistence-evidence/capture_restore_real_cut/driver-code/driver-15b36374.py.source.gz,added,2d07f3f8fcc893c06d556c9f031b3a04961d2dc4,8683,0,-,-,BINARY
docs/audits/rc6-convergence-persistence-evidence/capture_restore_real_cut/driver-code/driver-8d57319c.py.source.gz,added,07c71f08c0073ae9ffdf1ea1ebcce46220703467,9870,0,-,-,BINARY
docs/audits/rc6-convergence-persistence-evidence/capture_restore_real_cut/driver-code/driver-dc817b73.py.source.gz,added,13f525e11d3df653fd1ed41ccebcaddd8ca5be53,9002,0,-,-,BINARY
docs/audits/rc6-convergence-persistence-evidence/capture_restore_real_cut/guards-15b36374/entry-preflight.json.gz,added,2e003dae931564f6c6fc9d580d20b86e340b27b7,1988,0,-,-,BINARY
docs/audits/rc6-convergence-persistence-evidence/capture_restore_real_cut/guards-15b36374/guard.log.gz,added,f55d22a0e1a7999c225f2b44a22dce497abf14e5,265,0,-,-,BINARY
docs/audits/rc6-convergence-persistence-evidence/capture_restore_real_cut/guards-15b36374/guards.xml.gz,added,6afcaf7f73f95038d5db1cb6cc650a272312df44,671,0,-,-,BINARY
docs/audits/rc6-convergence-persistence-evidence/capture_restore_real_cut/guards-15b36374/receipt.json.gz,added,25e26b1e1559812954cd4b0d40a0c3094b608baf,2654,0,-,-,BINARY
docs/audits/rc6-convergence-persistence-evidence/capture_restore_real_cut/guards-15b36374/run.py.source.gz,added,fb01970a8460a8202e4dfbbae85536d04b9dc898,1209,0,-,-,BINARY
docs/audits/rc6-convergence-persistence-evidence/capture_restore_real_cut/guards-8d57319c/entry-preflight.json.gz,added,2e003dae931564f6c6fc9d580d20b86e340b27b7,1988,0,-,-,BINARY
docs/audits/rc6-convergence-persistence-evidence/capture_restore_real_cut/guards-8d57319c/guard.log.gz,added,4e8127a422be8155406bfad65d9c4d402cbfd44f,265,0,-,-,BINARY
docs/audits/rc6-convergence-persistence-evidence/capture_restore_real_cut/guards-8d57319c/guards.xml.gz,added,3b054c83b13e3bfa9d6492f215552dcf88f4907d,928,0,-,-,BINARY
docs/audits/rc6-convergence-persistence-evidence/capture_restore_real_cut/guards-8d57319c/receipt.json.gz,added,9ac08cc651ffd7f8bf48e15b6f6ec8924c47badf,2653,0,-,-,BINARY
docs/audits/rc6-convergence-persistence-evidence/capture_restore_real_cut/guards-8d57319c/run.py.source.gz,added,6d8c82bd0853099e148607611efab4058d5669ec,1208,0,-,-,BINARY
docs/audits/rc6-convergence-persistence-evidence/capture_restore_real_cut/guards-dc817b73/entry-preflight.json.gz,added,2e003dae931564f6c6fc9d580d20b86e340b27b7,1988,0,-,-,BINARY
docs/audits/rc6-convergence-persistence-evidence/capture_restore_real_cut/guards-dc817b73/guard.log.gz,added,16bb07932350fb4bec85e2d4fc28b4efad919ec4,264,0,-,-,BINARY
docs/audits/rc6-convergence-persistence-evidence/capture_restore_real_cut/guards-dc817b73/guards.xml.gz,added,67e30632cffd85f9728d1fa6bcffe754466ee0c4,754,0,-,-,BINARY
docs/audits/rc6-convergence-persistence-evidence/capture_restore_real_cut/guards-dc817b73/receipt.json.gz,added,66e13404174a27d8ad4f92b58da83144b31260b1,2653,0,-,-,BINARY
docs/audits/rc6-convergence-persistence-evidence/capture_restore_real_cut/guards-dc817b73/run.py.source.gz,added,be296c23d4179b18a005bb145f491e176f476c80,1211,0,-,-,BINARY
docs/audits/rc6-convergence-persistence-evidence/capture_restore_real_cut/restore/child.log.gz,added,d4b9926df0b7defceb6caf0b474c4a190c5ca8f0,20,0,-,-,BINARY
docs/audits/rc6-convergence-persistence-evidence/capture_restore_real_cut/restore/entry-preflight.json.gz,added,2e003dae931564f6c6fc9d580d20b86e340b27b7,1988,0,-,-,BINARY
docs/audits/rc6-convergence-persistence-evidence/capture_restore_real_cut/restore/native-progress.json.gz,added,9c5d8ec13c3283d6098bfb0567cb852a90ad67e4,2155,0,-,-,BINARY
docs/audits/rc6-convergence-persistence-evidence/capture_restore_real_cut/restore/native-result.json.gz,added,9c5d8ec13c3283d6098bfb0567cb852a90ad67e4,2155,0,-,-,BINARY
docs/audits/rc6-convergence-persistence-evidence/capture_restore_real_cut/restore/private-copy-after.json.gz,added,169eab1d333907f35d8ef71b2a4f5f6a0366f6fc,1086,0,-,-,BINARY
docs/audits/rc6-convergence-persistence-evidence/capture_restore_real_cut/restore/rc6-capture-restore-400-restore-launch.log.gz,added,6942ed29f9627cd08a538f5b1f5ce3bb92303376,1902,0,-,-,BINARY
docs/audits/rc6-convergence-persistence-evidence/capture_restore_real_cut/restore/samples.log.gz,added,d4b9926df0b7defceb6caf0b474c4a190c5ca8f0,20,0,-,-,BINARY
docs/audits/rc6-convergence-persistence-evidence/capture_restore_real_cut/restore/source-data-after.json.gz,added,d6e6b4920d5dbfb894b03fa2f7ca011f6b10d93a,1487,0,-,-,BINARY
docs/audits/rc6-convergence-persistence-evidence/capture_restore_real_cut/restore/source-data-before.json.gz,added,d6e6b4920d5dbfb894b03fa2f7ca011f6b10d93a,1487,0,-,-,BINARY
docs/audits/rc6-convergence-persistence-evidence/capture_restore_real_cut/restore/wrapper-before.json.gz,added,c74b6cf28adc33624292316cf0c1e26397e61ecc,1825,0,-,-,BINARY
docs/audits/rc6-convergence-persistence-evidence/capture_restore_real_cut/restore/wrapper-final.json.gz,added,5f16b2e67ae35c5ed4981895117a6680051e6cbb,1935,0,-,-,BINARY
docs/audits/rc6-convergence-persistence-evidence/capture_restore_real_cut/restore/wrapper-started.json.gz,added,911d01bc3982ae55377b5565bf4341790f80b44c,1825,0,-,-,BINARY
docs/audits/rc6-convergence-persistence-evidence/capture_restore_real_cut/source-indices/driver-15b36374-source.index.json.gz,added,7dcb4e2202affc160bf621fa651c2a72c225b1a2,165930,0,-,-,BINARY
docs/audits/rc6-convergence-persistence-evidence/capture_restore_real_cut/source-indices/driver-8d57319c-source.index.json.gz,added,1a2bd0b1a6f8255f7c0b9b9fd82817c7fbd986b9,165922,0,-,-,BINARY
docs/audits/rc6-convergence-persistence-evidence/capture_restore_real_cut/source-indices/driver-dc817b73-source.index.json.gz,added,539b9feb7bd380da5ec96968403f35efed3eaac5,165927,0,-,-,BINARY
docs/audits/rc6-convergence-persistence-evidence/capture_restore_real_cut/source-indices/product400-source.index.json.gz,added,50fd33b1c743e1d4baa77f7c8d9a581c9b00f528,165791,0,-,-,BINARY
docs/audits/rc6-convergence-persistence-evidence/checkpoint_native_evidence.json,added,722ebfe4b6ffd7e888340ebc6fd0797e52d2a629,2755,0,59,0,INDEX_MANIFEST_CANDIDATE
docs/audits/rc6-convergence-persistence-evidence/horizon.junit.xml,added,cfe1e8095f2de10fc3cdaa7bcae1feb37a62ea51,434,0,1,0,GENERATED_RAW_OR_CAPTURED_SOURCE
docs/audits/rc6-convergence-persistence-evidence/horizon.run.json,added,48c65315efb7e7a210eeda5b6154164481f510c1,1590,0,48,0,INDEX_MANIFEST_CANDIDATE
docs/audits/rc6-convergence-persistence-evidence/native-horizon-wrapper-ed97-evidence/controlled-runner.py.source,added,000f9367450182ff7833a247e945085b154cdef3,6182,0,98,0,GENERATED_RAW_OR_CAPTURED_SOURCE
docs/audits/rc6-convergence-persistence-evidence/native-horizon-wrapper-ed97-evidence/native-wrapper-guards-receipt.json,added,55c736afe1c87045f068e7c93f6a384bbc89e116,115714,0,3411,0,INDEX_MANIFEST_CANDIDATE
docs/audits/rc6-convergence-persistence-evidence/native-horizon-wrapper-ed97-evidence/native-wrapper-guards.junit.xml,added,ae4200e2f90bc5ffc6f5fc82bf60cacda7f59b36,8705,0,1,0,GENERATED_RAW_OR_CAPTURED_SOURCE
docs/audits/rc6-convergence-persistence-evidence/native-horizon-wrapper-ed97-evidence/source.index.json,added,def7465dbe761eb70e5beff15e822538d81d19c3,515930,0,5210,0,INDEX_MANIFEST_CANDIDATE
docs/audits/rc6-convergence-persistence-evidence/native_archive_v3_profile_probe.py,added,cf1b601d41a9878478bac30af05fbb2296edb116,15223,0,245,0,GOVERNANCE
docs/audits/rc6-convergence-persistence-evidence/native_archive_v3_profile_probe_v2.py,added,b5ee0d93b51dc985085d553d79ad9ef4d803a538,61798,0,973,0,GOVERNANCE
docs/audits/rc6-convergence-persistence-evidence/native_capacity_witness_v2_source_checkpoint.json,added,df2905aa2b262fd4b948ad1fce6c177bc68f52f9,3492,0,39,0,INDEX_MANIFEST_CANDIDATE
docs/audits/rc6-convergence-persistence-evidence/native_large_18e_two_ticks_complete.json,added,a7319e4eed07aed87697d8002b884129bd33d75e,5974,0,197,0,INDEX_MANIFEST_CANDIDATE
docs/audits/rc6-convergence-persistence-evidence/native_normal1200_732b_four_ticks_archive_measurement.json,added,afe5835ecae3c4ab0f22df30514066aee5985006,6902,0,188,0,INDEX_MANIFEST_CANDIDATE
docs/audits/rc6-convergence-persistence-evidence/native_normal1200_archive_measurement_probe.py,added,a4a95193232cf55d4bd1d64cb1d74826d6c968ac,5144,0,69,0,GOVERNANCE
docs/audits/rc6-convergence-persistence-evidence/packed_capture_allocations/0b380438/build_pin.py,added,96b228cddf0b33582202b7548ae582670391e3dd,1951,0,42,0,GOVERNANCE
docs/audits/rc6-convergence-persistence-evidence/packed_capture_allocations/0b380438/entry-preflight.json,added,6c025e262a86557310500a5ca72dc2c15c9fa82c,11412,0,656,0,INDEX_MANIFEST_CANDIDATE
docs/audits/rc6-convergence-persistence-evidence/packed_capture_allocations/0b380438/focal-receipt.json,added,cf690c24077d5793cd7c7e24e1ec873f07f33aef,59857,0,1501,0,INDEX_MANIFEST_CANDIDATE
docs/audits/rc6-convergence-persistence-evidence/packed_capture_allocations/0b380438/focal.log.gz,added,bce201cebdc545f61ddab7270486bb390cb16c63,868,0,-,-,BINARY
docs/audits/rc6-convergence-persistence-evidence/packed_capture_allocations/0b380438/native-focal.xml.gz,added,8e0d30fb703db67c8de5e9c2af5d828ecec17f96,3607,0,-,-,BINARY
docs/audits/rc6-convergence-persistence-evidence/packed_capture_allocations/0b380438/run_focal.py,added,0771fdfee50a8d64f1ad707824b788113f331ee9,8296,0,157,0,GOVERNANCE
docs/audits/rc6-convergence-persistence-evidence/packed_capture_allocations/0b380438/source.index.json.gz,added,c16cda6d517f78a8baedb7f96d7fa7a1b03d7fa5,160882,0,-,-,BINARY
docs/audits/rc6-convergence-persistence-evidence/packed_capture_allocations/0b380438/wrapper-before.json,added,05972824cb60f691f7b22641986729c239793c0c,1544,0,43,0,INDEX_MANIFEST_CANDIDATE
docs/audits/rc6-convergence-persistence-evidence/packed_capture_allocations/93489456/build_pin.py,added,2f1ea2fb0e5338c5995fa8c369c813246165f69e,1951,0,42,0,GOVERNANCE
docs/audits/rc6-convergence-persistence-evidence/packed_capture_allocations/93489456/entry-preflight.json,added,d03be1104c05e424e4fe9c1b0b36b634f5dbc8b9,11412,0,656,0,INDEX_MANIFEST_CANDIDATE
docs/audits/rc6-convergence-persistence-evidence/packed_capture_allocations/93489456/focal-receipt.json,added,59a211c058a64ea94bc7acdace7c225d0a22e217,30197,0,700,0,INDEX_MANIFEST_CANDIDATE
docs/audits/rc6-convergence-persistence-evidence/packed_capture_allocations/93489456/focal.log.gz,added,bcdd2e4b5645c934248e619e540d0de329c8dedc,855,0,-,-,BINARY
docs/audits/rc6-convergence-persistence-evidence/packed_capture_allocations/93489456/native-focal.xml.gz,added,55ea85e4bee3dab413c6e5ffe1229c2044813281,703,0,-,-,BINARY
docs/audits/rc6-convergence-persistence-evidence/packed_capture_allocations/93489456/run_focal.py,added,67209434119eccf2fdbe5d2010fdf538858f4027,8129,0,155,0,GOVERNANCE
docs/audits/rc6-convergence-persistence-evidence/packed_capture_allocations/93489456/source.index.json.gz,added,9afa1e5bf5efa7b1236335bf054b31f546dc8a3a,160884,0,-,-,BINARY
docs/audits/rc6-convergence-persistence-evidence/packed_capture_allocations/93489456/wrapper-before.json,added,e4d32e906555ce4a18ba0596fb0094ff364b17c2,1369,0,39,0,INDEX_MANIFEST_CANDIDATE
docs/audits/rc6-convergence-persistence-evidence/packed_capture_allocations/NATIVE_EVIDENCE.json,added,dfcb40a052a98a94bcfe1e415eb9ea7cd48ee53d,9416,0,216,0,INDEX_MANIFEST_CANDIDATE
docs/audits/rc6-convergence-persistence-evidence/packed_capture_allocations/PLAN.md,added,af396db044649a258b6c4b0007f395ce97034997,7674,0,129,0,GOVERNANCE
docs/audits/rc6-convergence-persistence-evidence/packed_container_count/DOSSIER.json,added,c3167c27ff6a26c3b78794bbf6f4e97f6487a990,30523,0,704,0,INDEX_MANIFEST_CANDIDATE
docs/audits/rc6-convergence-persistence-evidence/packed_container_count/README.md,added,e18cc09da23c0a7437ba0325ef5b8801d16f7a8e,2500,0,40,0,GOVERNANCE
docs/audits/rc6-convergence-persistence-evidence/packed_container_count/raw/entry-preflight.json.gz,added,3640a4e9383575aa73dc4b5214bbff1901c7406a,2053,0,-,-,GENERATED_RAW_OR_CAPTURED_SOURCE
docs/audits/rc6-convergence-persistence-evidence/packed_container_count/raw/guard.log.gz,added,c4a7c2a6ba0710b3629ac5bb58745286e7bc8bb9,416,0,-,-,GENERATED_RAW_OR_CAPTURED_SOURCE
docs/audits/rc6-convergence-persistence-evidence/packed_container_count/raw/guards.xml.gz,added,e0fa890ef9eea675f255b4c54aa71c592b617899,2206,0,-,-,GENERATED_RAW_OR_CAPTURED_SOURCE
docs/audits/rc6-convergence-persistence-evidence/packed_container_count/raw/receipt.json.gz,added,56478a986cad03c07c2f2f5c121f22fe722883c6,8526,0,-,-,GENERATED_RAW_OR_CAPTURED_SOURCE
docs/audits/rc6-convergence-persistence-evidence/packed_container_count/raw/run.py.gz,added,8fbfe41aad089e194375ebace978886999c2b515,2244,0,-,-,GENERATED_RAW_OR_CAPTURED_SOURCE
docs/audits/rc6-convergence-persistence-evidence/packed_container_count/source/PACKED_CONTAINER_COUNT_PLAN.md.gz,added,4daaaabc11a31f7c7e2cb58e5ee68ca3aa1b29f7,1853,0,-,-,BINARY
docs/audits/rc6-convergence-persistence-evidence/packed_container_count/source/packed_storage.py.source.gz,added,388ac009515191624ba147f3cc42c897c6558c41,7278,0,-,-,BINARY
docs/audits/rc6-convergence-persistence-evidence/packed_container_count/source/source.index.json.gz,added,ef6877f196f5ab424925959e1926a22cb016734c,180057,0,-,-,BINARY
docs/audits/rc6-convergence-persistence-evidence/packed_container_count/source/test_rc6_packed_capture_allocations.py.source.gz,added,3dab4b24691dee66c8f03a859679c436502edac6,4717,0,-,-,BINARY
docs/audits/rc6-convergence-persistence-evidence/packed_scalar_dispatch/DOSSIER.json,added,751e1002bdcab38fd5c647217646ea7a6e8206c7,100621,0,2092,0,INDEX_MANIFEST_CANDIDATE
docs/audits/rc6-convergence-persistence-evidence/packed_scalar_dispatch/README.md,added,f518e0b700e7a1c64fe228c193dad118be0bb28c,2580,0,43,0,GOVERNANCE
docs/audits/rc6-convergence-persistence-evidence/packed_scalar_dispatch/entry-preflight.json.gz,added,9eea80a2882261280812b01d72c9e87f7be6fa58,1990,0,-,-,BINARY
docs/audits/rc6-convergence-persistence-evidence/packed_scalar_dispatch/export-whole.py.source.gz,added,938215f62e70da745c2d90b3d55eeba123dbcfdd,1687,0,-,-,BINARY
docs/audits/rc6-convergence-persistence-evidence/packed_scalar_dispatch/guard.log.gz,added,f5079101c0481eec6a5011625495786c197785d9,466,0,-,-,BINARY
docs/audits/rc6-convergence-persistence-evidence/packed_scalar_dispatch/guards.xml.gz,added,e1c4b364d4c1e39fbf99aa54b06bee06c525e115,5909,0,-,-,BINARY
docs/audits/rc6-convergence-persistence-evidence/packed_scalar_dispatch/original_source_plan.md.gz,added,8e3c1394ff8e356dd64afb54129e1f01cd0c11a2,2888,0,-,-,BINARY
docs/audits/rc6-convergence-persistence-evidence/packed_scalar_dispatch/post-run-process.json.gz,added,71721e48a51ecf0b41181200508f6e83bd67a9d4,241,0,-,-,BINARY
docs/audits/rc6-convergence-persistence-evidence/packed_scalar_dispatch/prior_packed_storage.py.source.gz,added,05d1dd67faff7b7a3b25c8effe600f46d947fd65,8003,0,-,-,BINARY
docs/audits/rc6-convergence-persistence-evidence/packed_scalar_dispatch/receipt.json.gz,added,4f2115b0faf722c16f44bb8f0aff548c79788a20,8620,0,-,-,BINARY
docs/audits/rc6-convergence-persistence-evidence/packed_scalar_dispatch/requirements.build.lock.txt.gz,added,1652d9ae87503669fdcf6b90b77a6796ce6cf296,331,0,-,-,BINARY
docs/audits/rc6-convergence-persistence-evidence/packed_scalar_dispatch/requirements.lock.txt.gz,added,2d70ca5dacc9817df82ff70b60fdff60e7258d4b,10197,0,-,-,BINARY
docs/audits/rc6-convergence-persistence-evidence/packed_scalar_dispatch/run.py.gz,added,475dff19ed4ea2abd0e9d0be8302c0358099b97d,2300,0,-,-,BINARY
docs/audits/rc6-convergence-persistence-evidence/packed_scalar_dispatch/source.index.json.gz,added,7b682dbd9308388ea4f5beace675aec0ae81a16c,190107,0,-,-,BINARY
docs/audits/rc6-convergence-persistence-evidence/packed_scalar_dispatch/tested_allocation_guards.py.source.gz,added,3fa285e536249c5bf3d6edfff313f237640bc1e8,4703,0,-,-,BINARY
docs/audits/rc6-convergence-persistence-evidence/packed_scalar_dispatch/tested_packed_storage.py.source.gz,added,778ddc752f6bfe673093e9ae756d763b098818d3,8070,0,-,-,BINARY
docs/audits/rc6-convergence-persistence-evidence/packed_scalar_dispatch/tested_scalar_guards.py.source.gz,added,fe355ae9142ead6e04f85e4aee41090016d733c9,5102,0,-,-,BINARY
docs/audits/rc6-convergence-persistence-evidence/packed_scalar_dispatch/tested_volatile_guards.py.source.gz,added,21c11e24d51d55a82ac434a0973355abb678881c,4509,0,-,-,BINARY
docs/audits/rc6-convergence-persistence-evidence/packed_small_container/DOSSIER.json,added,905e5e3dff526e9829df37a7c0bf961629fca7e0,49987,0,1156,0,INDEX_MANIFEST_CANDIDATE
docs/audits/rc6-convergence-persistence-evidence/packed_small_container/preparation/initial-mode-rejection.json.gz,added,d1aa31dd7883f7a6ffb906813ea533882a9e99dc,338,0,-,-,BINARY
docs/audits/rc6-convergence-persistence-evidence/packed_small_container/raw/entry-preflight.json.gz,added,3640a4e9383575aa73dc4b5214bbff1901c7406a,2053,0,-,-,GENERATED_RAW_OR_CAPTURED_SOURCE
docs/audits/rc6-convergence-persistence-evidence/packed_small_container/raw/guard.log.gz,added,3be5ae93b7027e0a97384c5559fd88d9d610a80b,433,0,-,-,GENERATED_RAW_OR_CAPTURED_SOURCE
docs/audits/rc6-convergence-persistence-evidence/packed_small_container/raw/guards.xml.gz,added,720ca4518543be5ec4bc9745b757a09e782fb002,2990,0,-,-,GENERATED_RAW_OR_CAPTURED_SOURCE
docs/audits/rc6-convergence-persistence-evidence/packed_small_container/raw/receipt.json.gz,added,e768ef7f258bc52a649dd91480f6aecde4267959,8607,0,-,-,GENERATED_RAW_OR_CAPTURED_SOURCE
docs/audits/rc6-convergence-persistence-evidence/packed_small_container/raw/run.py.gz,added,482d3b99728fe3a2804c0637570eff5bbd303775,2258,0,-,-,GENERATED_RAW_OR_CAPTURED_SOURCE
docs/audits/rc6-convergence-persistence-evidence/packed_small_container/source/PACKED_SMALL_CONTAINER_PLAN.md.gz,added,02f92be3527012510ad23b4f05045d503b505f4f,1966,0,-,-,BINARY
docs/audits/rc6-convergence-persistence-evidence/packed_small_container/source/packed_storage.py.source.gz,added,3995fbe1bf46326ae9ccb5b7068af79c226a9cec,7691,0,-,-,BINARY
docs/audits/rc6-convergence-persistence-evidence/packed_small_container/source/source.index.json.gz,added,7b7ea4468450406d4b2995f76e5a99f403f0222c,180301,0,-,-,BINARY
docs/audits/rc6-convergence-persistence-evidence/packed_small_container/source/test_rc6_packed_capture_allocations.py.source.gz,added,3dab4b24691dee66c8f03a859679c436502edac6,4717,0,-,-,BINARY
docs/audits/rc6-convergence-persistence-evidence/packed_small_container/source/test_rc6_packed_small_container.py.source.gz,added,624d451fbd1bd2ef36d3e17a140f3e8c81deb1da,3872,0,-,-,BINARY
docs/audits/rc6-convergence-persistence-evidence/packed_volatile_scalars/DOSSIER.json,added,c54ce772edf6b78950a2babfd3a3b275d9b7ae82,72489,0,1606,0,INDEX_MANIFEST_CANDIDATE
docs/audits/rc6-convergence-persistence-evidence/packed_volatile_scalars/README.md,added,8fc0d9e3725016940b963dffca2a644a02c680a8,2547,0,41,0,GOVERNANCE
docs/audits/rc6-convergence-persistence-evidence/packed_volatile_scalars/classification.json.gz,added,34daddd92bc0f221351853f85b7c0c68f792d810,385,0,-,-,BINARY
docs/audits/rc6-convergence-persistence-evidence/packed_volatile_scalars/entry-preflight.json.gz,added,9eea80a2882261280812b01d72c9e87f7be6fa58,1990,0,-,-,BINARY
docs/audits/rc6-convergence-persistence-evidence/packed_volatile_scalars/guard.log.gz,added,c48677183eede6392042cef6a295630f1f125a72,450,0,-,-,BINARY
docs/audits/rc6-convergence-persistence-evidence/packed_volatile_scalars/guards.xml.gz,added,805df80ba267d580d50f34fa3390762568358af9,4418,0,-,-,BINARY
docs/audits/rc6-convergence-persistence-evidence/packed_volatile_scalars/oracle-before-correction.py.source.gz,added,e17c1624541b42a85361dc4bec52de740bf1235d,4507,0,-,-,BINARY
docs/audits/rc6-convergence-persistence-evidence/packed_volatile_scalars/original_source_plan.md.gz,added,72f1541c971139ee56a0d44601df823765f19d03,2526,0,-,-,BINARY
docs/audits/rc6-convergence-persistence-evidence/packed_volatile_scalars/prior_packed_storage.py.source.gz,added,b4f3803af31548707e35e6efda097953f446e4d9,7646,0,-,-,BINARY
docs/audits/rc6-convergence-persistence-evidence/packed_volatile_scalars/receipt.json.gz,added,d23a0b991b75568fd481d522e42b22468505ce15,8540,0,-,-,BINARY
docs/audits/rc6-convergence-persistence-evidence/packed_volatile_scalars/requirements.build.lock.txt.gz,added,1652d9ae87503669fdcf6b90b77a6796ce6cf296,331,0,-,-,BINARY
docs/audits/rc6-convergence-persistence-evidence/packed_volatile_scalars/requirements.lock.txt.gz,added,2d70ca5dacc9817df82ff70b60fdff60e7258d4b,10197,0,-,-,BINARY
docs/audits/rc6-convergence-persistence-evidence/packed_volatile_scalars/run.py.gz,added,1835f3ec5093f57816647359ecbcfafd9be0d3a1,2272,0,-,-,BINARY
docs/audits/rc6-convergence-persistence-evidence/packed_volatile_scalars/source.index.json.gz,added,0c25e54ffb5471ed5a481461cf5bf38a297a96db,186625,0,-,-,BINARY
docs/audits/rc6-convergence-persistence-evidence/packed_volatile_scalars/tested_allocation_guards.py.source.gz,added,3fa285e536249c5bf3d6edfff313f237640bc1e8,4703,0,-,-,BINARY
docs/audits/rc6-convergence-persistence-evidence/packed_volatile_scalars/tested_packed_storage.py.source.gz,added,05d1dd67faff7b7a3b25c8effe600f46d947fd65,8003,0,-,-,BINARY
docs/audits/rc6-convergence-persistence-evidence/packed_volatile_scalars/tested_volatile_guards.py.source.gz,added,21c11e24d51d55a82ac434a0973355abb678881c,4509,0,-,-,BINARY
docs/audits/rc6-convergence-persistence-evidence/rc6_component_archive_iterative_first.junit.xml,added,9352433faa18a5b683f1b80b5863211fd6ff8c27,11447,0,1,0,GENERATED_RAW_OR_CAPTURED_SOURCE
docs/audits/rc6-convergence-persistence-evidence/rc6_component_archive_iterative_first.log,added,b75220df25bd92fb0ccc6e93cb51f0315d01f811,80,0,1,0,GENERATED_RAW_OR_CAPTURED_SOURCE
docs/audits/rc6-convergence-persistence-evidence/rc6_native_source_512_focal_final.junit.xml,added,452477d653bc2c9ed5f439d97dce9933bf2af8ca,2530,0,1,0,GENERATED_RAW_OR_CAPTURED_SOURCE
docs/audits/rc6-convergence-persistence-evidence/rc6_native_source_512_focal_final.log,added,742444569e9e391345ae86d068edcf9860f61d60,80,0,1,0,GENERATED_RAW_OR_CAPTURED_SOURCE
docs/audits/rc6-convergence-persistence-evidence/rc6_native_source_512_focal_first.junit.xml,added,d11727613cf2e96541c54bf729c3a3b482f21b61,12774,0,125,0,GENERATED_RAW_OR_CAPTURED_SOURCE
docs/audits/rc6-convergence-persistence-evidence/rc6_native_source_512_focal_first.log,added,24f918b8cd198fa7cc88a537813fe4d0f95ed91f,10879,0,155,0,GENERATED_RAW_OR_CAPTURED_SOURCE
docs/audits/rc6-convergence-persistence-evidence/rc6_native_source_512_focal_second.junit.xml,added,7f1c241634797f966fcbcb1b3e93daee24b542b9,4184,0,20,0,GENERATED_RAW_OR_CAPTURED_SOURCE
docs/audits/rc6-convergence-persistence-evidence/rc6_native_source_512_focal_second.log,added,6afce952db212fd61ab2cc5ea83ed148e6a0d068,1837,0,26,0,GENERATED_RAW_OR_CAPTURED_SOURCE
docs/audits/rc6-convergence-persistence-evidence/rc6_native_source_512_fp_business_final.junit.xml,added,e28ca8a47e0a5365a0e3b702bbf3e34f9d7f7a18,22079,0,126,0,GENERATED_RAW_OR_CAPTURED_SOURCE
docs/audits/rc6-convergence-persistence-evidence/rc6_native_source_512_fp_business_final.log,added,69ab96d4e82975b522f14a1466e9cdc45c8cef1c,8325,0,137,0,GENERATED_RAW_OR_CAPTURED_SOURCE
docs/audits/rc6-convergence-persistence-evidence/rc6_native_source_512_fp_closing_final.junit.xml,added,37ce52887a1d772e15ac39936a528aeb1a4b344c,14429,0,1,0,GENERATED_RAW_OR_CAPTURED_SOURCE
docs/audits/rc6-convergence-persistence-evidence/rc6_native_source_512_fp_closing_final.log,added,eb153d93f6c6d2d1cff74977043d2f57a735de77,160,0,2,0,GENERATED_RAW_OR_CAPTURED_SOURCE
docs/audits/rc6-convergence-persistence-evidence/rejected_eager_wire_start_diagnostic.json,added,b4c5431087de7835dbac932bf472f99c0579c3ea,714,0,30,0,INDEX_MANIFEST_CANDIDATE
docs/audits/rc6-convergence-persistence-evidence/requirement-matrix-wip.json,added,cf10f0c13ac07f1c4d3d854b40ea70a975e65eaa,34906,0,671,0,INDEX_MANIFEST_CANDIDATE
docs/audits/rc6-convergence-persistence-evidence/run_full_horizon_1201_v1.py.source,added,ed97a8e6d5ca69df8603780bc624f2713cdbf830,35226,0,554,0,GENERATED_RAW_OR_CAPTURED_SOURCE
docs/audits/rc6-convergence-persistence-evidence/run_full_horizon_1201_v2.py.source,added,2c5709b25cc4548651e9e85aba50eba0eb5121cf,55671,0,905,0,GENERATED_RAW_OR_CAPTURED_SOURCE
docs/audits/rc6-convergence-persistence-evidence/signed_zero_fix_evidence.json,added,f9c7393e2291881e15791df4ea4f4b4717467155,2449,0,50,0,INDEX_MANIFEST_CANDIDATE
docs/audits/rc6-convergence-persistence-evidence/signed_zero_fixed.junit.xml,added,b0816ba817c5efdb712c468bcf4a605adb23ce05,12141,0,1,0,GENERATED_RAW_OR_CAPTURED_SOURCE
docs/audits/rc6-convergence-persistence-evidence/signed_zero_original_native_inputs.json,added,8fb9aa4954b7d15773606f7b26b5bac0b4b7de50,652,0,19,0,INDEX_MANIFEST_CANDIDATE
docs/audits/rc6-convergence-persistence-evidence/signed_zero_original_red.junit.xml,added,476dd400965aff73a66088207a1651a3736d905b,9243,0,73,0,GENERATED_RAW_OR_CAPTURED_SOURCE
docs/audits/rc6-convergence-persistence-evidence/source_capture_deadline/README.md,added,95007459b26e58e4b4ae6addbb56dcd7de4aa911,2334,0,13,0,GOVERNANCE
docs/audits/rc6-convergence-persistence-evidence/source_capture_deadline/checkpoint.json,added,8340619fd8ceaddf04ec3406e70f01bc9a2e9268,44435,0,1036,0,INDEX_MANIFEST_CANDIDATE
docs/audits/rc6-convergence-persistence-evidence/source_capture_deadline/fixed_825d43d7_entry-preflight.json,added,c548c5ea1fad57479bf0fcf35529fd36282dcdb6,11412,0,656,0,INDEX_MANIFEST_CANDIDATE
docs/audits/rc6-convergence-persistence-evidence/source_capture_deadline/fixed_825d43d7_fix-focal.log.gz,added,f1ebdc6b6bb49140a3da67456aaab49f6136b101,1044,0,-,-,BINARY
docs/audits/rc6-convergence-persistence-evidence/source_capture_deadline/fixed_825d43d7_fix-guard-receipt.json,added,b002e994b04565f0f17e4daf3421a817ecb97286,40680,0,1055,0,INDEX_MANIFEST_CANDIDATE
docs/audits/rc6-convergence-persistence-evidence/source_capture_deadline/fixed_825d43d7_fix-native-focal.xml.gz,added,a838abb4a8514f781576a4fbcca83a35ea8e2742,4344,0,-,-,BINARY
docs/audits/rc6-convergence-persistence-evidence/source_capture_deadline/fixed_825d43d7_run_fix_guards.py,added,eb019f6d3fbaeb92f8231e1d7906fdcb7be49b33,4231,0,59,0,GOVERNANCE
docs/audits/rc6-convergence-persistence-evidence/source_capture_deadline/fixed_825d43d7_source.index.json,added,7d2d3f9c017224ec1ffd9b171121850c6ef9f78c,440651,0,4649,0,INDEX_MANIFEST_CANDIDATE
docs/audits/rc6-convergence-persistence-evidence/source_capture_deadline/fixed_825d43d7_wrapper-before.json,added,f125c8271804c1a973ceda3fe2143ebfd4d920e9,1783,0,43,0,INDEX_MANIFEST_CANDIDATE
docs/audits/rc6-convergence-persistence-evidence/source_capture_deadline/isolated_capture.log.gz,added,cb4db8b7a0ed019e9bb421ea7ee13728a7db3d4f,169,0,-,-,BINARY
docs/audits/rc6-convergence-persistence-evidence/source_capture_deadline/isolated_capture_probe.py,added,f1a357e4f39ac061c2b276f9f89cdc6407024f8d,14218,0,274,0,GOVERNANCE
docs/audits/rc6-convergence-persistence-evidence/source_capture_deadline/isolated_capture_receipt.json,added,22df51266569d686483ae1126934a7d1d5789edf,195888,0,6512,0,INDEX_MANIFEST_CANDIDATE
docs/audits/rc6-convergence-persistence-evidence/source_capture_deadline/original_entry_preflight.json,added,92ef9b1e3f84c94cf704e3f6825ec6e2ca4d7af1,11412,0,656,0,INDEX_MANIFEST_CANDIDATE
docs/audits/rc6-convergence-persistence-evidence/source_capture_deadline/original_native_12.junit.xml.gz,added,dbf7e2d46177954c2eb12683f975597a2fc68cf2,3722,0,-,-,BINARY
docs/audits/rc6-convergence-persistence-evidence/source_capture_deadline/original_native_12.log.gz,added,dc7716d2a01b88c231e295b1a6b29ab559e944d2,3838,0,-,-,BINARY
docs/audits/rc6-convergence-persistence-evidence/source_capture_deadline/original_native_12_receipt.json,added,7bb9dcc94f60f26a1227f1bd2052e6883d87fd34,3717,0,83,0,INDEX_MANIFEST_CANDIDATE
docs/audits/rc6-convergence-persistence-evidence/source_capture_deadline/original_native_guard_driver.py,added,32c272090a2500d5bf35a4a7d5a5f919dfe421ad,10693,0,238,0,GOVERNANCE
docs/audits/rc6-convergence-persistence-evidence/source_capture_deadline/original_native_runner.py,added,90f48b9660d9ea0c5331511b8ea1ed84375be152,4214,0,72,0,GOVERNANCE
docs/audits/rc6-convergence-persistence-evidence/source_capture_deadline/original_real_fd_f889_entry-preflight.json,added,92ef9b1e3f84c94cf704e3f6825ec6e2ca4d7af1,11412,0,656,0,INDEX_MANIFEST_CANDIDATE
docs/audits/rc6-convergence-persistence-evidence/source_capture_deadline/original_real_fd_f889_original-guard-receipt.json,added,86c068ce79ed6cc7891a221ac8399e579176d030,3717,0,83,0,INDEX_MANIFEST_CANDIDATE
docs/audits/rc6-convergence-persistence-evidence/source_capture_deadline/original_real_fd_f889_original-native-guards.xml.gz,added,482d9d7d70748c3e7618e85187c63325e22ab66e,755,0,-,-,BINARY
docs/audits/rc6-convergence-persistence-evidence/source_capture_deadline/original_real_fd_f889_original.log.gz,added,a914325701371d8354f85cf87760bcb5c6676d7a,1080,0,-,-,BINARY
docs/audits/rc6-convergence-persistence-evidence/source_capture_deadline/original_real_fd_f889_run_original_flag_guard.py,added,b52863085e284e66b1436e3cf6ffd27b1ab98a7e,4294,0,72,0,GOVERNANCE
docs/audits/rc6-convergence-persistence-evidence/source_capture_deadline/original_real_fd_f889_wrapper-before.json,added,4cad3a5592b4a4dbdd41398a5dcaacdeaab8c1da,1526,0,36,0,INDEX_MANIFEST_CANDIDATE
docs/audits/rc6-convergence-persistence-evidence/source_capture_deadline/original_wrapper_before.json,added,92847811339bb3eb25c2af32f850c6e5ca3158b3,1455,0,36,0,INDEX_MANIFEST_CANDIDATE
docs/audits/rc6-convergence-persistence-evidence/source_read_custody_512_evidence.json,added,70b81e69ecd02f53c26397c4fb63b2df1afbfa41,20989,0,279,0,INDEX_MANIFEST_CANDIDATE
docs/audits/rc6-convergence-persistence-evidence/targeted.junit.xml,added,559380959ee28c932e15b852881e4be14ff0f78f,50274,0,1,0,GENERATED_RAW_OR_CAPTURED_SOURCE
docs/audits/rc6-convergence-persistence-evidence/targeted.run.json,added,c6aa60ee73242acb580e6da634e9bf9f6f395d7e,2122,0,59,0,INDEX_MANIFEST_CANDIDATE
docs/audits/rc6-private-publication-controlled-focal-e24bc025/CAPSULE.json,added,76b83a10425ccba2850097e31ac3ee3525cc14a8,16321,0,418,0,INDEX_MANIFEST_CANDIDATE
docs/audits/rc6-private-publication-controlled-focal-e24bc025/CUSTODY.json,added,b4d92333d699beed6cc6fb3e90255e465aee431e,138302,0,2949,0,INDEX_MANIFEST_CANDIDATE
docs/audits/rc6-private-publication-controlled-focal-e24bc025/README.md,added,e3c2e9db90686ab139bac9ecf578ea2bf7ee80b1,4413,0,24,0,GOVERNANCE
docs/audits/rc6-private-publication-controlled-focal-e24bc025/epochs/a/preparation/runner.py.source,added,cdbaf894096ae5393ea5d00e53c7bfa07903653e,45403,0,746,0,GENERATED_RAW_OR_CAPTURED_SOURCE
docs/audits/rc6-private-publication-controlled-focal-e24bc025/epochs/a/preparation/source_support.py.source,added,7d1c5ce69f8b340092f44842dcac465788969324,31518,0,504,0,GENERATED_RAW_OR_CAPTURED_SOURCE
docs/audits/rc6-private-publication-controlled-focal-e24bc025/epochs/a/raw/clone.stderr,added,4d96e9421b14ef592bd424099af198be0bbecf34,95,0,2,0,GENERATED_RAW_OR_CAPTURED_SOURCE
docs/audits/rc6-private-publication-controlled-focal-e24bc025/epochs/a/raw/clone.stdout,added,e69de29bb2d1d6434b8b29ae775ad8c2e48c5391,0,0,0,0,GENERATED_RAW_OR_CAPTURED_SOURCE
docs/audits/rc6-private-publication-controlled-focal-e24bc025/epochs/a/raw/failed-preparation-runner.py.source,added,cdbaf894096ae5393ea5d00e53c7bfa07903653e,45403,0,746,0,GENERATED_RAW_OR_CAPTURED_SOURCE
docs/audits/rc6-private-publication-controlled-focal-e24bc025/epochs/a/raw/failed-preparation-source_support.py.source,added,7d1c5ce69f8b340092f44842dcac465788969324,31518,0,504,0,GENERATED_RAW_OR_CAPTURED_SOURCE
docs/audits/rc6-private-publication-controlled-focal-e24bc025/epochs/a/raw/literal-commit.raw,added,288715730500847f182b9b8309d710cac7595a6b,261,0,6,0,GENERATED_RAW_OR_CAPTURED_SOURCE
docs/audits/rc6-private-publication-controlled-focal-e24bc025/epochs/a/raw/literal-tree.raw,added,3ceed1584426c2d40fa5dc3e1906cfd92f6deb66,23012,0,-,-,GENERATED_RAW_OR_CAPTURED_SOURCE
docs/audits/rc6-private-publication-controlled-focal-e24bc025/epochs/a/raw/parent.prefixture157.json,added,023391cb8a800e6411c0197444c702b6745e19fa,1806,0,47,0,GENERATED_RAW_OR_CAPTURED_SOURCE
docs/audits/rc6-private-publication-controlled-focal-e24bc025/epochs/a/raw/parent.source-before.index.json.gz,added,0bed357c2970d4ccb04fc244ab7f3f7b2003a221,284840,0,-,-,GENERATED_RAW_OR_CAPTURED_SOURCE
docs/audits/rc6-private-publication-controlled-focal-e24bc025/epochs/a/raw/preparation-red.json,added,a45825e268ef4ea9e296e7958078e21b49c3055c,3582,0,99,0,GENERATED_RAW_OR_CAPTURED_SOURCE
docs/audits/rc6-private-publication-controlled-focal-e24bc025/epochs/a/raw/whole-source.tar.gz,added,62bdbbc82f7acc87cd9576aad61f6cee69b29e9d,21685152,0,-,-,GENERATED_RAW_OR_CAPTURED_SOURCE
docs/audits/rc6-private-publication-controlled-focal-e24bc025/epochs/b/preparation/runner.py.source,added,bbfa9fa6cee650cf6a50c9409d55e96a5148680c,45427,0,746,0,GENERATED_RAW_OR_CAPTURED_SOURCE
docs/audits/rc6-private-publication-controlled-focal-e24bc025/epochs/b/preparation/source_support.py.source,added,7d1c5ce69f8b340092f44842dcac465788969324,31518,0,504,0,GENERATED_RAW_OR_CAPTURED_SOURCE
docs/audits/rc6-private-publication-controlled-focal-e24bc025/epochs/b/raw/child.prefixture157.json,added,023391cb8a800e6411c0197444c702b6745e19fa,1806,0,47,0,GENERATED_RAW_OR_CAPTURED_SOURCE
docs/audits/rc6-private-publication-controlled-focal-e24bc025/epochs/b/raw/child.source-after.index.json.gz,added,9440066b10336d60e7a70c2d86a04cf31a9ac857,284386,0,-,-,GENERATED_RAW_OR_CAPTURED_SOURCE
docs/audits/rc6-private-publication-controlled-focal-e24bc025/epochs/b/raw/child.source-before.index.json.gz,added,3d08715d0faccbc510f7a8d2fc3dbefeaa5b1773,284366,0,-,-,GENERATED_RAW_OR_CAPTURED_SOURCE
docs/audits/rc6-private-publication-controlled-focal-e24bc025/epochs/b/raw/child.tar-before.json,added,627b2d8c7d36651540e201d87c32787a3cfb0330,513,0,20,0,GENERATED_RAW_OR_CAPTURED_SOURCE
docs/audits/rc6-private-publication-controlled-focal-e24bc025/epochs/b/raw/clone.stderr,added,daa8f3386ca5230db7f67ce79cc397ec84f59e7d,95,0,2,0,GENERATED_RAW_OR_CAPTURED_SOURCE
docs/audits/rc6-private-publication-controlled-focal-e24bc025/epochs/b/raw/clone.stdout,added,e69de29bb2d1d6434b8b29ae775ad8c2e48c5391,0,0,0,0,GENERATED_RAW_OR_CAPTURED_SOURCE
docs/audits/rc6-private-publication-controlled-focal-e24bc025/epochs/b/raw/collection-before-fixtures.json.gz,added,6a283286c30b230f097a5d6bff6753ab606caa93,11002,0,-,-,GENERATED_RAW_OR_CAPTURED_SOURCE
docs/audits/rc6-private-publication-controlled-focal-e24bc025/epochs/b/raw/executed-phases.jsonl.gz,added,a711bf92099fc807aa95eb5fd86faba4a9d6e40a,33001,0,-,-,GENERATED_RAW_OR_CAPTURED_SOURCE
docs/audits/rc6-private-publication-controlled-focal-e24bc025/epochs/b/raw/focal.log,added,04bab73bcddabe7a9ef90e2dec5917d1853e771f,1357,0,14,0,GENERATED_RAW_OR_CAPTURED_SOURCE
docs/audits/rc6-private-publication-controlled-focal-e24bc025/epochs/b/raw/focal.receipt.json.gz,added,27f9fe943e94d5003dcdb1893859eb50c33338eb,69541,0,-,-,GENERATED_RAW_OR_CAPTURED_SOURCE
docs/audits/rc6-private-publication-controlled-focal-e24bc025/epochs/b/raw/focal.xml.gz,added,6f130e2cc12b1035a96d5ead084a9ca0cefe96e2,10258,0,-,-,GENERATED_RAW_OR_CAPTURED_SOURCE
docs/audits/rc6-private-publication-controlled-focal-e24bc025/epochs/b/raw/kernel.resources.json,added,b98dd82e200e79fb40146570acbbc5392fb7e411,3692,0,109,0,GENERATED_RAW_OR_CAPTURED_SOURCE
docs/audits/rc6-private-publication-controlled-focal-e24bc025/epochs/b/raw/launch.json,added,6fdf6ac3ddb62c7d753434e0f6f7f8e72780e5df,7732,0,236,0,GENERATED_RAW_OR_CAPTURED_SOURCE
docs/audits/rc6-private-publication-controlled-focal-e24bc025/epochs/b/raw/literal-commit.raw,added,288715730500847f182b9b8309d710cac7595a6b,261,0,6,0,GENERATED_RAW_OR_CAPTURED_SOURCE
docs/audits/rc6-private-publication-controlled-focal-e24bc025/epochs/b/raw/literal-tree.raw,added,3ceed1584426c2d40fa5dc3e1906cfd92f6deb66,23012,0,-,-,GENERATED_RAW_OR_CAPTURED_SOURCE
docs/audits/rc6-private-publication-controlled-focal-e24bc025/epochs/b/raw/parent.prefixture157.json,added,023391cb8a800e6411c0197444c702b6745e19fa,1806,0,47,0,GENERATED_RAW_OR_CAPTURED_SOURCE
docs/audits/rc6-private-publication-controlled-focal-e24bc025/epochs/b/raw/parent.source-after.index.json.gz,added,9440066b10336d60e7a70c2d86a04cf31a9ac857,284386,0,-,-,GENERATED_RAW_OR_CAPTURED_SOURCE
docs/audits/rc6-private-publication-controlled-focal-e24bc025/epochs/b/raw/parent.source-before.index.json.gz,added,d73f527f1450d96b05d4c4a91d5705f6c0c5ed7b,284369,0,-,-,GENERATED_RAW_OR_CAPTURED_SOURCE
docs/audits/rc6-private-publication-controlled-focal-e24bc025/epochs/b/raw/runner.py.source,added,bbfa9fa6cee650cf6a50c9409d55e96a5148680c,45427,0,746,0,GENERATED_RAW_OR_CAPTURED_SOURCE
docs/audits/rc6-private-publication-controlled-focal-e24bc025/epochs/b/raw/source-tar.json,added,627b2d8c7d36651540e201d87c32787a3cfb0330,513,0,20,0,GENERATED_RAW_OR_CAPTURED_SOURCE
docs/audits/rc6-private-publication-controlled-focal-e24bc025/epochs/b/raw/source_support.py.source,added,7d1c5ce69f8b340092f44842dcac465788969324,31518,0,504,0,GENERATED_RAW_OR_CAPTURED_SOURCE
docs/audits/rc6-private-publication-controlled-focal-e24bc025/epochs/b/raw/whole-source.tar.gz,added,de02643c76dfbf1209553ff0d378bc1c78b70c93,21685383,0,-,-,GENERATED_RAW_OR_CAPTURED_SOURCE
docs/audits/rc6-private-publication-controlled-focal-e24bc025/epochs/c/preparation/pre-export-admission.json,added,965e7f5b354e51c579ff969322d01564a8078426,874,0,20,0,INDEX_MANIFEST_CANDIDATE
docs/audits/rc6-private-publication-controlled-focal-e24bc025/epochs/c/preparation/proc-facility-source-only.json,added,ee0c31231b5b0494addfa70b54d593fd2993e99b,1746,0,82,0,INDEX_MANIFEST_CANDIDATE
docs/audits/rc6-private-publication-controlled-focal-e24bc025/epochs/c/preparation/runner.py.source,added,73ddd71c3de406217e4962182a9929a287dd8764,52714,0,842,0,GENERATED_RAW_OR_CAPTURED_SOURCE
docs/audits/rc6-private-publication-controlled-focal-e24bc025/epochs/c/preparation/source-only-freeze.json,added,b125f0c33657039fba2341e2ac898110e043dcc4,2583,0,76,0,INDEX_MANIFEST_CANDIDATE
docs/audits/rc6-private-publication-controlled-focal-e24bc025/epochs/c/preparation/source_support.py.source,added,7d1c5ce69f8b340092f44842dcac465788969324,31518,0,504,0,GENERATED_RAW_OR_CAPTURED_SOURCE
docs/audits/rc6-private-publication-controlled-focal-e24bc025/epochs/c/raw/child.prefixture157.json,added,023391cb8a800e6411c0197444c702b6745e19fa,1806,0,47,0,GENERATED_RAW_OR_CAPTURED_SOURCE
docs/audits/rc6-private-publication-controlled-focal-e24bc025/epochs/c/raw/child.source-after.index.json.gz,added,6f6c83c75de7cb809809e79adda6f6d33ec63d1b,285162,0,-,-,GENERATED_RAW_OR_CAPTURED_SOURCE
docs/audits/rc6-private-publication-controlled-focal-e24bc025/epochs/c/raw/child.source-before.index.json.gz,added,7a4fe9450888a4a13b175f021287d37378d10644,285138,0,-,-,GENERATED_RAW_OR_CAPTURED_SOURCE
docs/audits/rc6-private-publication-controlled-focal-e24bc025/epochs/c/raw/child.tar-before.json,added,312d6ccb7ddb33cd564ba86723f81766666722af,513,0,20,0,GENERATED_RAW_OR_CAPTURED_SOURCE
docs/audits/rc6-private-publication-controlled-focal-e24bc025/epochs/c/raw/clone.stderr,added,fadcad48f03a8e9a1e12ab1f79fcc0d600f31b4e,95,0,2,0,GENERATED_RAW_OR_CAPTURED_SOURCE
docs/audits/rc6-private-publication-controlled-focal-e24bc025/epochs/c/raw/clone.stdout,added,e69de29bb2d1d6434b8b29ae775ad8c2e48c5391,0,0,0,0,GENERATED_RAW_OR_CAPTURED_SOURCE
docs/audits/rc6-private-publication-controlled-focal-e24bc025/epochs/c/raw/collection-before-fixtures.json.gz,added,88a2a20a6b410fa5d911b78cb278ae2a6a7a6c1e,10996,0,-,-,GENERATED_RAW_OR_CAPTURED_SOURCE
docs/audits/rc6-private-publication-controlled-focal-e24bc025/epochs/c/raw/executed-phases.jsonl.gz,added,a422c4073c3621304f3882cde71a6d0b29bcf1e9,33039,0,-,-,GENERATED_RAW_OR_CAPTURED_SOURCE
docs/audits/rc6-private-publication-controlled-focal-e24bc025/epochs/c/raw/focal.log,added,fda2a59eb59bf74d2827dd4aeb4b6bf102637fb1,1363,0,14,0,GENERATED_RAW_OR_CAPTURED_SOURCE
docs/audits/rc6-private-publication-controlled-focal-e24bc025/epochs/c/raw/focal.receipt.json.gz,added,dc70cb5797cc9926477e517dd6e54aa82482f9ba,70495,0,-,-,GENERATED_RAW_OR_CAPTURED_SOURCE
docs/audits/rc6-private-publication-controlled-focal-e24bc025/epochs/c/raw/focal.xml.gz,added,a0806c74fe631cfb0dcd3b648f6b2e76c5a5e28b,10235,0,-,-,GENERATED_RAW_OR_CAPTURED_SOURCE
docs/audits/rc6-private-publication-controlled-focal-e24bc025/epochs/c/raw/kernel.resources.json,added,91708f8140076ffe06d63c396fd76d0297252716,4012,0,118,0,GENERATED_RAW_OR_CAPTURED_SOURCE
docs/audits/rc6-private-publication-controlled-focal-e24bc025/epochs/c/raw/launch.json,added,8ee4b7aa3e1476a2e6480dfb1a77735fdadb1f72,7732,0,236,0,GENERATED_RAW_OR_CAPTURED_SOURCE
docs/audits/rc6-private-publication-controlled-focal-e24bc025/epochs/c/raw/literal-commit.raw,added,288715730500847f182b9b8309d710cac7595a6b,261,0,6,0,GENERATED_RAW_OR_CAPTURED_SOURCE
docs/audits/rc6-private-publication-controlled-focal-e24bc025/epochs/c/raw/literal-tree.raw,added,3ceed1584426c2d40fa5dc3e1906cfd92f6deb66,23012,0,-,-,GENERATED_RAW_OR_CAPTURED_SOURCE
docs/audits/rc6-private-publication-controlled-focal-e24bc025/epochs/c/raw/parent.prefixture157.json,added,023391cb8a800e6411c0197444c702b6745e19fa,1806,0,47,0,GENERATED_RAW_OR_CAPTURED_SOURCE
docs/audits/rc6-private-publication-controlled-focal-e24bc025/epochs/c/raw/parent.source-after.index.json.gz,added,6f6c83c75de7cb809809e79adda6f6d33ec63d1b,285162,0,-,-,GENERATED_RAW_OR_CAPTURED_SOURCE
docs/audits/rc6-private-publication-controlled-focal-e24bc025/epochs/c/raw/parent.source-before.index.json.gz,added,6b2a1a1cd0b2699ed79e2fc5a6a385caa90184ac,285140,0,-,-,GENERATED_RAW_OR_CAPTURED_SOURCE
docs/audits/rc6-private-publication-controlled-focal-e24bc025/epochs/c/raw/runner.py.source,added,73ddd71c3de406217e4962182a9929a287dd8764,52714,0,842,0,GENERATED_RAW_OR_CAPTURED_SOURCE
docs/audits/rc6-private-publication-controlled-focal-e24bc025/epochs/c/raw/source-tar.json,added,312d6ccb7ddb33cd564ba86723f81766666722af,513,0,20,0,GENERATED_RAW_OR_CAPTURED_SOURCE
docs/audits/rc6-private-publication-controlled-focal-e24bc025/epochs/c/raw/source_support.py.source,added,7d1c5ce69f8b340092f44842dcac465788969324,31518,0,504,0,GENERATED_RAW_OR_CAPTURED_SOURCE
docs/audits/rc6-private-publication-controlled-focal-e24bc025/epochs/c/raw/whole-source.tar.gz,added,de02643c76dfbf1209553ff0d378bc1c78b70c93,21685383,0,-,-,GENERATED_RAW_OR_CAPTURED_SOURCE
docs/audits/rc6-private-publication-controlled-focal-e24bc025/epochs/d/preparation/pre-export-admission.json,added,ab7e167eb49b8d72ae66d3b0e5ffeca26d9f4dbb,961,0,21,0,INDEX_MANIFEST_CANDIDATE
docs/audits/rc6-private-publication-controlled-focal-e24bc025/epochs/d/preparation/runner.py.source,added,74e097679e3fef7294c2e0233c367fae95c84f00,57707,0,910,0,GENERATED_RAW_OR_CAPTURED_SOURCE
docs/audits/rc6-private-publication-controlled-focal-e24bc025/epochs/d/preparation/source-only-freeze.json,added,1b8d7917c2ba7de4f92eb707890407b661686b85,2657,0,74,0,INDEX_MANIFEST_CANDIDATE
docs/audits/rc6-private-publication-controlled-focal-e24bc025/epochs/d/preparation/source_support.py.source,added,7d1c5ce69f8b340092f44842dcac465788969324,31518,0,504,0,GENERATED_RAW_OR_CAPTURED_SOURCE
docs/audits/rc6-private-publication-controlled-focal-e24bc025/epochs/d/raw/child.prefixture157.json,added,023391cb8a800e6411c0197444c702b6745e19fa,1806,0,47,0,GENERATED_RAW_OR_CAPTURED_SOURCE
docs/audits/rc6-private-publication-controlled-focal-e24bc025/epochs/d/raw/child.source-after.index.json.gz,added,fa8cc4a9d2bae355dbce5c342c81ac1dbb6be58f,283137,0,-,-,GENERATED_RAW_OR_CAPTURED_SOURCE
docs/audits/rc6-private-publication-controlled-focal-e24bc025/epochs/d/raw/child.source-before.index.json.gz,added,e89b7236a5e0d2c6470967b98548964817754221,283108,0,-,-,GENERATED_RAW_OR_CAPTURED_SOURCE
docs/audits/rc6-private-publication-controlled-focal-e24bc025/epochs/d/raw/child.tar-before.json,added,7a69944830d2c7855e39af67c58e6cf7e3bf768a,513,0,20,0,GENERATED_RAW_OR_CAPTURED_SOURCE
docs/audits/rc6-private-publication-controlled-focal-e24bc025/epochs/d/raw/clone.stderr,added,e34a0d33b33cfc61f2796730909034dabea8caab,95,0,2,0,GENERATED_RAW_OR_CAPTURED_SOURCE
docs/audits/rc6-private-publication-controlled-focal-e24bc025/epochs/d/raw/clone.stdout,added,e69de29bb2d1d6434b8b29ae775ad8c2e48c5391,0,0,0,0,GENERATED_RAW_OR_CAPTURED_SOURCE
docs/audits/rc6-private-publication-controlled-focal-e24bc025/epochs/d/raw/collection-before-fixtures.json.gz,added,48118ad2873657c7c8a1f2698af6255e17c87f59,10997,0,-,-,GENERATED_RAW_OR_CAPTURED_SOURCE
docs/audits/rc6-private-publication-controlled-focal-e24bc025/epochs/d/raw/executed-phases.jsonl.gz,added,030bf1a44edb0a6f1a4aa0946119e537aa4d72b5,33025,0,-,-,GENERATED_RAW_OR_CAPTURED_SOURCE
docs/audits/rc6-private-publication-controlled-focal-e24bc025/epochs/d/raw/focal.log,added,d22d9c72cfd913589753f7224da3805aa8c68ac2,949,0,8,0,GENERATED_RAW_OR_CAPTURED_SOURCE
docs/audits/rc6-private-publication-controlled-focal-e24bc025/epochs/d/raw/focal.receipt.json.gz,added,9780cadf9a36be3b9af62789f11cae4a21da234d,70385,0,-,-,GENERATED_RAW_OR_CAPTURED_SOURCE
docs/audits/rc6-private-publication-controlled-focal-e24bc025/epochs/d/raw/focal.xml.gz,added,5c8b15131c8f74aac4541567377fa063ad793ca5,10212,0,-,-,GENERATED_RAW_OR_CAPTURED_SOURCE
docs/audits/rc6-private-publication-controlled-focal-e24bc025/epochs/d/raw/kernel.resources.json,added,75cf621f12c4cb01d2f9c59923349171e6738736,4619,0,140,0,GENERATED_RAW_OR_CAPTURED_SOURCE
docs/audits/rc6-private-publication-controlled-focal-e24bc025/epochs/d/raw/launch.json,added,bbf9e009b9ffe2e6d63c4b8f3580a935bae63752,7732,0,236,0,GENERATED_RAW_OR_CAPTURED_SOURCE
docs/audits/rc6-private-publication-controlled-focal-e24bc025/epochs/d/raw/literal-commit.raw,added,288715730500847f182b9b8309d710cac7595a6b,261,0,6,0,GENERATED_RAW_OR_CAPTURED_SOURCE
docs/audits/rc6-private-publication-controlled-focal-e24bc025/epochs/d/raw/literal-tree.raw,added,3ceed1584426c2d40fa5dc3e1906cfd92f6deb66,23012,0,-,-,GENERATED_RAW_OR_CAPTURED_SOURCE
docs/audits/rc6-private-publication-controlled-focal-e24bc025/epochs/d/raw/parent.prefixture157.json,added,023391cb8a800e6411c0197444c702b6745e19fa,1806,0,47,0,GENERATED_RAW_OR_CAPTURED_SOURCE
docs/audits/rc6-private-publication-controlled-focal-e24bc025/epochs/d/raw/parent.source-after.index.json.gz,added,fa8cc4a9d2bae355dbce5c342c81ac1dbb6be58f,283137,0,-,-,GENERATED_RAW_OR_CAPTURED_SOURCE
docs/audits/rc6-private-publication-controlled-focal-e24bc025/epochs/d/raw/parent.source-before.index.json.gz,added,cceae6b7db04742556c9c867bf74cb5783e52343,283107,0,-,-,GENERATED_RAW_OR_CAPTURED_SOURCE
docs/audits/rc6-private-publication-controlled-focal-e24bc025/epochs/d/raw/runner.py.source,added,74e097679e3fef7294c2e0233c367fae95c84f00,57707,0,910,0,GENERATED_RAW_OR_CAPTURED_SOURCE
docs/audits/rc6-private-publication-controlled-focal-e24bc025/epochs/d/raw/source-tar.json,added,7a69944830d2c7855e39af67c58e6cf7e3bf768a,513,0,20,0,GENERATED_RAW_OR_CAPTURED_SOURCE
docs/audits/rc6-private-publication-controlled-focal-e24bc025/epochs/d/raw/source_support.py.source,added,7d1c5ce69f8b340092f44842dcac465788969324,31518,0,504,0,GENERATED_RAW_OR_CAPTURED_SOURCE
docs/audits/rc6-private-publication-controlled-focal-e24bc025/epochs/d/raw/whole-source.tar.gz,added,de02643c76dfbf1209553ff0d378bc1c78b70c93,21685383,0,-,-,GENERATED_RAW_OR_CAPTURED_SOURCE
docs/audits/rc6-private-publication-controlled-focal-e24bc025/incidents/external-enumeration-incident-scope-supplement.json,added,0e0fe6670a67325ebab1293c4de6874e05de127a,1121,0,15,0,INDEX_MANIFEST_CANDIDATE
docs/audits/rc6-private-publication-controlled-focal-e24bc025/incidents/external-enumeration-incident.json,added,5623aa772ef0d8e37ae121ed296b7b144fae8270,1931,0,26,0,INDEX_MANIFEST_CANDIDATE
docs/audits/rc6-private-publication-type-identity-controlled-1e2fddc1/CAPSULE.json,added,c0c0e03fe7e961e2f7c356a71af6b07853d2527f,7695,0,142,0,INDEX_MANIFEST_CANDIDATE
docs/audits/rc6-private-publication-type-identity-controlled-1e2fddc1/CUSTODY.json,added,cc4ff82d9470dd998bcc45716cae3495386569ad,46630,0,995,0,INDEX_MANIFEST_CANDIDATE
docs/audits/rc6-private-publication-type-identity-controlled-1e2fddc1/README.md,added,9db348140e709190dfab207bfceed38c2769d789,3582,0,19,0,GOVERNANCE
docs/audits/rc6-private-publication-type-identity-controlled-1e2fddc1/epochs/a/preparation/pre-export-admission.json,added,bd4b7a0712fcbfa98e83be9958b7763923674090,596,0,16,0,INDEX_MANIFEST_CANDIDATE
docs/audits/rc6-private-publication-type-identity-controlled-1e2fddc1/epochs/a/preparation/preparation-a-red.json,added,dfc508df02f81b13ab279367e4f5204541049c07,1730,0,40,0,INDEX_MANIFEST_CANDIDATE
docs/audits/rc6-private-publication-type-identity-controlled-1e2fddc1/epochs/a/preparation/runner.py.source,added,bf33e9a867243f0c12e4f1f055b16b0c6a889824,57773,0,911,0,GENERATED_RAW_OR_CAPTURED_SOURCE
docs/audits/rc6-private-publication-type-identity-controlled-1e2fddc1/epochs/a/preparation/source-only-freeze.json,added,dd766b0cc8b12be8e62c2567f5cc36a9245f4025,1618,0,42,0,INDEX_MANIFEST_CANDIDATE
docs/audits/rc6-private-publication-type-identity-controlled-1e2fddc1/epochs/a/preparation/source_support.py.source,added,7d1c5ce69f8b340092f44842dcac465788969324,31518,0,504,0,GENERATED_RAW_OR_CAPTURED_SOURCE
docs/audits/rc6-private-publication-type-identity-controlled-1e2fddc1/epochs/b/dispatch/dispatch.source-only.json,added,357d52290acacefc3739bcf4c08cefd5ecfcdcdc,1937,0,51,0,INDEX_MANIFEST_CANDIDATE
docs/audits/rc6-private-publication-type-identity-controlled-1e2fddc1/epochs/b/dispatch/launch.stderr.log,added,e69de29bb2d1d6434b8b29ae775ad8c2e48c5391,0,0,0,0,GENERATED_RAW_OR_CAPTURED_SOURCE
docs/audits/rc6-private-publication-type-identity-controlled-1e2fddc1/epochs/b/dispatch/launch.stdout.log,added,e781eba00dca6d3087bcf84c2e2f39ff72c2b506,1165,0,2,0,GENERATED_RAW_OR_CAPTURED_SOURCE
docs/audits/rc6-private-publication-type-identity-controlled-1e2fddc1/epochs/b/raw/child.prefixture157.json,added,023391cb8a800e6411c0197444c702b6745e19fa,1806,0,47,0,GENERATED_RAW_OR_CAPTURED_SOURCE
docs/audits/rc6-private-publication-type-identity-controlled-1e2fddc1/epochs/b/raw/child.source-after.index.json.gz,added,e83ccada9e1e71dbd112fbe148be48ff325118b0,254600,0,-,-,GENERATED_RAW_OR_CAPTURED_SOURCE
docs/audits/rc6-private-publication-type-identity-controlled-1e2fddc1/epochs/b/raw/child.source-before.index.json.gz,added,bff0d8076579c03e32ce8e6567e85bae646a1278,254582,0,-,-,GENERATED_RAW_OR_CAPTURED_SOURCE
docs/audits/rc6-private-publication-type-identity-controlled-1e2fddc1/epochs/b/raw/child.tar-before.json,added,dd5c4bc1c247edb167839bf03cc3f642994bb9b6,515,0,20,0,GENERATED_RAW_OR_CAPTURED_SOURCE
docs/audits/rc6-private-publication-type-identity-controlled-1e2fddc1/epochs/b/raw/clone.stderr,added,95fe4465bf5eb5b705667b3b6b4c102988f1ec64,95,0,2,0,GENERATED_RAW_OR_CAPTURED_SOURCE
docs/audits/rc6-private-publication-type-identity-controlled-1e2fddc1/epochs/b/raw/clone.stdout,added,e69de29bb2d1d6434b8b29ae775ad8c2e48c5391,0,0,0,0,GENERATED_RAW_OR_CAPTURED_SOURCE
docs/audits/rc6-private-publication-type-identity-controlled-1e2fddc1/epochs/b/raw/collection-before-fixtures.json.gz,added,22690c0c8cecbb543c2e8569f7df26a78cdf1efe,9983,0,-,-,GENERATED_RAW_OR_CAPTURED_SOURCE
docs/audits/rc6-private-publication-type-identity-controlled-1e2fddc1/epochs/b/raw/executed-phases.jsonl.gz,added,8a65eda29a857e24231f0fc4831ad1af7fb3d7af,29268,0,-,-,GENERATED_RAW_OR_CAPTURED_SOURCE
docs/audits/rc6-private-publication-type-identity-controlled-1e2fddc1/epochs/b/raw/focal.log,added,f26cefbf0ca3b3b957535c5435e6790a857a9116,949,0,8,0,GENERATED_RAW_OR_CAPTURED_SOURCE
docs/audits/rc6-private-publication-type-identity-controlled-1e2fddc1/epochs/b/raw/focal.receipt.json.gz,added,81db4cd94f41bff4066411ca769286014d578fa4,62357,0,-,-,GENERATED_RAW_OR_CAPTURED_SOURCE
docs/audits/rc6-private-publication-type-identity-controlled-1e2fddc1/epochs/b/raw/focal.xml.gz,added,d454cccaa4a2bc2cab29ea1d1b68b7157d70b5a7,9124,0,-,-,GENERATED_RAW_OR_CAPTURED_SOURCE
docs/audits/rc6-private-publication-type-identity-controlled-1e2fddc1/epochs/b/raw/kernel.resources.json,added,d60c86f5a803c940ceaaf698e7cecd0952e4db63,4637,0,140,0,GENERATED_RAW_OR_CAPTURED_SOURCE
docs/audits/rc6-private-publication-type-identity-controlled-1e2fddc1/epochs/b/raw/launch.json,added,2264044de03c342a66ddaf8e68766b1df411b93c,7800,0,237,0,GENERATED_RAW_OR_CAPTURED_SOURCE
docs/audits/rc6-private-publication-type-identity-controlled-1e2fddc1/epochs/b/raw/literal-commit.raw,added,5238cfae96bd579211c66ea9133206bd344f47f2,262,0,6,0,GENERATED_RAW_OR_CAPTURED_SOURCE
docs/audits/rc6-private-publication-type-identity-controlled-1e2fddc1/epochs/b/raw/literal-tree.raw,added,f7f19a71483342df18061f14213fe1cc25b2114c,23012,0,-,-,GENERATED_RAW_OR_CAPTURED_SOURCE
docs/audits/rc6-private-publication-type-identity-controlled-1e2fddc1/epochs/b/raw/parent.prefixture157.json,added,023391cb8a800e6411c0197444c702b6745e19fa,1806,0,47,0,GENERATED_RAW_OR_CAPTURED_SOURCE
docs/audits/rc6-private-publication-type-identity-controlled-1e2fddc1/epochs/b/raw/parent.source-after.index.json.gz,added,e83ccada9e1e71dbd112fbe148be48ff325118b0,254600,0,-,-,GENERATED_RAW_OR_CAPTURED_SOURCE
docs/audits/rc6-private-publication-type-identity-controlled-1e2fddc1/epochs/b/raw/parent.source-before.index.json.gz,added,ab09af5fca1616e5e30efc41164c94c825f15197,254577,0,-,-,GENERATED_RAW_OR_CAPTURED_SOURCE
docs/audits/rc6-private-publication-type-identity-controlled-1e2fddc1/epochs/b/raw/runner.py.source,added,bf33e9a867243f0c12e4f1f055b16b0c6a889824,57773,0,911,0,GENERATED_RAW_OR_CAPTURED_SOURCE
docs/audits/rc6-private-publication-type-identity-controlled-1e2fddc1/epochs/b/raw/source-tar.json,added,dd5c4bc1c247edb167839bf03cc3f642994bb9b6,515,0,20,0,GENERATED_RAW_OR_CAPTURED_SOURCE
docs/audits/rc6-private-publication-type-identity-controlled-1e2fddc1/epochs/b/raw/source_support.py.source,added,7d1c5ce69f8b340092f44842dcac465788969324,31518,0,504,0,GENERATED_RAW_OR_CAPTURED_SOURCE
docs/audits/rc6_convergence_finance/acceptance_review.md,added,72bd891e0cc3d2c9280275e46a97f50ecbfd8a08,17832,0,235,0,GOVERNANCE
docs/audits/rc6_convergence_finance/closure_mixed_checkout_proof.txt,added,3c4de203dff34b74f23f309b9b394d417c7f35e8,1780,0,13,0,GOVERNANCE
docs/audits/rc6_convergence_finance/closure_native_green_98153a8f_receipt.json,added,1dc608f6b982f19e0f8b2e042c91739bc413be95,296766,0,2676,0,INDEX_MANIFEST_CANDIDATE
docs/audits/rc6_convergence_finance/closure_native_green_98153a8f_tests.xml,added,47470d226fadd316bab866342fd42c923fa52e1f,3733,0,1,0,GENERATED_RAW_OR_CAPTURED_SOURCE
docs/audits/rc6_convergence_finance/closure_preservation_red_7175d956_receipt.json,added,e8417f8a8882a8499b9c3254aa3171caf969aa58,5200,0,96,0,INDEX_MANIFEST_CANDIDATE
docs/audits/rc6_convergence_finance/closure_preservation_red_7175d956_tests.xml,added,05d3e8963d98f8f4289d821534de8fe1ed632279,14572,0,177,0,GENERATED_RAW_OR_CAPTURED_SOURCE
docs/audits/rc6_convergence_finance/consolidated_finance_evidence.json,added,f6b02c629691c42656180427737699d8b050cba5,106640,0,1818,0,INDEX_MANIFEST_CANDIDATE
docs/audits/rc6_convergence_finance/core_finance_review_receipt.json,added,d9378e40abc879e90db1eb3f87fef83820f6975a,3752,0,75,0,INDEX_MANIFEST_CANDIDATE
docs/audits/rc6_convergence_finance/core_finance_review_tests.xml,added,4f8ead4867879996ad935d3fd43f9baf31a40fe2,1967,0,1,0,GENERATED_RAW_OR_CAPTURED_SOURCE
docs/audits/rc6_convergence_finance/evidence_manifest.json,added,195f9c8118f905d3714a22c46524760413e74e5b,8192,0,176,0,INDEX_MANIFEST_CANDIDATE
docs/audits/rc6_convergence_finance/exact_page_storage_contract.md,added,b846a168a2e858923c1911c40d69d8d6e510b14d,4891,0,76,0,GOVERNANCE
docs/audits/rc6_convergence_finance/exact_page_storage_prototype_receipt.json,added,f328b4f4413c23b73d5edc1195b069dacb3c8e41,39335,0,428,0,INDEX_MANIFEST_CANDIDATE
docs/audits/rc6_convergence_finance/field_authority_matrix.md,added,ba348f19b3271fe41963568543ab0ec48c0c0155,10583,0,40,0,GOVERNANCE
docs/audits/rc6_convergence_finance/finance_focused_receipt.json,added,d653a7c4730109e9757e5c51b5f522ba7ee98855,5254,0,91,0,INDEX_MANIFEST_CANDIDATE
docs/audits/rc6_convergence_finance/finance_focused_tests.xml,added,474424b312faf723c1bc89e2bcfd9321a95d34d1,17133,0,1,0,GENERATED_RAW_OR_CAPTURED_SOURCE
docs/audits/rc6_convergence_finance/green_integrated_worktree.json,added,b7f03a29bbce312bd701bda8502ea8277be98d64,8446,0,315,0,INDEX_MANIFEST_CANDIDATE
docs/audits/rc6_convergence_finance/historical_semantic_review_tests.xml,added,4abf4527a2099270b92e72ba1c99586bbb47ebbf,831,0,1,0,GENERATED_RAW_OR_CAPTURED_SOURCE
docs/audits/rc6_convergence_finance/integrated_native_tests.xml,added,a349a391bc7ad1b8ff7420da833311fe5fffb758,26356,0,1,0,GENERATED_RAW_OR_CAPTURED_SOURCE
docs/audits/rc6_convergence_finance/lab_cost_link_followup_tests.xml,added,8a03565998a3aada49c982f390b17b7270335bcb,9326,0,1,0,GENERATED_RAW_OR_CAPTURED_SOURCE
docs/audits/rc6_convergence_finance/lab_phase_review_receipt.json,added,d7e53cc98e241b0b355e4b8ae47612a9ceb27298,3835,0,49,0,INDEX_MANIFEST_CANDIDATE
docs/audits/rc6_convergence_finance/lab_phase_review_tests.xml,added,ad13eb5e6201119de4dded052e86dc47c06d99e4,10996,0,1,0,GENERATED_RAW_OR_CAPTURED_SOURCE
docs/audits/rc6_convergence_finance/original_core_audit_replay_review.md,added,d7c3a1878186b36584a2ff00f3b3552c7b2e88f1,7455,0,42,0,GOVERNANCE
docs/audits/rc6_convergence_finance/original_core_c27dfd9_replay_receipt.json,added,9f283368ec8802fe77fc1636603e36a67dc1c744,361934,0,4114,0,INDEX_MANIFEST_CANDIDATE
docs/audits/rc6_convergence_finance/original_snapshot_sources_c27_replay_receipt.json,added,af0691f47a5ff5d8b13401b67cbc199b02cadae1,337510,0,3363,0,INDEX_MANIFEST_CANDIDATE
docs/audits/rc6_convergence_finance/original_snapshot_sources_replay_review.md,added,1e5433bc62e274dcaf7898cc6be94d8c083bf39e,8217,0,40,0,GOVERNANCE
docs/audits/rc6_convergence_finance/persistence_independent_review.md,added,a4c0bb5828991ec05a4ab908f8c2452284d5de18,3872,0,56,0,GOVERNANCE
docs/audits/rc6_convergence_finance/probes/exact_page_storage_prototype.py,added,2dfddd52ab8149f1772f270c4ec7b00280f14841,12826,0,263,0,GOVERNANCE
docs/audits/rc6_convergence_finance/probes/exact_page_storage_prototype_tests.py,added,fb213272344ad3502718ee44cf2ffae639b6ff8d,12609,0,247,0,GOVERNANCE
docs/audits/rc6_convergence_finance/probes/original_snapshot_sources_archive_probe.py,added,48d987cc5b2d4697f9730ded06054f496c18a297,20247,0,291,0,GOVERNANCE
docs/audits/rc6_convergence_finance/projection_index_derivation_review.md,added,3d556aa5bcc89ef38c17f22ad9772b48f9332dfa,7521,0,120,0,GOVERNANCE
docs/audits/rc6_convergence_finance/projection_index_green_f6e46b9d_receipt.json,added,9440f052c5db2ec66d0cac2b106a325c0fe97b54,376015,0,3488,0,INDEX_MANIFEST_CANDIDATE
docs/audits/rc6_convergence_finance/projection_index_red_e321d8ad_receipt.json,added,12d6e0a79a687a09fd1c773879c13ecafc011d3d,347267,0,3274,0,INDEX_MANIFEST_CANDIDATE
docs/audits/rc6_convergence_finance/red_c27dfd9.json,added,91bfb04848cc2bc22e532365ef4ec4148ec9cb47,8423,0,315,0,INDEX_MANIFEST_CANDIDATE
docs/audits/rc6_convergence_finance/retention_ack_resume_green_b82666db.json,added,0a70ba7456a4957585863c24c196a3ab91215b67,2054,0,44,0,INDEX_MANIFEST_CANDIDATE
docs/audits/rc6_convergence_finance/retention_ack_resume_green_worktree.json,added,2838d272408484bea59b05fa4f3a236886b411f4,2028,0,44,0,INDEX_MANIFEST_CANDIDATE
docs/audits/rc6_convergence_finance/retention_ack_resume_red_2fb29369.json,added,9215e280e78c0f2796a19654a4a7530471a116d5,2096,0,44,0,INDEX_MANIFEST_CANDIDATE
docs/dashboard/RC6_COMMITTED_PROJECTION_UX.md,added,3ae41ced6ff3584d5e3c261f7ff9898f790f4dfe,11249,0,165,0,GOVERNANCE
docs/dashboard/RC6_CONVERGENCE_UX470_AUD14_15_16.md,added,04d2eafa0be36f342204aae08a33fc6b2ab3d136,11643,0,51,0,GOVERNANCE
docs/dashboard/WS_DASH_TRADER_TERMINAL_08_ACCEPTANCE.json,added,fff28ca8db98009d28b39d9d40d16135af5b4ac8,19635,0,374,0,INDEX_MANIFEST_CANDIDATE
docs/dashboard/WS_DASH_TRADER_TERMINAL_08_ARCHITECTURE_2026-10-04.md,added,3289bf21e3cf7231e397fe3a86e0bac390cd197d,28722,0,1105,0,GOVERNANCE
docs/dashboard/WS_DASH_TRADER_TERMINAL_08_HANDOFF.md,added,2f22e884ea03f2305a4639fb5bcdc426e2870b4e,9205,0,58,0,GOVERNANCE
docs/dashboard/evidence/rc6-convergence-ux/PREPARED_SMALL_SOURCE_CONTRACT.md,added,9acaeacdcf44077af5b87162737249f23b4921bc,5778,0,19,0,GOVERNANCE
docs/dashboard/evidence/rc6-convergence-ux/browser-driver-product-contract.md,added,48bfefb3236e67becfb6f6c35f930e44e5469185,5396,0,88,0,GOVERNANCE
docs/dashboard/evidence/rc6-convergence-ux/browser-native/browser-gate.json,added,e27e3ddc2b019a39119691fa2febbf4b999ac764,45665,0,2027,0,INDEX_MANIFEST_CANDIDATE
docs/dashboard/evidence/rc6-convergence-ux/browser-native/instrumentos-1024.png,added,127b4546aff4f930197c07d56b4b7093e2dbc1ed,95418,0,-,-,BINARY
docs/dashboard/evidence/rc6-convergence-ux/browser-native/instrumentos-1280.png,added,08ce102a3f9cec5b668165732ef8527574847226,136609,0,-,-,BINARY
docs/dashboard/evidence/rc6-convergence-ux/browser-native/instrumentos-1440.png,added,814092a3c7854779ef2b3ecb426f0dc3c079faef,137943,0,-,-,BINARY
docs/dashboard/evidence/rc6-convergence-ux/browser-native/instrumentos-360.png,added,533f3a347f7ec86ab47a82691ab874a658b86b23,61407,0,-,-,BINARY
docs/dashboard/evidence/rc6-convergence-ux/browser-native/instrumentos-600.png,added,0ce05eebeacb9008474eabdc5541cff926dbda56,74991,0,-,-,BINARY
docs/dashboard/evidence/rc6-convergence-ux/browser-native/instrumentos-800.png,added,5150521625ccccdddc822adf820d29694a674f3a,89069,0,-,-,BINARY
docs/dashboard/evidence/rc6-convergence-ux/browser-native/native-capacity-off.png,added,7d558280eb0d9a28357487e378873bc627b9968c,92227,0,-,-,BINARY
docs/dashboard/evidence/rc6-convergence-ux/browser-product-ipc-b6fd4c21-311.xml,added,c21aa2cdc2b73f5809ff9040382ab07a0006c873,4204094,0,1,0,GENERATED_RAW_OR_CAPTURED_SOURCE
docs/dashboard/evidence/rc6-convergence-ux/browser-product-ipc-b6fd4c21-312.xml,added,7ecfb64b181befdcbea880689078d479d32213ed,4204094,0,1,0,GENERATED_RAW_OR_CAPTURED_SOURCE
docs/dashboard/evidence/rc6-convergence-ux/browser-product-ipc-b6fd4c21-receipt.json,added,aa1a3989cc0090f0071ac558aedebc8d7e7ed0fb,8417377,0,362,0,INDEX_MANIFEST_CANDIDATE
docs/dashboard/evidence/rc6-convergence-ux/browser-projected/browser-gate.json,added,2c4a64518db0336efc2dd2b3743c0d7545748555,46016,0,2055,0,INDEX_MANIFEST_CANDIDATE
docs/dashboard/evidence/rc6-convergence-ux/browser-projected/instrumentos-1024.png,added,127b4546aff4f930197c07d56b4b7093e2dbc1ed,95418,0,-,-,BINARY
docs/dashboard/evidence/rc6-convergence-ux/browser-projected/instrumentos-1280.png,added,08ce102a3f9cec5b668165732ef8527574847226,136609,0,-,-,BINARY
docs/dashboard/evidence/rc6-convergence-ux/browser-projected/instrumentos-1440.png,added,814092a3c7854779ef2b3ecb426f0dc3c079faef,137943,0,-,-,BINARY
docs/dashboard/evidence/rc6-convergence-ux/browser-projected/instrumentos-360.png,added,533f3a347f7ec86ab47a82691ab874a658b86b23,61407,0,-,-,BINARY
docs/dashboard/evidence/rc6-convergence-ux/browser-projected/instrumentos-600.png,added,0ce05eebeacb9008474eabdc5541cff926dbda56,74991,0,-,-,BINARY
docs/dashboard/evidence/rc6-convergence-ux/browser-projected/instrumentos-800.png,added,5150521625ccccdddc822adf820d29694a674f3a,89069,0,-,-,BINARY
docs/dashboard/evidence/rc6-convergence-ux/browser-projected/native-capacity-off.png,added,42b3969556c173d6a3b0dcc8a21d0e9fe7a5bd22,93098,0,-,-,BINARY
docs/dashboard/evidence/rc6-convergence-ux/causal-risk-green.xml,added,cb18e465039c2154c72d347d187dd37ba84561b0,19681,0,1,0,GENERATED_RAW_OR_CAPTURED_SOURCE
docs/dashboard/evidence/rc6-convergence-ux/committed-projection-local-receipt.json,added,0229f49a172dd2568ebf3352f26648de94434ca7,6148,0,160,0,INDEX_MANIFEST_CANDIDATE
docs/dashboard/evidence/rc6-convergence-ux/diagnostico-v2-guards.xml,added,ced2d7d2d7741876349749a9993c8c98c9ad54bf,3611,0,1,0,GENERATED_RAW_OR_CAPTURED_SOURCE
docs/dashboard/evidence/rc6-convergence-ux/diagnostico-v2-local-receipt.json,added,5df6556f333f3b7b7b8db43be8a55cdccc2e3e20,7458,0,166,0,INDEX_MANIFEST_CANDIDATE
docs/dashboard/evidence/rc6-convergence-ux/diagnostico-v2-small-native-cli.json,added,80a489de2459678602fcfe27b1ec3706ec2041d4,76384,0,1770,0,INDEX_MANIFEST_CANDIDATE
docs/dashboard/evidence/rc6-convergence-ux/exact-archive-gate-wrapper-59481b3e.py,added,4a310c08768b7a6407d791936339ab21f33dfe34,3821,0,68,0,GOVERNANCE
docs/dashboard/evidence/rc6-convergence-ux/exact-archive-wrapper-output-negatives-with-custody.json,added,ffb7edf60705b39088aa5ae8d27eae5f2414f530,3076,0,97,0,INDEX_MANIFEST_CANDIDATE
docs/dashboard/evidence/rc6-convergence-ux/exact-archive-wrapper-output-negatives.json,added,9aa1f98ff309665054ba8650213e4c98275fcb31,3060,0,97,0,INDEX_MANIFEST_CANDIDATE
docs/dashboard/evidence/rc6-convergence-ux/expired-cut-native-green.xml,added,f9e087fb7a640cede8b29be2a637c71e0f793ca3,406,0,1,0,GENERATED_RAW_OR_CAPTURED_SOURCE
docs/dashboard/evidence/rc6-convergence-ux/family-health-function-scope-9e36e92a/EXECUTION_SUMMARY.json,added,60e0c87a4a7a2661434bb6845a2e01487542962d,4069,0,107,0,INDEX_MANIFEST_CANDIDATE
docs/dashboard/evidence/rc6-convergence-ux/family-health-function-scope-9e36e92a/MANIFEST.json,added,b78331bb810b0efb52e352439b75f2304a73b534,21783,0,419,0,INDEX_MANIFEST_CANDIDATE
docs/dashboard/evidence/rc6-convergence-ux/family-health-function-scope-9e36e92a/README.md,added,078b286b6cfdf3e4f6890e6900d4887c05eac8b1,2070,0,9,0,GOVERNANCE
docs/dashboard/evidence/rc6-convergence-ux/family-health-function-scope-9e36e92a/complete311-MULTIFAMILY-observed-launcher-COMPLETE.json,added,e06ed9c341886cf5c66d7f1c656f7417cca701eb,1472,0,39,0,INDEX_MANIFEST_CANDIDATE
docs/dashboard/evidence/rc6-convergence-ux/family-health-function-scope-9e36e92a/complete311-MULTIFAMILY-producer-DATA_READY.json.gz,added,541fdbe20d4e0b0dd6feeee72bf69c2b09e42ba4,16241,0,-,-,BINARY
docs/dashboard/evidence/rc6-convergence-ux/family-health-function-scope-9e36e92a/complete311-MULTIFAMILY-producer-progress.jsonl,added,d4cd6a7437657b6032baf064a5815f888c711e04,3550,0,31,0,GOVERNANCE
docs/dashboard/evidence/rc6-convergence-ux/family-health-function-scope-9e36e92a/complete311-MULTIFAMILY-producer-stderr.raw,added,e69de29bb2d1d6434b8b29ae775ad8c2e48c5391,0,0,0,0,GOVERNANCE
docs/dashboard/evidence/rc6-convergence-ux/family-health-function-scope-9e36e92a/complete311-MULTIFAMILY-producer-stdout.raw.gz,added,541fdbe20d4e0b0dd6feeee72bf69c2b09e42ba4,16241,0,-,-,BINARY
docs/dashboard/evidence/rc6-convergence-ux/family-health-function-scope-9e36e92a/complete311-NORMAL-observed-launcher-COMPLETE.json,added,aea116a2e123fec22c191962af2fd26d0d4471ea,1454,0,39,0,INDEX_MANIFEST_CANDIDATE
docs/dashboard/evidence/rc6-convergence-ux/family-health-function-scope-9e36e92a/complete311-NORMAL-producer-DATA_READY.json,added,79bc638b7f10ce05e5ac8c5779475cb67e719829,55936,0,1,0,INDEX_MANIFEST_CANDIDATE
docs/dashboard/evidence/rc6-convergence-ux/family-health-function-scope-9e36e92a/complete311-NORMAL-producer-progress.jsonl,added,a9fd0892e3579c0dee27414460a2bd8af4935c03,3545,0,31,0,GOVERNANCE
docs/dashboard/evidence/rc6-convergence-ux/family-health-function-scope-9e36e92a/complete311-NORMAL-producer-stderr.raw,added,e69de29bb2d1d6434b8b29ae775ad8c2e48c5391,0,0,0,0,GOVERNANCE
docs/dashboard/evidence/rc6-convergence-ux/family-health-function-scope-9e36e92a/complete311-NORMAL-producer-stdout.raw,added,79bc638b7f10ce05e5ac8c5779475cb67e719829,55936,0,1,0,GOVERNANCE
docs/dashboard/evidence/rc6-convergence-ux/family-health-function-scope-9e36e92a/complete312-MULTIFAMILY-observed-launcher-COMPLETE.json,added,45d210006175eb987386508eaa1338e26ffcc34a,1464,0,39,0,INDEX_MANIFEST_CANDIDATE
docs/dashboard/evidence/rc6-convergence-ux/family-health-function-scope-9e36e92a/complete312-MULTIFAMILY-producer-DATA_READY.json.gz,added,ffad7abbec07cab533ff297ed5292d4c9b2408be,16227,0,-,-,BINARY
docs/dashboard/evidence/rc6-convergence-ux/family-health-function-scope-9e36e92a/complete312-MULTIFAMILY-producer-progress.jsonl,added,9683032eeeaca71304dec4b9a65f993a996fb5be,3540,0,31,0,GOVERNANCE
docs/dashboard/evidence/rc6-convergence-ux/family-health-function-scope-9e36e92a/complete312-MULTIFAMILY-producer-stderr.raw,added,e69de29bb2d1d6434b8b29ae775ad8c2e48c5391,0,0,0,0,GOVERNANCE
docs/dashboard/evidence/rc6-convergence-ux/family-health-function-scope-9e36e92a/complete312-MULTIFAMILY-producer-stdout.raw.gz,added,ffad7abbec07cab533ff297ed5292d4c9b2408be,16227,0,-,-,BINARY
docs/dashboard/evidence/rc6-convergence-ux/family-health-function-scope-9e36e92a/complete312-NORMAL-observed-launcher-COMPLETE.json,added,3fdb895717a130943e5a2143f2dd48b4451cb977,1448,0,39,0,INDEX_MANIFEST_CANDIDATE
docs/dashboard/evidence/rc6-convergence-ux/family-health-function-scope-9e36e92a/complete312-NORMAL-producer-DATA_READY.json,added,8f1759590a139c94e86dffe26e93db19291121c3,55931,0,1,0,INDEX_MANIFEST_CANDIDATE
docs/dashboard/evidence/rc6-convergence-ux/family-health-function-scope-9e36e92a/complete312-NORMAL-producer-progress.jsonl,added,a2768d823d4ed73f3d4e792ee76cea58bb88b3a2,3547,0,31,0,GOVERNANCE
docs/dashboard/evidence/rc6-convergence-ux/family-health-function-scope-9e36e92a/complete312-NORMAL-producer-stderr.raw,added,e69de29bb2d1d6434b8b29ae775ad8c2e48c5391,0,0,0,0,GOVERNANCE
docs/dashboard/evidence/rc6-convergence-ux/family-health-function-scope-9e36e92a/complete312-NORMAL-producer-stdout.raw,added,8f1759590a139c94e86dffe26e93db19291121c3,55931,0,1,0,GOVERNANCE
docs/dashboard/evidence/rc6-convergence-ux/family-health-function-scope-9e36e92a/focal311-MULTIFAMILY-observed-launcher-COMPLETE.json,added,7a61790a85971b96195941629f39ff0bc32363c3,1462,0,39,0,INDEX_MANIFEST_CANDIDATE
docs/dashboard/evidence/rc6-convergence-ux/family-health-function-scope-9e36e92a/focal311-MULTIFAMILY-producer-DATA_READY.json.gz,added,6205a4a4a59f526d49c88586bc2ca287c50eaf1a,16228,0,-,-,BINARY
docs/dashboard/evidence/rc6-convergence-ux/family-health-function-scope-9e36e92a/focal311-MULTIFAMILY-producer-progress.jsonl,added,967198e1612c49ee8c6b29cb843361abd0335094,3546,0,31,0,GOVERNANCE
docs/dashboard/evidence/rc6-convergence-ux/family-health-function-scope-9e36e92a/focal311-MULTIFAMILY-producer-stderr.raw,added,e69de29bb2d1d6434b8b29ae775ad8c2e48c5391,0,0,0,0,GOVERNANCE
docs/dashboard/evidence/rc6-convergence-ux/family-health-function-scope-9e36e92a/focal311-MULTIFAMILY-producer-stdout.raw.gz,added,6205a4a4a59f526d49c88586bc2ca287c50eaf1a,16228,0,-,-,BINARY
docs/dashboard/evidence/rc6-convergence-ux/family-health-function-scope-9e36e92a/functional-run.py,added,70f1b5679fd7d79c9fe5c38ff82077f46db1bd22,10598,0,182,0,GOVERNANCE
docs/dashboard/evidence/rc6-convergence-ux/family-health-function-scope-9e36e92a/preparation.json,added,fad8cd3d5d29fd8a26b205d8ed3bf2f77617fd00,1767,0,33,0,INDEX_MANIFEST_CANDIDATE
docs/dashboard/evidence/rc6-convergence-ux/family-health-function-scope-9e36e92a/prepared-small-complete-311-receipt.json.gz,added,2c15b339897f7d93dd80fcb0bac27072ea64783e,284145,0,-,-,BINARY
docs/dashboard/evidence/rc6-convergence-ux/family-health-function-scope-9e36e92a/prepared-small-complete-311-started.json.gz,added,3b07150a37cba168d628930b9f1885ee6da45d73,143426,0,-,-,BINARY
docs/dashboard/evidence/rc6-convergence-ux/family-health-function-scope-9e36e92a/prepared-small-complete-311.stderr,added,e69de29bb2d1d6434b8b29ae775ad8c2e48c5391,0,0,0,0,GOVERNANCE
docs/dashboard/evidence/rc6-convergence-ux/family-health-function-scope-9e36e92a/prepared-small-complete-311.stdout.gz,added,79bbc160ae1972801f3b9da2a6d636012681d243,7161,0,-,-,BINARY
docs/dashboard/evidence/rc6-convergence-ux/family-health-function-scope-9e36e92a/prepared-small-complete-311.xml.gz,added,2e21a7f563e34e04f5b47450d3cb2752f57bf613,7164,0,-,-,BINARY
docs/dashboard/evidence/rc6-convergence-ux/family-health-function-scope-9e36e92a/prepared-small-complete-312-receipt.json.gz,added,af4a298458c1fba72a956cd5e4d74dc9f5a0b9ec,284138,0,-,-,BINARY
docs/dashboard/evidence/rc6-convergence-ux/family-health-function-scope-9e36e92a/prepared-small-complete-312-started.json.gz,added,db3c2fd8ba27b3311428aae3673349ee6420c303,143421,0,-,-,BINARY
docs/dashboard/evidence/rc6-convergence-ux/family-health-function-scope-9e36e92a/prepared-small-complete-312.stderr,added,e69de29bb2d1d6434b8b29ae775ad8c2e48c5391,0,0,0,0,GOVERNANCE
docs/dashboard/evidence/rc6-convergence-ux/family-health-function-scope-9e36e92a/prepared-small-complete-312.stdout.gz,added,8addc571a56c5847cc9788ce469935a3a001f7f2,7159,0,-,-,BINARY
docs/dashboard/evidence/rc6-convergence-ux/family-health-function-scope-9e36e92a/prepared-small-complete-312.xml.gz,added,4a454c14819387ac02d64b240358b82c5f8c3cfc,7156,0,-,-,BINARY
docs/dashboard/evidence/rc6-convergence-ux/family-health-function-scope-9e36e92a/prepared-small-focal-311-receipt.json.gz,added,c16557d2bab6154ada141f33c497e7e2b2b98666,284212,0,-,-,BINARY
docs/dashboard/evidence/rc6-convergence-ux/family-health-function-scope-9e36e92a/prepared-small-focal-311-started.json.gz,added,12eba5b1d207f191ad7395b3a478c32c22fc5e35,143498,0,-,-,BINARY
docs/dashboard/evidence/rc6-convergence-ux/family-health-function-scope-9e36e92a/prepared-small-focal-311.stderr,added,e69de29bb2d1d6434b8b29ae775ad8c2e48c5391,0,0,0,0,GOVERNANCE
docs/dashboard/evidence/rc6-convergence-ux/family-health-function-scope-9e36e92a/prepared-small-focal-311.stdout,added,3acb74eca8b3d778fa04b88235517848ad5c72c5,774,0,11,0,GOVERNANCE
docs/dashboard/evidence/rc6-convergence-ux/family-health-function-scope-9e36e92a/prepared-small-focal-311.xml,added,c58d7dbd107a468fe54d0814d7ef54a91c8d7f59,603,0,1,0,GENERATED_RAW_OR_CAPTURED_SOURCE
docs/dashboard/evidence/rc6-convergence-ux/family-health-function-scope-9e36e92a/source.commit.raw,added,93982bf64c42b57352e055aa0eb943a8a7bb15b7,271,0,6,0,GOVERNANCE
docs/dashboard/evidence/rc6-convergence-ux/family-health-function-scope-9e36e92a/source.index.json.gz,added,c1317e0b9a7a0db706d095dd2ca6351d3ba70cf6,173790,0,-,-,BINARY
docs/dashboard/evidence/rc6-convergence-ux/family-health-original-6d2a9f14-311/README.md,added,d0521ed0b8b12ff05c744f0738ea21a708942671,1301,0,7,0,GOVERNANCE
docs/dashboard/evidence/rc6-convergence-ux/family-health-original-6d2a9f14-311/family-health-311-original-failure-summary.json,added,d432829b127b041c5fac3aa8cd3f62d6d995ee5f,10976,0,114,0,INDEX_MANIFEST_CANDIDATE
docs/dashboard/evidence/rc6-convergence-ux/family-health-original-6d2a9f14-311/family-health-311-receipt.json.gz,added,d1972e298823920853d74ebae34685a869876307,281447,0,-,-,BINARY
docs/dashboard/evidence/rc6-convergence-ux/family-health-original-6d2a9f14-311/family-health-311-started.json.gz,added,0f15ab1dc7c5f2c5c2157fb1f2a770cd7c326fa5,142072,0,-,-,BINARY
docs/dashboard/evidence/rc6-convergence-ux/family-health-original-6d2a9f14-311/family-health-311.stderr,added,e69de29bb2d1d6434b8b29ae775ad8c2e48c5391,0,0,0,0,GOVERNANCE
docs/dashboard/evidence/rc6-convergence-ux/family-health-original-6d2a9f14-311/family-health-311.stdout.gz,added,da41feec1d6aed5a21231ad12a469d2bd0028ad6,7192,0,-,-,BINARY
docs/dashboard/evidence/rc6-convergence-ux/family-health-original-6d2a9f14-311/family-health-311.xml.gz,added,e1a571bffc1411d475a4f7497e1ea543cd329c24,7101,0,-,-,BINARY
docs/dashboard/evidence/rc6-convergence-ux/family-health-original-6d2a9f14-311/functional-run.py,added,6bf5f8584a7912d247735ab4d1f96412d5318ac4,6091,0,97,0,GOVERNANCE
docs/dashboard/evidence/rc6-convergence-ux/family-health-original-6d2a9f14-311/manifest.json,added,7ec1bd37ced2f9b3e7910fe6c454826769a2ac15,5996,0,149,0,INDEX_MANIFEST_CANDIDATE
docs/dashboard/evidence/rc6-convergence-ux/family-health-original-6d2a9f14-311/preparation.json,added,2482506e22b25e474069db91cfcaf59c9cd3970c,793,0,16,0,INDEX_MANIFEST_CANDIDATE
docs/dashboard/evidence/rc6-convergence-ux/family-health-original-6d2a9f14-311/source.commit.raw,added,a986082575fea345c1a3dfafb1efbbf0c6a7ccc2,658,0,8,0,GOVERNANCE
docs/dashboard/evidence/rc6-convergence-ux/family-health-original-6d2a9f14-311/source.index.json.gz,added,07ff095efa13a2ddcf29c898c7eda5ea1388d01b,172452,0,-,-,BINARY
docs/dashboard/evidence/rc6-convergence-ux/funnel-pagination-native.xml,added,09a68d630100b0bf7c63bbeeac5292a0af459763,400,0,1,0,GENERATED_RAW_OR_CAPTURED_SOURCE
docs/dashboard/evidence/rc6-convergence-ux/greeks-green.xml,added,7d3164c09e22d5160a75e0205b037ada3137080f,5313,0,1,0,GENERATED_RAW_OR_CAPTURED_SOURCE
docs/dashboard/evidence/rc6-convergence-ux/harness-source-guard-local-receipt.json,added,0878b2b49c732dfd5c3b579d6bf7df782811191f,2909,0,70,0,INDEX_MANIFEST_CANDIDATE
docs/dashboard/evidence/rc6-convergence-ux/id-test-mapping.json,added,7a52568046684606baae0bbf2d4e4ab49bd08966,33581,0,498,0,INDEX_MANIFEST_CANDIDATE
docs/dashboard/evidence/rc6-convergence-ux/large-browser-negative-focal.xml,added,1a5bcafc732e81f23e49eba063767ce26b88f70f,1422,0,1,0,GENERATED_RAW_OR_CAPTURED_SOURCE
docs/dashboard/evidence/rc6-convergence-ux/large-browser-preparation-local-receipt.json,added,5db4194a955e0634372f94ba31b65b600f5a1cb0,2692,0,65,0,INDEX_MANIFEST_CANDIDATE
docs/dashboard/evidence/rc6-convergence-ux/large-browser-small-rejection.json,added,5246b1a86c4473cb7d633bb911e7fb27e4762c83,230,0,8,0,INDEX_MANIFEST_CANDIDATE
docs/dashboard/evidence/rc6-convergence-ux/large-browser-source-review.json,added,349040fa3cc09d3d7b7930f424d02df1fbba0a2c,1133,0,24,0,INDEX_MANIFEST_CANDIDATE
docs/dashboard/evidence/rc6-convergence-ux/large-harness-small-rejection-strict.json,added,c9d86e038306975fbbb948d2170c3f5b1b71ab73,180,0,7,0,INDEX_MANIFEST_CANDIDATE
docs/dashboard/evidence/rc6-convergence-ux/large-harness-small-rejection.json,added,c9d86e038306975fbbb948d2170c3f5b1b71ab73,180,0,7,0,INDEX_MANIFEST_CANDIDATE
docs/dashboard/evidence/rc6-convergence-ux/local-integration-receipt.json,added,251ccd9d0654a36d8bf97bdf023ff134cce0d5f9,10325,0,290,0,INDEX_MANIFEST_CANDIDATE
docs/dashboard/evidence/rc6-convergence-ux/math-annual-red.json,added,46ec56f4bc4e17641406b74dd0119b2489d94e03,872,0,22,0,INDEX_MANIFEST_CANDIDATE
docs/dashboard/evidence/rc6-convergence-ux/math-green.xml,added,d31501e53c439aa0fd42e2b4e5c98b29bd4583d4,5395,0,1,0,GENERATED_RAW_OR_CAPTURED_SOURCE
docs/dashboard/evidence/rc6-convergence-ux/native-browser-components-diagnostic-88df8503.json,added,0660d9210a4abdef756b8f6e8fbaa14c37220cd8,135215,0,4540,0,INDEX_MANIFEST_CANDIDATE
docs/dashboard/evidence/rc6-convergence-ux/native-browser-components-diagnostic-local-receipt.json,added,7b52bed580c22ca68ab629d915d49c61cde02d5f,6363,0,174,0,INDEX_MANIFEST_CANDIDATE
docs/dashboard/evidence/rc6-convergence-ux/native-contract-transition.xml,added,707e5d1a047fc97bce57953406420584b253ad5b,17156,0,22,0,GENERATED_RAW_OR_CAPTURED_SOURCE
docs/dashboard/evidence/rc6-convergence-ux/native-health-future-intents.xml,added,243545b9261c3491980e40ac2b7e2ed821ec7c97,865,0,1,0,GENERATED_RAW_OR_CAPTURED_SOURCE
docs/dashboard/evidence/rc6-convergence-ux/native-large-browser-red-59481b3e.json,added,b1d7f729814402f5ba0e6c2ed6d0f6b5e81275c3,222,0,8,0,INDEX_MANIFEST_CANDIDATE
docs/dashboard/evidence/rc6-convergence-ux/native-large-browser-red-88df8503.json,added,29e07390b1dd741c664d3bf1d8affb9f2487967e,17694,0,599,0,INDEX_MANIFEST_CANDIDATE
docs/dashboard/evidence/rc6-convergence-ux/native-large-browser-red-af71ff9e.json,added,2b9e2f2c4047cdb80fc8f5192a56bc1073f68195,649,0,25,0,INDEX_MANIFEST_CANDIDATE
docs/dashboard/evidence/rc6-convergence-ux/native-large-browser-source-59481b3e.json,added,bf0b423bb199d4d63d891f1638794b436a4b54c6,9181,0,238,0,INDEX_MANIFEST_CANDIDATE
docs/dashboard/evidence/rc6-convergence-ux/native-large-browser-source-88df8503.json,added,484c68e23951363d892e04b6e7bd8367249633fc,20079,0,495,0,INDEX_MANIFEST_CANDIDATE
docs/dashboard/evidence/rc6-convergence-ux/native-large-browser-source-af71ff9e.json,added,011c1b68784800002f14cafe2b4c5429cc45d127,9624,0,250,0,INDEX_MANIFEST_CANDIDATE
docs/dashboard/evidence/rc6-convergence-ux/native-large-first-cut-local-receipt.json,added,0ed79a08f7d5f4b3e71ea1316bee46cc3f25ec09,4414,0,89,0,INDEX_MANIFEST_CANDIDATE
docs/dashboard/evidence/rc6-convergence-ux/native-large-intermediate-40f-local-receipt.json,added,f20a95122b2e500607ad2c5e0620fa73a77e4afb,3821,0,88,0,INDEX_MANIFEST_CANDIDATE
docs/dashboard/evidence/rc6-convergence-ux/native-large-post-custody-59481b3e.json,added,9e36f86d9f60f3c81fc566c63e3f36a4ab2ebfb4,5551,0,131,0,INDEX_MANIFEST_CANDIDATE
docs/dashboard/evidence/rc6-convergence-ux/native-large-post-custody-af71ff9e.json,added,919e67b6966b28bd1c06abb7f5becbef5d976514,5546,0,131,0,INDEX_MANIFEST_CANDIDATE
docs/dashboard/evidence/rc6-convergence-ux/native-large-preflight-diagnostic-59481b3e.json,added,10a06098e6653f1bfa9d38505d0df93f754d9163,993,0,35,0,INDEX_MANIFEST_CANDIDATE
docs/dashboard/evidence/rc6-convergence-ux/native-large-producer-18e9716d.json,added,a7319e4eed07aed87697d8002b884129bd33d75e,5974,0,197,0,INDEX_MANIFEST_CANDIDATE
docs/dashboard/evidence/rc6-convergence-ux/native-large-reader-59481b3e.json,added,5dc965ad0fe08f964c2f09e9eb74333e55a40a37,9728,0,287,0,INDEX_MANIFEST_CANDIDATE
docs/dashboard/evidence/rc6-convergence-ux/native-large-reader-88df8503.json,added,93d4fa80b773be4b340e317f26de75bdcd74653f,9729,0,287,0,INDEX_MANIFEST_CANDIDATE
docs/dashboard/evidence/rc6-convergence-ux/native-large-reader-af71ff9e.json,added,c15bd7406bc533bc3220c0f563eb2eb077a3fe7f,9729,0,287,0,INDEX_MANIFEST_CANDIDATE
docs/dashboard/evidence/rc6-convergence-ux/native-large-reader-source-59481b3e.json,added,23c8db63f26df65cab71c1edd4a745e88f92402b,9444,0,248,0,INDEX_MANIFEST_CANDIDATE
docs/dashboard/evidence/rc6-convergence-ux/native-large-reader-source-88df8503.json,added,793956af155012e940724ef00df495d551aef51f,20036,0,495,0,INDEX_MANIFEST_CANDIDATE
docs/dashboard/evidence/rc6-convergence-ux/native-large-reader-source-af71ff9e.json,added,33b534d1ddb306d4777b9cc6db609a87d359aa14,9657,0,254,0,INDEX_MANIFEST_CANDIDATE
docs/dashboard/evidence/rc6-convergence-ux/native-large-request-overlap-local-receipt.json,added,22aa7e150934ccd78e4e783a47563e1352d66dab,4018,0,94,0,INDEX_MANIFEST_CANDIDATE
docs/dashboard/evidence/rc6-convergence-ux/native-large-source-index-59481b3e.json,added,b21e25581e027a1660659c79a6e59dd343b22d7d,158049,0,1353,0,INDEX_MANIFEST_CANDIDATE
docs/dashboard/evidence/rc6-convergence-ux/native-large-source-index-88df8503.json,added,32a1cde9fd43d4b7f534059d5aa4d084319771c7,166548,0,1414,0,INDEX_MANIFEST_CANDIDATE
docs/dashboard/evidence/rc6-convergence-ux/native-large-source-index-af71ff9e.json,added,992240d58ba3eb436a22aa61501819dea641cfab,164691,0,1401,0,INDEX_MANIFEST_CANDIDATE
docs/dashboard/evidence/rc6-convergence-ux/native-writer-custody-green.xml,added,4393a1ffedba8d75dfaaf27986223432d283fe25,716,0,1,0,GENERATED_RAW_OR_CAPTURED_SOURCE
docs/dashboard/evidence/rc6-convergence-ux/native-writer-custody-rca.json,added,1ed643ffbf941669125e73507790c540826c42b5,1257,0,29,0,INDEX_MANIFEST_CANDIDATE
docs/dashboard/evidence/rc6-convergence-ux/notaDiagnosticoV2.md,added,72556abc7ee89c12f29c785ef909dad7a670d146,4408,0,67,0,GOVERNANCE
docs/dashboard/evidence/rc6-convergence-ux/original-native-product-red-local-receipt.json,added,c74cf2e4030e860a6717b041485b57a3c643bdae,2525,0,52,0,INDEX_MANIFEST_CANDIDATE
docs/dashboard/evidence/rc6-convergence-ux/original-product-red-0f810c16.json,added,b221e78fe0591968d2cc15324974140722b7264b,7963,0,195,0,INDEX_MANIFEST_CANDIDATE
docs/dashboard/evidence/rc6-convergence-ux/original-product-red-index-0f810c16.json,added,fff33269f0b156f1a906a31d4854c25311ceee5d,130664,0,1151,0,INDEX_MANIFEST_CANDIDATE
docs/dashboard/evidence/rc6-convergence-ux/original-product-red-source-0f810c16.json,added,80437ea6a933f925e4765385bff18c4e8286b61d,13617,0,363,0,INDEX_MANIFEST_CANDIDATE
docs/dashboard/evidence/rc6-convergence-ux/original-red-annual-history-concept.html,added,bc55d9bb54e50d9e983e394ee6d84dc7a7ead9d7,3432,0,1,0,GOVERNANCE
docs/dashboard/evidence/rc6-convergence-ux/original-red-en-vivo-posiciones.html,added,9f124108c59ae53b4ffc80f490bf6211be15d661,20605,0,68,0,GOVERNANCE
docs/dashboard/evidence/rc6-convergence-ux/original-red-en-vivo.html,added,fd1019fed20895bd7de863d0635c176214d73e54,22229,0,68,0,GOVERNANCE
docs/dashboard/evidence/rc6-convergence-ux/original-red-home.html,added,42fcf08aa9a607901f3f4fffb4d498aed5fe894d,20277,0,68,0,GOVERNANCE
docs/dashboard/evidence/rc6-convergence-ux/original-red-riesgo-exposicion.html,added,cdae309e41c0451f6bb8d8798f907108437e8a9f,20512,0,68,0,GOVERNANCE
docs/dashboard/evidence/rc6-convergence-ux/original-red-riesgo-liquidez.html,added,52828f0347361e710405a32f23f7c3105aa21ac0,20550,0,68,0,GOVERNANCE
docs/dashboard/evidence/rc6-convergence-ux/original-red-riesgo-posiciones.html,added,84c00e3b38ac2a96de2003da13a1f71d6f4c35a7,20508,0,68,0,GOVERNANCE
docs/dashboard/evidence/rc6-convergence-ux/phase-link-native-green.xml,added,a4500ee901a0a91d33c01dd8cb2f7a2da245a487,559,0,1,0,GENERATED_RAW_OR_CAPTURED_SOURCE
docs/dashboard/evidence/rc6-convergence-ux/pr344-preservation.json,added,cc4cbe6f7afeca9a66e574239edb08df5d06d000,3943,0,89,0,INDEX_MANIFEST_CANDIDATE
docs/dashboard/evidence/rc6-convergence-ux/prepared-small-original-34294523-311/MANIFEST.json,added,a861964ef1bf8e2fc77e038943fe2bad4297e55b,13387,0,265,0,INDEX_MANIFEST_CANDIDATE
docs/dashboard/evidence/rc6-convergence-ux/prepared-small-original-34294523-311/RCA_NATIVE342.json,added,ba1efd2321ef96e9be840deb4c3fcd6863b63807,6721,0,59,0,INDEX_MANIFEST_CANDIDATE
docs/dashboard/evidence/rc6-convergence-ux/prepared-small-original-34294523-311/README.md,added,9fb627ea356fa8d30842496c3120eb9181dd72dd,1684,0,7,0,GOVERNANCE
docs/dashboard/evidence/rc6-convergence-ux/prepared-small-original-34294523-311/complete311-MULTIFAMILY-observed-launcher-COMPLETE.json,added,1b6316d97a15c7a8cc678e895457d04ba1fe8c2b,1475,0,39,0,INDEX_MANIFEST_CANDIDATE
docs/dashboard/evidence/rc6-convergence-ux/prepared-small-original-34294523-311/complete311-MULTIFAMILY-producer-DATA_READY.json.gz,added,d657acec450952d5503645d043d3e0afda63e6bb,16226,0,-,-,BINARY
docs/dashboard/evidence/rc6-convergence-ux/prepared-small-original-34294523-311/complete311-MULTIFAMILY-producer-progress.jsonl,added,00aa312608a1cbae96a10eb153f2a52f70ffae6b,3546,0,31,0,GOVERNANCE
docs/dashboard/evidence/rc6-convergence-ux/prepared-small-original-34294523-311/complete311-MULTIFAMILY-producer-stderr.raw,added,e69de29bb2d1d6434b8b29ae775ad8c2e48c5391,0,0,0,0,GOVERNANCE
docs/dashboard/evidence/rc6-convergence-ux/prepared-small-original-34294523-311/complete311-MULTIFAMILY-producer-stdout.raw.gz,added,d657acec450952d5503645d043d3e0afda63e6bb,16226,0,-,-,BINARY
docs/dashboard/evidence/rc6-convergence-ux/prepared-small-original-34294523-311/complete311-NORMAL-observed-launcher-COMPLETE.json,added,7c0908092178aa98c17cd1bbef3d9050e3188c6b,1460,0,39,0,INDEX_MANIFEST_CANDIDATE
docs/dashboard/evidence/rc6-convergence-ux/prepared-small-original-34294523-311/complete311-NORMAL-producer-DATA_READY.json,added,fe9308323abac1042b44608b98cab97fbe28c4e9,55993,0,1,0,INDEX_MANIFEST_CANDIDATE
docs/dashboard/evidence/rc6-convergence-ux/prepared-small-original-34294523-311/complete311-NORMAL-producer-progress.jsonl,added,06c55ed0bf1d2a0b435492c5767b449844af6f07,3551,0,31,0,GOVERNANCE
docs/dashboard/evidence/rc6-convergence-ux/prepared-small-original-34294523-311/complete311-NORMAL-producer-stderr.raw,added,e69de29bb2d1d6434b8b29ae775ad8c2e48c5391,0,0,0,0,GOVERNANCE
docs/dashboard/evidence/rc6-convergence-ux/prepared-small-original-34294523-311/complete311-NORMAL-producer-stdout.raw,added,fe9308323abac1042b44608b98cab97fbe28c4e9,55993,0,1,0,GOVERNANCE
docs/dashboard/evidence/rc6-convergence-ux/prepared-small-original-34294523-311/functional-run.py,added,749d0acec12db9f68ebf1327793bcf55ec9772cf,10629,0,187,0,GOVERNANCE
docs/dashboard/evidence/rc6-convergence-ux/prepared-small-original-34294523-311/preparation.json,added,390c68c4ae31da87e642a40d3eec537ed253e5e2,2945,0,75,0,INDEX_MANIFEST_CANDIDATE
docs/dashboard/evidence/rc6-convergence-ux/prepared-small-original-34294523-311/prepared-small-complete-311-receipt.json.gz,added,233dad0e52d88834938d97ba9052cfc81f8376a5,284134,0,-,-,BINARY
docs/dashboard/evidence/rc6-convergence-ux/prepared-small-original-34294523-311/prepared-small-complete-311-started.json.gz,added,ff3f58fad299df733358883744253eda17336c0b,143411,0,-,-,BINARY
docs/dashboard/evidence/rc6-convergence-ux/prepared-small-original-34294523-311/prepared-small-complete-311.stderr,added,e69de29bb2d1d6434b8b29ae775ad8c2e48c5391,0,0,0,0,GOVERNANCE
docs/dashboard/evidence/rc6-convergence-ux/prepared-small-original-34294523-311/prepared-small-complete-311.stdout.gz,added,50661baded7f897c37ccae90b55d38d0317e46a5,8451,0,-,-,BINARY
docs/dashboard/evidence/rc6-convergence-ux/prepared-small-original-34294523-311/prepared-small-complete-311.xml.gz,added,922fce49f8c16659c46e4932bf00303545c10cd2,8477,0,-,-,BINARY
docs/dashboard/evidence/rc6-convergence-ux/prepared-small-original-34294523-311/prepared-small-focal-311-receipt.json.gz,added,71fbdb0bc3a6bf65f978842e99d1c97238687536,284191,0,-,-,BINARY
docs/dashboard/evidence/rc6-convergence-ux/prepared-small-original-34294523-311/prepared-small-focal-311-started.json.gz,added,5ee2760cf9cc59d1f4e81b7aa946949a50cc1b67,143468,0,-,-,BINARY
docs/dashboard/evidence/rc6-convergence-ux/prepared-small-original-34294523-311/prepared-small-focal-311-summary.json,added,2dfddfe3c9946207328e947b90687714a285e24e,1405,0,37,0,INDEX_MANIFEST_CANDIDATE
docs/dashboard/evidence/rc6-convergence-ux/prepared-small-original-34294523-311/prepared-small-focal-311.stderr,added,e69de29bb2d1d6434b8b29ae775ad8c2e48c5391,0,0,0,0,GOVERNANCE
docs/dashboard/evidence/rc6-convergence-ux/prepared-small-original-34294523-311/prepared-small-focal-311.stdout,added,dae00a9266dd7a88761d253244719bd4c5a365ad,1135,0,14,0,GOVERNANCE
docs/dashboard/evidence/rc6-convergence-ux/prepared-small-original-34294523-311/prepared-small-focal-311.xml,added,b809492589b121b92f264a28afcdb098343a8187,1038,0,1,0,GENERATED_RAW_OR_CAPTURED_SOURCE
docs/dashboard/evidence/rc6-convergence-ux/prepared-small-original-34294523-311/source-catalog-95.json,added,f54a173cdd837b8df8cd1e50f8a0b6c70de5391c,9839,0,286,0,INDEX_MANIFEST_CANDIDATE
docs/dashboard/evidence/rc6-convergence-ux/prepared-small-original-34294523-311/source.commit.raw,added,f1a0f46f73688cd68e51f8be941d1c22c07ca8f8,258,0,6,0,GOVERNANCE
docs/dashboard/evidence/rc6-convergence-ux/prepared-small-original-34294523-311/source.index.json.gz,added,8b46148d1b181d974294c598e9305a4328192123,173790,0,-,-,BINARY
docs/dashboard/evidence/rc6-convergence-ux/producer-reader-ui.xml,added,054a02131218a6d5d1428c249a52fcc4e015fe03,3779,0,15,0,GENERATED_RAW_OR_CAPTURED_SOURCE
docs/dashboard/evidence/rc6-convergence-ux/projection-adapter-legacy-path.xml,added,78d766f58ecd756604c02dec897f7dfdeb9f8d67,704,0,1,0,GENERATED_RAW_OR_CAPTURED_SOURCE
docs/dashboard/evidence/rc6-convergence-ux/projection-affected-guard.xml,added,d3ff30f963faa51b006cbc24a832647709d14070,2682,0,1,0,GENERATED_RAW_OR_CAPTURED_SOURCE
docs/dashboard/evidence/rc6-convergence-ux/projection-native-guard.xml,added,300727feccb20c0bf4a3e8b2aaa4cb74a5ad36cc,8020,0,1,0,GENERATED_RAW_OR_CAPTURED_SOURCE
docs/dashboard/evidence/rc6-convergence-ux/projection-scope-guard.xml,added,41470867fc23d0963ec52fb770918eb392b95d21,6987,0,1,0,GENERATED_RAW_OR_CAPTURED_SOURCE
docs/dashboard/evidence/rc6-convergence-ux/request-overlap-explicit-deadline-guards.xml,added,a3c2a412bfce4f571a9889969f80825a27c4d5e1,559,0,1,0,GENERATED_RAW_OR_CAPTURED_SOURCE
docs/dashboard/evidence/rc6-convergence-ux/request-overlap-native-guards.xml,added,b19f2feda4d201a17a60f3bc126977295c293ac7,7505,0,1,0,GENERATED_RAW_OR_CAPTURED_SOURCE
docs/dashboard/evidence/rc6-convergence-ux/request-overlap-native-local-receipt.json,added,2c5818fe93e52c58fb89ca9a5547bf486c1c3d3a,3395,0,70,0,INDEX_MANIFEST_CANDIDATE
docs/dashboard/evidence/rc6-convergence-ux/risk-cut-native-green.xml,added,505a3dd613ed1cd1638823d36553a4b992b8701c,404,0,1,0,GENERATED_RAW_OR_CAPTURED_SOURCE
docs/dashboard/evidence/rc6-convergence-ux/source-guard-focal.xml,added,b44cf59c6126c9663ebf5776f0fc1a28491fdbf0,4381,0,1,0,GENERATED_RAW_OR_CAPTURED_SOURCE
docs/dashboard/evidence/rc6-convergence-ux/ux-convergence-green.xml,added,959db092dc40def8b386e54eb10080280c6eada0,30762,0,1,0,GENERATED_RAW_OR_CAPTURED_SOURCE
docs/dashboard/evidence/rc6-convergence-ux/ux-regression-transition.xml,added,6d45fc8249587e38d053ac042681ce5e4639791f,27583,0,22,0,GENERATED_RAW_OR_CAPTURED_SOURCE
docs/dashboard/evidence/rc6-convergence-ux/ux-regressions-integrated-core.xml,added,e5a6241c95ac7f7d7654a9008234cc5b338c6442,21441,0,1,0,GENERATED_RAW_OR_CAPTURED_SOURCE
docs/dashboard/evidence/ws08-browser-gate.json,added,57cdacd4d77019118f202ae2dc9120ac653fdba3,44009,0,1992,0,INDEX_MANIFEST_CANDIDATE
docs/dashboard/evidence/ws08-instrumentos-1440.png,added,f0cbc665dfe220e67cdff755eddf9058224d75c1,142836,0,-,-,BINARY
docs/dashboard/evidence/ws08-instrumentos-360.png,added,db6b9eae6f291a34d7115fe48e67458b8ca4460b,64086,0,-,-,BINARY
docs/dashboard/evidence/ws08-local-gates.json,added,69921ac9fc63e40347e81343a45519d7c0b8eeb2,2565,0,88,0,INDEX_MANIFEST_CANDIDATE
docs/runbooks/ISSUE465_RETENTION.md,added,d4de229ce6ce47366938197791f2c18eb6bf0334,7743,0,143,0,GOVERNANCE
docs/runbooks/RC6_CONVERGENCE_SRE.md,added,c53a8783255423010627ee43a00fff0dc10f22bb,16773,0,278,0,GOVERNANCE
ea_history_close_series_hf2.py,modified,6e271d965c26d6aca044ca9feb36f98df126a513,16897,9907,147,43,CODE_OR_ASSET
ew_a3_history_rc6.py,modified,d49a598d23b505f647bfd2fc3d59d6a81c0e0027,11818,11265,27,20,CODE_OR_ASSET
historical_candle_shadow_rc6.py,modified,02fe3b29948622fdc93dce6eacae3ced70ef4fed,10474,7581,76,31,CODE_OR_ASSET
iol_shadow_collector_rc6.py,modified,48fb7053d729b5a16787931fcfa352fa63364706,15774,15658,5,3,CODE_OR_ASSET
notes/rc6-evidence/recovery-20261007T0246Z-runtime-journal-custody/checkpoint.json,added,bf18e9cce787fc8efe9a40fc674f4f9db9e72842,11352,0,224,0,INDEX_MANIFEST_CANDIDATE
notes/rc6-evidence/recovery-20261007T0425Z-storage-key-fixture-custody/checkpoint.json,added,f3dd5ab3431b6aff4e0a67fa65b24e1bff7b8ec7,535741,0,14339,0,INDEX_MANIFEST_CANDIDATE
notes/rc6-evidence/recovery-20261007T0550Z-phase-sql-fixture-observation/checkpoint.json,added,2d29ae88581373d1d8e294312af455b25cec7d62,1083130,0,26047,0,INDEX_MANIFEST_CANDIDATE
notes/rc6-evidence/recovery-20261007T0735Z-material-causal-continuation/checkpoint.json,added,e86d75292552b8c40c4620c12a49fcee70eb301b,1104774,0,14483,0,INDEX_MANIFEST_CANDIDATE
notes/rc6-evidence/recovery-20261007T1005Z-native-fixture-suffix-oracle/checkpoint.json,added,af38c7c983e1ba6ccb8f52647e4ae0eb6a6c4ec0,1022527,0,22495,0,INDEX_MANIFEST_CANDIDATE
notes/rc6-evidence/recovery-20261007T1150Z-selected-fd-publication-plan-observation/checkpoint.json,added,7645edbedc0ff1d0fae9b94054c9b4d37c8c5da4,845102,0,592,0,INDEX_MANIFEST_CANDIDATE
notes/rc6-evidence/recovery-20261007T1530Z-audit-event-worker-proof-readonly-source/checkpoint.json,added,789e211c140b8f841f05b7b3290acd1d23b0ad44,65642,0,264,0,INDEX_MANIFEST_CANDIDATE
o_dashboard.py,modified,e26fcc6c38d26c73cf00bf694fae9ffd0285421f,84076,83837,4,0,CODE_OR_ASSET
ops/policy/host-control-plane-reconciliation-v2.json,modified,d8a194a40cac9cc85f55899b0799e9fe8d5ad019,24874,14012,206,0,GOVERNANCE
ops/policy/porota-policy.yaml,modified,d5621c3cc464c5070d220c50294d31d113f510e4,4226,3885,5,1,GOVERNANCE
ops/policy/rc6-disk-housekeeping-v1.json,modified,48826a1f2edb60638b3b6c1a0e3cee1b9a6f7098,4060,2499,34,2,GOVERNANCE
ops/policy/rc6-dynamic-capacity-v1.json,added,9ae4fdff6a710ec43861952e27bee98c924fc5cb,953,0,37,0,GOVERNANCE
ops/policy/rc6-supply-chain-v1.json,added,a6d4abd5c46358b6b2707e4b209f14e0babb38fb,103636,0,2720,0,GOVERNANCE
porota_mode_manager.py,modified,8e2d0e56c79474a1540abdd2b5ea2e5ad63253d3,38110,21588,376,47,CODE_OR_ASSET
rc6_annual_instrument_analysis.py,modified,ff534b465773be227d3e275144d7345bea94a632,27911,24426,98,43,CODE_OR_ASSET
rc6_audit_evidence/HISTORY_CONVERGENCE.md,added,e6bd448c4fc0aa2744c3a3f6ee660ff9896716cb,30745,0,467,0,GOVERNANCE
rc6_audit_evidence/__init__.py,added,70c35b88f02ba9e115bbc5b3b2491bd47d75747a,246,0,6,0,GOVERNANCE
rc6_audit_evidence/history_convergence/ORIGINAL_AUD20_AUD21_REVIEW.md,added,a9e8bb13fcd6e9829d138ddf9e1279722e9ea2b2,4727,0,75,0,GOVERNANCE
rc6_audit_evidence/history_convergence/canonical_initialization_native.json,added,4bd785684ddb57195584c30dbee410a6a72d1754,134096,0,3494,0,INDEX_MANIFEST_CANDIDATE
rc6_audit_evidence/history_convergence/disk_scratch_native.json,added,a935c705ad0970e1ec4080981b6982f49bfc2d2c,14140,0,350,0,INDEX_MANIFEST_CANDIDATE
rc6_audit_evidence/history_convergence/dry_run.json,added,9505263234e2b0525886380a5c8dec567e9c8a70,26821,0,836,0,INDEX_MANIFEST_CANDIDATE
rc6_audit_evidence/history_convergence/dry_run_canonical_initialization.json,added,2d5ddf8b91bf5cd98defd0c675a345a2d29a18de,27192,0,841,0,INDEX_MANIFEST_CANDIDATE
rc6_audit_evidence/history_convergence/dry_run_exact_index.json,added,b45477f9b567c0d890ea0ba03f1addb645e6c54d,26838,0,836,0,INDEX_MANIFEST_CANDIDATE
rc6_audit_evidence/history_convergence/dry_run_semantic_metadata.json,added,dcb7af9368b3df3cce66589aa315edf5d00490fc,27009,0,839,0,INDEX_MANIFEST_CANDIDATE
rc6_audit_evidence/history_convergence/future_deploy_history_plan.json,added,fa0d03245931f5c7a93b809bfc745016db15a7db,27124,0,661,0,INDEX_MANIFEST_CANDIDATE
rc6_audit_evidence/history_convergence/original_data912_c27dfd9_replay.json,added,59cdbe5d2037359bf17583542025b62f693d7999,560184,0,14474,0,INDEX_MANIFEST_CANDIDATE
rc6_audit_evidence/history_convergence/original_issue468/adversarial_candidate.json.source,added,17dd79f20b6065fee3ae76e90115bd640614de85,361441,0,9684,0,GENERATED_RAW_OR_CAPTURED_SOURCE
rc6_audit_evidence/history_convergence/original_issue468/adversarial_harness.py.source,added,8d2cb613f3c35ec422c7d4fa573cbc7bbbd27946,26816,0,395,0,GENERATED_RAW_OR_CAPTURED_SOURCE
rc6_audit_evidence/history_convergence/original_issue468/adversarial_prod.json.source,added,b801810caea57e91bc64ade12ba010871ffc86f0,121304,0,3916,0,GENERATED_RAW_OR_CAPTURED_SOURCE
rc6_audit_evidence/history_convergence/original_issue468/history_audit.json,added,9e426b9282c8fb1e817ef39f7b5f2231ddfac70a,6619,0,248,0,INDEX_MANIFEST_CANDIDATE
rc6_audit_evidence/history_convergence/original_issue468/member_inventory.json,added,c3a854bead4dab38b582111584a229d08353d0fa,2050,0,41,0,INDEX_MANIFEST_CANDIDATE
rc6_audit_evidence/history_convergence/original_prior_evidence_binding.json,added,cc556a92d8703e9de66a923fc9c6bb2ab913d42d,41588,0,903,0,INDEX_MANIFEST_CANDIDATE
rc6_audit_evidence/history_convergence/owned_exact_node_matrix.json,added,57d2a2cffadb85c2f24933600072cea7b56c6e14,72100,0,1457,0,INDEX_MANIFEST_CANDIDATE
rc6_audit_evidence/history_convergence/preopen_autocorrection.json,added,5598df6dab0dc77d1d556cc3586103b3724e37f4,75840,0,1756,0,INDEX_MANIFEST_CANDIDATE
rc6_audit_evidence/history_convergence/probes/original_data912_archive_probe.py,added,0165822da8f36accfe33b22b011646ea10042db3,15265,0,299,0,GOVERNANCE
rc6_audit_evidence/history_convergence/red_baseline.json,added,594630a8569940e9a7f4909bc330d50ae7080354,3192,0,134,0,INDEX_MANIFEST_CANDIDATE
rc6_audit_evidence/history_convergence/restored_controls.json,added,1e3c66b0acde4be48a414ce5559cf2e70dfb5bfa,3715,0,89,0,INDEX_MANIFEST_CANDIDATE
rc6_audit_evidence/history_convergence/scale_deadline.json,added,7b5176fb00a85a202d678d59aeafb0d85b294dcc,168114,0,4380,0,INDEX_MANIFEST_CANDIDATE
rc6_audit_evidence/history_convergence/semantic_metadata_revision.json,added,e31148362060656f23509cb0270f1328d3324e10,96500,0,2419,0,INDEX_MANIFEST_CANDIDATE
rc6_audit_evidence/history_probe.py,added,3539cc20fbd9a939be1de8060e0e70a7e253f0ed,25029,0,465,0,GOVERNANCE
rc6_audit_evidence/package.py,added,76160a1076aed3cc65908e0fa9c1504a0a0240e2,26297,0,511,0,GOVERNANCE
rc6_audit_evidence/recompute.py,added,67bf80577236c4eeb397638507d3f00d41b3af1e,23615,0,374,0,GOVERNANCE
rc6_audit_evidence/sqlite_scratch.py,added,b335a5cff94100d472530255c893e9cd84b0d750,17549,0,360,0,GOVERNANCE
rc6_audit_evidence/sqlite_snapshot.py,added,7278dd78d299fb3c8843908bf45a28df60b3fa9e,8516,0,177,0,GOVERNANCE
rc6_contract_bridge.py,modified,97886c30e092ad2794ce3031276248f71ebf537b,17870,17674,4,1,CODE_OR_ASSET
rc6_dynamic_universe/__init__.py,added,167d0d38c62952badeea9de0cc140a12c0c40062,139,0,5,0,CODE_OR_ASSET
rc6_dynamic_universe/benchmark.py,added,af8bb81b074e195af1813f1faefda1612b780d09,21021,0,361,0,CODE_OR_ASSET
rc6_dynamic_universe/capacity.py,added,767eb0781c21e19c34ca2406dac1ab8bf890672a,17604,0,280,0,CODE_OR_ASSET
rc6_dynamic_universe/common.py,added,188773be195a823c8d879b8270cec3a04de6af61,1279,0,39,0,CODE_OR_ASSET
rc6_dynamic_universe/economics.py,added,8ec214b50c762c9121c66cadc8259280069f5783,8368,0,134,0,CODE_OR_ASSET
rc6_dynamic_universe/live.py,added,d95d47717ad718e866da684710c5dd330e98668c,10441,0,160,0,CODE_OR_ASSET
rc6_dynamic_universe/orchestrator.py,added,40081be9d5a4495ae52272519bd79ba90e3f48c3,25667,0,389,0,CODE_OR_ASSET
rc6_dynamic_universe/promotion.py,added,84070f5e51c5985b08b3030ae61672f427fa79b9,21403,0,356,0,CODE_OR_ASSET
rc6_dynamic_universe/routing.py,added,f22159b38cc885b5b12b879170cc21829846a55e,11673,0,193,0,CODE_OR_ASSET
rc6_dynamic_universe/runtime.py,added,f14bc9d1e3d224499b3c95b9040337330d021d59,7378,0,114,0,CODE_OR_ASSET
rc6_dynamic_universe/sources.py,added,c42b8fa4bd07d19a60764a07223202ad8fe078ae,32455,0,554,0,CODE_OR_ASSET
rc6_dynamic_universe/tradeability.py,added,52e37e8d81e09495395968e048f35ce37e0856f5,30645,0,537,0,CODE_OR_ASSET
rc6_paper_family_lifecycle.py,modified,2ac85e383a2b531a0c25b301670f55bde54bf455,61712,11064,929,57,CODE_OR_ASSET
rc6_performance/__init__.py,added,aba730e7c5276128bfc2f20cf2f2e0c96d61f646,125,0,5,0,CODE_OR_ASSET
rc6_performance/capture.py,added,67265b37b019e2335dace4d9a8017d6836cafb75,10839,0,200,0,CODE_OR_ASSET
rc6_performance/common.py,added,90ac8b822ee3efcd1af2324c2b858c6fbdee7a04,3186,0,74,0,CODE_OR_ASSET
rc6_performance/costs.py,added,9700387b2d033d4f6824af0697695e7d46f7fa75,16963,0,324,0,CODE_OR_ASSET
rc6_performance/counterfactuals.py,added,e799e99a97adbf3631af202e02e061695b009a79,4984,0,77,0,CODE_OR_ASSET
rc6_performance/lineage.py,added,e1d72cd9c5209100ed1d88afe475ad53a0fb9f57,7229,0,141,0,CODE_OR_ASSET
rc6_performance/metrics.py,added,bc6ecc86c7ab3b04b5fff7c4faa204e542a7efa4,16471,0,276,0,CODE_OR_ASSET
rc6_performance/replay.py,added,b3ad2773164077ef28f3a104528786c9ba86abb8,7718,0,144,0,CODE_OR_ASSET
rc6_performance/report.py,added,7b5773c390770c8618b354f204a89947f3400be8,7450,0,123,0,CODE_OR_ASSET
rc6_performance/scanner.py,added,f32326a3bb47e1614d35f9783535cfc1fe9b974e,7451,0,132,0,CODE_OR_ASSET
rc6_performance/shadow.py,added,cf0d5786c68ff27ad8ab1c6ad4a6c2eb14a41171,8719,0,164,0,CODE_OR_ASSET
rc6_ppi_future_contract_policy.py,added,b6dfd0fa19eece35f7db36e21b87dc55d87a5eb3,6724,0,178,0,CODE_OR_ASSET
rc6_ppi_global_budget.py,added,453035180f7f5c9e24037d529a7c8b371f45c958,147364,0,2495,0,CODE_OR_ASSET
rc6_ppi_iol_reconciliation_rc6.py,modified,9d77df8e064c5146c109c2d14f9d9579af812e30,13124,8258,79,11,CODE_OR_ASSET
rc6_shadow_runtime/__init__.py,added,dcee6dc6f50c9ee3153e7fb18ec01951ea217e1b,80,0,1,0,CODE_OR_ASSET
rc6_shadow_runtime/archive_components.py,added,88655e73546f784480c632294021c85fb88fa6e2,38140,0,678,0,CODE_OR_ASSET
rc6_shadow_runtime/archive_namespace.py,added,f2bac652a4a7050b99b1146aba7da857125b7ce7,6941,0,137,0,CODE_OR_ASSET
rc6_shadow_runtime/entry_signals.py,added,c2dc6c8b10cd56fb0bef50d52c6349ebb4dab281,42640,0,676,0,CODE_OR_ASSET
rc6_shadow_runtime/exact_page_storage.py,added,4ce6bc21ccc28a2722019cf3afff5eaa55d71b98,12818,0,263,0,CODE_OR_ASSET
rc6_shadow_runtime/families.py,added,6866e762bb0ffc4ad06868cf5c5453d485f66ddd,44176,0,697,0,CODE_OR_ASSET
rc6_shadow_runtime/funnel.py,added,63b4dce4d42d5255d12083a35a26543ccd7317ef,40553,0,588,0,CODE_OR_ASSET
rc6_shadow_runtime/lab.py,added,bc5df7d85246dea094142e76ca08037c43146ac2,49469,0,796,0,CODE_OR_ASSET
rc6_shadow_runtime/packed_storage.py,added,1b449209d1d93c90a62debef95a1b4c0cdd751e6,36655,0,773,0,CODE_OR_ASSET
rc6_shadow_runtime/persistence.py,added,bf834e8d2bd997b137c2ae33d7a28a8dba783a36,60750,0,1005,0,CODE_OR_ASSET
rc6_shadow_runtime/preopen.py,added,ceae4f6ebdb20110a54df78a3f8f82786b35f243,36718,0,655,0,CODE_OR_ASSET
rc6_shadow_runtime/projection.py,added,dd07d11679518d687a57d8a594f93d63b76e3238,24535,0,378,0,CODE_OR_ASSET
rc6_shadow_runtime/publication_storage.py,added,1f5597d1063609eb3ebaaaa31873d25e8fc65af8,25145,0,521,0,CODE_OR_ASSET
rc6_shadow_runtime/retention.py,added,270bb74acec4f205ebbbc4a45be03b0188262f0e,76408,0,1292,0,CODE_OR_ASSET
rc6_shadow_runtime/serialization.py,added,d3cac507644ec2c3c488df28074dfc8aacac579d,22797,0,435,0,CODE_OR_ASSET
rc6_shadow_runtime/source_authority.py,added,5230f3c27ea117d4faacdfb8f8441fd7068c755d,8221,0,162,0,CODE_OR_ASSET
rc6_shadow_runtime/source_reads.py,added,9676a80e2a6a759b0f95625eec4dd2c37fb87853,1334,0,32,0,CODE_OR_ASSET
rc6_shadow_runtime/stages.py,added,fc189d4b826f665200d2e93572901fea939623c5,5223,0,84,0,CODE_OR_ASSET
rc6_shadow_runtime/worker.py,added,375e27b82b27f57d82b1baf6f402daedd62dd6ce,26058,0,422,0,CODE_OR_ASSET
rc6_signal_contracts.py,added,c03e89bf2e9c8ec9213587c8fa77982bf2949d55,4464,0,90,0,CODE_OR_ASSET
rc6_source_consolidation.py,modified,48320457497730b1643b2b19893d615f4605bf29,27054,20148,150,66,CODE_OR_ASSET
rc6_trader_dashboard/__init__.py,added,23146b341c161195ae2fd7961f789d605384e9ce,156,0,4,0,CODE_OR_ASSET
rc6_trader_dashboard/components.py,added,96b6ddac7e0904a30d66cca34122713b3080fde5,10894,0,210,0,CODE_OR_ASSET
rc6_trader_dashboard/datasets.py,added,01461c713cb9c5863246629065721c7771737047,31574,0,466,0,CODE_OR_ASSET
rc6_trader_dashboard/design_system.py,added,1ed5652dc4a0691a68b73bb01b7683ef5db5d687,14788,0,73,0,CODE_OR_ASSET
rc6_trader_dashboard/generation.py,added,df12bdaf1a89aeb5dfbbed2eaa8f246efa7c04d0,4313,0,70,0,CODE_OR_ASSET
rc6_trader_dashboard/history.py,added,97484401a44d1c0e4326a5b71dce803b8ac1e809,2383,0,45,0,CODE_OR_ASSET
rc6_trader_dashboard/navigation.py,added,5b84629d1e96ece395131464c6409d0612e2b165,4934,0,84,0,CODE_OR_ASSET
rc6_trader_dashboard/projected_generation.py,added,0fb89f94be5c008c83fed5831bf4f01b82f480ee,11731,0,184,0,CODE_OR_ASSET
rc6_trader_dashboard/projection.py,added,3cc595618cd2fb07ac31ab63f427a66dac2501bd,68998,0,1068,0,CODE_OR_ASSET
rc6_trader_dashboard/routes.py,added,0955e1b4bc520faa77e66143f2ebc6b4a753455e,6275,0,103,0,CODE_OR_ASSET
rc6_trader_dashboard/shell.py,added,110566bb81a222187bf7595cfdea7db9cf9a4292,4520,0,45,0,CODE_OR_ASSET
rc6_trader_dashboard/view_common.py,added,8038b3aaff8518ed38e40ba408dcb51f2d83ecfd,11018,0,61,0,CODE_OR_ASSET
rc6_trader_dashboard/views_analytics.py,added,167b8d61b37265c4d5e41b31ef4d7efe0f766960,6777,0,53,0,CODE_OR_ASSET
rc6_trader_dashboard/views_home.py,added,eef988ee3a68d31ac6f25f05cba8e3ea29c11675,4738,0,54,0,CODE_OR_ASSET
rc6_trader_dashboard/views_instruments.py,added,a9d0d0b9d563a66e2bcd4a7338679fa40706fb8d,2694,0,34,0,CODE_OR_ASSET
rc6_trader_dashboard/views_live.py,added,85a78ef53196a658b169d44cd4afe554c6a3d884,4232,0,46,0,CODE_OR_ASSET
rc6_trader_dashboard/views_risk.py,added,84ed4b9960215285ef423795ae55d9bbd06de4de,2328,0,25,0,CODE_OR_ASSET
rc6_trader_dashboard/views_system.py,added,d8d33fdf4e71f33286b710e4fc10cd0affaf0b95,4442,0,44,0,CODE_OR_ASSET
rc6_trader_dashboard/views_trading.py,added,630cf356e95396774e9970e1a7cbf0d04b914854,4819,0,38,0,CODE_OR_ASSET
rc6_trader_dashboard/views_universe.py,added,fa4cd9fea420f3850fff3fbecb390e22f945604f,2393,0,28,0,CODE_OR_ASSET
requirements.build.lock.txt,added,b1f9e3600ee15a407c769f8c52cdd4da954648a8,458,0,8,0,CODE_OR_ASSET
requirements.lock.txt,modified,c37fb993c92835266eefe5344020e3296a1c064f,20883,3233,365,158,CODE_OR_ASSET
scripts/fixtures/rc6_archive_legacy_v2.json,added,4b13ac6cd49b3180e155f9314c9b6ba941e7dfcb,555190,0,1,0,REPRODUCIBLE_FIXTURE_CANDIDATE
scripts/fixtures/rc6_codec_legacy_v1.json,added,10ab23a912d654e644efd29ad894910824e2d42f,3725,0,1,0,REPRODUCIBLE_FIXTURE_CANDIDATE
scripts/porota_apply_host_control_plane_v2.py,modified,2bd2342957f847af19e58e0603654eb955b19373,8612,6128,63,5,CODE_OR_ASSET
scripts/porota_artifact_http.py,added,ebc2b470611eef6c7b97daff26fa340677dd9db7,4398,0,99,0,CODE_OR_ASSET
scripts/porota_artifact_provenance.py,added,7e0d0cbe22a5a59deb19524bc801e386fe7a8609,33757,0,676,0,CODE_OR_ASSET
scripts/porota_build_deploy_bundle_v2.py,modified,a57ec6652a3e078fd9d950f66c5d1efee1dea756,3637,3520,26,35,CODE_OR_ASSET
scripts/porota_dependency_repro_audit.py,modified,ab6ff825020c4e29dc1030029afbd3a27ae82ba1,10570,2617,175,45,CODE_OR_ASSET
scripts/porota_lock_distribution_hashes.py,added,cde4df0b3fd50b511f3b13fcee1cb075a59506c0,6577,0,123,0,CODE_OR_ASSET
scripts/porota_predeploy_binding.py,added,a8728eb88aacfacae431d3b8f1599cd1dd1f2b27,31183,0,531,0,CODE_OR_ASSET
scripts/porota_predeploy_cleanup.py,added,79256145b08406044dca14f6e10a1d7f36fa5ab2,36701,0,754,0,CODE_OR_ASSET
scripts/porota_predeploy_test_workspace.py,added,fc906eecdb591106fceb58f2f2ed1ebf0bf454ba,70568,0,1106,0,CODE_OR_ASSET
scripts/porota_published_artifact_evidence.py,added,39ae704e9fddfe8966ecf360426f745b5f9882af,22448,0,342,0,CODE_OR_ASSET
scripts/porota_validate_deploy_artifact.py,modified,0ca1c5f722d6274eea9a37c991493beda3ddbc6a,9749,6163,69,3,CODE_OR_ASSET
scripts/rc6_20session_evidence.py,added,7ee2a34bca4dec91ff0cdac95ca96f45297df094,3413,0,58,0,CODE_OR_ASSET
scripts/rc6_archive_maximum_member_probe.py,added,19ebdeaec109d1a18575d76580709fd0eb7e12dc,55709,0,928,0,CODE_OR_ASSET
scripts/rc6_archive_v3_image_smoke.py,added,1a64dfe527616ec7d9c248ce483b2d069de68189,51666,0,893,0,CODE_OR_ASSET
scripts/rc6_capture_restore_diagnostic.py,added,d9be06a309985855fc189afc7f90bfebb2f5a4a6,34915,0,677,0,CODE_OR_ASSET
scripts/rc6_controlled_governed_runner.py,added,10837e5de86fc8d4f7705a7ae06b68992a181d80,65172,0,1072,0,CODE_OR_ASSET
scripts/rc6_controlled_native_child_manager.py,added,b221f59f4edbb7b04097aec57e91ffbef648100e,18113,0,327,0,CODE_OR_ASSET
scripts/rc6_convergence_provenance.py,added,12acb7a80436bc4fdac673d0408400f6da76f104,40768,0,695,0,CODE_OR_ASSET
scripts/rc6_dashboard_route_inventory.py,modified,1cbbd936f782c4491eb2980ecdfe52969745eda3,15840,10321,40,0,CODE_OR_ASSET
scripts/rc6_deploy_failure_cleanup.py,added,381f6d280d23e1cb2f7e56f6c0ff61bf26e689d7,6537,0,169,0,CODE_OR_ASSET
scripts/rc6_deploy_preopen_gate.py,added,a3d3c4f75d43bbf39606e10effbb9a254c960588,5382,0,119,0,CODE_OR_ASSET
scripts/rc6_deploy_scoped_cleanup.py,added,e246749c41b94b2bfcf5a77f33d766f9a86378a1,2911,0,66,0,CODE_OR_ASSET
scripts/rc6_disk_space_guard.py,modified,218487d80af0139d3b62073af413895e3bde86c0,4632,3037,28,2,CODE_OR_ASSET
scripts/rc6_dynamic_universe_shadow.py,added,ca508cd37b2eb6ee9dcab0b17a14b8436d5fcdae,3259,0,72,0,CODE_OR_ASSET
scripts/rc6_full_universe_evidence.py,modified,f276dee9fa7f883a1d99b0e1fa6b3ae441fac37c,21630,15755,163,79,CODE_OR_ASSET
scripts/rc6_history_cutoff_repair_once.py,modified,3db4d0378f01168ead780c24d5d8fd3e4dd1f734,24230,23907,5,0,CODE_OR_ASSET
scripts/rc6_iol_shadow_collect.py,modified,68a3da2e2abf9c675c8bf5c025e2427878709419,26146,24260,98,69,CODE_OR_ASSET
scripts/rc6_issue465_audit_gate.py,added,7efb1efd75fdfb320e90b04fbc18b4d865c43eec,22905,0,403,0,CODE_OR_ASSET
scripts/rc6_issue465_stress.py,added,a515186543747467f1f8618d73e76960682bef19,85999,0,1484,0,CODE_OR_ASSET
scripts/rc6_material_big.py,added,ab3989f91687b259391cfef66219d3c092709e98,29907,0,420,0,CODE_OR_ASSET
scripts/rc6_material_browser_driver.py,added,f169b2bc6a017d653fe5c7ff3933248f2ae8e1ef,39967,0,690,0,CODE_OR_ASSET
scripts/rc6_material_carrier.py,added,902cb5a7969ff12c1ca7e8edf311907e3b2375d7,39466,0,517,0,CODE_OR_ASSET
scripts/rc6_material_derive.py,added,a1b074765bc27f97432fc15a20ee1526a65063c0,4588,0,65,0,CODE_OR_ASSET
scripts/rc6_material_environment.py,added,e6c58fc6b3c394b1636a3369c710cc5f958cd040,4103,0,61,0,CODE_OR_ASSET
scripts/rc6_material_focal.py,added,cdba4ed9d8a8d5709a9997696b7b68e5b798812d,6258,0,100,0,CODE_OR_ASSET
scripts/rc6_material_horizon.py,added,465c0c7aedeecef1e9fcb19b621fef38c21afdaa,47889,0,829,0,CODE_OR_ASSET
scripts/rc6_material_horizon_producer.py,added,71aeb8cbb16575308a14ad49d3545cea10ff5e15,68156,0,1073,0,CODE_OR_ASSET
scripts/rc6_material_pr_admission.py,added,581d9da49b2ed6eeff56dcaded4be702e8567b99,25931,0,380,0,CODE_OR_ASSET
scripts/rc6_material_raw.py,added,6b54977aeab3bd839924893f6a49ba25d15e40e2,5875,0,95,0,CODE_OR_ASSET
scripts/rc6_native_import_provenance.py,added,9ef379f4e0749ff56c7b0181e1a790f94e7f13fe,63022,0,1056,0,CODE_OR_ASSET
scripts/rc6_performance_audit.py,added,52d94d5f5784eee920c5c3a288e429d09e57f7a0,1356,0,32,0,CODE_OR_ASSET
scripts/rc6_performance_report.py,added,c6178d9042932d2483c6241eb3569376da0d3284,1076,0,30,0,CODE_OR_ASSET
scripts/rc6_ppi_capacity_benchmark.py,added,3c4e0a544c42599374b89fef3f1ff7a7ef33de55,5375,0,97,0,CODE_OR_ASSET
scripts/rc6_prior_regression_successors.py,added,177a76800f7b4f7b8b325cf06277db82c01560c6,11604,0,193,0,CODE_OR_ASSET
scripts/rc6_shadow_health_gate.py,added,659017161b46eaca312d3d5f529fea25d802c5e6,9486,0,176,0,CODE_OR_ASSET
scripts/rc6_shadow_live_namespace.py,added,304fa76ab8014df4b0b05411d099db1d93f01a08,7564,0,146,0,CODE_OR_ASSET
scripts/rc6_sqlite_scratch_guard.py,added,7aa6ff5ab4f95a906ebf3d496830df5a4e4d648a,25349,0,480,0,CODE_OR_ASSET
test_hf6_history_data912_v2.py,modified,9ebe7a7813b82e8df6e0abd2c2ae56ec999fc6b4,9777,9504,18,18,CODE_OR_ASSET
tests/ci_rc6_browser_health.py,added,e0f9b2a689b168995f065f1dfcca597d8677b893,4460,0,75,0,TEST_SOURCE
tests/ci_rc6_browser_prepare.py,added,be2bd8eb6dbc1ade736940f127b476f22edc72a5,13843,0,226,0,TEST_SOURCE
tests/ci_rc6_browser_product.py,added,bb39d68f999e03110e03a64ca2831af3bed4c904,28393,0,427,0,TEST_SOURCE
tests/ci_rc6_exact_archive_gate.py,added,6213e509a8f530d0657ef7ca0f376f72cf630fa7,5287,0,89,0,TEST_SOURCE
tests/ci_rc6_original_ux_product_red.py,added,8cfc4aaadc6ea99790f5f89f4cef848f90af40fc,15097,0,259,0,TEST_SOURCE
tests/ci_rc6_projection_browser_diagnostic.py,added,7f4c8f60cf3ef3afbaefe2648f0a7012d99ecd1c,19169,0,352,0,TEST_SOURCE
tests/ci_rc6_projection_large_browser.py,added,85268955c6e2064644b499c0ecbcc5c26de838d5,17166,0,228,0,TEST_SOURCE
tests/ci_rc6_projection_large_reader.py,added,95cfc3916581bd73dd2c42aa561db5b51989ca19,14796,0,236,0,TEST_SOURCE
tests/ci_trader_terminal_browser.py,added,70d00ec13f8761f46851924998161c88445f45aa,16625,0,223,0,TEST_SOURCE
tests/fixtures/rc6_publication_storage_e24.py.source,added,489463bfdd3282a1e77570d9b2fdfaa9ed929774,16347,0,346,0,REPRODUCIBLE_FIXTURE_CANDIDATE
tests/probes/fixtures/original_core_audits/issue468_adversarial_harness.py,added,8d2cb613f3c35ec422c7d4fa573cbc7bbbd27946,26816,0,395,0,TEST_SOURCE
tests/probes/fixtures/original_core_audits/issue469_f01_f02_probes.py,added,f3fd236859a7395a3683ff8ee0185dfbc417276c,15352,0,393,0,TEST_SOURCE
tests/probes/fixtures/original_core_audits/issue469_scalping_economics_probe.py,added,d22e6e6283c384f22c3a1551b38c210b4207dda3,11550,0,280,0,TEST_SOURCE
tests/probes/rc6_budget_original_c27_replay.py,added,6fee1f56052ad40ee97096816f4eefbc227ea79e,27666,0,446,0,TEST_SOURCE
tests/probes/rc6_budget_primary_custody_probe.py,added,93085208ea9847131c27326945e2162c040f1bcd,12113,0,219,0,TEST_SOURCE
tests/probes/rc6_budget_source_custody_pytest_runner.py,added,b9780de4bbd34baaff65112c7da8851755035e58,7501,0,128,0,TEST_SOURCE
tests/probes/rc6_convergence_finance_probe.py,added,f6bd9e48810d48e0e24313bce50e8c46ee41256d,10925,0,184,0,TEST_SOURCE
tests/probes/rc6_original_core_archive_probe.py,added,b2fb4ac3a97214191d7439ea02c4d62c24acfe7b,15897,0,295,0,TEST_SOURCE
tests/probes/rc6_projection_index_derivation_probe.py,added,64697e410768e94fc2761becfc29ef21d9795b4d,7414,0,137,0,TEST_SOURCE
tests/probes/rc6_retention_ack_resume_probe.py,added,ff6137c8b0923f5f0ba79940cbf928e40ac2ca2e,6127,0,117,0,TEST_SOURCE
tests/rc6_browser_coverage.py,added,628a278a2a9766b790a2e07a54f84641ad24a8e9,8259,0,122,0,TEST_SOURCE
tests/rc6_browser_ipc.py,added,878806aa3ca48aa246ef3dad1bb20f9265f53853,23894,0,479,0,TEST_SOURCE
tests/rc6_browser_prepared.py,added,18082b456a0e3b5d078e151cdecd49f11643351c,17769,0,279,0,TEST_SOURCE
tests/rc6_convergence_fixtures.py,added,03e96da4add978d2e50d7c8319856e522ce9df3a,697,0,14,0,TEST_SOURCE
tests/rc6_dashboard_native_fixture.py,added,52fdc82a7dd1f42cd1adebd25149f0fb086a1481,21193,0,368,0,TEST_SOURCE
tests/rc6_external_disk_fixture.py,added,b495e5f0d1ac1605db0930e6e0148b9c62651ca7,2764,0,63,0,TEST_SOURCE
tests/rc6_readonly_complete_archive_fixture.py,added,578259851fe1e030150cff0f135849144fc47f96,16898,0,352,0,TEST_SOURCE
tests/test_a3_history_rc6.py,modified,c51b809f639119379a576023c36c789a13a4d8d6,5533,5507,4,4,TEST_SOURCE
tests/test_candle_archive_v17.py,modified,86702697e0ed993880d262dd29fc9aa835a1306e,15500,15502,1,1,TEST_SOURCE
tests/test_ci_productive_predeploy_contract.py,modified,13b5a69f14538495ff9fe153d85fc1601891a512,10274,3593,94,2,TEST_SOURCE
tests/test_dashboard_ux_logs_cem_hf6.py,modified,685cfc476120baadfbb9c9d31b545b6e10df4c6e,3527,3512,1,1,TEST_SOURCE
tests/test_data912_history_fallback.py,modified,40e288d40cd1e3e2f2978142557044617ef24efe,3522,3163,12,8,TEST_SOURCE
tests/test_deploy_v2_frozen_artifact_contract.py,modified,ebf39cee67984c1b5ef046a810e4844c6d85013a,2559,1383,20,4,TEST_SOURCE
tests/test_deploy_v2_promotion_contract.py,modified,9c46ea42153e0a989a4d617f77895c4c1f92fa7d,5056,4596,9,3,TEST_SOURCE
tests/test_history_close_only_hf2.py,modified,66ef45d8a6bbef81a10ce2254aa6345fc0e238eb,5712,5681,2,1,TEST_SOURCE
tests/test_integracion_v162.py,modified,5f825853dbb0ca0f2b58882e3ed13d9f266c7985,28972,28596,8,3,TEST_SOURCE
tests/test_intraday_scalping_hf3.py,modified,114412d9681d9d255f551df760a1831dd1155e76,10486,10487,12,14,TEST_SOURCE
tests/test_intraday_scalping_rc6_integration.py,modified,bea3e8f13071997ca940d883fb456e3813803bcc,4861,4755,3,2,TEST_SOURCE
tests/test_issue465_budget_adversarial.py,added,b0618f3c6b46421cff2d14cb57938a89ea70d512,88536,0,1704,0,TEST_SOURCE
tests/test_issue465_capability_cache.py,added,0323ac3bbba80d3aed7db4c19232576708d311e7,47657,0,900,0,TEST_SOURCE
tests/test_issue465_generations.py,added,44eb1d7f6a824def80fe9d089b438652e525dd92,28877,0,619,0,TEST_SOURCE
tests/test_issue465_historical_package.py,added,39e969219433e1c18e226dded72824b699af3e41,42494,0,747,0,TEST_SOURCE
tests/test_issue465_provenance.py,added,1aae568557deb4e0bc7b08c7189271dad1c50492,55688,0,1096,0,TEST_SOURCE
tests/test_issue465_source_retention_audit.py,added,aab3794fd85ee51ad73b701945617a629cb72a13,9290,0,185,0,TEST_SOURCE
tests/test_issue465_source_retention_policy.py,added,69034598fabef7d7fdcd2535507467b57a8074c7,17305,0,388,0,TEST_SOURCE
tests/test_issue465_stress.py,added,84cc2e417be13f94cf4f4ca51a6c1aad55616f34,37437,0,736,0,TEST_SOURCE
tests/test_issue465_stress_audit_gate.py,added,063aa56eadfcacb09afdd7027cd2c4e24df06f8f,25333,0,430,0,TEST_SOURCE
tests/test_porota_apply_host_control_plane_v2.py,modified,183dedb643b8859f4d411c5ef8426716c35c15f4,4849,928,100,1,TEST_SOURCE
tests/test_porota_dependency_repro_audit.py,modified,e0a7c7e69c48b928014a7397c35560925880ece7,2997,1604,21,2,TEST_SOURCE
tests/test_production_paper_v1634.py,modified,1770d879e6bc17a8074c65a8947720cc33dd43d4,86409,86093,4,0,TEST_SOURCE
tests/test_rc4_acceptance.py,modified,0b8d7fed457faeb45ddecc4d7ee9c56c104f7af9,19878,19862,1,1,TEST_SOURCE
tests/test_rc6_approved_factual_callers.py,added,b4f4b082f8c54d18042e9d13154063a2680556fe,12747,0,219,0,TEST_SOURCE
tests/test_rc6_archive_maximum_member_guard.py,added,10b44c9d2449961dd543c55fad31b03f3338c8a6,9114,0,141,0,TEST_SOURCE
tests/test_rc6_archive_namespace.py,added,bdb38d3527c5f8bf0495161f386913f140c34ccd,7332,0,159,0,TEST_SOURCE
tests/test_rc6_archive_v3_image_smoke.py,added,6072f3be5da30206f2a16c8cc8b805426ac95736,16433,0,276,0,TEST_SOURCE
tests/test_rc6_artifact_fixture_storage.py,added,efd62e17cb19ee5ce4134fb3d5ca675d7acbbb01,8136,0,151,0,TEST_SOURCE
tests/test_rc6_browser_family_health_coverage.py,added,551368e085ad1ce158574fa56832b5f00c065987,14983,0,250,0,TEST_SOURCE
tests/test_rc6_browser_prepared.py,added,402988b41f04c44a716b665851fd9c3636573d0e,12092,0,190,0,TEST_SOURCE
tests/test_rc6_browser_product_ipc.py,added,2f8ca8a9c599d98845fb6801dd33af9fb627adf8,17352,0,332,0,TEST_SOURCE
tests/test_rc6_budget_receipt_retention.py,added,b5f3fad6587dfe01a6759e21e26f01e9bd3c48cc,23616,0,405,0,TEST_SOURCE
tests/test_rc6_budget_source_custody.py,added,7c760c906f5378a4d62b93b2f48f29bb795e5fda,64270,0,1177,0,TEST_SOURCE
tests/test_rc6_capacity_promotion.py,added,3f6a6e84705a9b1ccdbda5ee78d42818a519fdcc,10053,0,177,0,TEST_SOURCE
tests/test_rc6_capacity_retention_activation.py,added,3c5b57ea92e581130b472a97af8e9b1243d00909,4046,0,68,0,TEST_SOURCE
tests/test_rc6_capture_restore_diagnostic.py,added,5319cb9819d0225a976a768cb76ab63231217593,15211,0,325,0,TEST_SOURCE
tests/test_rc6_committed_projection.py,added,cb82d3c83efeaae93a91e3384f65af63a309f7d7,15484,0,273,0,TEST_SOURCE
tests/test_rc6_component_archive.py,added,bca1ce8b9777358289807e7d0c81c002ca82e02d,22809,0,438,0,TEST_SOURCE
tests/test_rc6_component_archive_memory.py,added,3b2b9cc181c5dfe577e7124eab5d24276f8a8bb9,4656,0,94,0,TEST_SOURCE
tests/test_rc6_controlled_governed_runner.py,added,1645c1c220a5e401c87c2b36f585ebe7e7d46fcd,30235,0,570,0,TEST_SOURCE
tests/test_rc6_controlled_native_child_manager.py,added,f6fc979ad586b5d413e999c99aa5063f567c517b,24712,0,219,0,TEST_SOURCE
tests/test_rc6_convergence_budget_liveness.py,added,42f97a11970340334c64f733f9b11e9840477f81,46857,0,929,0,TEST_SOURCE
tests/test_rc6_convergence_core_admission.py,added,628778538867f8ff4508ca9913b4d7170dfaa50d,23555,0,412,0,TEST_SOURCE
tests/test_rc6_convergence_finance.py,added,187273b23b24619382a0ef9b7f1c157a846dbb11,23618,0,444,0,TEST_SOURCE
tests/test_rc6_convergence_finance_historical_review.py,added,b48eaa110101a0cea94f190bb9acaaa24df7d3a9,6150,0,116,0,TEST_SOURCE
tests/test_rc6_convergence_finance_review.py,added,8d3e962b981f51b4263bc4195d5edff66de27647,17689,0,324,0,TEST_SOURCE
tests/test_rc6_convergence_persistence.py,added,7b9a14a974811144c05138bfa33910efeebe1b51,43375,0,739,0,TEST_SOURCE
tests/test_rc6_convergence_provenance.py,added,6d6ea0dc0f02ec071da37167709b36a6c1159556,66523,0,1145,0,TEST_SOURCE
tests/test_rc6_convergence_scenario_preservation.py,added,eec8c69ad1126062d5e3253d7ca2ae9c69ac20f2,6204,0,112,0,TEST_SOURCE
tests/test_rc6_convergence_sre_archive.py,added,7b9fa8a2c617a4a4d9206dd276684566cc06bbdb,19403,0,354,0,TEST_SOURCE
tests/test_rc6_convergence_sre_binding.py,added,06f60cf873e39f99422768efa463f6a8ecd03d40,37784,0,586,0,TEST_SOURCE
tests/test_rc6_convergence_sre_health.py,added,ecc4a12ea42d243c8e584357fffb7835905b61a9,13762,0,247,0,TEST_SOURCE
tests/test_rc6_convergence_sre_launcher.py,added,e5620d25c4c95985d669edd537c496a49524810d,13512,0,234,0,TEST_SOURCE
tests/test_rc6_convergence_sre_modes.py,added,a3acbeeab91739c8469eb4c182742e7ad129f204,2802,0,66,0,TEST_SOURCE
tests/test_rc6_convergence_sre_published_evidence.py,added,4040f36da767bf3d932a2cdc4baf795998058539,33172,0,566,0,TEST_SOURCE
tests/test_rc6_convergence_sre_scratch.py,added,9b0fc5ab3e4c961b97e5abd239ab93d314ecdc61,18748,0,347,0,TEST_SOURCE
tests/test_rc6_convergence_sre_supply_cleanup.py,added,f21886e3ad3c18de5632d37c4e9d199927bd3c94,6776,0,113,0,TEST_SOURCE
tests/test_rc6_dashboard_convergence.py,added,dee8c5478f8918ecbdd58f4e50a1db3b1809322a,27672,0,481,0,TEST_SOURCE
tests/test_rc6_dashboard_projection.py,added,94dc2ea367310bf5d75ce12272378703c74c9d47,18306,0,329,0,TEST_SOURCE
tests/test_rc6_deploy_failure_cleanup.py,added,62115b4843761c49a36c024b78a84209767de249,9701,0,206,0,TEST_SOURCE
tests/test_rc6_deploy_preopen_gate.py,added,feea6ec0a0ceb011e14edae1a908732e59a89a62,5789,0,123,0,TEST_SOURCE
tests/test_rc6_deploy_readiness_contract.py,modified,1d8c38bcd7d0affddc05c6db7ba887aa9e80ba1c,2900,2683,8,3,TEST_SOURCE
tests/test_rc6_deploy_runtime_completeness.py,modified,6c717936bc0d98221f900f64430d1a25756b8e84,13874,13264,12,4,TEST_SOURCE
tests/test_rc6_disk_deploy_guard.py,modified,a4ad6ec6c7600b9cbb358a627632a6dc52ad7165,6091,5718,15,10,TEST_SOURCE
tests/test_rc6_disk_housekeeping_policy.py,modified,d91036220db3c5174bc70ab73b12c1be0de73f29,4186,4156,1,1,TEST_SOURCE
tests/test_rc6_dynamic_orchestrator.py,added,0ac1dd2138113f837f42a6967f6eaef65b511623,25386,0,420,0,TEST_SOURCE
tests/test_rc6_dynamic_sources.py,added,e810d41554d1d0fce74e80314bbc202f59e66a67,11768,0,229,0,TEST_SOURCE
tests/test_rc6_dynamic_tradeability.py,added,e7e44b3e425dc33328d4e17f29bdba0aeeb789b1,18322,0,342,0,TEST_SOURCE
tests/test_rc6_exact_page_storage.py,added,544ef5c688b22dc656ef30e06aea2150ec4bbabf,13017,0,252,0,TEST_SOURCE
tests/test_rc6_exit_reader_cadence.py,added,119f075f06f3334668a66db352e44f06bfa68771,21966,0,401,0,TEST_SOURCE
tests/test_rc6_final_family_source_policy.py,added,44712497a0f66033a4db652c5af3a04eef5e017d,31209,0,521,0,TEST_SOURCE
tests/test_rc6_final_programming_runtime.py,added,0ce89b1a77d6de7d9172918cadb2b531c6a6d376,13208,0,225,0,TEST_SOURCE
tests/test_rc6_final_shared_risk.py,added,42fee1bbf266dcb67c53ffed415d974d1a26c774,18946,0,403,0,TEST_SOURCE
tests/test_rc6_freeze_only_native.py,added,55919a8746622292fa68775b2eb168b1c33bd64c,4771,0,80,0,TEST_SOURCE
tests/test_rc6_funnel_storage_codec.py,added,20c11e18aaebdf6e7569ca423ba000bdab3e5a8f,17884,0,387,0,TEST_SOURCE
tests/test_rc6_future_contract_policy.py,added,13e9dd6c83d179e82b093800c9dbc28e279520e0,4700,0,115,0,TEST_SOURCE
tests/test_rc6_future_paper_engine.py,added,818e9c282c4b438f2b368c1da2938c1580ea65c1,5657,0,140,0,TEST_SOURCE
tests/test_rc6_future_paper_lifecycle.py,added,b390cf8364231c31662c71a10d99f66edc3fedde,4877,0,122,0,TEST_SOURCE
tests/test_rc6_future_programming_complete.py,added,221fdaa679301394b0280d366b41c0036af48f21,34704,0,687,0,TEST_SOURCE
tests/test_rc6_greeks_contract_convergence.py,added,e459a3b788628a8e2e0885e3eae2809f8c97ef23,3620,0,69,0,TEST_SOURCE
tests/test_rc6_history_convergence.py,added,f477f8806a3016b3905ac1ef4b9597a569a13fb5,37314,0,633,0,TEST_SOURCE
tests/test_rc6_history_initialization_copy.py,added,fc7f04273f9595f59424f3e96e3a26c8f18cd341,5573,0,112,0,TEST_SOURCE
tests/test_rc6_history_large_preopen.py,added,4dcd1f652b90545e234ad1f889017c5434ed7920,10520,0,207,0,TEST_SOURCE
tests/test_rc6_history_probe.py,added,ca3a570453fa5e0bea3ac2783962170e9c2e198b,1059,0,29,0,TEST_SOURCE
tests/test_rc6_history_snapshot_copy.py,added,7a50c8bd259ba5d855ccef27b966dc0316af21b5,5462,0,134,0,TEST_SOURCE
tests/test_rc6_intraday_freshness.py,added,61ee4a566e8ddc1bd8891f80bd3f9c923715ccc7,16827,0,325,0,TEST_SOURCE
tests/test_rc6_material_big_missing_worker_proof.py,added,dfe3ad941280a43b5074eecf85c8cfe76c739507,1110,0,21,0,TEST_SOURCE
tests/test_rc6_native_archive_horizon_wrapper.py,added,e5f95b938810b70be505946c261ab95ceb163523,16535,0,300,0,TEST_SOURCE
tests/test_rc6_native_big_import_provenance.py,added,1b1460c64a429df9569376b6ac74317f3421688f,63451,0,1075,0,TEST_SOURCE
tests/test_rc6_native_import_event_filter.py,added,d551296cc8f27cf34f66fc6dd6eeec98e0e7e67c,9344,0,224,0,TEST_SOURCE
tests/test_rc6_native_source_reads.py,added,fd87636da778c21d6bd06bcc5680dc832aa010f4,14361,0,272,0,TEST_SOURCE
tests/test_rc6_observer_history_diagnostics.py,added,208cae69dc3f4fdcf6151ce8db4efbb5a7fc36fd,2363,0,56,0,TEST_SOURCE
tests/test_rc6_packed_capture_allocations.py,added,1264af2050e3c38d58a1393a804a3bbe01e59fe9,16376,0,348,0,TEST_SOURCE
tests/test_rc6_packed_root_volatile_suffix.py,added,1309d8679b7d47aec0e93318e445420c2a2c315a,13329,0,296,0,TEST_SOURCE
tests/test_rc6_packed_scalar_dispatch.py,added,32eef161fc73832836737ceee06eff6c83103aa9,18616,0,409,0,TEST_SOURCE
tests/test_rc6_packed_small_container.py,added,cb14a9fa959fed27a26665cf9b3f5e542800c138,13475,0,308,0,TEST_SOURCE
tests/test_rc6_packed_storage.py,added,39252b3923f6a5ced3d873429c717e97c38ed95b,38789,0,697,0,TEST_SOURCE
tests/test_rc6_packed_volatile_scalars.py,added,aa55e2f56f26c20796839aa82dd4580baea2361a,16388,0,344,0,TEST_SOURCE
tests/test_rc6_performance_capture.py,added,54de91980867c38e7c8d56441dede5b68d50acbe,5470,0,123,0,TEST_SOURCE
tests/test_rc6_performance_costs.py,added,7e26692db8d96b8404c1d8def05f8b9827b1a060,7472,0,153,0,TEST_SOURCE
tests/test_rc6_performance_report.py,added,f2867db40660eb97b82b64c6218db8ce92b8f8b8,3211,0,75,0,TEST_SOURCE
tests/test_rc6_performance_runtime.py,added,1becc09abb65da443793ef9c37a1b4337529e938,10831,0,211,0,TEST_SOURCE
tests/test_rc6_performance_shadow.py,added,9a36cdfbb8683cffcc59f163dc61eeafe3a42a93,9927,0,193,0,TEST_SOURCE
tests/test_rc6_ppi_capacity_benchmark.py,added,650c19581464d72e6ecde169579768086092065d,18798,0,398,0,TEST_SOURCE
tests/test_rc6_ppi_global_budget.py,added,d2a8c30f559684bb0f59e60d860928f155a37138,22687,0,477,0,TEST_SOURCE
tests/test_rc6_ppi_iol_reconciliation_rc6.py,modified,fb6059914b1ab60a01ad65694588a69a7a69cfc5,5192,1952,60,2,TEST_SOURCE
tests/test_rc6_predeploy_scoped_cleanup.py,added,e502e36d87bd941e2dc943b2f30ca02a77618c7b,91979,0,1598,0,TEST_SOURCE
tests/test_rc6_prior_regression_successors.py,added,e1ff020e688b314962b25895d468ab790fd72455,12117,0,228,0,TEST_SOURCE
tests/test_rc6_projection_browser_diagnostic.py,added,6154917e610ca049cadde818d31cf88ee72c582c,13197,0,234,0,TEST_SOURCE
tests/test_rc6_projection_large_browser.py,added,e983b381d58dcc27fa19a355cd799663bf1cac09,2579,0,51,0,TEST_SOURCE
tests/test_rc6_projection_source_guard.py,added,e055572f512f4629fb898e86e5c2f10605520bf1,4695,0,89,0,TEST_SOURCE
tests/test_rc6_publication_replay_diagnostics.py,added,0a5853f54e9fb251919f3b435f74932553cd45f3,28379,0,519,0,TEST_SOURCE
tests/test_rc6_publication_storage.py,added,14aa5ce81774c92d643cad62ea7b1ba1f93afda4,50921,0,967,0,TEST_SOURCE
tests/test_rc6_publication_type_identity.py,added,ecefa42b8637ca485d0223339d0ea541b28a64c3,13959,0,306,0,TEST_SOURCE
tests/test_rc6_readonly_complete_archive.py,added,6b55eaa6cebe13534020e18da04af53e43dae4b3,20529,0,397,0,TEST_SOURCE
tests/test_rc6_runtime_row_decode.py,added,e3c22dbb5ce5b723a9a7653116bde4ad527e3d57,17854,0,293,0,TEST_SOURCE
tests/test_rc6_shadow_entry_signals.py,added,4390860b51f5b174b033ceb82fa6db0c749264ce,24576,0,392,0,TEST_SOURCE
tests/test_rc6_shadow_family_runtime.py,added,0a6e5de9b7e704ef6fc66aedf25e73536a1b6bac,25748,0,408,0,TEST_SOURCE
tests/test_rc6_shadow_lab_atomic_capture.py,added,2fa406c1d9f59ae44d703ac6b0ece55ac9162075,19053,0,339,0,TEST_SOURCE
tests/test_rc6_shadow_lab_runtime.py,added,6de1020195860cef628fcfc92afa07a42cd3d5ca,20868,0,394,0,TEST_SOURCE
tests/test_rc6_shadow_operational_funnel.py,added,ded0f0f66674558ada7aeef2440fad44b564a03d,26546,0,396,0,TEST_SOURCE
tests/test_rc6_shadow_preopen_runtime.py,added,72115b61453d9065521df66dff9ef164b48d538f,29448,0,566,0,TEST_SOURCE
tests/test_rc6_shadow_runtime_wiring.py,added,ab8d3539b729a98c0796e9c46644662e2f153461,17590,0,330,0,TEST_SOURCE
tests/test_rc6_source_capture_deadlines.py,added,2e9edc6db2d3203b65d808f426d712c0aa7c83dd,11610,0,256,0,TEST_SOURCE
tests/test_rc6_source_consolidation.py,modified,33dec34e0c587a3f19e32193896f650cf2012139,9745,6728,60,1,TEST_SOURCE
tests/test_rc6_source_custody_allocated_blocks.py,added,bb69a1a86942594323c41b548f6a3e3243a844b1,4142,0,83,0,TEST_SOURCE
tests/test_rc6_sqlite_disk_scratch.py,added,5110a10f3699901c5769c0f97b646ca5c64340c7,15144,0,305,0,TEST_SOURCE
tests/test_rc6_stress_native_cli_lifecycle.py,added,f3cef5a93118d16aabe465b902b0ce3e209f0db5,29729,0,508,0,TEST_SOURCE
tests/test_v161.py,modified,b5ab11f8d258cc42c487807532a07aef7b3c1403,9441,9191,5,0,TEST_SOURCE
tests/test_ws_dash_trader_terminal_08.py,added,d46945b792dd737a121f075b10d8e3a7a1b34e35,26502,0,470,0,TEST_SOURCE
