git_blob_sha1,bytes,sha256,path_copies_in_previous_inventory
000d4afda83619b766835fe8c1a71471a4d9f5d0,71,db575d846560c2b90938c0101b096cf3b1f2485295903e8d4d21fb6e5647a695,1
000f9367450182ff7833a247e945085b154cdef3,6182,4816236b89d0ffe2a44c6aa7d9aa2e4ec640e68f7ff84f3fd0defdc7e961c270,1
0012da80796f12fed86b8381ec2a7913a5738ec6,123,aabfd18817b597ee475734b64d849f44be1b51c131a29380fb7e5b475206d36d,3
003769c5959b9630708732d81482f06d46660a50,4931,27dd01305e5371181a26a1a1df6c5ffe78621c7ad26f26370b6b44da8084adc6,1
00608f554aaaef378f8191ab87be77251b71ce5c,139777,c5c43c48da3f0dc79306584b554daadf29880de7c83ff44a1cbe2d86616cb5f3,1
00aa312608a1cbae96a10eb153f2a52f70ffae6b,3546,241caa10526cc5411a9f8e98513f46140c0f103ab34837a45bd154ebae119a50,1
00b2fde3f73d2300abe18d79bbd5a70a91cddcbd,2266,87385fa160770768ff06fe7ed4ceb0994b326c35e280fb11bf155d8bc778d06e,1
00e1b59c228687a2bd109968eb0e436623535595,2508,009f648c59aca1418b17154513ac5faf24edb5aaf81cdbf384b46c5423f8a492,2
011c1b68784800002f14cafe2b4c5429cc45d127,9624,b2a6f89506f9467cbca64f480d2965d19de084e44efce1d0a3823762d197ff55,1
0120fe98d4bb18460e6c4db87fe9dc4411ea87d1,67,bc023c916c0de543db3e55aaabcc3bc9928c8cf7fd9a9a3134a81184c89afd0b,2
0121d2bdf6efeccc3dc797050e2898e8f556b46a,2090,ce85541fe5d137dfd859667c2b6681e59ead655b850b1f79017cb50486162ee3,1
012da309c892fea6397fce6c041b92948d1b49f0,333,f5ce239bb1bed67e6eaa4b7743ca64f6abe7920870b17d4b48b6b35d7791f43e,1
01417d76449ef89375ec1e0452da7f2a5211a9b6,7070,ee32006827cb7ca2057d0f20082d5ba952175c07a286540cde5bad9cf0285513,1
01461c713cb9c5863246629065721c7771737047,31574,9a62255acda588f1e00dc3950fc00a1373f4218f808a89f73c16688164c30e78,1
014721c915b094e482d6485c29dd93466272034f,11785,48b51b26b593d150ff4c99cd4b23bda2aedfb0a7f3eb690aec5cd393b9c7de1a,1
0165822da8f36accfe33b22b011646ea10042db3,15265,af04e89a6d34f9c39c4aeb265e5fc28fa91901000e4eec8641e1fd9e3c1b442a,1
0178e43629031d98417656a0021572400fc431d6,13622,0aa20a8e23a73dc529f03f64f45c7921fb3dc6b82dbbe885d229da4847024af9,1
019d9a529b978b011d7f403bad7c644e3fe4970d,5568,a682531de4ac89a195e48f0d3ba879e6e36aa1d9bac960b7a710850a14b2052e,1
01afcd3e83e93b8ff876d7da4a77c0d9dfcb7b4a,34047,57a8025b183e65e9ed6d863206e4eaab8452cb5d06e6c6523244d04b3f3c5d66,2
01ea4876a3e27de610b87bb1a954b60b9a0d6382,1825,2c1078dee5e9ff009252e3949fe25e65a940d76162d25d364f4776ff65045289,1
0217f299600d1c2ad92b58484ca895b1463c6925,12288,4c3c5359ae3129500a2b5daf1b934b47b18d7f19afc1375d1c4e71be225e9e94,1
0219f669a3b0caa02740f5d4d290a432dee602af,454,da488268f4e72ec5a39667a18707e99bf26c11dc46992d117725a497cb2d0d4d,1
0229f49a172dd2568ebf3352f26648de94434ca7,6148,0cef3ee84b9e94eb555dfd2fd0fa4728c5950c930152304c1bab9e679d2da6fa,1
023391cb8a800e6411c0197444c702b6745e19fa,1806,3554a5103ddaffde59822dc574c1b43c5b805ac506b7f1a1f95ebc5b5a433439,27
02564463564622ab8cb9508b818e7289c5d3b20b,100901,ede9640b69f380c57334ec312c0b4fde26b20f63ed625eb367059a712c041bcd,1
02729727bdcb905b43c06cadf889f4333e4a0513,873,cee97ed41adaa4f728293496254579cb99e7e1d18a5b31ca58923312fce6d262,1
02ed219512a49913a4f16e199c1d5174d85c991b,7804,1095edb324e2592a612c02a69e8bb5a3089cacca478ac924dcc4e23e99d700f9,1
02f92be3527012510ad23b4f05045d503b505f4f,1966,06f3b37f3e98d1456c658ae6b0e93868cf79311498d2cf00d92dc78cf06d4cde,1
02fe3b29948622fdc93dce6eacae3ced70ef4fed,10474,5ee61594d568064379cf3d655a95ceb836e38985266d73e2dc7cbb3986d4c5f5,1
030bf1a44edb0a6f1a4aa0946119e537aa4d72b5,33025,2d61f960eaad7496aeecf8816960bea2d2effd346f9223d299751103a0daf92c,1
0323ac3bbba80d3aed7db4c19232576708d311e7,47657,f9f41af50a6069cc9b2a8ce169b898c9bf2a06ab73d55b4bcb4e2df2a4d7b575,1
032bbb334db70911692eba83ddc320dab718aee2,2110,a6fc72d31560eddcbf8616ad269b758a1a6b13fbc470df3a2c1d84f3f7b8440e,1
03727028fab04be40daf45c63b2e7741108f4360,21953,ff6b47a7ca328a04099c1b6b41b1b0acc5e9797fbdffb621bd2a691865e996e2,1
03d5f4db2aeb38163b1437c35b0cb87ac7edfdaf,1114,777bbecd5a5b987221cec86c74147a69cba6282aa9baeb967eace6a205c6efed,2
03e96da4add978d2e50d7c8319856e522ce9df3a,697,953297880a6884375914e477b0b35e1623eee2b37f7782131111eb9bf2b62943,1
03ea0d7d39e7bdf3c3d7f4f65cf82ec64d6c4fc0,2037,ec2eeab07d8a8aebdefa09952b8187c4e963ed327624d2d6e4aebae842f1c544,1
03eba3537cd387e8a103b6ed16e7b1c7db98aa4e,19585,3fbeccfac277992fbcb36396d83509d0a1dafd87b9e0246a83b8a146860d0d7f,1
03ee78faa4fb97136e3786442ce568676e33ba73,4774,7656333122f13bd9fc6200f6f2f00141244ab84097360ee55ed2ec0beb7bd334,1
03efd705d1bcbac65fd2cb71c7ba5054af4f8aea,3986,5b5f4ea189ba3c065dab7818b8594da154454314be69bf2616cfffc3df680e70,1
04170401e52d45c86d0a28daa797fbfa7bbe9903,12834,2af16f2267db8eb39af0758a8185fb55906586adf3008a64e9feea7e2dbf4717,1
0435b285f26d4ad4e13794ef90bd8fb1d0c720ae,4575,7409756166111df8d09062e4f275289fa734dba5ea0c74903b546de635425835,1
0438719cc3a18752573ef55ac4699e3be760a068,4603,aeaed90c631d1b2b66d3284aa0db8a44379d5e3c331ba90c27b0738d8dc121a9,1
04493c33e5f8fcc1c9b0fb81186b44005124aefb,99,8b1b6ee79b301b7212528b82059a8aff5ee698a76be6e16362a230b1a69b8394,1
044f7f87014e1798f9c21fee47f5156bf17c42b6,917,d15c5ab2589c918710f429bbffabb25b0d98af4a57bd70763d1cafa9d6323393,1
047ce6d4a7a66cdb11e76249f856a1d9d4fbb9f0,2248,852524122e13fdfedcb90c0685524a7d3681a1e27463a3065f02340ab6e34975,1
047fbd59f6bbf14f6001f999a475c8d554132dc1,320,4e699e5a36e3d174a08a82f0b5f36dc0dcb02391c6b4e697c0f5e0f00619095c,1
04b7f275e11293cfa13a8f967bc5818dce1dc3de,715,5463a051fbe1e997025ea6fe0efd43cc4f2b08c0b669bc7b639b48b217cb8318,1
04bab73bcddabe7a9ef90e2dec5917d1853e771f,1357,8c6abe76293b721bce7ed5952d85c070ae2e00716cb9716e27069b825948cc44,1
04d2eafa0be36f342204aae08a33fc6b2ab3d136,11643,926dec970ec763707d6a93f655b3b1093c12a183fa9ccd848993dd956a94adfa,1
050139289dadefaf0b34d2f2d10e13ebc13b912a,6402,ffa442302c2447bd6d49ccdc3450f73e3cc5d07aa267d49ad69ffd44c6ad6ead,1
051fddf6058d383f50b141ea47df5450421c553e,184460,f86571808f7f87ea4997ab2e9ef47d51c79ae7e613be86e6d95ace6e87389553,1
053017513491bed205cd08e7fed59627c976c793,2409,7d1ab3d7ea263755d8117e1546a0772883f5af3428de97a4b960895023e31e56,1
053dbc2ebc589c4e2cb62e83a65ab4f26e7b6fcd,2897,5e28cd1ca6864100824c8adf8b637f9474573684b80b64d9276794e21c796fac,1
054a02131218a6d5d1428c249a52fcc4e015fe03,3779,2cc282562e78b64d84214f1d72a63bb8fbc8462e698691f862ed1608ee288411,1
0574e8c65dda5c9750436c008566d0f848d20cfc,230,0b7c36734f38a367ce5bd46306b47ab7069bb5f8decd8ad962f7f26b52108f9b,1
05751189ba8c3988e7c200c2feda3f0d55b6a185,302963,bf9123f1c6490f75144b124d3e2fed09b99763afe54eccc4c16c344307539158,1
057e07ac77f06efdbe503f22f2269b77eba19fd0,92,6a27f08d9dd454bf9d2e48fbf5819245a91066550ec43615b95cc631163f2b2c,1
057ecc86b4c905573ca699677257d037cd83f0a4,18950,6c55fc63b3c4b890a50b4130a0df7363c562ee4cfd50265fff9f7b106796c7d3,1
057f355376888618bf48c6824631fff9c7e60ddc,4471,2398de523aa7518a72babb3cd5f4b5794ea0edf2c25694bb3bb222039dbfef46,1
05972824cb60f691f7b22641986729c239793c0c,1544,55b1170d05fb121d6917a09b188c6692ad334c6c30f59075af07aae8f5afb7c3,1
05bf9fd614b3c3f69b5a666d6dc32ccf6d8e5709,8438,d7b60faf593faf4c62d364a63c7efcfb45646f9d36eee2b020ddfd965608f471,1
05d1dd67faff7b7a3b25c8effe600f46d947fd65,8003,35ea5b3ae717eccaa6d5ad7f156c34f3eac5910e2dd4b239ee1b5f116c921647,2
05d3e8963d98f8f4289d821534de8fe1ed632279,14572,e6f36c6cb852c7548488c081d3c2e108553c2ef1f352930d080c26538a510c5e,1
05d56c764fc09a2fba5f010d1383a33fa8cd396b,236026,a42ede6de899364b15868f72ea82cb6193fce6d6849ea80e93d4e15e191912bc,1
05dd50ddbd72b59fa102765809f25acc31040a93,172,bc5267224354b9b5155b817a3c35f07e1be0ecedc4c777377fd1f4d7dafc781b,1
063aa56eadfcacb09afdd7027cd2c4e24df06f8f,25333,6e19184df148fbf62e4f62bf87636d97a748720d9b86b64546ac453371182021,1
0660d9210a4abdef756b8f6e8fbaa14c37220cd8,135215,3b1199cc4c27966f4d6585be4975ecab495fe69d627c1a6d16bdb4446a77ead0,1
0661104fbaee5c67bf9f79e48ce333a2d26607a7,81,15ccda6f6300ccefe31234f1d51dbf9d31adc5fdd2f9615591473b36008ecb2b,1
066f065aab9a65c15bff03444e5b325c135e598f,2258,0de3a6ba6160623a82bb779e6ecdbe10915bd0fd9f15fcc550313abc7ecad9cb,1
06c55ed0bf1d2a0b435492c5767b449844af6f07,3551,2e038d066f57785280e722f6f5014fb525d89669bc05c57afe272313eb13f6f4,1
06cc06d93c23626dc19b0dd3d38da97cd84d1c1f,377,433a5f3dca907b50866b907f0ee1846460e82b35fa0a5f2cdddb6f18eb16323a,1
06da4e8dc96159eaed1127270762813198feb82b,1386,3f876471c0e851f9d55b0d78c9008cd420d2a3862da219ce41ca67b63a22bcae,1
06edec4b985a89f6bac9827c654b28b2b8bce20f,18999,d480a9d4c19c3e6630eb8882ad65d11e6acb4d6b6c9838d3079dcc51b057967e,1
06f60cf873e39f99422768efa463f6a8ecd03d40,37784,fffc1dba3d4ab0fa7a5a77d945012036ca868738a823fb53048b85f923994e84,1
0704fac6161e9d6997f53541b00c8ecb2696583a,5766,0a301f257e41006f202392f07936c5a691d2a018eaca2967c658864afcf8ed25,1
073851666cad8de0217a3247cf320deb63ebb8e6,66444,330fb3db8781d12a89847eb2398e5a0ab076007a3456ea2e550432c0bcc2c38d,1
075ab41a014a23424207bee64090967944e11967,105,2f69d34ef235cd55f4db8a89f83f8b78ae12937cf9af217b6e4c0c8b354d12ed,1
07651c8cca2a5f0e084a860608270d078ff70883,3267,d12372a5bf068572c19f0a34aa7870c5d998935eacbe8d0bd7ca354c2d83d884,1
0771fdfee50a8d64f1ad707824b788113f331ee9,8296,6f8e0dcee98748149a899fb0233c8d2c60c5ceedef748ad915e06a8f29e0905a,1
078b286b6cfdf3e4f6890e6900d4887c05eac8b1,2070,e72a138054469f55311cd3c4acc741ef028e7dbb8fd0f37d33c2a06671b26729,1
079251c659fda4a98b4e068fd9783aeb64d317f3,8119,2c28598fa8f622539deccaae11536657713762661116f08562307237fe4f1cd6,1
07c71f08c0073ae9ffdf1ea1ebcce46220703467,9870,ad322c6d69c63bcf40cf12848cdb9a86babd964d10ad77146d9320b91015b9f7,1
07ff095efa13a2ddcf29c898c7eda5ea1388d01b,172452,f291b138a061f70feffa63add6bca7e8d75f103752ad1a3b0d0306fd92cac0ff,1
081de470843720218f2ef38e4900b8ada4e140d1,229,c48ec3138d66601a4bfe5fedbb5dfb3a630d0b4bf74b0d67fe59e623effdc48c,1
083bd8b35130012334036429c824bdcad16ec0c7,732,24aef38152a5329e53394a38be4eac5647a512f36d52b092177bfe71da47ff25,1
08500ad56fae0f711f821f43acb775a93a8e8f37,534,ecaca70bb25e2b49ad615c3b05ffc8d926be23b38306bd997ce753f2008acb3e,1
0878b2b49c732dfd5c3b579d6bf7df782811191f,2909,ab484556a0b3c238016ef89d7668ca9bd5d21c3e46f73d5ae05368900338f079,1
08ae46577162200df8e9883c903bf655e6ab41cd,16068,d596531dad2810cdc8c8fe264b09dbe3dec26405fd26f4639e60fe044c56674b,1
08ce102a3f9cec5b668165732ef8527574847226,136609,025a531b3fa67ebda66b177395dbd4d9dad732c684483a8a70d94fc2b7d1fd6a,2
08cfa2a59090c058248b46eef440cafd31027245,1791,4fd5cef2100821a5e0ab35ca4d129b5650788b7aacee3ed928d248b2fb006083,1
08f7aadbc1c8dc2a92886d838ef600261de4078a,33529,a38d9dcb8ddcab95a73ce6bfc26b4903ede2ed0ba77fc19982ac7cc6c42cf684,1
090e37e7b46067eb34b48e8911a08e185164b901,233253,439600f3f5456334db9d31d66af82981e6fe10cd91494f77161246af37d001e0,1
0917ad7b3ab0943c8fe7d0129b7872456cf1ea4c,2216,f36ba76ba53afe0586f6ed1b6963b5503b656f7c6edac57c18ba2ad866463810,1
092e96703911986d1430a06115484cd03d63b121,24647,4e2e508c0173c1264fef19b1fe6c7e12972b9af68c8a56778067c069ff25d592,1
09359b040c04d8993ec92b974b8e6063dd627a2d,252,bd4bc7fe6ca4c05ac1de6bfcdee79014c983b7b0c9688a7d4bf0e2fbf21a84b8,1
0945d801a8e0001c5c986092c1f4a31fa4755bc6,885,5a1361649dffca4663de83fa334e587297aab7951d3d69138606771396a77a97,1
0955e1b4bc520faa77e66143f2ebc6b4a753455e,6275,fe5de1bb7322810eaa698fa11a45a1aca473c06e4c1b981777cb2d5212cd0309,1
096b52b27c761c2f1546d41e1dd1e5f4d1ecba66,42213,c926013cc5b5008a28c7cb6936a231b66a9246f8c6ed48a1a459bb327e690154,1
0971fc9ca9409e9d20886688f5dfd21fbab12045,8388608,c993ef5cfe18ce023f080ae22021d4a3ad80af512388ae4eb49a58f908bbada9,1
09a5c671bcb45fee23010ec92f0fb90aef559710,1031,e1784f2509a692b61cdcd7ff0f2fd2b0e950e09face584b11502191d77975f99,1
09a68d630100b0bf7c63bbeeac5292a0af459763,400,a020a583f2745c8d9f71322f56707d7dfe438aafd408ba9ab3ccb59566c7908d,1
09abe2634a83020769ad1464ac336d00aac5f352,1596,44e6572d182dee9516da0fbe86f3ca804302871a2bc7e7a11e869f686af6222a,1
09be7f527762a9ecb238f47e0b476bab36a59b20,1483,290707381f3e8e0615179b73f266f21f783b70b0cd57239a0de3bb9680bfd63b,1
09d82e6afa07e6d7418cc5410bdefd0e7bde978f,22515,778f00e7e9166a274877018f6ea0b5ae2600b280119b8a9a5f8e899ef567f4aa,1
0a00e4eee0252cb60f913b85f97b51396c1070e6,93955,cc4207797345e195792cde09bafb42f318a7dfa4f057bee2c677f4cb3efcea65,1
0a15d404a4fd9a8588b18812cba8adf364d69b4d,6286,6f4fd4cfeb405afe269070f410cf8bc014d8a1792809d92076c812cbd24e9aba,1
0a4c714e45ab6e7083a420e9391d49592e8327ac,59371,eb72d6586d995e64fc577cb4b23595a8700dfb0e8b55e4fa1ef70c2e947e8d11,1
0a5853f54e9fb251919f3b435f74932553cd45f3,28379,8196c4632e0f714b8e14f3d77b9d702f2b0a0b32b391eae401180b9ec25e99d1,1
0a6e5de9b7e704ef6fc66aedf25e73536a1b6bac,25748,51ce60161b44d86596a03a22beddaab200839786764ccbbc2925e874d5c69894,1
0a70ba7456a4957585863c24c196a3ab91215b67,2054,34b9fe26024749ea8838e05e5462b6d6eb204cf0073f16ee11186ce619305e88,1
0a867d19489ae645d6511e0577a4fdc88900396e,927,e51827fc7a818993d2ff098d79bd122a492863912bcaaec9284fda19b543e68a,1
0aae90af4649e328becf6c7a7179b5a03b32b022,231,462f85c2899a5a7e9c3c41ce702fdd2216bfa66119ecec39263ae201472b8da2,1
0ac1dd2138113f837f42a6967f6eaef65b511623,25386,0ec8cfb875046e675ab7ff9d4408c6437aba030210cef24741379e1255e89585,1
0acc5c03791767466e37ba7b7a6e316610e0e977,3415,f3b597ac4c255029b51387f1dc05cd0d21341e7127ba6c7d4d335c8e4e44f2af,1
0b0225d0370e5029ebd02c0fe402885660b8e970,3686,9f834132480501be2b9a09404c2a2840f9b68ef9a2d7cf733bbb2414ae41a139,1
0b322802584c237b31bc74905f20836ff2fcd398,20058,443952aab567ad64f5bd9d4d86754358630097939fdcb70583a352431a26b52a,1
0b33994b1f01fc3b281f11ff8b3c54934ebc302d,7435,56c21115ee6b0e25bedc50289480e5749aa57874f5862f8ad7087e925f13d43c,1
0b3e749b06d1bd60bac7891cb65e2c120ae7326a,8388608,f2f1a43f2ccde405165aa8755267545ebe953a54c72eefa57312027ffcac97f3,1
0b8d7fed457faeb45ddecc4d7ee9c56c104f7af9,19878,ceb7ac44e9da2a3f14dfb6d9df9fc6d5e91097b732ffb9e76973d569225036c4,1
0bd0b7b530d63cc01608d4cc5bae7070aa3c6415,1615,dc39dae196e5fa5a59f143391a50ef3f8da2136271772a5779c1324270293896,1
0bed357c2970d4ccb04fc244ab7f3f7b2003a221,284840,8eb2434fdb450fc7087393060a5d437228e052dd84c94649eb7cdf13d0481f74,1
0c1694bc1ad8bdf10629a83b31520f790c980c27,247726,9b450912177d4e386965ef946d7c450574cdcea9a8e18abb8ba8066207591dd2,2
0c25e54ffb5471ed5a481461cf5bf38a297a96db,186625,05e99d2b06dffab0ae381554b4d9d84027d63fb7336accead3aa84dd2d462071,1
0c5c55d6330719b0d6a2084a69023f1fc281b61e,266169,2731d379219ca60d0b6421036a7188b133a45aae92fc7af0137560b0d93230fd,2
0ca1c5f722d6274eea9a37c991493beda3ddbc6a,9749,e2c2f59aef22d0bf30ce83390513fbfb2c1334608ecf7029a5246a9444dd8bce,1
0cbf4a6d6431f8bbf7769d7d76ae19afed2cb25f,1932,d98ea87e406f39f7dee39e4248469d5f117f0619963aa38c8a722b9cab16babb,1
0ce05eebeacb9008474eabdc5541cff926dbda56,74991,2d955c094ab7627f9fd89dffce247fbed21f069e9b7414bf0a38ceb1b2056698,2
0ce89b1a77d6de7d9172918cadb2b531c6a6d376,13208,172d2029f1c6fdb93aaa0fd17e9dc76c68c54a0b41103e2a1012257541342d39,1
0d743ab0ccaa67f33cb458cb9046abf026622a0f,12238,35799cc6d6e1cde7d26b5587026f094437a672b424d480a75ce14dd61e7ad0a8,1
0d8a46e21fb9310aee027056c9bf34d2b07fb957,455,d4565e27aad371010e60ce37a4ad6668a326eab2c0b53790803338acde54e96a,1
0d9daf3d6c853c482517134cf52851a1d227ebb7,1266924,c753dc02bcc67c2e4d07a1fa2854587b6e2a8bb4a280b7c1626df5c8a4ca15be,1
0dcec6e26adb25937fb5bef0270d484422224a00,4279,417ff73f2e9ea2994d77ad765f3e439dd865f5acbf4538e4f60364eb8ea216f2,1
0de27d049f7c4ec753d09597dda6cca02412d740,5191,7916f92c501b06ae6d7a94ad2f3c941e0a89fa1169c616b774daca53fcd95ffc,1
0e0fe6670a67325ebab1293c4de6874e05de127a,1121,e4808b00a9faaae0976e5befe1988db126d0ba5631f4c59d0d444cdefeeb92ad,1
0e652faa46186f1875776a8d0be43b85cf52be8a,218917,4b173abf1646f33ae1cfc37ba53d7cae7665ff16f0b8b34c5c9613e838ad8984,1
0e6efdd128ca800d2301f5fcb984fda409010913,5043,14c90a35cf526b456ff8ba734c82912f8943532ae9d885745700ecb9e8a12899,1
0eb71728bfd81970c110b126441048505c9f5e85,6355,8c0092337b4423a81fdc3fdf7f480e3f669103204da71ede74161581a7fffb17,1
0ebd4ebca4c4e2397eb5efdb98ee99dcb4f31fe7,15074,43b8602ef1f1a697a49731553ef43bc6ec736018f984148ff446224640c60ff1,1
0ec602a1340736e96dd4ced894f8826f76e06b45,545,1b5219c0912ab7df5009437cb9680e0f32015840ebd55877ff31a44d896afa11,1
0ed79a08f7d5f4b3e71ea1316bee46cc3f25ec09,4414,be517e72bdb13b10d15d6728e2ef06b0c9cb859aa8a722fec56f5731ff815d26,1
0ef47044f87a80fcb563c9b9259d3c9ad3ebfd63,7645,f3c0b7b38b53660cb608683bb86e56c45501bc3beb1115c9a05b396bf9394834,1
0f09534b268ea91c43448fa75e41cb96e3e118c4,289,015bbcebb3332126a4d220b716a588c8a2b824b36895a66a45a1af00cc0a802a,1
0f15ab1dc7c5f2c5c2157fb1f2a770cd7c326fa5,142072,dbb03a7a872f2800df349a71602cedadd15dd54da305e8f39385c2ac2f455bb0,1
0f6f938d1e949aef5c2ebc39785668435482b117,11412,1610edeba7a0e78bb7038f436f0872967b718114e565b2be531d5717ed5112cc,2
0fa7f035650f24cc7efe53bf60f7deeb1c1b34df,12607,3831100208fc8ba3067979151b50b584094be34f16fc381738f20b4a1cb53917,1
0fb89f94be5c008c83fed5831bf4f01b82f480ee,11731,a74b85d32f498b5260c1964b3fcb73344abbd4aeff107daacb94b2aa1f6b88f7,1
0fb94c4d4f9e156d6a09a4b0b25fdfe75526a522,1097,7d6a0c2d967eddeff19aed42edf12b422033b7cd9e1cdc2a0188bc5911ec3374,1
0fbbe720f2972f8f8e68cd3ea0444f31add8d7dd,1558,f7bb41a231b04457c3baaab352f56d0428fd8186f2db51cd5b37db980a6311bd,1
0fc10dd914ec9d7956e7b2bc55ba0ae3b3ff9858,1019,c6203edb726f7e969d686c55523fc02357af1012a8728a7976df26f4e179e45e,1
0fe277ab320ebe3000fc330d556066897d08b50c,13350,9b9a89c768b0f92d549955e0993526e912704fad13d756f23874739332fe3f5f,1
0fe7672efb3a4ac91af71d2f42ca8d9745c67670,5259,5370a9334027e4ed443a3b6e544f6a24e7b95127195a47c2bbfe05fb498c60f0,1
0ffb36ac79cce0f777f7887d64cf134c9663fe75,16918,4e73ea6c94277949f73cf5acb0ba4ea411b189bcc4ef60518da5c3c819e3a473,1
100823eabb72c8341f9f90c910f03814fbf9ba0d,27108,ee0a7f3b8adb3f935a7261add546fc2cde3ceb1e0b827955e6beeaa30f000ab2,2
1033f66398601b3dcfe230d3e43ac0c6677ae134,5153,e793f9132f2b56cdaf7a6ac855714397f41714fc5ca0cd1174b334fdbe28426b,1
105dca62aef87ba22bf160f0f832d2773fba739f,3298,beddf7330183becf85b3ec824507edb614119c22fca1f5ccd1a0144e9c7c869b,1
10707d6ea26da63c89d3bcf5099c13e8eafa424f,409,e94483041ad6e07bdf12bfacc055ba6098c51c3c27c5a1f6a029d01d6cef1662,1
10837e5de86fc8d4f7705a7ae06b68992a181d80,65172,fdfba719d6dde27cf7c59cc3356f2ac492bb958f73646e1c8cde503575febedf,1
108927bbbb0fc485983961955ac5d4d2c55cea85,2414,9e6ed596917b63c14bf7c9905f3c336c1d30cf12923d0e4919b553009d0732fa,1
10a06098e6653f1bfa9d38505d0df93f754d9163,993,f989ad61dd7183c56d0fe68b8565b1c96cd5b2e358a6550b3a4e8b9c37b67029,1
10ab23a912d654e644efd29ad894910824e2d42f,3725,8d21e988caee08b405725a2f8b73e8b87e0d90c3e21db0a8cc11a715dbe0966c,1
10b44c9d2449961dd543c55fad31b03f3338c8a6,9114,4c80b2435cbd955034f3d423d539c5a091d62b9e6676e9c837f4193a89ff8dd6,2
110566bb81a222187bf7595cfdea7db9cf9a4292,4520,a7bd9ec2dfc4dbe3298088c4fd9aa2b7829b0be452efe7afa0dae2889de24e87,1
11202d1d3438b8c60610b8782db616fbe6ade117,230,339de6b9d52ef5fd157e79ea23284dbdc168091d914d645c73840e09a8200acf,1
112f7ff830235883f24036497fffa451259f1773,19459,0b0cb04e3a98e85a180919cce38f51118da66b38a3a2da03d5813af49facc582,1
114412d9681d9d255f551df760a1831dd1155e76,10486,c7c0da46b1902be2da0e0b9abd4d2a9f39c035e5e22e44bb148319ee4da22626,1
11459d79cffbe0080f7a8d12f56bdd3097af752a,3215,0d21effc81facd8ec8b965108e75aa5853ce1dbbef9f52d29d1d05975fb9bafe,1
11786f0ad1e14f4741867f8271b19827de4143cf,1757,c4047c9e149e91cd52101c6c2ca13356f55f98ce1e2035b3444141f62982ff6a,1
1196c0482da4251028e845b3e4b7a642530e0e50,6735,946f04a35636744cc7d80f89dbab88cc96a2a3f02d75bb5344b38792f674e01c,1
119f075f06f3334668a66db352e44f06bfa68771,21966,13c7d10f09edf197b6d4022777fc5475cfaa96e203f86c4189e52ac63a2d8126,1
11d0a54dbac12d41cad064f97256655c27d96cbc,175042,454417d76f2fffd83600a4299fd2445815b83af2526bbec347a3a61b1b5aad6d,1
11eaec5b882ea75a07c6c3171fe0007de9645295,8388608,99593be0bbcbd9d8a6e7ce5570ade30abef45aa115f7da65d934201e02c7fe1a,1
121a6a46fcd3117d495eae6c2753f7055826312a,9952,86f9f5fc60b7d98eb1547e18a02bc2734c64b97b0d889c52a25a6dff8483fad2,1
12345f88ebe873247f9298feca3e469e7e8af87f,4811,7438c35ee25a095eb7416f84b461c2d74425c5e734ad54c3912453c65244e01c,2
1239c8abd0f0d41f6804490a80ff38715c820531,99,ef74cf1207849d4d4f06eeb446847b22f107b7231a117f31ba1e526adb88b439,1
1244653617329c4673ea361d249092c3b649e598,284,2715a65b67f02510012f4a4d4e91c8884a01270e0ef9143673bfafb95e3c3ef3,1
1249557cb9fc3ef6ac9e4c18ff97f47fca6fcc1f,15221,dd4d21dc9c592951e9ca2c74b4b096563c2e9e093f5706c5ed159e3f9eb0d535,1
1264af2050e3c38d58a1393a804a3bbe01e59fe9,16376,89d0f3aec42785cf5f6041be746b000758765b3cdee0a85c24838af05c9df00c,1
127623387f73191993ed612df4edb33182c75c73,10944,b86b43f2566bef4883d13ded03abc29ada411815f69a5a52371f235af1d19a7d,1
127b4546aff4f930197c07d56b4b7093e2dbc1ed,95418,11ecd022da48f4256389112fdf7ab2728e1f235ee2846cd0e05254d74b825f92,2
12acb7a80436bc4fdac673d0408400f6da76f104,40768,bf436070d05a430ff22c2cef8626ce9467193d14cf9e9983f96149d626c6cd7a,1
12d6e0a79a687a09fd1c773879c13ecafc011d3d,347267,f39a1534f02778b4a72aba314a85807e045f5d263d172136f4aebcd40d03db49,1
12dc07bb3aefc7fc02e39906422975be3fd4276e,2256,ffd94c44675dd777192ff5586b05147301ad11b177f18d9882b7fa6cf75fabeb,1
12eba5b1d207f191ad7395b3a478c32c22fc5e35,143498,3e53b547de50fff67e7095a8a1a9b7ed590717f6d1385ad52bb8505a1a5d948c,1
1309d8679b7d47aec0e93318e445420c2a2c315a,13329,be4ebbad6d7f6fbba70ce5ec9ac2a91c50062154466adf6a98220c6bff3701e0,1
1334ec6ad2996dbd98f204725c15f376867c83f3,247,d828d9d8e74ce95e0e54441c7c7b9068b50a94506ec1e563636c4cd29d8e7547,1
1365067a0246fa8f611bab881205126b92ae3923,100,902d63ece1d4e31365d576bbcd1e092b932da630ad8b26e43647306900a00099,1
1374657661d1e6e96a4570cd1b0a7723363e4995,334328,2b90a5484eae843e6362a8113200a7e06b7a8b47a39730b6a51c7beb7301d858,1
138094a1a11b7a2759647269207697b126f43359,7729,a71cd6cee4eebd1663471c571e55a7ed7fe0b2ded4638d35bd408cbd725d6746,1
13a5b8dbf57ce3fab3f190384e1ef6e82a638fbc,1479,1dd621274cea92c58d83c9ef9518142f7b786abbe026c0ebdf75e983865bc86e,1
13abe7fe000629485052e9d828a51feba669fbd6,65504,56d229086c1c32e2dc75dc281b6fa711ed75d3f32a5ed75b347008a36387dfc7,1
13b5a69f14538495ff9fe153d85fc1601891a512,10274,18e0840717256861c2f9a187aac88a96e36252339a6b854da2a29bb328c3c1f2,2
13d18a7d1dda02d873f6b9fd0d317b12ec29df15,1282241,59ca112df472df78d938a57c62dafe2555907a283c11a480c76f54ece256153f,1
13d3773c52edd6ffec6f6a8ae26702bf97a1f2d4,13217,42597c3e7d09586867c4aef648be650450ac693ff58d517df5ce65d81e2c1243,1
13e9dd6c83d179e82b093800c9dbc28e279520e0,4700,904b92db1c8eee5044233f2a559d33710bc5c454e3e91d0238805a89f8480047,1
13f525e11d3df653fd1ed41ccebcaddd8ca5be53,9002,235f58af0a465c125ea092ef5503b39cba6e59b8117af0efc2e3c7a00a139031,1
1400d9d25ae37f0b927568f34908803900fa6bab,254,c79e63de3f94c5f06c1d86d1c4c34705ff4618983e1ca30a8ba468dc3080fe73,1
147b6462044733af56cca1e0f83411c887aab9d4,9071,932336ce1cf8ffa39e18749c8c1c67ff421d8097044a3800895aa8bf77dccb77,1
147d00456510997916fc157801c29c0b0126d58d,116,9c9d566c122f4089c127b90656934eebc0902f9370be6454f5852caf1068fc3a,1
14aa5ce81774c92d643cad62ea7b1ba1f93afda4,50921,b50c672b59f704475b28e15eaf353edc14a90334b81780055730560ace37f44e,1
14ab4a4ad5eeddecf4e1389e417f67259af65392,589565,7d04f9c4692ef042a3ee25b96fc077fdeb1e1d1f7f7a34d49a3c5eee7bf171a8,1
14b1c88d64403e9c7c086a55b958b00a3b0a5fd7,230,6f624ad3fca56a0812d2b8f6ceae0833a60d4bbd29aa0c36e1ef95eb60f34eee,1
14b99e21aaf1f63f53c39bed2223437a55128a15,3984,b746a1f386c4fdd194408ba215ac2acbc8911027574f0e89b4f53d6dabaa677c,1
14beff6a2659976b61bc5c42fafc8cb9c77d4526,7518,44b136b6bc5eaa6065ed108fd0739769824197fb83cd30801c5de7e85929ac74,1
14d2969d03463e1d8c6988e091282deed97eef41,8388608,f3325178cc2e60d38256ac6ad2c44e7fac8c9d16036b60d3a79e7e8b0e315412,1
153be876d949f2bf99c8dbc79ddd192a273f3a7d,40660,d7b84c49f8e8bc894807eba429448a3c81f06e7a838743bca816e42d6e1caf6a,1
153e787cc80f7af54b15fc031895ab5324681cdd,5003,e7475888c8804aadb545b8ed08f53097f5a0841d2ca9cb437494c90cddadae4a,1
1553896cd3d70742232ba88e9f23e986223a14fe,48212,523855cc0aefd45f25bbfe0d10a3b9dc64eecc4b22289401a07dd594b77c6404,1
155fa6ac83e097b2497a5ca6950b6a3d36e4eafe,2415,ff19744bc07c49d785d409fb6a916539c7c15bcc1b79a3603ff29963e3167e9c,1
15915da577bafc66694c9e69967f053c52b99c2d,3670,fd59b791119d91d0602060c81541e41118992995c6a0070e411a5ea3c6b1ebb2,1
1593ff3a11013e58b826556270238c1201422cfd,1481,70c8ccf8509aa0d4e78376861c18826e0722ca129edc65bf1dc523f9e81415e7,1
15a513c395571755ffb7711fb84f3c3611fd33e3,9626,34b51e40737c63c9526b5bc44c64f4b5572ad0b1f6779f746e63695e7569d5ef,1
15adfa7c0f00c93f6506f058aae5bf2b947e730d,12989,a5a339218a415d4a7fed0dd5b376f0a512762879e3c0949b06b6d7bf2bbfbae5,1
162494794b9d955002b4047ff7789ebe9c18fd50,4561,df2c9770d32e69ebe54767ed66c1ba2b9642db91a68a3f6a94c00659dbf33ada,1
1645c1c220a5e401c87c2b36f585ebe7e7d46fcd,30235,148b379fb6fd174830643efce9cb6415e806b67f09fa99a7c9bfb61af21d2541,1
1652d9ae87503669fdcf6b90b77a6796ce6cf296,331,1d6104386e6e7633597fe8f226e055a429aa449cf023923ccf74832f165d97ed,2
16543e18c3ecea2d76372517743fbfc5fef92eb4,6878,bdba5566744b2cadf6932e6782f603497db4af0f206f0b527f9c0af85971bdfb,1
1663d9a6315da9093595b1f13d79796a1df05db2,2685,070c517693c520701203767b071e608509d95282eb0e4eca3deab888fa9b7fe0,1
166fd47a9260f9b85060113f24be3ab86e7d75c4,2656,14f7d9399721721336a0d61b7991149a92197cda9331bb2aff3a15521a3a0ae8,1
167b8d61b37265c4d5e41b31ef4d7efe0f766960,6777,ed1342a1a201b4e738858a647ae19bd9bcb0fbe214ba6ab7aa1fcd891e1809da,1
167d0d38c62952badeea9de0cc140a12c0c40062,139,509d7cc6e5378e62e80f19e7cb91090eb2c1395766697fbe28342e0d0a4b7b0d,1
169eab1d333907f35d8ef71b2a4f5f6a0366f6fc,1086,08e0ff4801203be32c0c6a8948cef782a49a697ae049a24cc74cc05a3f24172c,1
169f881189a3dec92befa97b1c26251f874056b8,6226,77054fc56d4466940a5b6f1d4dce5a30d3fb083bf47da086cbb50df28e467c08,1
16a08dde3dcecb5cb32e73214e145a199e647abe,212,939964a96c7c9424615723f3589fe492398f198959b56edbeafa0f26ff2531ba,1
16a80861832436c5257e2463a3d539ee4f95c249,2115,0013c5624dd75388e73a5caa73b6f9d9566f23c8bbb278678678e438a7ed8778,1
16bb07932350fb4bec85e2d4fc28b4efad919ec4,264,c0ae96fc097f21eca2ec4bc0d0666dcd5df58c09a3d25045c78b1cd2281c8fd3,1
16d420eef266a82787258e21d995e1697a8c1e22,46008,2df7eb90097e709eb06600bd6368894ec1f848faed67a530b0079a356eb90613,1
16db896f5787b65e32ab0e59d55dc152c18786b9,13142,c3cbb3175431545a74df0df44888e8261ba1ddb4385c66a71330290d98d7e539,1
16f17a2ab6b2f97316806687e6105b0a2cecdc6b,44426,654512b06077684043f8141f68ab4dff3ad3da56134c52038f00a4e0695d1d56,1
1700e2d8737f338d4c8b14e28154ad9ff3061a2c,16095,1ee892fa57784900583c55f1afac398662cd4bcbfe8ff12fb651bdb78f95410f,1
173d86d967c1b30af75a535eb12d73776e9ede53,18647,6c0f5db5f8b22ed864e53f3b3fc5156203191308921940102305a097f7d3b17e,1
175c5f077410a25c7ee9a448e073453ffe551e50,13229,ef5ba13fd8fb08c640df6cf896799a260fa6fd2db3a9f72ef2736754b4ba7dd9,1
1770d879e6bc17a8074c65a8947720cc33dd43d4,86409,2b80f982f05b33c3ce92e9c77fc1a9302fb6fcb0770a8101e835c08ad96caf23,1
177a76800f7b4f7b8b325cf06277db82c01560c6,11604,b0ba30248e5244ebf4e66dd7923b5b23343350441f57d9a47a6c3a9a7d37bdfb,1
17b3c7ca61e778bf170eb5da11be3118c6790e9a,5566,7ec358a9c70c62c6accaf02da48aa132e08c62bc759011eef92e707e51e1dcb1,1
17c1e88b6b51479dcd4f9214c1e5544b6a3d2e86,656,078ff61f358a909a91e1628282d8b1c6cf3c0e0b9948dd9642f44802bcb93051,1
17d1b351054789a0924819a61e3cc0ab5bd59c34,172,4136898573ce9641bada8c1e9b2b17c1108dbea20fc795ad0ecee52fe8ae9c8d,1
17dd79f20b6065fee3ae76e90115bd640614de85,361441,d19e34b1f38af17f92e75f4f774d1cc4319c43acea7a60023ec6ab646b8a81f9,1
18029a98850e716802f9ba9733645d0c96c22942,1072,c1603d4b23be989f32d10a837458d0c6be2bd4ba2441aa3aef8d682f50cfe172,1
18082b456a0e3b5d078e151cdecd49f11643351c,17769,004c7e2c1fca783bf68d53bd699db902472ffdaae7b05b95362af71b5b0d9ba7,2
1835f3ec5093f57816647359ecbcfafd9be0d3a1,2272,10f9273d4261a8bf998172c750599bd58e9574003582132ce380a8bde71a5a7c,1
183dedb643b8859f4d411c5ef8426716c35c15f4,4849,6287aa29a38217059f411c949090450d6550f0698a22c5d036fe844823e8cb70,1
186a3c453891f83c063f2314446f93ba0778fb25,218408,fdb6c02953009ddec30f38fd300dfaaee778f718d21bd8dea409f3fafa35c594,1
187273b23b24619382a0ef9b7f1c157a846dbb11,23618,f6172fb07ccc519e232e4b982ada6a1bd30910c5a1bf0ff744bd65cd0fcb3458,1
1877fa8be7e8f0201976e0d63a384b04d3f09f59,2585,2a9fd01b8c4459dd2b5d30bbe3e460d97b777ee0cbd5c44bcb9e3b1a5efe7218,1
188773be195a823c8d879b8270cec3a04de6af61,1279,c825d64bde0d1814536dfd82d45bb1d39987918d16dc6aa8df063d0a12adb21f,1
18994333c70cd6559dfa13c9565564646107c54c,12504,3a69a07358066b06a12ff8f55b6b15d2188a3c35119556ba785e7910c5872174,1
18c8d65c82cb1508fa2d5f52915d981b828599d8,1647,e1d2dab3ed1ab33dfe27e11e5aa01803e46eec3b51e45513d9d1c40c82340a05,1
18eefbde33afbc477cd1c1cfddfb88b80b7ab710,137025,e59a62846457fcc8f5b7d6ea7c416acf9f1b6555de6336c649504d64f0771c25,1
1923574294025156085311037d4bad3475921dcc,10321,e205bf095887e85d1a1b94612faa9bd0128fca20c0a48b819977196c3dabfaec,2
19383ddb0d412139d22e8e5e865b1f37c30d4a9a,5265,b815eb3ddd10fac4dbaa32bbfc92c4cd18f341796e363b59c567999916538fa9,1
195f9c8118f905d3714a22c46524760413e74e5b,8192,4433951e30098adf049fd55d83d8c682f463acce5afce4f7e4c5d2b28447446e,1
196b4d7bb43faa5ed08bd2763e45518f0cdf7a38,1152,a0d1d553d07beb433ee160d0b1615601cb8fd65fb193ee053c55b96715121937,1
19b07320bb3dc490896cccd6be36e8e65220731e,60845,f72e64ba904905d1b9adf8873b8f8f5b9aa36d04577d9447bb1da265d8762f0a,2
19c195dcec400528a82a56c819fd9c444f53f12b,15920,41db66209f810bb7a90363928774dc6b299d17d009e7c5775a42ba4cb141deff,1
19ebdeaec109d1a18575d76580709fd0eb7e12dc,55709,8b41c1eb18c6da181d2dd349f286d78f17f97ac2ae74b8206352ae17b792fabf,2
1a0794e054c52c0f65a1628b9badfdd1a865c82b,560,d962bf09516e66094797876c1cee70751b533881e06e57b0f8c5ce646c82009f,2
1a0c3f528d4d6d1ad57683a10b55d0d342efa91c,542,32d4d717b8e19f6c92906e765c8fe8fa76d85540293590af814e87c1bb01244f,1
1a0ea991e7fa1ffecfd15643ba4273d7eadb7376,33528,97c857647ef66f312df08e6e2f5daa8a2da4071a6241acfbb8b8377a5215f61e,1
1a10d23d7af82bcc61b7241119fa534b8d9b069c,745,b8e27decd8b15a1fab9fa1c889e0a3d2e6908bab76538702c37a9ea47cc62c96,1
1a2bd0b1a6f8255f7c0b9b9fd82817c7fbd986b9,165922,ca1b770570af08276982a56ca8fb259d8153ad0b93bde45b22341b1c814efda2,1
1a33c6ec561bb1fc505af765267677a04c0e40e7,98,dd3ccc45fa5e4f55214e0a0d346fa8707c64f3852232b073d22c27ad236dbf63,1
1a350def6533efaaa993baf38ef32f950855e963,11840,c89e17a862b0d67d96c3778235c907615c329b89a54746cc8cdb06f05f959fa3,1
1a4612b651bd3ee307900426fb5a4b635ece87e9,28031,40981cd324dbf0270a69c025f794bd3150fafbdc8012dba5b3c7ae851899532c,1
1a5bcafc732e81f23e49eba063767ce26b88f70f,1422,317c3a350e0bf6108846c6c99353310939e825c2f4ff86f52e132de09c138229,1
1a64dfe527616ec7d9c248ce483b2d069de68189,51666,8d0ceae86a3098e8eecabe7a71ac071b61de2078126df97031e1f85a33084dab,1
1a95ced82abbb1b302571a49e87c130e72967c52,13682,e1b4c9dcfe103c7082b1b1dbbb4753e04edc44e0e9b3c03f08e12cc05f2ccdba,2
1aae568557deb4e0bc7b08c7189271dad1c50492,55688,6ceb737a297d16f0e592502fe5f505eb3fa422bf1e90a963814765c30ec8be10,1
1aae818e89d9158be11ffea8e12b81ce07ee284d,2818,23b23150824d29ea08be8ce7236ebaa3130371d8d54c6da57b0347884beb5428,1
1ac2def49e32515f5f083e6c526383ef5506c42f,4338,b4b884a5d0ecc4bb179280d53e381e2763d55596513ebf580cd5ad4ea8e9277d,1
1acc0032919a387fc515e4c03e408c110cc83f2a,24215,e8032918e8476a7d41d39acfeeb54e33122884a0dec0f8805be056f757375a81,1
1ad212bae4363a14ebab87173830d34ee61cac7d,1932,526fe3f4bb9ebf1c01f49f1f282f49b03ed91e57c718c5518d0facec3ed32a56,1
1af27c5fcb416c2107e0ac7ee5d2c631f1052fd5,7742,3ef741e0ece76d7b6a843f3705c53b2a77d248f679c3cff5056b0d5658999169,3
1b12726fddf5bf8d0a2dba041bdca761f8d17f1a,230,48daf7e73dffd13fa355638c6d548c96d2e76894fb1d04129386cabfbf9a2baa,1
1b12ac8876608b087da03426a8278ae51aa0677c,1087,b34d0ae5f1747dd14fb17c62aad2d58990f0af90eb3aaeb02b2519fcb9fdda8e,1
1b12fe4d199eaec9d1a40cfd0e1697eed38075c6,35330,52045451fc7ecf174dc96342c7634379a79a560672be2c6f9c79698b5bd570e1,1
1b1460c64a429df9569376b6ac74317f3421688f,63451,381ea72de773cae766510b3204266b2cea7c999882a0478b7bf680f87918ecc7,1
1b3680e133688a4d5975b9961ece5ea84b7bc1ab,10452,c65ccf97208366ad7ba3c97b44290e182f25fff400aff531a4697bcf0a65d98b,1
1b3e8d8dc917a68465d44f7555f7502c33172103,3432,c8aafceb7b7773b3b0474f086c91dbec5e7d4a5c28790fe836ad13b007a1956a,1
1b449209d1d93c90a62debef95a1b4c0cdd751e6,36655,7ec808968066acfc93637217062fd76a1d71aafdb95b92e48015b3fd484eb13c,1
1b6316d97a15c7a8cc678e895457d04ba1fe8c2b,1475,7ed1660006ecd5d6ccf90a278951fc1c07b3a2b97372fe1d64fb90dc144c46d4,1
1b8d7917c2ba7de4f92eb707890407b661686b85,2657,cafc332a93f48aac48d97eeec38a1f2845deb974bc4968ef657dcbadcb9c02ca,1
1bcece28670ccc35c0c559253f1a5a386901cbb4,12290,97be0fb5adebce6032129dbea7f76bda818bb1146bac6cad0d0514eb87eabcdf,1
1bddf1742aaf341dc37da76989867a2954db07e4,42690,45b5ba23d59843cdc2ea84f458e40c214ae3b78fb23d44cd16ec0fd22a3c2125,1
1be51963ef462d452e2949a4770e9377ada041f5,1969,10f67f80b694e2b344c324fe2b7eba2adc7b84a38f18dc73f882a766fb15349e,1
1becc09abb65da443793ef9c37a1b4337529e938,10831,78ea0dcd5199b79899a601f00f6b728f6f2694d14297b3526a46e126dc0ffcad,1
1c5c2375ce16732594d3da8dd6249467630c2b7d,5728,f6e2324899ed70134791df9f9dafa1fe8345560f392d5d3651f30fd88d79852a,1
1c75c9cc1d189da9e467a8ec323161c925441164,99,9bf70e863ec66ad68705577df25daead5c66c5fe9a2f89c86832e1379e78ab62,1
1c7b140ce39aff3c368125e6c8a5dab4c8e1c671,18239,cf85c06bd73db6012df54321cc260c7bf118981ffdd51151008ca34f8e33c6dd,1
1c819dc55d79de344fe78cb742747638db04e41b,10318,58b452ff1f67de7eb44765f534510dde15206e36f9fc6fbc48e8d0b3fdc7a5a5,1
1c86053d0b7cf7323f0ac5539b71358f60711b51,1203507,39ee3be540a29d54c0c04cd8a5db0b07e0b874d3ccef80ff3aa3b511dbb09e56,1
1c88c9be4d339eec91255fac709cbd69cb793ac1,16989,7f30a4bf9d2f2557f2139d83e48d282659ff7e82e7f5531acece617d2438c880,1
1c927ab2a35a5973b05a68ef7501e815ef39e433,544,934048283e8d51bfd581539d023bba0e39eed66d56c5966ab7b2207a06f952dd,1
1c9d91f29ed53143661fa0f96c55db3c1d7e853c,12384,42fac39de9ff6b2c627ef73948c8b3f01a736c2fd847149ab68870f9608bb145,1
1cbbd936f782c4491eb2980ecdfe52969745eda3,15840,cd803fdae505c4717c45cd3f7b9ee057459a1e60dcc7d2deb7c3318d7ed00962,1
1ccb2555ab2ba4743b277bc00056db3da36425b1,229,97fd274dd8c73064fc13cfe41f2619f1ca0c83cf060a95c31835e65e406fcedb,1
1cd6284f53036aa1666e0147d32bb0616ebc75c7,62484,e9ab2f0b52a00cd839c68f51a63abb24a3d0fabc83033921d7bbfb8b22953281,1
1cd7a47f4aeddb24c63f2e38b3561e0aebb5a036,1682,0d41135ef9e8662791906e06ecff4cecb9ef4ba3c037587bc08653f389303c2a,1
1cdde48b4f8e2010088cac93619a870db43a0d4d,34406,95dd499c6d3630cbaf4b6114104c83fe11846b37e467f51c5ab6de500d47bffc,1
1cddf6133df5a6d1e29fd587ad853f312dbd6737,2565,4994812a47594f2de3f9e6fbee37bd3f782cd9ddc902a1c847e35268948cefe1,1
1d056bada9d5ec6e9ee63cb26c7c00d3cfc3770a,1179,285e623998df9779e348e1fbfe23a826aed534d70d4b721036da1fc09b8daeaa,2
1d7e215a83c68593999b87f10ac061c2a0380c19,716,66105fc144ca79e8a87666f1d32d0990be4743808153e1001869bd4b26a4ca9b,1
1d8c38bcd7d0affddc05c6db7ba887aa9e80ba1c,2900,9bea5951af5cebca10a9c6e4512cd3bc63ca0855acad3ab7e30f216593392d28,1
1dc4f525ab5264651ad2ee8f0ac5f1a24b0a5a7a,629,3352092e84e5ed3a196f7481031c74a4891e02bbe386227102720d09c098588f,1
1dc608f6b982f19e0f8b2e042c91739bc413be95,296766,1ea97725f90fecae2ab36a888e9b75c01e8b4a1cf6c14a585249a46df4aac867,1
1dd55002d158f6cfbed1bd6ce289ba396431d9d4,4524,9c817545428d542fd274b769760091803b613cf91bb47ab0ca9ec2906c13171a,1
1debdb9f59aa119f38048c85d41c6271d02983ba,12298,d53185673f7c8cc1031f9e7467906729361b2ea70afdc15ef793756feb8c7e22,1
1e0f34a3e190079b2cf5e6df5e3d88b707d1f0e7,341,80b87a98256445ef2e775dda15f705c3645144b9c76de786c8557e170b95059b,1
1e2260228366a165e58a9d2a3c3e94e21544c19b,21003,4d132f7b1d61755b13d8642f6920fa87c37c8e59efacf8f595e371b26fc95938,1
1e2ea2afa21de69518794b405e136582c734b8cd,2042,c314f6d2ce1059e98bb8f36bb729ceb63f84e9fb731243db11702949a7118326,1
1e3c66b0acde4be48a414ce5559cf2e70dfb5bfa,3715,dba1efa5c6fed58b683c0a6f2ffc151fcb6f7dd810033828e283ecc9ce61cdc5,1
1e5433bc62e274dcaf7898cc6be94d8c083bf39e,8217,eb0ab574f398e17ab792dd30648e63d2f19ca1ce1567526407ed6952d415176f,1
1e97256ed4e8d92017d6425bdb59fbcde09e0a97,545,d5c9d8c83b12460a356a3a8d3444d75804e12173a68a3e84e0474a8ad8311559,1
1ed5652dc4a0691a68b73bb01b7683ef5db5d687,14788,2d4a3abde66afeab0264fcffd3f6be790fb42d79e2f961644e6b99b5b9137bf3,1
1ed643ffbf941669125e73507790c540826c42b5,1257,050a9178197f443e78d6158eec72f5ce6667a15000922ddd5b1b32c9f685b886,1
1ee9608bc4aa851297d37adece49f3e83c88711a,629,826d0be5e1cd257f54b3dc69d75108353fd07d69b65ef4563459bf70d08c7b60,1
1f3a39ea883b995409542ad7aebbb1e539dc4d1b,895,387f80dda0d2d4cced65095e36c67393b166ca6246a242e43445d95955afa72a,1
1f4581ab83675e05fca563887e9d0ec00e634765,9072,251d0fa3cea476fe4c37975ca6a3a18e87fbe214397845d6df85c05f558e3c0e,1
1f5597d1063609eb3ebaaaa31873d25e8fc65af8,25145,e89328a83eb0c18cf1c1a6db5754ada706359b9dfe80bfba2ba1b76526d12ebe,1
1f68cb2b2cf2c203ecc786d7a4d485fd10f365fa,4575,312137240d429a294bae8c7b7a2e70379ec82524406d2f71e04c56cc386e9bdc,1
1f962a3f0eb8436950faaa751f0dbebaccd57d5c,162,2660394728bd6cb4c857e033d1c741cc292693df138aabcb7736284ffe041c06,1
1fbb7bc3cf4864dbee5c0c6174c8e9c10c9eb312,1800,e8049a07cd70c655cd43cb1b804d00833f54284c18c1941b516c194cd2a82f5a,1
1fdca20c36f8b1fd943ff43e85c8d22a77c822a4,1984,5979285edd5cb848c56369aed6b0d84c5aeae02b1e52c9637bdf01d21aba9359,1
1ff5645839a96c42c9efda761269941f5af68f3b,3361,ec46238eb16633d7ce515e0f9090d22c24c8cf280613e180c6aadf3a8f1be85f,1
2028a1b363dd2b3f1d9a29d31e7a557d915e2c54,172,bba037fe93d81f9c3cd672369a0bbe6639f710b108f7415565e759a857865cdc,1
206226afbd4cffc0a59ad408a8a69cdfff5164ee,33529,9dcc04c581302bd6f915efb999ecddb286fbcbd6bb89a6c10f764c4d3fe138ba,1
20667785707b582c96e1068e6ad426ec1df0717f,614,5a31721204712412613623e3a7298ba8d4e0eb0c9448ef567bbfcaf0a0141490,1
208cae69dc3f4fdcf6151ce8db4efbb5a7fc36fd,2363,475c932196d6c0ce28a202cd89ea7e3ced749cd919b10ee6063d68ab0cc38849,1
20c11e18aaebdf6e7569ca423ba000bdab3e5a8f,17884,b02925f659627606c8fbc4598e4ee4e06873ec0347c3fee2709fe4904fe88fc7,1
20c226b2c82678070c13472dba153711f6cfa24c,1138,91debec0362d48a449c2c2afacf610772d2bfea5db467eebf3f2c81fcea6a13e,2
21043d0fe9ccef581c0134250aad9dbb09941cd6,105,e30ee7d5cdc0c19726d22730920fbc76b3304467fd0daa65330a6db52b5b4234,1
2119cca71fef3320cc2ce473afd928987b5d1775,80,423b1d0e014eb1eab96f4420f7b344c2615be505dd574b756ac884826ca74f2d,1
212a73fc2499b1e7e7fd7d67b5548326d3bc96ed,1992,6c3760e3edbe7dc9eb3b82d057082f6c7a4386bb2ebff0e05f40eccd97782ee4,1
212e93a9a79f756cf93db402acfb60d58ea3e0ef,138,4ed45c9cd13a6ef444b23920715b4eb6c6caed476a8a597c2982fe327e35010c,1
21402821178bbe46d114ae4d0f16150002471e3b,650,ee6b6114c30a5dcdbcc45b15cc86a7985ea06351eac552c56782a3c20a8d6cda,1
2146aab56eb6788140d87b305d464dcbc2d52308,285,aa60ffd937877a6ad7f8fab0eac5fc55862c2007dcb81a96a5dd05d89eb6ade7,1
2150bbdbc9c3f6587fbe517c64db74c21c0685e7,1910,422fe9ef113fcda7c2443bd4aebcdf0f38d6446344c75f04ae7219247bec52f7,1
2176ddede98169072cdfe5343b8f0d8e4a746991,80,0268d88664905d4884cb2c38f4670593065991cc7e97a88fe27f03e469f1f12c,2
2179bb2c7f977a4f78eb3f22f594f79f68dcc5b3,11634,bd90127f817aaab14d30ce1085ea556b4c83ec46cd7350d04e317da0ce679675,1
218487d80af0139d3b62073af413895e3bde86c0,4632,6b29577c3c82989bd07fed6281c4a4af1351e507d8524ab858375cf84e610bac,1
219bd5ff7ab459d50b95554d6ca647c2a13f1be5,2819,6d531de37c8a750db9be8b64aba96026e9a14961df43243ce71d9aa8417011d0,1
21aa0624cf442a9d5746d49345305ef794ed654d,388,299767f5962ab5540a036f34ce0a7dcbd4a041eb2a566af04dfef87051d24a80,7
21b92f68d090d590abf091cb14c5d8af66b42d6b,2708,613b0639e4025351ad47dfd5c3d2f487eb4196cf2c99a7687da059786d56dcfc,1
21c11e24d51d55a82ac434a0973355abb678881c,4509,9d50b134231bc46e9f224884c5b9d61489275b70c938ef191d6b40a3a5a5048d,2
21f42b9e6adedb4e8686518174adf603cf170592,46704,05b1d1609d0b2b56f14d56b6b6e66d9d0d30ab2cd6eed352f4ef5e14e991f1e2,1
22026f807dd67d3f4321c4ee31879dd011118dbf,12554,5d1875aebb475c2bf51b0476aa472aeef40610266fb254cb11966845e3552bc8,1
221fdaa679301394b0280d366b41c0036af48f21,34704,61910cc7e02d18d129b591ac36c1a6e81288ae4b6e511caaa5855f24ba1885f6,1
2247dfbfc1eb55e5e99af42ea146100a7fab835a,1647,cdc8b842c330b7ae24d5a33edf24d5e447da86fd5988ec3c4100cbebedd0cd46,1
2264044de03c342a66ddaf8e68766b1df411b93c,7800,87957f6b2e3416cc9b39a18064b5904d1c4e785792758a19164c72e587281bae,1
22690c0c8cecbb543c2e8569f7df26a78cdf1efe,9983,c96d9377d4dfff4bfdabe6c6b33bed9d022cccc6c87a7e728649f0513906cd5c,1
2286f18e1d97433f47f2b2b1d533cb8c01333b34,1636,55d2d2e10b649c4f30e0049d791292b6f1f1c8f6eeefb56fc55d598b62a3812e,1
229d1f406e582447c3c34a8cc02cf481f8692147,401,1bdcc1b2823762f2246e4c5f8c1e344a0138fba70ec4804f3f1b8eef084ccbba,1
22aa7e150934ccd78e4e783a47563e1352d66dab,4018,d357d6602002c8d9cc7cc028e7adb05e1b34f2425f64b1d06fdc815cff77f1f7,1
22bd790c26f21fabc34cdcd483c8cce738204382,1116,79aeb43ce6352a45d906a88573bd0d70b5959a9b448eb14d99213b5c130e85e6,1
22c011ba184b9fb2dfa4632020d8fd7c5aabc548,10343,2ec3d00ac631087ca42c4c94e96c53bffa78c001ee2c3c6b8506b0196e6d4537,1
22df51266569d686483ae1126934a7d1d5789edf,195888,7504a92ea789ed38993711d943f21466b2493ee92204785cd74f74f56e3cbd80,2
22e59303fe52c72b0ac6f60966ed22a4526dc9f6,2894,b172d552591448514cab7a8072f304c6b76b07c14f8fe6a0c03653150bfbe3b6,1
23146b341c161195ae2fd7961f789d605384e9ce,156,9b2430fdeb6043ef7e91633cbeae77f273dd682bcc18f895ff74bc79d733e6e5,1
23299c9e652f00df42910ac79717a3394f3f0ea7,1779,87802ff3b1c29f0901ae2544fa0f27ab25893cb4dbd35333ba619d6b6ce6cd5f,1
233dad0e52d88834938d97ba9052cfc81f8376a5,284134,ed2da21bc4f69e384faac58043ba4e9205dac9375487ad610929b0f08351f203,1
234ac3128463633fcb017b5f4f7d83662b6ecb48,35258,8aa714b5569dc265a72bdf30bfd445c0df6f9236725e8c83d4afd7e616ba9c07,1
234b57a85a0f7776f74d88d252c3612474d8ef15,7970,d29d3510dc4247e6e3ae1fbd8023cb64db638969faa956b6b2aa411709af0420,1
234b8c32dd1279ed5600d8b59f439a2d3a5909d7,16991,4fcd7ab41154c82222bc82b7fc9f1fb23e276f6056d3dd73908a073e3cfa93fa,1
235f67ef6a4024da99dc6e7b021529ba605dd9af,11454,97c41e41b7b42065f4172fffbfeb1d67bce5883d781fa9504f713bc3cd241310,1
23c8db63f26df65cab71c1edd4a745e88f92402b,9444,dd624089a6d86ffe471e9402fcbe493ead6c552149c45678f74d75a4eaa71478,1
23dee6bef0e634c2711e46882921182c00232457,8328,e34b80f491b43d0a39ca3e02bc659d53819554f91f5a9e1881a25767a48b9dd7,1
23e18fb4cb59efcf786c0c94dcb5529221eedbdc,1116,b78e76738971137b7197e67d4fdb55ff4370aa87da9d111f5516e1916da209c9,1
23ff37762cac14f1cf36026797934de63e433b5c,6823,81a07038db08c78f7556224fc795ff167de6401b093edb91afdd22df6842cce3,1
24095848c6be39145a6599447e70bebc304c42d0,1176,6b1ebf893057fe3f9bfe88f2cfb873d688444435bfe42f2abfbf031b99768374,1
24268b8814d13f2a4c38c97a1b18ce33a1da7b57,2425,1dccf8b21aa92bf126e299c00ea2f708d69d44407ef3618850e2300ed2aa9746,1
243545b9261c3491980e40ac2b7e2ed821ec7c97,865,d446c01e547e4898b7bc019c308210bd069b64241fb76ae8b5ac491d59b0a8e5,1
24488b9afd25cf1506a6c9ff373d4806bc6a524e,328,5701795c74fc95be2295ea802c77247010db4cb1ccaa48ff3c5ffbc6d1a2337f,1
2457fbb0ad2061759915bd505a305308f0ad4ead,49206,3d6f23b05a542c0e5c425e30eedbd512a7d1b0e20b1763db134619856b641187,1
2482506e22b25e474069db91cfcaf59c9cd3970c,793,986749297686863f7a954a48c182315f6551b3373e1000160f2955e09266bb7d,1
2484b1a6a5b2575ee3f06a70a294b66f1ad8315b,96,d685fa5536773a8b980f4080b621a3326d878a1da72e337aabea01886335a1d4,1
24987d580ddf614d0e21e69f48877b8f6ebce6b2,1152,800e7f43b4be4b227342452e29c09df735f820a2c654ef26b280eda344e00c1a,1
24c1cd0b7712c904083b5f65fb92356ea2323800,7650,8eeda70ab690a28315f5633b7eaef30de0726845bde44ad19949c786251b287e,1
24c7707d6ab4ac20287c8717209be655654081bb,1504,7071c798a5c7241e2e86dd202ef69e91ec6dd911f9f9fc036060167d29276ed1,1
24ca47e9929c93916dc2f71d2383daa1fea27da2,5365,b8ce57ba46f24cf15270ad391b7047f71238458cd82d6b100727d4154866c88d,1
24f918b8cd198fa7cc88a537813fe4d0f95ed91f,10879,eecedff8c8579aa12c10dd45ae9f3373071fff6a2d5c66cc79ebfba67654071f,1
251ba5fdb928032207f9cbf6b97548de9a8a9e59,628,20420033f681a5f6f3764c17a8734c0b530270d417054a6880be746e3781c07a,1
251ccd9d0654a36d8bf97bdf023ff134cce0d5f9,10325,744ea0bc15a333d65c6560c4381d7eeaea054089cbe01a3ebd62d8cc0358fe1b,1
253214211c38ef2e397aeeb5740f8842c9e4d433,1678,41f99d9612664696d01f0831c40a3b5fd78ef0993f615b3a2d22b38f7c9ff483,1
253e5526d302d7d630f7f569436bc14990ac9040,9364,d13f1cb3a200e9a2eb9a142aaab1b144dd65820311672a4c1e131c27c7580331,1
253ef4670720c1db87796d87922b5aca4401a48e,19006,2c34ebefe122d991439fb4dcbce8a1fecc369742510022a53523b76d990f45a8,1
25552550c2996f509da8e487f6b158ae2b34e16c,2112,ef6ba138b7b1d9ff2e627e6f5b880a969e149b3d5f492a424020990c368e3579,1
25559c8504607f2fa3285a3e0b21abe6675b9ac8,8714,11f84e5db8577c981af9122ea99491c9d787b92bf89e8bd5d90f0b528f198f04,1
2574c6d5171203867e34207fcbe62f231551cc21,8046,b8dee2650bd3e70934a1aa18343fda7bf680500fbe842ecede341881cd4c4af5,1
25c0e807a8ad49e9e53dff4a84335656f7312ab9,119544,3cad49c31be8c8f5aaeaece73321bf44dde25bb0c489bebfbf1aecd6dd5305d1,1
25deaa063236f049bf4b7dfe8822560204428f8e,13135,311dc18216ede7bbce9b3a94cff1f3ade2da0f17515c9b64fe06a4c03ac80c9b,1
25e26b1e1559812954cd4b0d40a0c3094b608baf,2654,108d53fba7fc7c8810b116701fb5c6a9f9008f7ae5ff77fd260c7b82af940876,1
25e42eae2b73a0a4211be65cacf51bb5b173ab8d,1780,f306eed529599b1eaf2f8a85db9de2b23e1a3fe36c2b66434b7c9434fb627a99,1
25f1a239d6d59895b1996d9e3ef9ba4c9b608d94,45331,513aa8ab5a5811197fe2ee0c13539ba477f6cbb289bdeb872c50cb65e68bb4c6,1
26136158fb498497174829acdd8364bfde658457,81021,0145b63b01c087a69905e21da3f0c954ed592859c26c4b124b3221597f0f4089,1
262e27345f487e26456e9168cab384db21ecba6d,575,fe6a4fb5d44c249424ec31c4732992b20417d9df7c0984f2547635c01d2b8f80,1
263f3f950aaffc41d8acfb055343cc6f38cf20db,434,172e3500b59ce421d9826af5cbc26ad88a01b5cef088865454348c882f74dcbc,1
263fab01943e84d3e61c8aae7fc4178c0abc33b3,4560,890e4174685b9d29f2ef9d9ada40fd8208e826d1db465b3140df2f2445269db6,1
2640e3ee6951efededef58bdf151e6f70ebd4f79,138,29500647a6859e1d5e9059fd0f1d732788d9896e447ac59f796fe6b1ab9c3ade,1
26955afb68367ad4671e4007da12eb6e76b22849,103,c8a2e1aa26a6f8a88422ac27732508b72446d509b04b5547865264546d34b927,1
27037d4214bf37ac5a4d36ef8912c8a1573b5211,6135,f603084c46f77c4674c86d85cf0ab9a5a03df0d48a10c5a87efdddb79993be5e,1
270bb74acec4f205ebbbc4a45be03b0188262f0e,76408,e2e152f63da55cbcc2873e2239b332afd85edc384f79b38bcdab963280fd15cc,1
2748e90d10cce19661ce63b2a3d8b5dded9e1da5,8747,342cf31542114f233061d0c2ee85916c969581287ebd7b45afe7bff18292c58f,1
27631f9443f2bc54c1131e2af6618995034cba8e,29369,084cf5a414b8678d18d776ace255ed127073e2006a22b4e56a053586f8a74367,1
279b3e99195635c398e037fa528c5a92b0d43734,103703,ba13b5c39b6d8759dfac70ddc52d8f2768af834d268f31ba266cc17a668de80b,1
27b5bad137425c3dc1ef2e960eadec4f9c4d896c,4863,6e1ee3339b07079f622083cca6511755b57c42fdfa585182b81c125e4ef755e8,1
27c5a0ed5ad0186e009008e3803af8f773d7833c,2601,de9f99cdc3a3baedf16865219a0f877dc77200d7a4fc5f77913f02a1194cad7a,1
27ca518e362ca546a7da0f996666cc588a276eaa,20058,6e3a98844a89af289b3a34e772f3c6fd08d21b096c97a05faa1c76ab3b0e6f79,1
27ca6711bcc30b835dcaced9ef0bea283c4c5041,61505,e45cc9fe9946862ab32955e0736640d624ef0c1ce973aad76b0b6779febff129,1
27f9fe943e94d5003dcdb1893859eb50c33338eb,69541,38b88fc32e68fed383a1d7d968f0b9b257c29832fb2343be596af2e318e7268e,1
2838d272408484bea59b05fa4f3a236886b411f4,2028,48fef4d602f667856bfd530a8fdac3580f8863f760bda9891129de3163bcf330,1
28436c2b8438721eb0b0a7f3539f9cdfef1dd761,1152,555d522bbf740e8254fd6c739950b45904c84d905e15b324a003bcde40aca002,1
286395a40c6e7d949b3af9c9e61f042c697646f7,44289,9697d48701afabc6125eb784ed21de01fccee300a1bd7487638bac922a685785,1
288715730500847f182b9b8309d710cac7595a6b,261,fef906db329789f8b26eaf9c24d5458b8432f97e0e883dea5140bac5d2ca3cc5,4
28a4c2d87d3d8c12f88dde0c69378cf5ee5d1d4c,211229,002b031a708aa230b19646e39c92ae78a04f2b5598e5a7049953600c0cf3fc47,1
28a5567b2d529d8e317765d32d019bf32dea623d,986,609e859f5456a233972c9b35644296b900c0f5455eeaf6eb58b1a53529be1717,1
28acbe9d5d8b3eb5d617283f42bfb856851392cf,11031,02c96e3ae64c417792a220997b9d65965500a795b93128383f20f81c9109891c,1
28af839abfb4e1e784f4fc1163fc1bce3817e700,2356,234ebb95c59c46b6a9234f597f8758bfc24c1ff5cd88279efb65980e5416ae96,1
28fb6bc7a00bd57138233156802a4ff9a8537f0f,1015,f79a5052fdb04847e9381556a38270eb21b3fcfee09f81bb83ef95a522ed958f,1
291d9cf1be1e38035f9b390449dfd760f00d2b9a,503,ee251438b44f9a4e3f46f3e22b0dc9838b5d2fba02eaa3ecc21c3e1c2802d5d4,1
293032efa6bbc3cf2fd10979a0da38f1d3825f26,2647,1967b36c88653d224726990ebe7c05ec0046cc5969b5f9234f348edf0db9b457,1
293d4de318fea342cae9bc54ebc06ad0df2ae8f3,284,8450d5ca8e95f87fbdf5d3fef8f1f9803246e874b5cef6172176db6989cf8157,1
297c705bbb791c9dc2b8331b8520677778ee9773,1936,5d0afd15ea577b6234ded9ca8f417383f61143210debc3f2aaa9d68e30f39cf4,1
298fb443ef328b0fc8981f1c26cf19dad8257685,116380,76a2d6d9f4e7ccc707351dff3741609ff1ff29b19bc1d7284c7c84f63d9974cd,1
29c576a1d825f127970ac392c55ab368b854341e,388,b078375ff2b9031ee0b16d20f42f7111ce212f79050c7276b948f7c5670c58f9,4
29e07390b1dd741c664d3bf1d8affb9f2487967e,17694,81ec4d0b28f519870b518b72ed54a515f6af2ddee524debfa7cb62b868ba735f,1
2a0c94d47240c642aed49318df30164fa24ba6d3,13294,e0848e718d438978976b89ee31604aef0ea07e5675cdced743351b2560c207bf,1
2a2f03065c015bad37243bbc6c6b5938658ea82c,2042,edb3f5d95dbb917774e6555fa3c4ab84fc6cb2ad05adb1dfbc28a16a898cdbb3,1
2a7b2bf5902940d79225ade146f7d0a18615bf44,3069,8ed0f75cb64632b4f955101efca7a0bf18efabd6dcc4ad200a8d31719ab1041d,1
2a8b031382a1ee51ab1baec714b730e24606597d,178095,d2890c581400bcda2b54b5efc93b5a149f666f4dfd5a92414bb09953d165569f,1
2a8d5ae25bcd98d9347303b889ffb25ca3a57a09,34481,211472289f08cd652e8c187d325007ec37fbd1d11c57e3212fda4ec85be6d346,2
2ac85e383a2b531a0c25b301670f55bde54bf455,61712,4accb0255b66cff6f4b7230e1a929873cb4fb19885de1938ac06b839a22e1d44,1
2b2597a80028d01714ef479012b2290f8e38a381,236,19b795c7d88302e381239b9b2cdd139a771419c9395178b66914510e2ac1a63e,1
2b65ae9876d861c2d04fd5d8b4cb65f93e03de7f,16942,5f57af0b5c802900c412f396d2abca3901eba9518ba80e585e268ef787c3eed1,1
2b950c64f39d824a8f4c62f861c6494f846566bf,8898,babd97c82c75b7209b31cea1b610f787c381dd82c72a5e0104109201c5e1a558,1
2b9e2f2c4047cdb80fc8f5192a56bc1073f68195,649,171ca32d8114cf030f6f535b4fedc7dac8927076fc9e94b8242b30f34a026ec4,1
2bb0e24f19d843e5fdc78526f6baa870cb3774d9,1616,2fc87a4cd5eca1eb0c44a31407e64dcd591161f7779c697f1886bd3b58b65006,1
2bcb5b963742208f3ba5c5e1db82e4832ed51807,7941,e0a0a801406ffeb738b8abc50346328a3257ffa57582cec0945692127146ad35,1
2bd2342957f847af19e58e0603654eb955b19373,8612,48bb873a8ba7b78bcc5301f038d7cd54cc11fe339fa506802e2306fefbad4cde,1
2bdf273177dd139de911e7e30f2e1efc1670eb4b,116376,269285fd46a22fd6e6fd27fa2e2ff2477fddf227b9b33d7b408c78883d4d63fa,1
2bf62fded2dbdea6101dd1bce94012493b9a4ccf,13142,e91d420c3929e207e150a4ebf7b9dd8edb76d5363d4b46340f1a750857300480,1
2bfa198d4188cdceb54c813214efabb580911377,3580,f651aa9ad1ee4c26f74ca32e9877e55efa6d872e501e2fa01a88f22e22668eb1,1
2c15b339897f7d93dd80fcb0bac27072ea64783e,284145,542befa5f7443243655f7cb4604c5865ed4ba2eb4d16e266750badf1eebe7c6d,1
2c1c4e92919a93441464838963124df81d5141e4,5922,13eb486443c321f0747f2d834aaf0a850617b49b4d482b5e30c8b6fcb4c4104c,1
2c38a1cf7ac2365b01f0dce1022c1d9ef6bfa839,913,a140a3d0325847e8f2e459ee5e265510e77ba7cc95cfb9dcf1c5a11ad3348dce,1
2c4a64518db0336efc2dd2b3743c0d7545748555,46016,fc20a11862d531d19f3eac9ec73084b5909d8812dce6da0b2971b9b6a1f13877,1
2c562103ed3dd9f6b5715d2890bebda5793cdc3c,2426,bca4fb9824aef02bcc28b974822e282e12376bf5d91d228c1d1f6a0e601b2bfc,1
2c5709b25cc4548651e9e85aba50eba0eb5121cf,55671,ac9ba0f457ee4592646d91c5654f037efbfa2bc4f758469e16b7cf51d87e7aec,3
2c5818fe93e52c58fb89ca9a5547bf486c1c3d3a,3395,0ce85da12871ad3af87289d145411dc77f611e25e70ea63f8913790eae6eda83,1
2c773775441f84c128957f13afd6820f8221bad6,9417,6b3a79dc45f3d7e7dd75166b731af7d5152ff8007dacd0aefdd7edfa71edbbd3,1
2c87a95e25e5013b7692448cbd4c1833c4262bc8,1121,bd04c5e9df49f76601663687b1bab32c858033c6d3830e730d03e498d0798c8e,1
2ca59405b5dbb57a16824af26a22b3b1466f0e85,4353,4cb8cd794db1cc8124df2fa3354039888e385ad7f3cd38aee6f8910d425cac08,1
2ca5f6f0580b409385f4207b80ae85a85e4bce10,231,5b990bdbbe9a0be1d8c6504f376b638f37bfa4fdc11ccc94a462a335028a4b6a,1
2ce2aae4f79491f843e5a91cedbb3e62cbef2039,2035,58c2462c47e629a25dcb9ef498dd145541fd59d8f1579263f8ea254f7004c95b,1
2cee053cd2e35c63a2b1a02128773e864b0bf7f2,1886,92069c1b4902801f0a0986915d0734326860b55a2d988a6ea012646654c9f400,1
2d07f3f8fcc893c06d556c9f031b3a04961d2dc4,8683,38731a7bdedf673c926eebba48c2212dda3db7962874f3e2346327996b2820b0,1
2d29ae88581373d1d8e294312af455b25cec7d62,1083130,1844608e80b0275c8a20f2a0eee256c2b02210772459c1947b751a94780c3d47,1
2d3e9395e5dc3a4a9b5bcaaed0adc9385deb4bc9,19871,b33efca0c53832d09263034ba0540f9b62a5d518701f8732c3eaf57baa61f87b,1
2d4cfab5170c1ac1ab46e70cf96ef9b2f36e58c8,1510,372bffb570f0ce414573fdef0fe9ba8f512a29a505f4950212bb60d6b0103f36,1
2d5cd40439b2cdd7895921e248d3d1bcffe2ea31,344,28cac9cdcce06cc221a1f675ef4c21ae516c24641f162e476f761543096b93c2,1
2d5ddf8b91bf5cd98defd0c675a345a2d29a18de,27192,e85039bbd04292a4d682326c0f966e0536c20428d84861e4daf0954d355ec93b,1
2d70ca5dacc9817df82ff70b60fdff60e7258d4b,10197,3ffcd13990308f035f561ba8e6fd0619a942ff435199e4d88c1e8e0005058eb7,2
2d9b49479354af988cf0340b14586bbfe50d9db7,10112,9dffa9e1c81b11069b62f51ca8930dae587fdf4b50dc7aae93e43eb496220a92,1
2d9e0d107b212e24117b500c6a434abac96fa52e,180908,be509efc180d1bcb218bb13590e2aa3b569c9bdf1969de539c6595637f748d12,1
2de77ed739094878dc5cf02faf08da237051936c,493,2b249cc05563d5dd2f92f9b8e5b0bb1aa7e0788616eb0fd6420ccbdc56d18b98,1
2dfc51bdb68719039830ce44e3801cc77ff65db5,63403,b86a04368c92607eeb3eb6fc4b04393312de69a1d5a80ed7e2564025a41ec404,3
2dfddd52ab8149f1772f270c4ec7b00280f14841,12826,e6b513d34029adf00cdd7299781e88ea42a31f7fe5b9a398ac4a22e3215f777c,1
2dfddfe3c9946207328e947b90687714a285e24e,1405,0390d8057b72aa0f44e6d5271b20afaa6c023d4926469434709409486aebcaeb,1
2e003dae931564f6c6fc9d580d20b86e340b27b7,1988,12ee089b4341801d6cc5ef993e92c658b69e6e46e0085d24531fd3ee5a10241f,6
2e1fe84ee82ff9b0bba7c6dca16f2d1d0aab41a2,230,55a7ae6dd66cec2bfb5040807f4afdcd076c20622c2027ac6be59cb4777cc2fa,1
2e21a7f563e34e04f5b47450d3cb2752f57bf613,7164,2f9243035ff93f36014e2e91500a3613f10a913955f13fbae1baff2f1f8e4a86,1
2e2ca98e336b924f0ee7c5357f24469e09971197,42629,48aa742dd077be57f71d3e6209e3995111a05f82aabfe8049e6242218541c292,1
2e69d28a2c8ea6d14350a6327f77c8a3ef26ecfc,30434,42897147ed3c26924de875cc97c297926433f983bbe86f1fceb97c113fb6cbed,1
2e76dd750dfc0296ca47f2c3618d366af8ebac42,3297,ea615b5b1c206fa9d65407840a39d483d0095024c788564eeac96f37c76c4011,1
2e8e469eab49e0ae31e7d45d16ee22feb85be13d,2825,0d23313b7da6cf764c693241e313c546a449cc77de33d817de153affe79564a4,1
2e9923219cd9385d61231a6bfeb2136fdf1113a6,12783,decd26bea72b3abfc15d3b3711a37c48476d311ab4b10838b6af0e3362d2f004,1
2e9d82c8ec29ca7a7ff93fc79cfc4a5bbb33b184,9620,0da9a5c42f4640c3ac375a5de25326030d9f79fec1393732f88afdeff7007e88,1
2e9edc6db2d3203b65d808f426d712c0aa7c83dd,11610,87578156e896d1051e8831fd73a26b8f66f7e846c3843e0d1a283d600614fe66,1
2eb57ec4d4d4d45c22742417968cbdc83b1c5748,17905,d564090cae08091f99b86b158f32af688753c2889af5c47bf8c269fbd2d5dc9f,1
2efef00d9b88051b81c84dd2a88452d8cd08215e,18681,1f0d2df017949f81dda57d64773cc8910c8748fdd241e0f656eb550468fd0c61,1
2f1ea2fb0e5338c5995fa8c369c813246165f69e,1951,c2698badabcdc5915a8e2a081c32ab88cf950182237537b12eb630d45eb28a90,1
2f22e884ea03f2305a4639fb5bcdc426e2870b4e,9205,b43bdac95f8b3e7d9fe06c1c2e7d2aa21b07ed3a4e2a77709cfa789570304121,1
2f339fdd42abcf91f2ffb1df73d9b4ee2912a8c8,4940801,0746f14c4dffe31ed05fb2b9d7c585f408be1dada9fa77e74ccce60a2734a7d9,1
2f4bb13182340c6a5183e07b3aa040a33a663b3b,718,02c64186c76f99d65dd3be44bf13b8cc7fdd80de168f7c89da5373dcd29a3484,1
2f4d6e251d52f6a14935e5d15b0fc44194c34e08,388,9a5e3b9f9a4f0fa026bfe28bccc54d97a040433e3164edf5ef84cf5554e941b3,2
2f649dc2ae06563dbe3042fa91708b45c7e7f628,20294,ec822dffb43077b86a48cfe66ccb76d0f8fb7e1af2ec6855f7b98aec7f72d57f,1
2f8ca8a9c599d98845fb6801dd33af9fb627adf8,17352,682e9251cf1d222b9032bcdcd35b52907245ac2e343429f3c1a48e2d260c50ca,2
2fa406c1d9f59ae44d703ac6b0ece55ac9162075,19053,2e8050421b07b6c4f00a74c3edd0a2f78a0f582aa1f2a1fef5717abce95fa2df,1
2ff0e7f6b5734414995de06e55ad651f42b775ee,1108,b93de8ffc92f0b311b9a42bc6969ed496ea4b47bad214572197426579695cbcc,1
3000ddcbecef1d6a724c95d4ca4c2f16cb569887,2857,da6e3d4261d66576cf8758c54cdc73fb84d2f6955f264e0d7d1953996d0aaf29,1
300727feccb20c0bf4a3e8b2aaa4cb74a5ad36cc,8020,7b0a5b3a8925036d5c66b7b21091ce5b50d36e5ceb9ebde900c58a8416ac597b,1
304fa76ab8014df4b0b05411d099db1d93f01a08,7564,03c2f502dcb28eceaddbc3000a20726f5af01a845063b0e8795c7d1c2b6211af,1
30549f1eb6b1a0f3a3c621bcf6ad84fa6d8fb094,1532,83202a672979337d6b8e0e8d051b3e2ead32f1c54113f4fd2471e918224b564d,1
30642f017e1c4a8bf555d6d3ac76d63e8392004a,2818,4fa35703814d1df3e5c5629c018bad162c2ba32af6ddbf42ea6b84497b4328ac,1
30a1dc43200ea915b4481e8157e0148fc3d91918,4950,d189e343f6ae10eb9f5b1b93b75fff8b224ac24b8d7510c39fdb18fe15d59daa,1
30b13ef33445e4f0bc42764bb4becd96b639ec16,81312,70dbac32fc86370cb4cdff450107174d1e0cab7fbc8f33c0077d97aa6502a672,1
30b97b29525e06fcde964db9dc9740cc28af2a74,2884,34a343d9da7c7253a5d1ae74b151b0f066a8bf3e3b847e32d411df33905cbd06,1
30f5153e3c3875c0327dedd2e70ad24b8836bd8d,14971,77a9964f865aa528340f9a6f20a5e5c3f78094e583bd94670f58ed7e79ad2c20,1
312d6ccb7ddb33cd564ba86723f81766666722af,513,c483ac4db3ac84ae98c022b75433861c6f53e5a48375cb6fdb6f9e9378bdfbc4,2
3148086e9b03d178797f8ad92d47f5888aafc667,237,c9b3138b6c0f1094aecd907c0478a16ad993e62a60d02fde7768011dec688c71,1
314cdfc99eaff9a8d98478db47f2c61745972268,324,ff98a114f987c2001f3d72a5a0e7b257298d6f9ec57e567bf91a043d10ea4209,1
314f8a9b5f6d79c2b98a79877b0cd39e9f973226,2511,ff1d4294d2c120be7af14720ef1eeb16e5b3444839c2ab29aadc565144b9ec69,1
3198a830f408f4564fbc699d090f8dc8e4c5a2bb,337,8d6134a62b67a4b8690761c1a6002bb000a4d050df62207a7f87aecf24dcf61e,1
31b4192f162a090dc3ac45edfc2b408f490fe898,4415,1319dcc81eab29a4d4d1ff31fc7d8d57c62621f3d5ed455cf115b26dfc2dbbdc,1
31f7673b319ae74f3872e9b2427fbdf4e19010c8,106832,6d3e6057ac23d2e4c577cf5aa422d1d461775672c59ca0b8412e6c28ef33b196,1
324aeea32ec01a966390b549193eb5cd1d1180dc,388,3314b09bb14f46d847016844349853787a78767aab0f78490c6844f08248b3e3,4
3289bf21e3cf7231e397fe3a86e0bac390cd197d,28722,2878f61936c5ed312d8921b6b63d65e143045401a6b15d7a7324ed3fcb62ca67,1
329063742157dbbe80ad59f67a3e24ee41ebdead,8151,305290ca2a6037fd3ba69906d125a38461c745fee81439f7f88d360e0689e302,1
32a1cde9fd43d4b7f534059d5aa4d084319771c7,166548,f09fa1f25d02d000cc8fd47244631f2a51caa9153b79651632a0b4846dc91520,1
32bff1d83c172eb75b30bfd0b0b3b90ada851f3c,3037,78c475e228ac698aece209f61c0c6e251d9fe0550a5cbfe239748a88bfb350b6,1
32c272090a2500d5bf35a4a7d5a5f919dfe421ad,10693,c71e6278a88f8dd237b1aa040eaf5b71e261f1a86d61b5b3f4747a3a2af0b249,2
32c2ce46c38fc2ac78e1b39320d7235af84e389d,231,2f7bef6756a0d8aa9b7aa050a79c23a8ad251f7ed3207f0007c7e94894062248,1
32d0f7c722f25dd27c57cb5409824dc62ae90b9f,504,4382468591eba6c4967f6739e95e79f9e509426338e4825d8f869cbc001191da,1
32eef161fc73832836737ceee06eff6c83103aa9,18616,c68281bedf1789066465a03ef0679fc188616ee08471c8302b36c41c58ade951,1
3309329bfc4408cf8cb710f6a93b8f86695ef7c7,8242,121580e0254b405f3e4cd49968a45344f90be30244add7323291fe4dc615bcbe,1
3312d85ef0a70ac386604bbf4412f0fbad71befa,2951,7512d063d60cb405124a6c5fdd2c688d78a4c6b6841b8eeb00a59474ef59d43c,1
335d8782af710151135f8947d851ec18df9a5463,7220,74b323792cc5236b3057cb09e1251b4fa85aeba39eb34aab9b5801b0c14b8ab1,1
33837617443f5fc3973f7e607a73d74b992d6a36,439335,75ae4832cbeabc6bdd43d6ab4d0b97b9348fbd08b88ebd1c45e15f1d3da981cc,1
33abd7e9f1c22ef5fa4ed58895a7c785f85a1c60,26986,472445f7dc1c694b23c01b5632fc411b0ea1a65870c0e2cb2447312d44453946,1
33b534d1ddb306d4777b9cc6db609a87d359aa14,9657,d3678b53b837ca91b385aa1149d0efb57d23200a05a7b0cdedaa52e1a62e9a14,1
33d08e450e50e316ae31c0eab527d11ad6cffe29,252,eeb2f08266300d04a436e57c9ac5581551108e88736e80f237a947302f04c0ba,1
33dec34e0c587a3f19e32193896f650cf2012139,9745,a9a00ad41698fe01010ae89dd0846c1ef99ba51b7831ae5bfa269ee31c0c6183,1
33f26a20a1a5d0e6c7fa2e11e636437bdb890c68,7650,f2de9eb45e828325a2cbc773cb2ebb242758ded8b3e36d8cd8c21fd6343187d6,1
3414133974c0cafe6c7a8ea5145348794d08b22e,24272,c9ba6a48eba8a01b3836feb46a09f11a0a4027437636ebc33d87124e5af02494,1
3417c3cc8eb6e24bba9ace3d6475d5b08a315a75,257233,cd97b3b9aff7997c86c93626e65d1e3a547f5a3034f674c3236c33aa7a166473,1
3458f70af7dbbfbb6abb99c4f8d8920762d3506b,7017,a6fcbc42635a0534a3d4ee659f6222385ffa838761401fdd08c8d33460f80e5a,1
3480c2309037532739b479f9820429a82f1a0518,8216,12e8e2c1cac0163356e357db92e0c85b03848a0ada675f87055305cdca7b2508,1
349040fa3cc09d3d7b7930f424d02df1fbba0a2c,1133,e29be6b156e5c8f2719020eab36e80b18b4ff7dd67fe23221c1f3487d3212c33,1
34a7b1a1b8096d1406788be3305494f15592ad32,2506,f771793584806466d7fd6e75919c24124ae513e1ff6349d74a1ba1a19a870dcc,2
34ad486a45117d2cdba765877d3bdb5641cead88,66248,04f0773044110257cf288968098ce59ba99875229095b573e6845d5b222bd610,1
34af8dba3c607ea42b2bf8e8bfd3481c46b22995,587,64662b8d8f78da166bc8fe27edf1dc1f4ca9d23c365edde03225f8ccc0f1f90e,1
34b8ddf42f495fc7a9a582e1eb867f6880cde6f5,326,60964780b162f71baef3da4a9ac7e4e31d937b9eddf5a98a6e5e605fa49d8a53,1
34c9f76817b5c7dcac34f10440bc09d9e6b5ffcd,285,c06629a9dc9a12fbb7a89b35840e6f9c8e35b72cca69c4e4a5d915d6c2ab90e4,1
34daddd92bc0f221351853f85b7c0c68f792d810,385,2d126e7322accd1b3e89f63cc4acf5ab543dd6b92a5376843d5eb9c2e1d4e3e4,1
34de71ea5a2539e2ba2647e42afbb094c46afd8b,430,81775829937680da608a39c77f5786aa1c47830eb25b63f3ba99a3d2b7833cce,1
34f8bc2b43f6977e3bda85e912573474b248b9c2,1386,739dc51cf240606c48ab7a46480d2f130f101195b2e873300d5d910df08f62e4,1
34ff6729d9344c091aa252dee3a73d7704689a66,1173,31158a916fccd2b3ea71d428e6f017bd18dfea1966e513e9f332654df202c885,1
3536c3ac59a1f3469de7ec3aa93c533d49c517f0,545,3d9e243851caa777b4c943a915d5487f2825c138dffd6fcba876db05c47c25de,1
3539cc20fbd9a939be1de8060e0e70a7e253f0ed,25029,69327379de78fa1eb7b954b57fb1bc50ddce28a762a1a846e2233012c7ade302,1
35567b5a81106c3c4f9d3eda1c741b3652f8dee8,8382,9ce0a9824505a39f6e1014558004a59a8fa4e97069efa0a22c8229623ac82753,1
357d52290acacefc3739bcf4c08cefd5ecfcdcdc,1937,003aee4ad050f6ca7ffae823629ac51595dbaeb30e6f7a413d8e8ed5a02444b4,1
358a739c6b9d22500932a5248430349f2a1b73d2,13175,b7eb89dc8d293c5528c13ee1bee4223fa72300f8c1f7d5a204fdc7d4ab2850bf,1
35a173c2019e536467b24af520634af3efbc201b,52047,501a21dbd4b9d6e256543644e586b960b9f9d1d26060e61e375e49df9f302018,1
35ae6dbfffb4c8a8b9e2e5b8834728768e4e0474,14602,a75086f0775822209ccc044af49f0ecb5aa4d480a08f8e5fc8f83c57726dfd45,1
35c903b8dfe02ca09f0d6fb427623dc8d3ebceaf,119201,9cab908683ce568c0f05e15ddfc23853c745d702763ad7ab537ca0bad505f1bc,1
35e115e5ff4dc428a9e4ae372a4a4fbaef14f801,4381,eaf288ea1cf5089dcd3f29b856ca6377a3b02d6cf5382f482af370f61a339032,1
35f96dad0e078a7cd58320491a59040118cfd575,351,9ff8c5bef4757f95b0cadd0bd08bcba02b243683a4d45c127a915c8410d317b4,1
35fe371bbaa949f62d116e651a9a371f8d70a48d,2038,0f6cb896a136117727774b0551b66e5f086cd13024d3a366e8c7712f13eb8472,1
3640a4e9383575aa73dc4b5214bbff1901c7406a,2053,768e98ef15e11450dba8305191fb27494bdaaeb955e22c2c4e54890a216555c0,2
36460600d870b1571508a6de0fed50bd2e3ae679,1113,da47ae65572870b1b896566c06ef7f1fe8a43a2557ddabe1d7fca11f18a82a97,1
367dbdc46400a997f8adf1f92ed14092037b45ab,11412,f74077dc6fd5bf4ad7186bc56eb80789e23579235d618a4d1b122e251394e6d3,1
36a0b8e0bae4bb03d06bafeac94ed322c9c46e38,87111,5952b4d5b39d5bdbee6c1f57730e356b830b9afdf140e3c3138c6c719a14230d,1
36debd5ab3d264a752a066cd8db1f331410cecf7,335,d0d940782c88b6527d3c8ff71bb540f60166a818e8340ae4647cbee90e558d9e,1
36e6055b0d113a12fe7cc98508cf371a2a8bdc52,3495,5adebbbbd3ae7796f62c35950d535aa0ed7ccc88f60e107fd0fe656517328465,1
36e9a4e5a483da50d20afcac70b0a7754426fe77,76780,490dddd1a0f7600615454e79053332348301b1faed740fbe93161bf892fe391d,1
36f00a5e23aa34848accfd6ca03e8fd7f2eca5b1,95991,497990a18baa7ff9543d68e3514ce95155ab0231c60b186677aa2fc151ef108f,1
3712bb1930e895bc4abc529ada383b94a6e12acc,407,9559fed9d5102653fb65e4d567ed6c7a32c44308a535487789f69e85c1a157aa,1
3717a668539c2ca9c8a87b513da5066b90905e5a,1489,e8cecb0f00b6b67f0e05e6d90b58163290fe5d5221f623579a42fdc689e664ab,1
371adff21f56fcfc641d591686f5cf11baeaa052,50951,86678b88af863b3e45e6eac686b73514dee4f107ed1d9d9c9d92eba8868edf56,1
3729cb2149fde51151d34b577777ffcb21176673,1071,86e68197e601d199429600e7835b053c04d3ee43c26485dd52967907431fafac,1
3744d8c982bda6aa231352c908f5441d0a928748,2968,ed207af9c9a20983c502fba0d7694d0c55175970fd773c418e2eb7e5b2407558,1
375e27b82b27f57d82b1baf6f402daedd62dd6ce,26058,1cb017bc1a5c4e80bc4445602170e5467c9f9c174a405c223fbc9f486be279e3,1
376faf6096c9ef341f0444394e177d925301f60d,26900,794c3a642f692dffb2ed41b1de61e5630a6c33d52d16684179c5a17d61c83830,1
3799975b51fba5c683968cb7e651c3afda37c7f4,2929,56b1f3657053ee030994d167095e9c53b0627f5c0567cb6de9c3c0d0413d6a2b,1
37b9ea90b4e1764ed0d610f500aad12959fb64e2,3366,35f1c7e4528e1e31a971de4d4b3cdda138b93703dcc15688a37ce1c4d571228d,1
37ce52887a1d772e15ac39936a528aeb1a4b344c,14429,97c58dbbe5b4511e1e68420b32dea10ebb01dae4b30954b33fed6c15ade120b6,1
37db6b7717fbfa8c90d73c5be6245de1a3eeb90e,1213,6f52f6326c5e5c6b615ab357ccdc1faf26e4717415ecee9530b8c8805439510f,1
37e792b80f71a5c3639f686e8db725b920b7cb00,586,8c0bbe1ed1d17c40524fb9ebb7acfd8ea512e1d75928d0f399ada3ed07730a36,1
37f731bf38e3f675e1ca333da54a36d27b5ef4b4,47642,796fb142d9e6e79e03965dd59f881df1726541cf25ef6475b86524ff5a2060a3,1
381629d6d278c67fbc52530c91e6527e1a153e74,457627,f4e6cf64580d682e1d3d89326eb67fd96d41e6d6638f6751ec1aef364a305e75,1
381f6d280d23e1cb2f7e56f6c0ff61bf26e689d7,6537,8daadc80d8bf077d743c69cef1477244fb11f98bb948543dfc0176f1b53188d5,1
384c8d193fa3fabced8ea3e284fa86b21260c852,2266,14d2f46dcccf03bbfff46c66620c09918b6c78cd89541233e93788fa8225d9e2,1
3862188554d2f908d54f2bd3cf5c03b10b035f47,17064,8c84471249e29a99714ca7692df2908d6fdee2213147df48c2d52fb43e28649a,1
3868e4f12cd84ce5e870e6f815ea9269dbba436b,857,fe4b11db9c21fb4151767a0cf065a40323e6a981b75fbab127e114531a5516ec,1
388ac009515191624ba147f3cc42c897c6558c41,7278,856ae8b740423a45fecb2ab57cab955c5ce242e0c332b0b853c6b4bc87d14e1b,1
389cb066d7d5eb961125602bf722d86addbbcd64,2868,6dcbe2217e206d3beefa98b9c685f403b60389fbe19438d38f5b16e1cd7e76e9,1
38a5440db0a68dff69638738ae0590a7a8399188,252,7d156969de63981f0b8963923add57a0e58e069997ad736bf31801e015ba3ac1,1
38a92fa78a03f0f282337c5bfbd1ad3d0b9c6ffb,24165,3748ed9a1b0d5c1b89841a746338f1eef70cbed6cbf7cbade76bfd6b3ae27c0c,1
38b8f85f805203c47d2103e9e3c5d96b9d0f0491,767,4e7894aa2fcb6838f90d6646e765b136240e088cbf1977847c03a743cff4e82d,1
390c68c4ae31da87e642a40d3eec537ed253e5e2,2945,82d9b46b8fc3857fdc9f63309c7e05f7e8fd26785a731cf916562d728a00f02a,1
3912c26efa72d30353a57d09230206084b8bc3c4,10242,86cb8c79b546290aee133f945f564a7a882c2ce138ecd11cfdc919f6e9c5614a,1
39252b3923f6a5ced3d873429c717e97c38ed95b,38789,1f638ca0d645b43d573c57a0cae13537c3b3d17455f36f45ad9026a980e6c9c8,1
393afdd90f228d4be168a30539a9dfe74e1cc9e3,3876,b6904d3430efb486697035c37eed2ff3e7f17f8c62a4c54683b4ad59409d49b4,1
3946a989b9bc4a68baa6a73e9cf242baaf20460d,2565,bbd798a5d51bfd1cda09bd7979e8ad00f325fa837e9f9dc89ef3a8ffcac7e9dc,1
39528dffd93dcc1e578d2a24d0c5bbcb93686d16,9502,18f2ccffa641bbd0140b67a8b9e767965c57f1619956b3062eef5d0f9d43196c,2
395672db0798195afe3b3bc475e119351db9f86f,529,7234780e3c5a6eccad36bf8f33b8cb7e7447af49f61f525b728113b766cb6eb3,1
3995fbe1bf46326ae9ccb5b7068af79c226a9cec,7691,c1d958ba0029aca92a93d7f76c04e1887fdaca3d5cd5c28189c0713f65ac08f2,1
39ae704e9fddfe8966ecf360426f745b5f9882af,22448,8c43560a8a1aa49a8d1ff6314f442b8e0e066c17c2bd963d0609017cfd2bab90,1
39b7e7689d5a26f3c8df436f071915787a49dcaa,1992,1849f1ac245558f220815352f95540d8f277d187d2051b26957e401c56c95f11,1
39bf1e431e3ac5f2616243946a474ba2c9d90f2a,252,ac68150cf693f8b6384fdb66876d350fd651178a39dfbbddff427ead9b5f6466,1
39e70300e4b78ff1d26c76dea048f561a75da37b,15027,7d2c9b14e0b77b6374552b3da5124787eda0a8d1db3e227227f7de2834b9701b,1
39e969219433e1c18e226dded72824b699af3e41,42494,2acd4ebe1e3314c9615970802cbd2dff1c551b8666a438cb2a7dd8e26e2a58f4,1
39eac089f0c9402a4a1cb8d0e7a7ad48186b91a5,801,a94de4b96c304bc7b3c201ae9dfcd5acc37963d743f5f81ee07b5495987262a6,1
3a052bc4134e330af8d4c876f5169eb69bca7042,111299,f8fe833b577cbf11e491eeaacdc1cb412013233e9fe6eb58afe29fac971eb1d6,1
3a1f15d9743085c7b30d1df4a6f07aebfd712561,717,7aa285e7055b0757db059fb3c50a04188c2f8a25457a5ed3678ae4e632196118,1
3a33b091d91b2b39ce9a133db3de7661e34e4e37,2822,542f3a67a253a8c9d29dbe5687937efa57c38abccbd035313b72353c513f18b0,1
3a5784d17b8d50e366fa707bae761a793e851e57,419,197b7aae1c8d139f1b360b3d368330876726cf02e52430b87e27bd95ff336bea,1
3a585112b8c70ffe4a22ea38986c977c24a1d4cd,218725,153a7d877892287305f69ef436ff8a894742bc3c822585d054f46860b62abf11,1
3a7bb0d959b4925e83a8b99654309b077d1e6173,467401,3066d05daf78d3388e89e5f3a5768e6c4b35102f972da393f030c54cb55a6d11,1
3a888ec1834dde6e77a72492001b28299743e358,13142,bdbe9a2db42193a89cb57347a3bdc61f751f97503c91a6d3df8de6236194cc48,1
3abf5b566ea19b489ceae9ea3ea7533892dc5728,4452,19f9e2e8ae3dad5784d4788806b63c351af635c3068d7d8757573789260e83e8,1
3acb74eca8b3d778fa04b88235517848ad5c72c5,774,b247878997c8980f2cfd1b842ef5e325d3c34ea2c829354671d641d3c49ead96,1
3ae41ced6ff3584d5e3c261f7ff9898f790f4dfe,11249,cea25ee7ba770aab37c48b1623f1348f4f0d9ff15d790551aef4afdeb07b6a3c,1
3b054c83b13e3bfa9d6492f215552dcf88f4907d,928,7dc5f484dc5957308c45ee1cddc32f620fda175d8d8a698344feb9c2e7889334,1
3b07150a37cba168d628930b9f1885ee6da45d73,143426,4a92f6b7761d20c6c12840bc9e61533fc1dc55ad2da1418e655963b44c1a8863,1
3b0d412370767fef1a2ea73b1f4b226ba15b756c,639,1e9810b02488f0cc67abc5310cc6ba761db6a98fcf6b4ac04bb34809189493ac,1
3b2815ae7132c244c92c26bacbc4bf483d472c31,90890,d68e9c218a42e11ac963df67df6f594ec29e8935c4b12600e94c8a1c5eeca81c,1
3b2b9cc181c5dfe577e7124eab5d24276f8a8bb9,4656,9d48f47f32959113b29cbc266fd3c924d4546e39537b4aad4b60e5a8536dd756,1
3b7c697ccdbc8ca1a8dd549d03d5d5584bf55a1d,300316,5d580a480980d97428132ac98af6a5073251037e27bd058b2485bc4cf77e5252,3
3b7ff0cfcb5979a90761e48d5ead0f6a94dce73f,5736,fdbe118683fb44cb5ec72110e21ddde774f1cf605160b1fbf7b3f4e445cf0a8e,1
3b8056916943f1d24301813237026bbc3db9f77f,1614,c8d429cef9b5df7f0e6875ce425b1bf73553675b770425783f16446c2aa1d484,1
3b8b58ce55cccfedb2d8ab015243406a0bae913e,4088,20eab185800834ba0a45d96007c57bf9aa46ef6b15408b6bcd3d3201438ca061,1
3b996d73e1cfd1d7117957975b8c31c0e6ec5cf6,4394,c725f283b5a2be4d946e06a6ea3ce665e8d01a7ada18d891075e451802f04771,1
3bd008457446fe01af3db93dfaace4f14eb3da83,780,32472bbd62e08a8b0e08b099e30480d6799bb10ca069a427f9c85a479bc04989,1
3be5ae93b7027e0a97384c5559fd88d9d610a80b,433,56b7cef1c0bc3aa34a4d8589a25a5b909f12b1301c27600144184aa041304dcf,1
3bf80fabd6acb6b651d75721b18040145232744d,16095,21378e4dc2aae5312674c86b7c94e03a9090b835376deb6bf84dd579fa5cf3ec,1
3c19f69bf0ad78d7058fcb19f6fffa514ff60188,8382,2d9346da98245b2047e9933e1d5aeba1efb12cf79e0d3182921b4802cfffa4af,1
3c387c58a334af76e06c476c8ba8143f878a3afd,1592,2c2206c61b5307a07d764ac9862c7e74fd325672da794322cc767fb52c237515,1
3c4de203dff34b74f23f309b9b394d417c7f35e8,1780,a70261015cb1313ed0a4f84cf01f7ac1a448dc78fe801950a786288a2c3ca2e9,1
3c4e0a544c42599374b89fef3f1ff7a7ef33de55,5375,354e9e6e67d2ada6693bb7a4b2eee83b63fe017dc07464081e0149312523831d,1
3c5b57ea92e581130b472a97af8e9b1243d00909,4046,d7c0275f71e77bbd93e2d62735e44907c7554ca8e7bd8b5bc77895c882c06949,1
3c792f2be20504a76c34894d2438d53c98c5cb92,1682,6b469b85bb5b50a9f459d95d43dcd1596871c3796e6b8aa0c472c0bb8e734631,1
3c7e2dec7b6e1b88404ad146408038c810f2a552,12008,f303125386d0139e8f81cbd58bd0a5ec3cd44a14a906fcb9d6d67879cc174aac,1
3c842e519d6f67a25141dca2936780a1fb6dba33,653,ec99004eae91132e9dba4e3aa1c7edc0000af9a6d6364611190d237640ce93f2,1
3cc3e167760eeee1f0ebdf4ce3b440679f990d60,2446,b45ae039d4e78e1e7c78e071a557376333157ae26634fe7725d478b9dc7e1d4d,1
3cc595618cd2fb07ac31ab63f427a66dac2501bd,68998,1579d2d82ac6724d1b08a9f5667e69d189d1389d4dfe7a1c8ba9d0e1f7bd9425,1
3ceed1584426c2d40fa5dc3e1906cfd92f6deb66,23012,d4ac2de30c457be2a22c8236ae73f0999dd63dede841cab59f78fee0811e2a9c,4
3cfd71142925196966566f60eb1dd3cb5217e147,37143,588c725e1069a033db82aad2f4ca0b03e162c91966c261170c599ae4f5397167,1
3d08715d0faccbc510f7a8d2fc3dbefeaa5b1773,284366,e72ad0dd7e812aa10bb1f3e5a5e89c5bd1f0323a8d44c14a7e1ae54f263d56e5,1
3d203a5988483887f809bd65ac3c7912233ef87e,2702,c6034c3ea7307732667ff83495e16e80b163a08917b07641b7e266cffe383d61,1
3d246ed04a0a4192c6e4aebb16045fc5230375d7,8287,dce5c36b062010e9ba95ed249d441499e41330e965b34241d45c41f737b54622,1
3d5472d58fe0366dff0c08c9898a10e315f863ad,245,723443467693b883a6080658e059a7abbfefb32970486bab0609370395dce630,1
3d556aa5bcc89ef38c17f22ad9772b48f9332dfa,7521,3ae7d0d04c65bc5dff49c5ad0fe4c7cd09233ed68b9a085eb717e8b465a922b7,1
3d7bc26a1ce7a7c1d4010b214bf4ccca28b805e7,14156,46ce3366f8316ad452f515a30b100a8c19210284fb0df66dfa70bf605573680b,1
3dab4b24691dee66c8f03a859679c436502edac6,4717,c7ea3fabbeef8937f41ab010d882d61313b386003ef9e136c47e66c23c2d2872,2
3db4d0378f01168ead780c24d5d8fd3e4dd1f734,24230,eafa6e9733bcd7b67f70af98728abaeecb930c7ea19b23d907443a4a11acbc79,1
3de3f650ab8e8edaaa983af110c8903745bb8b9a,42857,f840f25338dbd0b0a53ccbf2602e6091fe67c96f77d5a26faed48d071ca5996d,1
3e0277c12bbbdde40b4ad7ed908e8c3e173f87be,158,a08922fee57cb70fc0d0107287df758bb757e1304b7b5ad5436c5a4bbd6eed27,1
3e079b41e0a1eeeeb444977f580b3fc0fddcef6c,44951,0d054fb1e1ce60a0bf997b3eb0454eab7a4d8dd20c85ba8d4426749d0bb6ca4c,1
3e1b6444421b84523dfa25c2d05eaec18f2b1cb9,512,38aa07aee5d2c19258b03015f17a0dd635ca0a9c24a8840f9b1d9ace4f9c9c04,1
3e1be10a008bef28c239b171141a6c0e49751573,17580,c796a2c6c920f16ea6fe011f4088b08e488124bf1b825352f108bc786ecbc618,1
3e1fed44d8a5f182ad1444e1bcb86b1124c89e18,1152,3e55bfb05388be9950e77f782e7bb11fc8151ef694d828adb1ec72f3e0a2ea98,1
3e72d6e7ee20607746c47507292e66f97e9537b9,15236,59fd0b0a8bbbe2e57186d5c825c94541f19cb4ad5024447a5fabacc67cc7a3ea,1
3e901b67c4119fb33a41917069bef8819f725bb8,2023,62f28275ca44b2a718406858fec17be6e461255ad15bb08066a9782d49ebcbc9,1
3ec722279a6e555d402eb489ea1963194f28c6e0,13357,64a97085691106d159f36e05fad9ae777a1fc706c1ab632996ee52679972ac18,1
3ee64ef3f45558e375d24276c96e136ff6d76ac7,6355,9e5e19b7e1d4d71f5d1be34c8ab2cd56bb759d642d51cebc10b27a591d692cf5,1
3f3f004fc73727400cabcfcce6b4de64e7f419e1,296067,1afb3a572daeebaaec6a311f82337f56c506da6df14676db55df12345858b44e,1
3f4156d46870625d50616790553af31f55d525b8,7869,773057f8a8df28cfbdea027ed2136647b8324003dc0603ccb15f37fffd358b6b,1
3f551d110e30efc2ae3a2bdfb80823d75a1709a7,10136,7426a1df9bbc985dfbc680361540a1253f41018829826e6e0ed76e77c37b8e1c,1
3f6a6e84705a9b1ccdbda5ee78d42818a519fdcc,10053,6b53daf984d7348258e23145a26d091ab17166b1aba6ae573d9e5fc23d1e99de,1
3f7cc7b216446a93595d9f2f967776d250b919af,41412,6cf0da0739fbde946874ce0b73e46e99f80a2537cc24b932fd2d9ad6d8c78b2b,1
3f90a75032306a86006de5ed20277c869c547df2,533706,cf2c6aac21f7723de2a67c0740f25a3feb0b1694870ab14b2f85d06541fe6ce4,1
3fa285e536249c5bf3d6edfff313f237640bc1e8,4703,09e648e978d54d0c20a36c1d4dba4cedf991c9782a88abccb44792e46a0db23f,2
3fdb895717a130943e5a2143f2dd48b4451cb977,1448,615b2a784b358534da5a9b1feb63f650ccabfed3aa989c78268cabdf7b9f12f3,1
3ff5c95ebeedc2d5d50bd92cd4ff8bf1d6c28543,10478,1efaa12bdb52b11da20c6f141aeceea65236848f201e0277cce587230a12617d,1
40081be9d5a4495ae52272519bd79ba90e3f48c3,25667,3fb552c3768a43c673c2d3f0d4194048a8d79b8ffe147639e1ca34d3906ae3f1,1
402988b41f04c44a716b665851fd9c3636573d0e,12092,489950b1a8940fbed5661ff94c0541496816fd9f7e1e503b35435f40af9fa437,1
402aff85e358626a4d227ecbc1fa3b692ad59759,241,f8cdc9f0d0fa34294dcd9d147cd1f9aba2242f5275c14287b764757035b2b707,1
4040f36da767bf3d932a2cdc4baf795998058539,33172,f5636f65c995ec6d4a0d2f6bdb8392c4b1572a707f7a00e58df44450cf520c49,1
40868940c89c14b860efbdf0e6d8e8094b8c89ef,629,fa0ec89f64f0127816aa9453d148261bb63208608f82f5202ff63fb213c4b719,1
409f4aec54cf8c8c8e0257b7b0c6ac765a96bb48,12691,16fa8198027b38840c012468cd24d55586de1c1463ec98feb1fc6e1cbe4205b3,1
40a8142cff63d998115b8dca7e53b2c1217ed476,16500,5ae86b0ffaceaee4d8e34a6fdbb7fef1b6c0880f638d7a07e07be27e740f46f2,1
40e288d40cd1e3e2f2978142557044617ef24efe,3522,8bc8491a46498b7d7dbe3f9ba71154bbf95eb3009ef35267216303a59fca5fe1,1
40ed9a176b407252ffe5c6e02b8e75310da16f3c,410,2089301b3326405b4158363811903de75b416d03529409a5e29f242afe71bd7c,1
40fdc5681746ec8db936617bad4a76d94065c211,211,3c3d0471545abadc708674a0c4b88fbc29f7c968b885e4d745090f0409758a5b,1
410d3449c7145340c6d641ebf3065b9dab6b0ad1,465150,fdecd1a4c37822e13777c77b3358c013b791cd2fa8933ee52c144f388d9c43c7,1
411eb2841812e6ad0bb0a349b3dbcf260551cd49,2841,845be5c3ef1fb474aa9ff33362a40bd789c461b875ea568f785144d00067b237,1
4138ab163dc88765c5f2a3d217e52440c475f155,2694,cdf007646c1d189945119b9236f1984c9db458111a475eae7d1684a446a9465a,1
41470867fc23d0963ec52fb770918eb392b95d21,6987,195ba83b586646058c8c0f73c755fdc10a179c79fba7b01c0819cf8edb162c5c,1
4172fc0cea689e1474dabbaea82c368155cd6ac2,432324,db1f92f24c407869887fca99dd44c5eb1a0b99ffaa939a17d94ed8063a78cb7c,1
41d74faf0a44baa4ae3364dfa657c69349f44f44,211,0c76ca6820126835500b4e2a75b31a484a1a2e8edca4c6507c58913c0be09e19,1
41e0d6242b4ebeff81f9ead1caab487f82fa1492,2260,de9f12813a3c10f49387e6034fcfb6d85f8a9c92fc9cc0be5e52cf7c7f44e774,1
423cd8bb213f8d1cda9bd705a53635f513554b98,2840,c08a77eff5863a94f215416ba3eec90c510259caef56a921ac21913d20f31ecc,1
4243561bf645fde4c41432063d8e1d7a455861c9,8788,c1b1af0f2a060ff62ed3f1d61620fb30818fac75072e98cf045bb0985adcd576,1
425421e7ce1e8495af7693597e24ca4fd73609e0,180910,617d6ff9bde8e319fcc9140951af8b897387b0b200f4ed8c0da5258dba8c5ae4,1
429a541ceed635a7026c3cafc8c1380c987cc2b2,1267,f655d418c4f27baf2ee707fe773373e9b78e6fbed2fd2b87815e7aaec9ea43fc,1
42b3969556c173d6a3b0dcc8a21d0e9fe7a5bd22,93098,1e41f3817fb712f6aca51958034a0b947696ffe281f3eec91ef40ad2040b7bfc,2
42f97a11970340334c64f733f9b11e9840477f81,46857,7f3321eaa82f78553b063f8a8616ee234879878c2d3e2a22312a6c4d504c2e0d,1
42fcf08aa9a607901f3f4fffb4d498aed5fe894d,20277,2467aad92c329f06269149278571a310cb94aedf6ff9e6d2194e781b07065f4b,1
42fee1bbf266dcb67c53ffed415d974d1a26c774,18946,ada70fdba74bcb341b440265b0e5a91eda3e1baab8d0728043a46f3322b72f39,1
4324fa8c9e80e4ddae919898bd52dc37ad404b98,8388608,9b8be3c6924c3429ed6ea1c59006fd4593e12fbc90ccc858fa1e635b443fa7fe,1
432996237c83a2fe70ff9c0cb91ecff69fc121a9,34472,7ab488d61739888762052c8d77942ac89a135ae92416801f25d03de3dc688525,1
43337616029faf923c6a4f52d89fd0c3810aac94,1271,fbea03f7ba39fc912fcc513dffb5f162ad2f340f46840e18fca8f76484e45c79,1
4345d51077d730e49005c3a7a05f63783aabb6d9,1268,a2364d5f5ef11f60b94ee853b6b0aaf3c8face706d2f5a97bcd31f21f5860889,1
436093ce8df5606955fd83aaaa6c8c2e6f6b7425,236,cf73925c9b23b4e0e91859ab6f8691dd4514a820b19a140de82c47003cfc06a6,1
43666fb7b7bbd870f8436448b48555be012feb8e,168176,21fc54488c67f1f611e8dbb880c45313244d44be54f66fdcbff297ece402a19f,1
4366d8242459cb365486b95294125f80c8c7a23d,3642,ea51b20af19a18543167f9877a20ee0202249c9cc4670edfc76f935c678efe05,1
436841201e36abd24453c7322b2b4ba51122d8ed,288,3c5358dc9c0d08eb24056fcf2efa3f8c2248cb5a30ee46247970e81e2b064b1d,1
4390860b51f5b174b033ceb82fa6db0c749264ce,24576,734984bbcb742dd56e4c8988ed44a7e6d4a3de158a942d43f16ccfcad2ef34f6,1
4393a1ffedba8d75dfaaf27986223432d283fe25,716,523efaa21017ab1b068ae087975143b4d07c1fcdbaa70e9e65839a9b7490d16e,1
43bfefa16b01ccbbb27c968604ce4986382e742e,139,29e3520d199df9d0398d6250ab31db6a1911de2fb018d3888223d6c1280a8f43,1
43fbb8cc4f3c7a5c8d9f38cc81edea2af97c832b,9360,9fd6846ee1e99a13be7c22e3517be2150de7981ec932c1e122328e6c4da4e20a,1
4425f1ae26b01c97048f3bbb049e22706c1629f1,5825,1dc935826fc072c4f28032f0c8a1ef16c9537607b328ab0f30f54409d35b5e7b,1
442a3851b0b5d5f49202b011462b0aedcb2841ae,1617,4e521d5efdf38f58bc3f76f918a04c0f15a6a4d2ee1700953ad72f5ea6e13d1f,1
442ca028b4b2bca2a1706f5ef03553689c3c312c,781,7ed384153b403ac204868fcb4a52cf37791085440a042a50a726459381483796,1
4452c8835b9c97961df53d786879172b58f50766,1943,e4f922f2ebe6f97707105a3cc1cfbb0d0bd699877a78e897bf6cc768dcf157f6,1
44712497a0f66033a4db652c5af3a04eef5e017d,31209,93453ec104cf6a8a19926662e2c2b006c95dbb2c77f252507f873900def0aa58,1
447b66d50ce238a07aed99088d8e020a86188f7a,29080,ea709b1584222bb72aa582297f65be9e8cc099a30d8a4e8099ba0fe2b4284e60,1
448db834911cbe2c2a30f6b021cc6b0d9ea1ca53,2662,b7dc6c716e1dbe599b5a3ddf314293c374e8b40a8426ad0016bb16dbb25df641,1
44ab288dd88ff7cdb224fe9d7b4ee71b19ed56e9,2811,696ed4d950d539e2a5c8aeaee873943102c802ee365acc0318972996409a2b03,1
44eb1d7f6a824def80fe9d089b438652e525dd92,28877,72a976d1321daf085747d07429e3364d3505106409779e3012d763fa42353026,1
452096c29681b6fa11347bc86446f9d6e2f2e256,237,d4a98021b3365a3bd7f46c88d2c17b105518733a99c3cb38544ddfa41d138b05,1
452141713ac6104b74ab7d116cd3a3b2a82fa0ad,486,897a8aba1d1df8e2d2a4ffae6413683f7a781349b87b5c3d3eb211865f5cfaea,1
452477d653bc2c9ed5f439d97dce9933bf2af8ca,2530,da94461c7ed23c12fb0e4f22c0975e74639417ad1caa6d912e0d508730a0f7b0,1
453035180f7f5c9e24037d529a7c8b371f45c958,147364,b9baafa854321e2597848e6d64e127c844f949f53eee99fc91039cd9411245c8,1
455243c06f55dc98685c09ce613834d67582fb22,66292,c5960fc03a61ac4da15c39feafecee45aefbb0bac993f39f2558fb1fc7024ae7,1
459ab663608f0b6141f8f2f88469c2edc119907a,18789,3f97b21f418164eefe4c391c86cfe9619ce636b5d6315f49f470e138726881c4,1
45a84c26e896cedf48d0b09b2d8716ecf4c866ce,11568,8c09fc86da3c0b12590b4e2bd3181ea3f252e40bb9264c1b0a4f1ab2ea2361de,1
45d1a80c083d61075ee66acaff449234cf5db342,311308,7920f966e493e48a51c95769a6577fb12268aaaddf558ddf3c279a87e408a9af,8
45d210006175eb987386508eaa1338e26ffcc34a,1464,0426d0465fbc5f3323865fb34d1fab80bc196fd7e341f9ec7a6b4cd2a73f0150,1
45da45928a3fb9e1229111474d3130751de2439b,237,59b8b6259886c77a7ebaabab5ae853f9dd1c10e79e018e7b8ee2450a7e9cf608,1
45fef82aaa186af404b81f5a0776ea169c7435fa,43745,3295e3d001e6a28e21fb227f5aed98a5119337d68abb5c2c1b50ee8e528d1ec4,1
46205d0e33bfa4107121e04f6e2e355eabb3346b,288,03abfd32be09b343d2718489c65d42c3da2e70e6a03d483c3dad214ce4db7df9,1
46474fe19db0e0fa3fbc01a0e5cf8cfe0bcc53f6,6812,76316f2f61092d75b235bb6442e17d8dbd5f5f35fe27a726cfb00f0d5b9763bd,1
465c0c7aedeecef1e9fcb19b621fef38c21afdaa,47889,0d7287ff1bde1cd66b0247dcc40b0a08a51c3ef99e590a099b80a32e3e8168eb,1
4671aa142d2892666923831f2f3a4214b99d07f0,6127,364ecd928078011977b840acef753e628e6e26040bb9520a19f7043d004a0b4a,1
4679e77f0d9bd6f84684723bcf89bb2bd5d6b28f,28776,45ea54053002834a28a7f9d0ff741ceafcd9b389145a74110445b55fb8457625,1
467a3bcfdf461633e542aefccd76e012d442deef,235740,25bad67b0332dfbc74a9b06887c207c5fb7538da771a433980fa97549813b784,2
467caca7ecda47c67a3e8da4635cfc5f4dfcb5fa,1356,06f5aa8694636e401cbad3dde43a38303230737aa24b77257c6c715909fa97e6,1
468b57f12a449329195b6f7d207e5c70784126b2,11804,ab23a56376a4ae751be9b3226731bd9b09bdb695fbaac87395711a48a3a3eaa2,1
46c8a7993bae945f7cf36bfc87981e2e38095443,33528,e8d529e1dd2ac6c255d32e542cae2a45bcf40d6bcb5d97f373df6d2ad5ee38de,1
46cd8ada4cd43869c9dbe1f8f9d37b7da4af722e,4136,f459a72b9ce76a137967326817a2940509c28f9a80f80c53efaebcff9c4cc6ee,1
46d7a82c83175f5ecf158b0e98391b8b5176203f,437239,34e93ae8bd4019a36fdd3c48a7ec162a0a8809ed9f22e3f160f4669c0f4580d4,1
46e40edafaede6640aca6edc4693a8631c9a22b0,220758,7591ababf8940e49bd1546176a248bec0359125f9b418b519156e17a9f446081,1
46ec56f4bc4e17641406b74dd0119b2489d94e03,872,8afda3a1a8fed23b0bf12f846e54cfac1d223492752dde744c878fb9d6cceb73,1
46ec7901bac74fdf8edc9d78758cebae2134bef2,8810,17534aefdfb690a353578e510ae60b8421679c59abb3ccef4c8d2068f4fd3744,1
4732c4c9a11d672318bb9cbe7e2e62333e8331cd,1582,ac30faa9c52e328f40a030a1839c0f6b026e9516a8933f507d933b7083047d69,1
474424b312faf723c1bc89e2bcfd9321a95d34d1,17133,a4ff398b7aa063a9f9fcc697737d3e74cc52025ad4b79e39f88f458c3a98fe2f,1
47470d226fadd316bab866342fd42c923fa52e1f,3733,82437f2490fecc45736acef8a6af4b178bfd62ff4894ca419d9eca6943a54f0f,1
475dff19ed4ea2abd0e9d0be8302c0358099b97d,2300,97a9dd3e25f2e74ed8b27a45fb463ae5b283000d7c4f5cb977a9ee8c46d1a8c6,1
475ff5996656d819e9b9da4c7f76617017b60c57,4535,699e4cac10614838b6f018e98a3885b2306bc6e06b9757a5938b7240ee46d62f,1
476dd400965aff73a66088207a1651a3736d905b,9243,b094f9d54dffcb70621a7f7ad9e13c7bc1e213d9d0903acf2dc609523be1fece,1
47a1bc40b8e2ac83d94da249a548c52862614071,1740,c1840ad39e3a8d4274386a3a049d28717a4aed103e715d658673ff3b3c8f9729,1
47b9e1924e6bc978948f6c9b13267c2e15c4ebda,1596,11a8ab2237264a8ae44f4b622136b2007025a0a6e2881a23d9211dfe8835608e,1
47f692c19f681f2948a145413adf4f468af7bb67,2837,0977f188f7dac7191d197bf3a6b115ebc4b710b9d2625a2f9b9768a09a77f30a,1
48118ad2873657c7c8a1f2698af6255e17c87f59,10997,dcd601e27b32a5195f14745839fe9102253ecae44c2b1ca2734525b7052dc3ba,1
48140f8d1ce358f3b8d61fece25db324406b68c2,2235,e62c859f05dda9aaf7cb87b33bd5d2c45fd3cc6b7d036b0caa73b07f622a516d,1
481d741cd94f235caea57eacd323f7059ef64453,3112,c9bc431cd2b2c9ca31e31480c20751f20ca11acb439f55f645bd1e8a1d60f9a5,1
482d3b99728fe3a2804c0637570eff5bbd303775,2258,e32fa2c7c3fd2f2dd872b427e2541cb00c927a0814bb063c5ad997f20e528f55,1
482d9d7d70748c3e7618e85187c63325e22ab66e,755,52eba8f820e212a55593b56de99f13e54e1b591f793df9137b48fa9364ab045b,1
48320457497730b1643b2b19893d615f4605bf29,27054,77374e57706ee490d36c3ab8111274b8129a3e1847d6a8d6dba87cfcbcbeb9c4,1
484c68e23951363d892e04b6e7bd8367249633fc,20079,97ed819d4917fda638f098400f8c342d15b5dc88969ae5ff2757e3ba06d2fe33,1
485099248cd6effdb6ef41ae695522f232a507a5,18601,9b71fba994e257ccf6a2e56748ca020c12b0300c4f62084f46367260f8ae0653,1
485d3fdece8f1589ebaef86a6f58c29cb0c40603,2337,c72791d95fa97105c158d9bdd6323a8a5d1f88ccc0b625555002c23a17ebd06b,1
487018e7a8479cc0befb6bb6a5a317424add847d,37925,78fae122c351656050f1e50f91594991334b47caf75543d420e82d284eff8d6c,1
4877b925b90030e3c8e8e0f4d15c300c66f3e270,35332,56b8f1e8553a25319a15728efa752d6d65993b6dc790528338195f3f40d14966,1
48826a1f2edb60638b3b6c1a0e3cee1b9a6f7098,4060,ebe67c6d0a84685e0c3368d48d778fd6ddf6af07727647569c8fb5a41509e077,1
489463bfdd3282a1e77570d9b2fdfaa9ed929774,16347,35ad9e2120d6d435798496568341d3426082e62c16425c9e0fa91f54833505be,1
4898fca9cfa2ac852da99dabd2ab10eaa9b8b276,215911,4138ae43c532939e848f463c4ff43f1f3873fc551eaf562b7cca676a06ce6c0e,1
48ae9021236d34917f9b1acc4eeb1f70f886c80c,9588,972c3a69fd84895d540479045ee1356a94252a365e65323c9a6db6cb6ee04bff,2
48bfefb3236e67becfb6f6c35f930e44e5469185,5396,fe72b6ba5b8ec28f684fe40a80f8fb6daf464876645d9a61b8304b0c1750a75b,1
48c65315efb7e7a210eeda5b6154164481f510c1,1590,fc0caca8d9c2a18ec42ae4812301db8a79376cf6ec9517be11675bb007082167,1
48c7a5d587724d59afbfbc024bd6d1e33cc387f9,5535,d0e992563e8d4765982c9e713806d391820204768cb063607b9353b46414cfda,1
48ca5219e778494602c9a34c9b6681ef9d4cd0b4,531,f534687ca64c5886e8b4eebb5da8abd13e251c0b7d6f2f770753bc1c5f9cf0b1,1
48d987cc5b2d4697f9730ded06054f496c18a297,20247,3fcf7a49dd5f294ee0bc3282099b348960b3d6c94e8928473799970e379dcca2,1
48f0cfaa183ba3423e565a598e3b27c36ab4d44c,4635,9700a1a8aac67bdbf12445b624a38821bd01a533e6ddaac0009ef58b47e26bed,1
48fb7053d729b5a16787931fcfa352fa63364706,15774,d7644de98094a1bce0aa14f46beded93b332c3320ed9709d83ac8aa302c77730,1
4928b2c146d5e464b17079d5a517acdb0faefeab,3058,b87b799249f2a8ac9ce9ea102654eaf942d6f3a77672e8279e63d8246a5553ae,1
4929bd2b600dab8bc5a44b92f58f8f50ffbca6c9,16200,242f8370597fa14511014c9c59928cf4d1101495144d1c02105336ce962bc6ee,1
4937fda5c0195207eb1a4458bb653b46502ecd8b,4589,6a08c144cedf878e610306203e9db7dda57ec61460e0ac10707fa06e1feed5fe,1
4969a9fa76c47f0862ebaad1a46f095362d423b6,13477,e08e6f6c086b7c5da79e6a67f9a0eaedead7e1facc1538c5cc5ff5fa20dbf50f,1
496a2ddf26fa39268af9693e8e71d28cd9d6ad91,80175,f893ac183aff42f7be1241aa03ae51123fc12089706643d073ac779662e7c7b8,1
49dac62db88615b57629ec9b552636e5d6023a52,227,0dcac5197c19c4effa83beef35bc959a527a342813bc140d52b7157f4827c9fe,1
49fa9278b51bf16e3b0aa966e9f7a6412704e685,63436,316e22fc9711c2e8bea0f2af7615cdb1cd84fb55f2b0c611c38372d50d59ba67,5
4a0467f9443c51ea7dc15a7152b78e7a902ee983,162,20b9eb9648480f62ace16ca7931a777f61ff12003dd0fceef49612b587036130,1
4a2653253697cb55a8624bc8c148985210d4870e,11641,0c136235287964be3baa97ec19f85b78eedce48f886fe3251896684df2fe7842,1
4a30fd40b0b59091ff2414ae428efda7ade1f955,33529,b9bf116a4849d5204ff24153e1e46f44625c6c99dad5508bf0926e9f418cdd08,1
4a310c08768b7a6407d791936339ab21f33dfe34,3821,7d8a2bd2632f2360d3bc0811b43b5a6071cbaba3b5d8c3449f8ab00a0537e382,1
4a454c14819387ac02d64b240358b82c5f8c3cfc,7156,e03e22ec09b96cd685f5f8bc90246a7ebfa8275ac74ae9efec4f1e068e98fc43,1
4aa38f6e2e84bdd06c44ce05037dc76a919078bd,1583,74ff10c8c9bea8aac37cebaae73210577dd830b6d2170ace9bbee6e8c876e746,1
4abf4527a2099270b92e72ba1c99586bbb47ebbf,831,21fa7a1a2e28657fe47e6b0f14fc889fa6a378cced147ed1a2b7c183e1468598,1
4b13ac6cd49b3180e155f9314c9b6ba941e7dfcb,555190,1e8d0b1150909eda33ccd168e3f37eba3345ba2aaad0837a340e9daa684fc3be,1
4b1532131fa0c03d4e74177794f0c4599c730163,5539,9b8152bb00b188ca49bf6b38dfe19e0c83dfa5a93e45d44a2da41a35068df877,2
4b1877875910bde773fb0515d82f7283d96fa3b8,4260,b400a3ecf7f29956a470dc062f92bb23f2c1b0da5d1c906b3114298b198c22a3,1
4b1d5b76f507dfdc28bd194984d9c25bd1d7cd63,87093,d2dc32b21c85ba0befef17619dcfbec8297df79cf022c8f55d9663618be6ca73,1
4b25a07f7c282af87dc050b0782a8d302278049b,60218,77cd411300cf8755834e45f063b68d1865b448c8ba7f349e84d0ad0365c43b01,2
4b52715da7a8939c8084d694ec7971592e164055,12792,12d047826fee62025ee35cd12cb0e7cc72d732d3a2409c8cba113bfe2e57c2b1,1
4b629acf5861691242d6f8c273dcbc267309601e,1911,14600ffbff78ffa909849faee474120ee29e6793b360b9c06aee17fefca21cbd,1
4b6e79d7b7452381eef915556a9615387e8bcc9e,279883,790a38db99fa175c5fc1ba686bd515b11c1b5fb64f7e30a9e9211e675a85a45c,1
4b74ad52cff07add1acae1dbac28349f6242e683,212,2990d607c0fb696a420f06e875d5aa8b94be45e3ce7361b4590088beb7a7b501,1
4bd785684ddb57195584c30dbee410a6a72d1754,134096,98e60b44b0338d3d35d7342e1033d05c35c4ea37b16f992a02335144e09d8eae,1
4bdab4346e1290770dfcf079de677157696efb53,4399,a1e9c7520a84dd5bfd0874b65894d4ef0efd0f99598068838ceb113bbcb6d6f8,1
4c0ca76e629bc813263f1d97d69f85a4fcb891df,2887,29cedc12d1b05d423daee9a6c7fd4651419c9e0a9392ca9d97e70b861e681f05,1
4c2d5d055467be68b95dcdcc1f96b41bbcc3d69f,231,e85ce04f44472b3ca827c379a961e7cb1bc169b43aa161766272584b59e6aab0,1
4c2df5b3478c4171297b9e218f0e83670cf3ef1e,85759,6d74f958188d28b4ec5aab65aead4355c84c85c042655fbcf44a49ccfb088c55,1
4c32dc04a512993c93ed1d7ceb0d0b68e185101a,767,5474ca07012e87cef754bb81d4d6c64fc68ac177de19490622a2470c480f004d,1
4c782e937b70b2b87ee0aa763550718c04bd7133,285,a79977eb4514a06c808649c28106dcd0dcc8d8caaabaad7a6895e693cabff36c,1
4cad3a5592b4a4dbdd41398a5dcaacdeaab8c1da,1526,94c59eeb3e997db2b15ebd642254bd145dcbdb0036118f875ddd605b21c7dd18,1
4cbfb17528f189069d1da1801f9f9106758fcfd0,1116,2b300611960f7192a4e463ea6bfbb0fbb0d52167df669171d308236fcfeb9ecf,1
4ce6bc21ccc28a2722019cf3afff5eaa55d71b98,12818,89b48a6df6ce51e2942b6ff7c9bd3e8fb525d375660415934ec60b455132dbb6,1
4d3228482df7377f88f8a23b5e53943c264b6ffa,9844,9e7330e2c1e489ab2eee967bc323fcef507a8808d130f15e91f32518caec1eca,1
4d6fe579e2b48fc572b2fc3e635f298adf1aedd4,532,8b156cae61ef034d54cda6186ac22c5b3888bbf4defa5cc178ea4378c883e78d,1
4d82122e2446e40b005ddfbc22f0b397d3807e3f,81321,3d550c9506a83b41a3ff79c90bccd34de3f3a09ba4c1dda7b182a9881b974d9d,1
4d96e9421b14ef592bd424099af198be0bbecf34,95,171f8236aef98149cdf867933ae7eb2dc56d0a931156c1bd8923703ccda90285,1
4d9808a00a5dd8b733b781b8c908f88ca9d718f9,8246,185b8931b99c15bddc0da4fa600d211d5e7fd4d7eabaa58bb1e5188a5e33db72,1
4d9a2d307484a07549b48125d18f18b526deea0f,328552,2cce63328b505a1060f7f21196f7cf6d7c1d5480875ae1a493c03ab7a8d66c08,1
4daaaabc11a31f7c7e2cb58e5ee68ca3aa1b29f7,1853,fbcb525af841405a0f0898e4dad317e8377cbfb685d8f26bce54bfc548d2a39b,1
4dcd1f652b90545e234ad1f889017c5434ed7920,10520,b2e68b5eb574fb00f2034e28388c2c38ed562d142be26acb4bd0b19bc83be3d2,1
4dcec2a2b24d67ca0c410181f7b8bfdd6bba6c32,704,16a740b28d239d3bdd808f3dea929b5055159701326036ca8d5be5fa63e02cc0,1
4dfe11fbf8c0ea9bb8bdde3adff011ba0295ce75,2777,ec4ead8c78be4511851f2a5f9f94fdd083a116a0aafceaa4b41a70db6531b29e,1
4e14839aa847ecfe12fd108b576cf3926b805c37,2401,8970b4e41d5f34a35280a3324bd72279fb4e62c03334facc429c9abeedc7b741,1
4e14d868f3023d036039d7ba2a15b20622982592,230,f1c496cc6489508838a76c4d071718bfc4182ba9380db97e310861958d1c92d6,1
4e2cc03cefa87cbc1b14c10889f1d05eed4617b7,13384,d36e7f1b2fa106d289aa4b273ee4c8898f09e0df2b9b17a8e6b55b24906f7556,1
4e49dda5bf485ca373bf491de0d40cb13e4275ea,231,bb019860630569644fc640ae6772080356de443e900b28e4d8c4b15532e16024,1
4e5c023d8d680815d79fd264fdc532dc9c6870da,4028,03e64b2b8dc12395cf1d5fba5056c8dadc4bda7ded65e5037bcc5cababf7a343,1
4e8127a422be8155406bfad65d9c4d402cbfd44f,265,8b5eb2bf92d11b899a00ce5c33bd8420248bfc81a743753c458eb6913e8c36a7,1
4ea0945f9c860453bd54d0568e2bc0526a0e06c8,676267,13db0186c718254365e5e23666183a7826f0012a634a981bb440bc5d7f1264b3,2
4eb5a91d61bd5cbd518fc674a337117d471d913a,650,fe1830d2d6fa7736f78f0559d6cd229637243b1114de3f70347a7b961196fc26,1
4ed54ac3333f2b2dd194c171861d657baabe3b48,776,58a750ecc57c139c7581cac7855d2cad5c8dcb03abbd6fa28db9407332b978e6,1
4f07803397fe34cfa349992ba1b21c55d3e45578,12311,c61490ba40496aa90702ad6d1c7295f7ec436fce6969e965a24b6ecb4c0a227d,1
4f1579b97cd664e6448ded1abbb3d70ce8652549,1595,77c7ef156de23d4cdb58067459faa4b648b14144ed105b5b028c04f8e963d252,1
4f2115b0faf722c16f44bb8f0aff548c79788a20,8620,6dd023fd897918a1141570da1fa56fadbd4e3dde892aad3160c101af09bee2ee,1
4f4d02239dfeaa8152bd7599f3c244ae720e4a03,230,aca1e48b44456bed8a506df8902ab872d9faa4793e9232b543a77e46c95c515c,1
4f676c4bf30716896c2499d00af9d47ea22cd0c1,1891,7ccf0157c3cee56658b8fb806b99c7e5ed3e63d07f38e44a44d570f7c601cbaf,1
4f84dd7e4506ffc667b68fad960ed4966f3f6f92,1276,949d43944fc10daba62f33f843fd5d679ebea995747eaa985a64f57ae163ee5e,1
4f88aced631c7d2aacd25503d5c940d4a47c1bf4,228,459e14065ecf758578bd4194bc7e151663147c417c2101a15e06c7383846780b,1
4f89346b8340ada72e0006d64ac9d79f796bc0d6,10177,a4550f8e701df6a3f9bda20d4511eec1e121a2909e9627427318e4bccae065c9,1
4f8ead4867879996ad935d3fd43f9baf31a40fe2,1967,9b50b0ea3a8ee7ff269ed9f8ae17f26e9ee2054a6bc4fc0f518a649c095be267,1
4f8f35c5c0c7e43d4660c005e8e3d3c0ff66c98e,1012,63ad5c7fc3c353330b81f5ea69e7e63d5c9350d146a6eb5dacb0695706c85646,1
4fbb9d97b0651cceb9bce29241324332ba2f39ee,11638,8b97a87f0f8c1a14a8679694f2425a2b47c7b2508f1aaea9debeecc2b199f6e9,1
5009d2fee4d8ad8002e0bdf4cadeb3fc4e8c87d0,34731,2ab610138632e16fd91b28bf6814482a3d4fd3f6c6960e5ebffe30e5fe8e227a,1
500d4d8ef5418b5afab818164e3f278f929ab1cd,1858,26e596837f8dc40c4827d67b50b07d8ec8864be208d9a7b174b37479ff784b9f,1
500f1fcddde1e7d7491366118cde0f56194909a7,930,99727413919b6e4fc8df1097996c9891aee672973b2e8f926284403c780519c3,1
501675c06f0ca5f2ee1b39ccb636fb18d8a2c678,4874,4ff4676484db57cebe85ae57fe8ce17413c6a03471823cc88999ea2dc09c85aa,12
505a3dd613ed1cd1638823d36553a4b992b8701c,404,744393086f62e185a09d033e82300207f25e1130e6fcc36e3029746568153ef3,1
50661baded7f897c37ccae90b55d38d0317e46a5,8451,830a7a55b4c3d93edd99744ffc552d12ea611a35880a981fc2de65fc2e953375,1
508c0f6e1194b3797cdc8716333ea7b2c4be6b4f,2691,b3e968d13a6c7bdef3ff31b656758b0e79c4e3243df15df889345196a68dd2a2,1
50ba8b7dbbf0f2ee87655a1fe6ab530e944c9c12,14811,6a3789851d632de3f64c5755a7a6619429710a89480f6bdc39c0e8fa174013e4,1
50e48d7f51843d777aa9b8f86522dc15708034ea,80559,76ece1725ca2696bbffba6bb5ebba7b7d6d8edd722d5b6f3ab42ac6afeafc696,1
50fd33b1c743e1d4baa77f7c8d9a581c9b00f528,165791,9eae70082695fb89cce88c28db1eb8af7d5c0581c1f1c318ebeb94085472d58e,2
5101e611561bc171fe9c13dbee33d3232383d4ef,7001,f772e8ea655faa8950b30e2d952372dee3dee1148522d670bbc1a3273202b2ab,1
5110a10f3699901c5769c0f97b646ca5c64340c7,15144,279ea6a09909ad9c325609332cf9053ae2e822a1a892be2fae0ef03649b706f3,1
51201289a184f83f659df3e7149d53347db32761,781,3a5e1df7c7a3c33fa7b456971cae0be1344b3018bdb8aed84d8127c5e374cb08,1
5150521625ccccdddc822adf820d29694a674f3a,89069,96c88f370b64fbc5e1a1afee81ffd3913bca46a7bd9148ed00bc0111207db85b,2
516101abfb7774683ca49be016855ae146b5f7f2,11063,5f165ceeb7ef3c6090b978357d8863d3ece273b52ea824aa2617828f5ee501e9,1
518234341e88344f6425f67878350db55dce60dd,2950,dac0eb251101ef76530ff9225f4783d49916a48c260a034b7ffaa09cf14a0918,2
518a0081f31d78af8a739a651ae2a7aff46f5d83,3211,86ebbdbe0fe3ffdb5a66ccbda382e178db93228f88311bef7e9f709b4314eb25,1
51aa795ce46eaddeff55c7f99b3e86625e9dd63e,3307,50743b1826d347447b4574727d0be52e3344580a39f5ee75f25fd0e8ebf4fd7e,1
51d4eb16016d1edf5dc46f8a07141e151182ae4f,2136,674ad147fe46ae8d7fd2c6474f6341446b9fc6221efbf7b4a04fe9ffc61232b9,1
51e8268662a616aec5e7a7e4ad580db2bf6d43ce,9210,c79ac44ab2c4eb9316abfd42df008bfcf6c50e9aac5689dd6f5a53ac5df73029,1
51ef4f6a51cb8f3be68b1b86ffa0f4689e2ff53f,17820,415195bbb16e60de4c199cb2a34091ba0ea33931ac872bdee6f4ac83015c93cf,1
5230f3c27ea117d4faacdfb8f8441fd7068c755d,8221,b9277923784464adf61b9f78cd1f7952bcba97e7e6fe6a4bfcdc4f724eadfe35,1
5238cfae96bd579211c66ea9133206bd344f47f2,262,c381b76d25af4cd0eeedd867a4dbe9b7211e2903692727c29516ca4a33138f7d,1
5246b1a86c4473cb7d633bb911e7fb27e4762c83,230,824fb6d04e897a22de92e266bc412fa5b196959b28f055d353f4dbd14073f86a,1
52711a57fc99126cc1ed7e7ebd8462a86110ecef,12809,6a96c6a004be205c535f3aee5e1cc4d646e974ce5e37c948384144d4e820ac1e,1
52828f0347361e710405a32f23f7c3105aa21ac0,20550,8dc87dd0c8bd817dc91e8015cc5faac5cad91baa471e5ca2d7fdaed5681aa59f,1
52a2704482899bc2c839fbfb10ba652bd9e26155,160,91dcb8076ccd39d3b7c026c953d5a5e2a9df3a2cebbe5c2c4aab69bb5eb45838,1
52aef16479cacebab15c494da4cfbb6ffad818ab,13285,8c80996c7b4f9d3a8632134ff03ca979a4fc2c760bcf3e35612738c12895b632,2
52b02689f1c88e653289da768d07456e6da88ba8,486,dfc8ff81d9ad6d56cb05d01a218b94ed6da7c497e23389b19d9a75d2cf422812,1
52b04b9d9ff18156fb0de214d88968cd56311572,1152,09049f4af2d797dec8115e90bc45d4502af112c103d917f3fbe4fd642090544e,1
52c7f1ac9a8f71c1d201e0dd22ebbfa7e9b30402,1986,3761ef05a386710b8e30450ae2bd3220948c2ec0e663094a725405a19d8b56d0,1
52d94d5f5784eee920c5c3a288e429d09e57f7a0,1356,a0ab5e241297ca3a76a1fa6c18fe563039d6d72290073a15536e7dd7c7f9113c,1
52e37e8d81e09495395968e048f35ce37e0856f5,30645,56dac75865748ca2051183a7333977cca1faf446f98aa9be0db2b41a3968a776,1
52e484efc1bff917ef7b09c2e1cb742d0938aedd,8664,7ae10ac2d545b8b6d86a3c0930957968a937c98515249efa73f72e093ca5c926,1
52f09426642654c8af9b5a47f35c959cf751dcf7,7378,9e54d704a42c9acc948f8ca37cd9ab855fb0fe1292a512bdb2b32bd29ac4634a,1
52f9bbb9e5a4c3aad79d216fd5fcac316eb7e81d,20998,648c65ff2ab95f5f30414a7062236840896ee182357ab647548b36617e53b1d6,1
52fdc82a7dd1f42cd1adebd25149f0fb086a1481,21193,b857f25ab2cff55d72e062fe0e11274140d7fbd3a221cbfef2c6c4498e196643,2
5319cb9819d0225a976a768cb76ab63231217593,15211,73a451c8d2f4342034b4d405ddd423bff6bfdc6ab6afb5d2b74c46249df14c0e,1
533f3a347f7ec86ab47a82691ab874a658b86b23,61407,0caf0ece8babb52071798bb413120731c60276f8a80129110b251a5022a71569,3
534f7365f33b82372ac67c62cc243f1eed3f0499,927,6755b147d3f82fe68eea936bf0e669e25d672d7f8c9193949d7a9fff8b1ac63c,1
53824f443ad3951060cd5494d564860a29a9375e,2702,6d2d487af67348eed79a4e3a1e4b78f0cff1bb31e4af38a68a8c30f7c135b126,1
539b9feb7bd380da5ec96968403f35efed3eaac5,165927,efc8c731c82e753efced5d16396bd1834b790bccb943a1be45e2b1eb763d9af4,1
53accdb44a365c71aaa75e34a7c1a6ab4cbd5855,333,fc931a8bfa0224a54fc140e2700a92a8499e59946e15f1f7ec81cef4b3ab24d7,1
53b9b5569b64d5c130d6344b36d28e6ede3fae70,3591,32e942fc082fde09d0833e2180c20b1030e988d13fcbad13481343bda79c4f28,1
53bbc2b6e277ac6272a099dd5b7101ad6bca6d24,952,9feb66f035d029b5f088e3eb4e36ea59ce2da53e20a790cbf93cc3ed124a233a,1
53ec886026fb1b680407f3f919687484fcb65f3a,6241,e4ad94a2c072db07a7f82f532c32b99052f8490c5fbe05b3638f09727b220b40,1
541fdbe20d4e0b0dd6feeee72bf69c2b09e42ba4,16241,e8f23a261742738a708cacbffff17404a6525eebeafd2e74eb531c74ae8b560c,2
5427dd4f59eefebe76e435449f13209a2e248d97,5849,b309c1c2a6ba2fa2aae84cfa96524711a1db4b573fc2a1b5c6fc13058428f5c0,1
544ef5c688b22dc656ef30e06aea2150ec4bbabf,13017,8054cb200440e1d7baf036bcc7e96f54cdb987796feb50b126c4da44e87565d6,1
5453c4d205b5eb98fb61daf22e81e00b0e29e334,2600,b9cf45f4f0c5d8e7540348db92b2132fd5791619736e9fee4d34acef7486b6ca,1
54551a355eac2484e1ed53b7ea980a8b4831bfa3,125580,d47a05567acf98bc2a40ede37a4d0856281f7d04459a4cf67ea8b47a3228cf2e,1
546b5523eb609c46611da99b04e062e449185819,2827,d939c27fe253af6bf74ce7f8a964b2cbb4450abeacd052088b5af2e8aead2d61,1
5476b42737fe6d0868bfbe79db5fa3077bd41382,24,a26c2d6adbc45fddc674de7a9e1d7e7daf8facb70be7d04275dc0918abb86f98,1
549399109290908219304d585f5a4e576cddb598,9255,0580f2602e0615b46cadfac3657a47e74b3fbcdac9c0e766057940b8c9f58d3c,1
549cae342e2c5b9d67ba04d9803e5b0fdbbf444a,545,dd689fc7423e5329f7133abcec2f886f2c00c815cc7f8e5712fb555a14ebd9f5,1
549dba413e76bc322a13fa0cdce3967ea5d44578,215908,44c85ae6b8758e30a72a3cede3196a33c88182ad204140d252a4c50761c9173c,1
54de91980867c38e7c8d56441dede5b68d50acbe,5470,69514f63f26964816a367f5e98761d018f33ae5a267177fd5bff508faa00619e,1
551368e085ad1ce158574fa56832b5f00c065987,14983,eba31c9e8ef99b6afcf8b668efcaf7df38c30d959ff3979ffb5ec635e1130e83,1
5527776b83a437bc125f00282a1de86c9068b92f,14217,bf1fdf71153807410c7029feee220533aa94b9aca24dd7d044483376cbfcb46d,1
552c7b0d46811c93690ddcbcf67b4616045b5169,11402,4df63c3df5c46d519a80abae0681d3e58f68c62929edb98a1a12feeeee62c125,1
5545685d2029fcc010d5f9441d733d3f9fdcc65f,4999897,ffaa72d5552f814c949238a0cec39d202fe601718e3eb2486f94f17974d0abf6,1
554c80aef9b00c8d981eecbe88d3ddbdb9e0e3dc,69507,39b247f870696da1e4af302370eebb22fda6945cb715ee31122ca1af83e1e322,1
555298de55a9a6d60bfce13c549ba7151eab9c0a,1315,914368670451c4de6c55af87e8dcd96a71eff56f6c591da830f2e6f7d83bbc08,1
555fb646a3e5816e024915144a69c935ab6e0a0b,434,db61e4a761fc689dcd862cf5a1ad591a6fddfa78f65ae1a00a8b767aa5a52393,1
55857d993125f77d96d21977aaf6bd553519c100,20289,7b2e7a7c379dcee38ff02e089dea890731653f7705a06568a7436a7b7f0bcadf,1
55919a8746622292fa68775b2eb168b1c33bd64c,4771,aef52651e582975ae852ab44801d92282cb2b3529694001d1aa57f86a28f5db8,1
559380959ee28c932e15b852881e4be14ff0f78f,50274,f3cc463f278382e4ac8c2aaa50de660d2bce4e39208f39b91e9fc017477f1e4a,1
5598df6dab0dc77d1d556cc3586103b3724e37f4,75840,87b3c4fa9a266491465360ec5fcd864ed5f83f871e9e76c7c63e4ff0fe3c4aaa,1
55a3c89b3cbdacbdc54c6fea20c3ec0d32913cfc,2071,9ca5ff10f0fc9a6d0267b66af7544da825da85a7e441d6cadd30bfe850063112,6
55a5ca94148dcfc634452acd65d913b577ef4e43,22786,9f59c0797d9beb72d804c2c80076e27e290124832bd40178dfdbd7369a6203d4,1
55c736afe1c87045f068e7c93f6a384bbc89e116,115714,03155c2cd1e64e4e509c71a29d37fc3841d31dac35f08166c9825ffe1d7d690e,1
55ea85e4bee3dab413c6e5ffe1229c2044813281,703,e9ff2781e137cd53c19c0a9bd5574aebeecd95608e1f75c09a165e01300daf82,1
55f2b529cef07a6e3fd674447c8e51e23c630fd5,13197,e9a83780e73a01cebcae648e9d3a76d92af7fc14340eb815794bece222385d11,1
56152bf73c32fb13c9d9bb2b1a3fdfbee29fccc8,14801,3863661b688329de35911ee8dcfcb60362ad3fc6b8ecd81e0ece45a9651da5dc,1
5623aa772ef0d8e37ae121ed296b7b144fae8270,1931,066356836981dc5f59591bf8e9c9f8d70f71454eacaeb3aab1e9fa37857ddcd5,1
562ae2b4f92b2f27e098550e033974bb4b01a271,352205,b0bcaeb13634b28c8295c602cf95a71dd37258b0169188cb88af12e77d8a8ef1,1
5639e321e35d350dc2400e5394fe66519cdab649,11261,ac3f4004f75a950fcb0a2af58788f292ede5be1063c6d8262a471a7adfb6219b,1
563eb148380420d589a39ca827a8e5b41ec9a32f,3867,0a63215aadb576bd543191121e630571ddb0764b86cf8b8e6c1bf229bb0d3f33,1
56478a986cad03c07c2f2f5c121f22fe722883c6,8526,bb906b92c98dee11503a85c01b0334a3ab835621627e3d9f02caed3e5bdb70ba,1
5666768605844f71c38e749464897315c46e8308,1309,2f5579dd3b7ab7716d1faf43ca6306f7aef209590254db7d7cafd66da3a9a5c0,1
566eee5b1c4f3d56cdeb4c0be86962e196e82a31,95571,b676f7ef8e8beb273cc5eb3fa2f49cc975b7ce667ff2b3b2e44e70a4dd6db9e9,1
56e0f9ee54d43b7556b1487c459d2ac82c1eb814,1632,129bbde282ea10ff313c2b36eed8ec2b4062f411ab696be6115569b4949b10f1,1
5710f802bfcf2a038aac3d12609cdee8e3dffef8,98,4bcefcc9f6c645923b9993ccf73ad92e6b400ca25458ea14e095857fc2131342,2
571bbbbc29c30e9dc33cff8db840800d4ae7068b,245,8f10588eae05c3b357bbed8a9536021e3aefb320c1bde08cc1ff89e8f9644e53,1
572e42b7837d69474edc489b4ae094ccd8f375a6,7735,3e461f905b16eacf4801490fe08ae6b5581f8722a22caccf9e10aeea15708b1d,1
573a27cb051dfe13d3c080e0a7c1fa440f543ad9,141017,6869f9b3a32827a9382873eb1438762dfbf302c5d7a58e5696f5dda236a21382,1
573aba38f7f5f2a27cc928aca579415ca4012062,230,480135341130635d3f0be48c2af8cec75f6d905fadf755fbd5ec222c56b0fcb5,1
578259851fe1e030150cff0f135849144fc47f96,16898,8a01d8eff399604d0e82a215c924ecf546d0a30602fd2871a90172beb95ef37e,1
5782815ffca7749be976af635a1c20cc1adc420c,7481,e9b864c0f2e0b11f7434af326d6c60cfc29d91f8d5285e00fc164dff1dae7679,1
578f7200f7b7551b28dc7b4ddd7c4974dd689605,446,ed2265d17284bb6f50bc88478ab7c16675d528cf500cc19a98ed3d3c86e0cf8a,1
5796703571d456fe34ddeb84dd8253ba497482be,1992,2af680e194dfd42ed0c1d45a23654b15ba46348817e5b4e140388ace5577fd7c,1
579e31b638ca1057745fbf60d0db59e7f1f4c40c,7118,011a39ff69075d719f319b8bf51fff84358b3843647b964bc729679add0a0db4,1
57cdacd4d77019118f202ae2dc9120ac653fdba3,44009,5146fbc5d1dcfe90a93d6189b8cb04164799b9e78c902bad0c8526e0739e257f,1
57d2a2cffadb85c2f24933600072cea7b56c6e14,72100,69eda9084d6ab44a7f2c7263f3615b1ff5d805ba521dadfe0bac7d3923d99000,1
57da5452692fafa323964c11208f05c0b434cef6,16110,7f652f5c14ac16c849a19a9864826070437341be26f5d09a5c23ba1421fe16a2,1
580da39a4ab8fa298da454eb3a519580d5449921,1647,70c4a77d48a6e0404ffa581adf0f9484fa14cb230b80a473a74103d3aa97f537,1
581d9da49b2ed6eeff56dcaded4be702e8567b99,25931,8ff58fd6a4046f172042fdb214ca6a6553a012cf1980ef0cab1601a300e15411,1
583c4175c44425dc7962b74794d645c527ef0740,245,ced0f8925c42c7b52ac687e3648be2f20cedde90180dd16d075ca68e807e11b4,1
586e80a88b74046af8c6df6279090e18952830d6,116380,37c9bca15b7f018a3f57121fdee50d93464d48cf6b1f5476c2737d1450c85b23,1
58c9835fe436e95cde8b0b5dabefb51d6d6748cb,132716,705179386665e71af2ea39e2b9ed6e3927b24a39d691541b478ac2571a4ff01d,1
5913d71ae7d810c77723ea3bb725792a23f48397,4174,24dcfb7c858ccf33f0d4e5589fe6c595b2ce50c992c9f9fef493f53857bb7087,1
59212c5655c82e9633c7148c53374e9990220e5f,544,e14d5b42894046e1b26f052571ba450bfd21ef53691e63db390551d7a1d4c917,1
594630a8569940e9a7f4909bc330d50ae7080354,3192,f0c8f8c4f9078101303a1bca7ab95ec98537d3ee44e752d7664a152b1c5e632a,1
594b699583c73d32adc97a41f3d61926fe779447,55257,e064392b4b0f2dc6ea816f08667d40a5d92599f0b0f90d932e8eacac69b474e6,3
5962417eb6b2c8d3a83295cb6d0f11314632953f,6140,c81991d05ffe4a9f37d4f769a4c5c87ddaff0e039aea470e4a15d2937d06cc74,1
596c9d142aa30ecac2a781d7d2a453595c444dbd,5783,6066e78bf7791ff334c27747512bc94eee215cfcc9ddee7c1b36908f3ccaba2a,1
5970854faab95e79d4fe9286c57a879295456057,364093,921c067907945c7f32eda7de9efab079416f28ed534d70e3ef36e79aa035c047,1
5971752e596e3af44dd55c82b19cf16222157905,3625,e8de41387e84d0fb231108209dd1edfbcc63eeb1477494785ae37c236f6a38c4,1
59a211c058a64ea94bc7acdace7c225d0a22e217,30197,bf0e9aefce06a9cbb36cb0b84e776858b8bd905d06947de091871659bb4ea4fa,1
59b87decfa327164566e30936c486d355a515003,97086,28bbb212b333911634e7ea87fea0042503f744253cee87a4ee05140e7bc8f30e,1
59bf3ffbf46240e9c7a8c7d9590bea9259ea0822,8929,875279bd69b66aa20a2829b931762fd7c9923c819eafd36b1b9aeb0faf770bac,1
59c7fb4fcca58af38e67f638147dd5dfd79227a0,927,ce16d810c11c70c272e38fd5526382f0d8665a623c217676e830f22e184ea42d,1
59cdbe5d2037359bf17583542025b62f693d7999,560184,4bd873ecd92be5fe599fc545a7d56817cd4117490a03966027d4304f2997c1b9,1
59de13524d0de30f8e03ee3f54468d592c2daa4b,4277,cc7325be0a039fb2e9e8d03182b968ff78875349ca3430dcf882f60eadd0e2fb,1
59e968ea45831b1eada3e4a48e981ed53cecfa80,18915,284f3574267c6754f189d5cf8f7467926551a70706a97e1602a231e412624ffa,1
59e9bd4d0fdc10cd04c45da351975e035e2574ca,9624,5e8a07097e34a0b145c78aa9d52d4ccbe2643a3ace4cbcff2d5d229eedc8a7fd,1
59f4c316180c4c6d94e7b796bbeb72fa02cf4449,340084,ae814e7334ce199f23e14bb76d410eb748a8b635cdc74667b69ab33389079339,1
59f8fe6ea3f151bb0c8a75c0cc56c9fbca04b428,780,6a41366a3ad66f3732616a1ddee8a9e57bcc21e591c34a6f6218c467d3dfe1cb,1
5a23c8106078bee98a309849d90aea929cf3aa76,653,f3b08c64d8441ee46378d6c81428ca364d623116774ee8ba0a6cc6a37cc576c8,1
5a25bec42ff7ac8fb29d4de24385b36018687b58,24,a038f7d85b04725d3b15dcb2c71914ddf36ca45d737f141ffe4d23a679292d27,1
5a64f9a68c702a7055a617a491730417d211fb69,738,35fccaa3e9b6b3c96dfa6f17b18e080adaacdadc14a87246a593a9b2bb1ba7a7,1
5a6b3a9836fe42900453abbd97194e4d4bc70093,2827,64cf726c41b9f02d510b1653841ff2247c79c6e6ae655ba546e755b38c933691,1
5a92ea8af19a92e63df575121c6b6d55cfbbb8bf,27241,74d2d852c9c62754cd185dfb41e86b144c450c31b155d955348e16dce47c84c9,2
5abb4b0e0f34e58e7246e1c6dcdcf534176a2714,341,b7c753b29ef3204e90163226144cc9c702f70f0b94bec0b96f01c104cb08406f,2
5ac03a5608c3e02b4ae16a4416eb009b2185eb52,912,796e7100c2ce07677d6ad10ed7e9a0d46ea9505b1795a0e9fbee6151495c4163,1
5b23021f8d736c116696ce6b0015c9181c6b7112,7210,1dcfa8dcda40408318b1d9216393e8242773a6887b6543e15be73995f58c61b1,1
5b3cd641269141bc9b2fa4e3f7663416710bc1ba,215915,514ef30dfc9b5908c2d021bbfef8de4f1cba495ed79db1542202fc510bc02b1a,1
5b84629d1e96ece395131464c6409d0612e2b165,4934,29193381d9b826881ffee4af1acccb8d0b39e1c59c3626af7ab557455daf8b04,1
5b8dde44df0811c44939db41af972eaab5da388a,1539,e8402f52c0dac6bb9f2c07a14d02858b21420a5cb8ec3e6534d2f3f7037a4caa,1
5b99c4375126c513fe7ca605f98f1f81fc3f15a9,9256,825100d031da1049525b408d994a789c79a44c46a3dc7602375a5ec9813819f8,1
5bbc51454127d252ad729bfe73a54fe92ba80662,3328,a1443e21066f73be70ae0f5c21f6c61a830776104052e281ef5559475377071e,1
5befdc0319068c669248abe4972cda4edaac9f8f,16990,f1d575a996ed693f25ed99246748aab6b7c37924eac113b6bf657b256284baa5,1
5bfaee3a7d16487324c4a4933c34127664017658,326,2dd073b24c225f0d4e50dde1a32541de8b3393573a4804c92636e1bca93f7da3,1
5c028797afe016a2681de4a749cedf6f6ed6a5fa,393148,291efeac2bce01ba4f00c3e94c9f8fb290d2b1980694011a282106b92f70f908,1
5c2c04227227a9c736349505d62563ce3d5bae4f,9579,a95ddfec7e2e18526628c021ace04a5dce46207d4e1393edfcdee19c0009a087,2
5c407da01024e46a9d575709752fa5c66e499b45,11218,f48808f220b07a4ff02d545efe5a8080d8edfcf60b33d4d6306eacc290b54c63,1
5c647c818cde97485d7867e8b658cabcb4ae8225,246,085c66cd0e86cc2922e7d2817aaf6506ea0b37c0933bcf5202abba1b0e9f531a,1
5c661e66c1fa1c66721b3a330a5bc583937d08c9,329,b71675b5d9845ba0814e9e88767f88dac3b3cc0d3128da028bd45edbb523e871,2
5c7a1de9aa50bc6cbaff65d408b5536e50b4f41e,1152,327fd26a5a006172aeacde59cccfc25b6d5ee885e4d8615e3bb6a404f02567e8,1
5c81e0adb98dd5e436006a1ea95e4becaa2a05ff,116376,788af338e84a1ea86d90e28f3da615c41e32974a4d46639967dc26c2b5ef85aa,1
5c8b15131c8f74aac4541567377fa063ad793ca5,10212,f07f0674657aa7dc74134ec94acdb62b1138585af474a33fdaf46ae5a1f802fc,1
5cc3e0a74bbaf632318d3e26ab84cd85507dfccd,43291,6cdbdb59f6677ce0b58a1d41b384d682c858665541052bd7dcb50ec75700a264,1
5cd1b0aa5e6f88419086848c109abe00390c4394,25694,80cd644bad1e83b8c28ffdcf2750f491605e3c9030cce1de1fbe45edb610808e,1
5ce67c49566cf4408be4fdfc25e9b231966447e5,4028,061c6986141d21465502a39194b0f5a95ea59dcd800a66b8805ce3f214799770,1
5d070a615ba90e44cee236439a028c711eda6d16,179352,e684b9dbd4ccd9b4091354a84e8ef5b0107efff671b1f3eea72517d224ec3dc1,1
5d38121c535529f86eb8a194e2728f5defea742c,3336,462bcf9971c38e4112241c1d56e4135b7b9efb703775f05b63d7a12ae863ba42,1
5d6aa4b1bc012480a8b9f106e8c455cd19cf6da8,2108,4adc2c7c167d4171f3684a83f279cbb08ac9f10fee12e85c0a5b25750899140c,1
5d71216bf02a4cd5f904d27f9d9640521051d9e8,702988,1e9729f160baaa4da5873b633912e80545dc335285c009ef713b0ce0eeb4d82c,1
5d8b394945258394f97ed99a7cde06d07889527a,1353,0528b09566695558a6579456d82aff4ae74bc1a9db8876b45bb1e47b8d7d3bb4,1
5d8c3b829e878710eed3feab9ac1a44e4d46dcc2,34459,2fc0e4d92c6f55317d862e33bacd86c6d6d6a7439711005050ea3c14896b4d7c,1
5db0935259c848730b20f4450372421c27a69e7a,1177,f4f03ab270b3343a56dd8085d5e4395344066766e01aafaa46c9d79e985f5d87,1
5db4194a955e0634372f94ba31b65b600f5a1cb0,2692,894cfc28bb18ea7aa0583986ec8a8ec9a0ff4dc2546656be85d23f83c9f19490,1
5dc910b006316ad6702be334b0aa5a31cefb5b81,10819,c5cbe6859ec167b7682264cb9dcc8b2a70c78d32d91f0f7d0f354b570fbc1af8,1
5dc965ad0fe08f964c2f09e9eb74333e55a40a37,9728,c4e77063233e3ba6fc8e14f999ab1e23ebd9ac1bedbd14fa483c9770d4a3d4ab,1
5dde412854bd3dff79304d0fd9b5281d904eaa5b,24071,f347f3a7aae3b30d256b22b227efa84638575569d6cffd1d824d2ef8504548dc,1
5df6556f333f3b7b7b8db43be8a55cdccc2e3e20,7458,ae5c111e7b381e0230430b4bd371a56c2cc287c92b452dc2b1f3c514ef6c7ac3,1
5e0f0a6a18de2d27d8cb02f45625ff87e2be45dc,3652,625a94f690144d61e9e00ea15400cbc3865e2f9eb6b67e0fa3ab3a823ad598d4,1
5e2fbca28a60e6b55473d53d2c953a8eee9bc103,7727,8a0b6e23ad4afe61cf0493448ce1263c0644f4848aa8b79c7c16b439b8114a85,1
5e716ec4e0a8af69ceab5c14e6112fe00fbb38aa,728,6bb5b6afa029c0b2bfeeadda53000984667ebb7108d4a50a39a2dac5a1c0a62e,1
5ee2760cf9cc59d1f4e81b7aa946949a50cc1b67,143468,7453e620c3ca4dc16e67ed7a72cca0ed5229116b94be742197ddffd7be34f01c,1
5f088dc35f688e6192cb04b7cfbffd26bff66c45,283,5c74949a82eadc463dfec242a51c2a0e39118692a8321f4b26a533f91efd75aa,1
5f16b2e67ae35c5ed4981895117a6680051e6cbb,1935,4910148e35db131bffa3b386308506c12f8e8e10defda282d675be6ed1126caf,1
5f2231c02e05aaa430a40288677c3612ccc07b73,676274,07985f027bd5ba2be8052c6c956faf4bb6cfa08191e94068bb814862af542d81,2
5f47a83a94aa605fcede2ce4f29a2c01e2d4cddc,2495,e9482162529b19cc852918b2d8dc92d650a9c9eb24a552278b630923910ad99d,1
5f825853dbb0ca0f2b58882e3ed13d9f266c7985,28972,9cf3d8411ac769e0f30caa1f6b03efab78a2cb8cd7a794270c71fe990f7113a8,1
5f98cdad5a408c87c3ce2cf907aa7e0c68db40ce,554327,6169a8248fa64815178bdf64e3c26a04cbdd126b13760c53724c73fbe00a9d04,1
5fb9f0fcca18a55019856e40ba580882d9638263,6217,31191d9a16a91121ebbcd24fefd776a5bd56c41830b7208ff5985eac021d8730,1
5fc5d68677863f50d8ff792ea32a4bb12b40c20f,264,4b5d5d499ca84900df4c0e53bbb970a66a854ff4ac4ceb4f779eb61b7a9a40ec,1
5fe11710184c136de126707bccefcb2567758f88,19771,639931a75ebd4317991ae7c7a3dc385dea5a6d622151cc5c6e8d86e8e90c53a8,1
5ff1ee3ab6187bf933d3caf6f9967ad49efa3c2a,4007,316c2982032520e97721f5dd1fc3a06ea7a8e67bd30a18526bc90ad6123a6883,1
5ff7e0d2a7588c5e5b5d6d118064eccf96e716dd,545,caff7e2d575d41710067f85df99fa71cd048cc15440d27c44b732307f4400c88,1
600321f95c1021732a3b4af0f8dd19778edcdf38,414,6292453103bdbd4b1955b697f784e0c726fc2f9cfa6ff64df3ec912636f18ea8,1
6016801b0c981737ea44aa744f83c861cfed237d,1152,0d552089aef652564807f8b1f6974f678aae54302c48fa1ea123abf82a91ef57,1
6024736701e2c331d4f6e7725f55463f9165021b,1615,1beca79278d73f8b0a37b0eafb0e5801c135b8f507fcad4c919b345c5e42e55a,1
602c686ab38b6f213fd5b3308f297f5b9b22f581,2817,ba38a5be51cbad815b48ce65cd7fc9efdaed8f4760ed15f519277aa239ca1d36,1
6030f374b157858260c6b41e0318ab3ed0073087,250,d8ee6a044a60f3e6c05b8c2471c7e17f59f394326301c917b3c1fffc47a90ba1,1
6038e56bddfa9095e9f472fd5955e12c3102bd93,2356,540470d6ebafcfcffa2f20b5f10f5696d65c13dc5cc262081c6c9748d7477154,1
60668c2bfdb04cb789f876228b5bb8dc7e5f0c1f,2231,8ff156b3b3dbbda770e57adefef8d9d32f31bf2073d848350766b7f3f8880ce7,1
6072f3be5da30206f2a16c8cc8b805426ac95736,16433,07c5008e24ef8cf270aa53e3c0b117b4b1132df409a981809e613a43b4cd3c09,1
6079184e3995dbc7e845ceb50eb282d10151724b,33529,8c57dcea25396534ba88b4e07e2c07a826547ee1f7f575015f78c2a48999d417,1
607bdd89277986f25528fdf1eb0bd23639b632b0,1867,5a4e14901a1c120b62ecc91d3ed593b54c2595e189c70accba06c4588e929d60,1
608628857dd8e898d699f6e36fe03673c82fdc29,230,8fb5cd0346793ea0c82402da06d0e18b6e140102102fe1524b60d75a1cf1cf7f,1
60aacd5ae4d5ce1c26864966aa14167a6b180161,38253,445064f67616d93463361d8dbc573261d9f6ac961db1178452930c480347f1c4,1
60e0c87a4a7a2661434bb6845a2e01487542962d,4069,a2a17295803b6226bd97798975ba087e859875d56e10af7aba64b64675ae4825,1
61316e517c8018281a8ec7d257bec47119fb20a5,74526,15791a711e2ffb3c322b3da3dfd35b7d9330b1d04e2bf2cfb636c0adc00d44a8,2
6154917e610ca049cadde818d31cf88ee72c582c,13197,5d4dc9852f0db93e8d64e1aac20d52409abc259156388ec2930729c4c67ffcd6,1
6164163cf9f53d74d82eaf6f32a79aae37b66c51,24414,adf4f1879d81d7014ecb8392ee648b489dddbcdc0ae4643790290cffdb803a6f,1
617e4b4427800ec2cd0b35ee9a0fde55020448ca,95787,a1471637217172ee75494ac20e1d3f2a8ab99fe12a10579be604a257b24cd4df,1
617edb8ee4dc3d072415b118cebbd89d3c0c33cf,51110,a1be67a1160318a304c7c015c6a7a546a8dcf0b0f60cd3f2066ea9e8fbda048b,1
61ee4a566e8ddc1bd8891f80bd3f9c923715ccc7,16827,70a7d0e929d6395e6647614d223bbe40cc1d4107e32b743e63a19378177a9494,1
6205a4a4a59f526d49c88586bc2ca287c50eaf1a,16228,92b0dd10183e525f82a5afd7b1277c06f6d489a8edaf55161b479be78e9220be,2
62115b4843761c49a36c024b78a84209767de249,9701,c8fe989c1b0542576d8d3c3f30878c8c91489d2275d019031f98f0d6b6940292,1
6213e509a8f530d0657ef7ca0f376f72cf630fa7,5287,d8c1df5dd6f5026b6ac84521779750359f88fbd9ae870621b9a6362e3bd313d3,1
62219dab03c40b5224f48eeb68b2e336e244fef7,44393,5c372a20fb2b6146c8efaba2a4d87219c413ffa0dba59eb036cf958a1a40e2ee,1
622347e1aefc6968d68c0a3568f64437a16f04ee,13183,18161ddc2c145b35a0c12cf20fa66a7b20eb2be60a603d3206b2567ea16d4144,1
623e6ec6d5d60aad8223dd4e70b34b7f4c5eac1f,3336,8776c29d4873fc65933c1dc22fb6cc2778ed7318f7263a065f3cbbbab94cf77c,1
624d3fb1a2a5bcb5bbf1b6dce334819777b69cb0,7684,79e827e51562e1997adebb0d527732fbfb16832e968376911ab3f268bcda6a99,1
624d451fbd1bd2ef36d3e17a140f3e8c81deb1da,3872,b790f5298e4ba28497fe4e2aea74ae92667af8dfd2c35e86f15429eae6f2c5ad,1
625f611d98287387b2577d1f1b0e50e858bbdde6,1206,60625b37853b59f05f629d04f1fa021ab71cd7fda1aecb731b40605eb216c3e4,1
627b2d8c7d36651540e201d87c32787a3cfb0330,513,001237ffd2012869d9004802a28b001061d5b0d1e571b6d171ec4534a30d86ef,2
628778538867f8ff4508ca9913b4d7170dfaa50d,23555,9ec2bdf872ff9cb9adcc1f087ade8b07a458118a3e264ae45791289a48dc071c,1
628a278a2a9766b790a2e07a54f84641ad24a8e9,8259,6807789e2d3954c485bd4c4cda42b3460f751366748fb7cfa04bab7aaa1c43f9,1
62a2f1d71f514d8ca6fc612c8c7d40c1cc9fe55c,2457,df6c0fbeef18e7850c91435ab53626404fcf73abca910608781e59c1e945b8d7,1
62bdbbc82f7acc87cd9576aad61f6cee69b29e9d,21685152,3a69f65fda9e3262d427ceedaf35680c3ce22dc9ef73fc616157d83684721d69,1
62e8f8fedf7be7d2ceb389088e73364442768b37,11412,e9bb5f9bf157bf913c67e0f1333f3d50f9cf5a675da35af714b92a52e3fdfdff,1
62ee43e53236a158621610190bdd097cfae3b000,24135,5404af8c3699d97de6cf30f1625065e668f0206416e524472a33ca119bb74693,1
62f9b74bc91c28871f12c2a71ab185e21d5b0db8,585,76d91dfd43aab65c430e6c954eaa986c61447ad54c6b99ffd06dd598d7b83ea8,2
630cf356e95396774e9970e1a7cbf0d04b914854,4819,2aa78a425ebd6eaf4f2221a181b6dedfcce08f3a12090e8aae5c3731c591110e,1
631d4f13a7daf025164570f27919c1da1a8f2133,4214,0a4169ee738b4f677d6ba1b0497151ac4cf00692663dd2eb41fea65a976866a2,1
6349cacff7adbfee477207103df606c3898fa15f,50909,e768b5ca51df5646cac1c2739fecb35aa394cbcedecc6d428ddf8f47b7b21e85,2
634b02cac7bc8058855960a7edd7bae7d21c6b58,12385,8c49a6065eca17916a5e824b77c6f0ed79faac7c68e8e85e22b6eb85524fc315,1
6356902702436e74bc78938d070c99a830a17318,162469,435d71bb8760400e0bab02b5e2c9f6a11382b12b806fd668a756e6caccafd512,1
63829c9e3337ff8c7ba8b5b9b17ebae5472454c1,7577,5d03f3451e6dd9b3f4bd9d0fa5618b1b7a2ae5d800efb51f9f96a5327b161eb0,1
6396878d862ce6d2a7f1ddf57ba6b8d0c991deb9,12957,dd1c008930c4df46366632e337248420186c2ea2da6903f21027ffdff5680c88,1
63980f98a0e0a78679d09414ea4ac95366e43236,1814,8b39960b8053dc566b38476d5436e7df101a091c582be867f6f5e70bbb2686f7,1
63a9d11a50c40d2f7324422b24089298dededa0c,180072,0b0b18bf0412fe99d395e05d4736606d8ac1c928c060ca754f3f82dd49e13772,1
63b4dce4d42d5255d12083a35a26543ccd7317ef,40553,de5b922bc1c98b38cf50dcdcaf4698f381435eff947426e7224d996002aa534b,1
63b964acbcd40563bb2ca046b18c9424f5460ea4,1980,06f80a6be6e3219c2982ba655243eb16590c8f3070ec3276ca9e325535a602ac,1
63d0651d307317b6c268faa6a1ac07ebdd7b7516,912,3adff07761a9b5c22baa83f0569044c6ce55642cb715ccaf58b5731718880133,1
63e054b9a1b4a50cd7ee8cee228c2860aa3ff258,22347,ec4147f01baebcc1654e8e933b56f8cf35061672adb01eb28053f01457f371b4,1
63f0c8840835da3417e88db969d87baa3378f193,3915,52f7e4c3494d6e21323b020dec6fc3120b43dd2ed7cb1e95ccd4a75e58279788,1
63fbd374f55b2bfb04ba1724b82b5d1d7e9612bf,5442,ef5db1b6cd44c4b3203f234d064037260d026d0a78c793694e9237a4e439bf07,1
63fe116a21a22be01d8adb8f4674d00e8949e9aa,1432,9da0038c308c56c0098ab0599889e790a38e324e2352b6e8903eb08c9e4a2a0b,1
64384d69e1f16b073994df2233900a12dcdb71f1,31205,c938fa754967793615fbb694c026927f0aaf8417af7e638e0d42710b34137c1e,1
64697e410768e94fc2761becfc29ef21d9795b4d,7414,53758feb042b618ec628203bf8094ed9f866fabbdcf0ec3f16a4cfaee7c5b52c,1
64726dea2103c6e7ac1e994697b8c060a6033074,13524,1523a511e4c9b472572ea37f2d96075929eef9caa93465580b7349e9ea4f263e,1
64bf3d03dc64bedb7d094319e8217fc238e1b40a,1776,0bc00a6913bffbf962bf976858f670fde1c4c6fb8e6ddf3678d5e1d4f2441996,1
65026e24e9620961dda941b9534a74474e3e258a,66363,5bcfe696daf957b198e4923619ecaf6f34ba11c51c06d3d570d8bb6dd48217d7,1
650c19581464d72e6ecde169579768086092065d,18798,bb0389545401f08723ed22ac431c36abf9b39712c74fa9b12977f39d6e0f67ab,1
654a29f72aa3cd9afb743b643c153b1427bfbe74,927,a46118693d227d431cdc61a8acb4401e8ef28a6f64b495326cd0983ec1417ede,1
65724a3398e5e6701c6d8517a0470c152e9f3d4c,434,87e19d0dd6b1eb31c5f3224f1a3ce842194ae93d6e1b970345dd4368a29eb507,1
657c20209a0b6a89403ed22beb23b93f07e527ee,665,9e93990751af71fbdfd8387209ac309f20fb364d43cfe3ecf964ba8e2059afbf,1
658b21a3e430dbc6305d22d8af9ad02ffc441462,4653,b7c34acd9aa4bd663902c275550cf99b1ffdb06c059ffae5c1503bc7130d9f6a,1
659017161b46eaca312d3d5f529fea25d802c5e6,9486,8e3c26de7a4953bfdd50b43a70755d6ef7d6cc1af182b35636931eb07671aa7d,1
66046bbe22f436feef716e93e228761bc4ea7d09,665,44b49a5a08095f85d13b7b1dbacca25a8c625f1c39e36e4e414892ae35201c3b,1
664b2949411e4235622b1cb4ef1f77b51f26d5f7,11348,ae8ea3a9464ed478cb1bfe3acbc1493bd6a237720db24117c0b140ca94e450ad,1
66794f886544bceb37d396f9f7998aad33b3ed4c,3954,6a71b27504d64d7ef0529cb5ad1b731dd4c1f55d84fe6075c7064666589f6a63,1
66a40b9cfec2e05321e780efc71e63b7702b0504,3232,53b973ebd88670e4ff121586736552f5c2029d49e3e6dd52711ebee987256019,1
66e13404174a27d8ad4f92b58da83144b31260b1,2653,8ea7505b6de585baec2907f12e36bb4c22f5e236635fa2ec744e08ed6f6a0627,1
66ef45d8a6bbef81a10ce2254aa6345fc0e238eb,5712,1624713cdaf1fa7fc5699f09527289e8954559422dbbd6c806bde6a3534122d2,1
66f92abde9bbb51327385a6824bc3c2a65d21174,23868,0c892e10b00d53b2174c01e8f2313bedf4c547f46d32fb3104dbbd3a96114ed1,1
6713aa6a05ff07002915de7b0f18fa2dd35e3a67,30612,f3cb21c05ffc9a10f009c0e0add42680ef3981f78dd567adeaef3d329d6a60b8,1
67209434119eccf2fdbe5d2010fdf538858f4027,8129,d85e2347c730b707452ed75dc287436fbf6b3795bed9a4a91e93aa49e7580c4a,1
67265b37b019e2335dace4d9a8017d6836cafb75,10839,5e0bf6a95cc66668e810ce628b4af53a395753d0956b1433ad1172813e131c5a,1
6771c4eb9dbeac058e972e03e1242bdf4b913345,2412,0564c37af71fe9f054dfaefb829095849e3c02bdc4e233d3dfbf16e13021ca8e,1
6779ea748a3c0a32b824fc9b796358c3400fad0b,728,9f41f9533ef420132885d935bcc49be09bd042ebc679ddc097bf8a5f2cfa0bcf,1
67bf80577236c4eeb397638507d3f00d41b3af1e,23615,25ff214765bb79f1f0390dc3e4097090759ce7ae74f16444c18db98dd72ece8b,1
67c02333a247802ec907896bca359c9e879ceb06,21259,961391b9e1c055a4267329300ab78727e2a8a5522ed7127725f1ee8c02b8e08a,1
67e30632cffd85f9728d1fa6bcffe754466ee0c4,754,60795df2d8f7cf2a92b8f095e806021937db2009cd23130ccd71b17dd11f516d,1
67e3cf63595fa45a7f434e5dff1526c50d22c486,247,b4f4d8fee7f6ff466a54d266f64e2c9cfb6c5e35b847c900b55b31b3fb6daad1,1
67e53b0a96e81c282285184681246c63d7bf4e76,2276,bd41c59201a8df2e282b8d03117b2eaf95f1a64180b5b72e02c51607a0375878,1
67fb343f0e47b950fda0f94af47ef199f269f86a,78262,625da8c52c71e635566514298ecad7dd29e72ae0ed6a174d16365a689ace800d,1
67fe60dad41a13d9613d04a8a5ae1ee72786c1ac,1826,edbd137f178010c0ea4dbd57c8c9ba7a2582bbfa51ea16c96169685fbd3956c7,1
683f7b367fe423a25d1bc83a9ed72625c08631dd,1465,19182f52dc960cbbf0ea44b4d50d7caef4c792750c352a2423f513c71ec0af80,1
684b922fba16d4c47637b1b6b9f305528a36860c,50236,599043a1ffb8782d61dce5e0e9dcd3ef5817a5e1f599ae1ef37322cf0f910775,1
685cfc476120baadfbb9c9d31b545b6e10df4c6e,3527,49e7942b047ee80f7fdf92bfb522a5429f928c777fb5e2e5e71d17b536547fc8,1
6866e762bb0ffc4ad06868cf5c5453d485f66ddd,44176,75634ed7a6fec86e03b47420012d7144693393029de85389cfa631ccd5fc3398,1
687310098e16c08b6e5fe353e71a670845e8f239,1992,1b49ffcd5c0a3df5fdcb341535fac0e86f651791064c231b82d8df549d78c10b,1
688c3f9c0e4179ba1307c51bf4b15f64efe3a423,1857,8f2124e33f32726ea93b7be4578f6efe47c07e936a88a2fc885aa97260f7cd97,1
689ff7ad3590e9863cfac93b3cf359ac712c609c,10025,9bf784e9e3a5794dd64f8a6c1f6cb4a6f0ffc7b642deaadfb668a8564f28088a,1
68a3da2e2abf9c675c8bf5c025e2427878709419,26146,89110add33f031f0649741be8c6df354a06002f5d0208a9cf8ce3bf46169bd1e,1
68b114ad63481a0c4dbdc8be9db041571ca4211c,15056,af905181ff2e58ca08a60408076a2b27ef0d5a21f8d4c88584ef6083536024c0,1
68eaf2e64546aac5284b0fce1099516c1632e42f,2659,21048c6ffea56ed4974d57ed4120dd24a8e0443fbb37e2e212d007a8233b1a4e,1
69034598fabef7d7fdcd2535507467b57a8074c7,17305,34f121db4fd1b5c8d8a529d2d2c0213ea61c19dba6473b9de37634ba98836b99,1
6942ed29f9627cd08a538f5b1f5ce3bb92303376,1902,6d0c338c37f74b139f3aa75ab7b11b7c0cc0c0c5a9ff658866082370cb1366a0,1
6977d60e81f8cb68e830f14815a8fc1bd57180a4,5891,846573e9ed09e0317ea8d03418e235a7205ed52ffd1eb59025d3297d237a851a,1
69921ac9fc63e40347e81343a45519d7c0b8eeb2,2565,a1eec67738cccbfc87c216c5ae836ef10b1bec03d16144949f50571aaad3428e,1
69a059f69783e2b0a2c19d2dc457d61d57638c6a,393,90bf264fb0300a49b7183ab869511afc1c4097d53e9476f00523ddc466523127,1
69a4bf14373a731b3dd765ccee7a32bf5bb9d6d4,8388608,559e818653ffcf8f220bcdd700852c8c8e9bd5cf5866f8eb946c494b75080505,1
69ab96d4e82975b522f14a1466e9cdc45c8cef1c,8325,7cc58a6018bb4f8522cf9228fae894b0b2343834d8ca9afb8e56e6a37f60343e,1
69b106b5aab1a4bdf6b1aab8f4f71b671356b270,5003,b194c440716578ea95785cc7c4be8e04a4f461068dc74468ecba23362febcddb,1
69cfba864646ce3b68c8fc8a0e14e92fa04c2b55,446431,926e75af7ef2ca1ddfc45bad812beb02bbbe024e170d3030a6164e1999c250e2,1
69d93f905e706a677847d27caeab7c383ab3ea69,4632,797447a2d44f48813639a0d22be91aebdbdb4fb630415144422c4d55775aba43,11
69e4f602c5501d806d97c66c6a3a8539b1331db7,9589,fb94c05752ee47c058a0458b40180c827056337ad7212db3c20cadd63c5e9891,1
6a283286c30b230f097a5d6bff6753ab606caa93,11002,518d001df6aac16549d86013c889f7d6dc613a13abf580f23f6cbbbf85635b7d,1
6a3a7600e2855c0e19afb5d29633acf0c849aa39,1573,5be405065bb94d114b58cdb60de769b4819832838a4c2ca245cc18ad304647b2,1
6a4422f3894d3def29d770161f8a45bd7a88e5a0,335,a06d75894c15c20d10dc884d599851b3218d5923bd972d48c69fefdda7e8304b,1
6a4e01e43efb45730e9f1236e82af807aec85199,2595,0c88a711ee610bc3e8843dd44363acac6767a47427770157227d659439707122,1
6a5eb2fe4e291b4e2b5c22df4df5bbb2ac24aed1,1007,b167d80a380d936560104affa0080fb002aeb35a304d6e4974e5cdec231f3c00,1
6a759444f10cf1524d3c95008e251c6b8a6171ad,8361,26478213f816e5bafcbf14ca570223df699d081d10224f6c1a1b17b71c98a77f,1
6a79cd66ade6146d1a18761aa79efa2985630a7b,18595,c9d8d1cffc50c3841a5b28cceb79e32d136db2928461bc1ae78bd48529b6ac78,1
6a81231dcf15310194ffca5ff8c9e2ec69ad94d5,2826,83f0bab08b08e82e47466605af1a6562a4fd3e42986e89275c74390ace2f0cac,1
6a8f54c22b8099ca5b53a9d3e84e60f781ad0bb3,2029,b484c1af9e6f3bc63949c7e8cb891ba404144bed5014e20d0a6aa10f48209b41,1
6afcaf7f73f95038d5db1cb6cc650a272312df44,671,0370be0b9e04b80ffdb12cc00a25bc58ec8cc1b2e8b09ffbfa080842111e3a6a,1
6afce952db212fd61ab2cc5ea83ed148e6a0d068,1837,b3560bd120936a23d5f814d78e38bfd8fa98692eebcf9c3d85367ee1ce014276,1
6b2a1a1cd0b2699ed79e2fc5a6a385caa90184ac,285140,16fad56ae5900ca695222c8c70773717c52a89ae016773123760c3eee121e463,1
6b2c6a5c4511286aa6efb91ce52f3923b14c94c1,22390,05489b35ae3bb6128b151d1e92ac201f2959a53afe4389e19b6f34e84ec1c802,1
6b54977aeab3bd839924893f6a49ba25d15e40e2,5875,a6c2f716e1029c5942e2cb5ecb73d7c7728b75e7d8013c04fd426acc5d4f76cd,1
6b55eaa6cebe13534020e18da04af53e43dae4b3,20529,a417420e142e0c155b71fcc3825d4f058a268b66508392a8d0503f7f8ade38d1,1
6b7745adcd734b37e903e5da0ca487e79e9dbd03,351210,615f5602f96dc8c0643f60fad63d0c476a1774ef3bbf4488e20297ff382471ac,7
6baf696dce7d2af87ff5ef825fcfa1eae63b950b,2950,37d9277828540e8a33aa6d941ce3454a170dbd3dbcb947c24f1332d911fbff68,1
6bb7983d2a289c1698737c518c266c5b5f503722,16095,c6c7c2ee2f71ed194b46f745a3575c4385c5b7948f302b6ad7625b2709e3b231,1
6bbcf180258194a1c345328cc67d98080463a712,3974,99fd8d44b4fc843ed221ff1a057b9d4a626c5347df5a90358bf4318332e58b9f,1
6bc41863439147f1d9da7245829dc47dfd6867e2,876,83c9c58e83c301f18fd0450ebc1af3d56ac26d08899c1fcd9eb5d20dc16486bf,1
6be8f26ae8b259b389a6f9207a006b16998d3dae,252,940d5de74443f0c4b22d0fec46da1a144ae9f075c07ee33bbe8b3667e560ae29,1
6bf5f8584a7912d247735ab4d1f96412d5318ac4,6091,688b499f82ca170b7f8c3ec1fb0e749bf522a9ecd4e6f0bce9f2d40696c9eb58,1
6bf5f8bea90c710f21a289f50822b09a5c270ace,1012,0cee653f9e1b81bf760b124a8ed5e865be04bd87c84efb93985a95a9cfe317d3,1
6c025e262a86557310500a5ca72dc2c15c9fa82c,11412,8623e991b2ac924e606300a8182d79ef5b4ec429b50319ebddbdb30a65853f1e,1
6c717936bc0d98221f900f64430d1a25756b8e84,13874,72ef1bda35de903cc71601abcde664e0fc7833e6f391e7a8192755e144418bbe,1
6c7813feac467569b0fdce08db82defb8afd1ef7,680,3693d37766f1bfb92dc3d64eda19288baae47775d48f72eb7ba34bb26d85f4c1,1
6cb469b611116eb6f5b1b28de7c9e3db6bbe097c,947,dc88ac5b799ff50b1bf60c6516abe3520e0984b0b948a2478720591700befbbc,1
6cb8ec57c8e447c8e7ae5191aee9abcbf27e39e6,247,7b98ad7cfba1519fd343d095699d0c0a1ae3e064d08c79934d8d6b7a02da5f11,1
6cd49a11e2b0e85da8e1474ca272ef5cf7bdb42a,1267,e6c6625ea451ae0994928e3f8b3ffc7343ec317b34b6f9c0a48994f48cf60f2a,1
6cf3cfd09ff8e8bfe2df09bc478c97cce5bb2cd1,14413,320476f364e462e3ac3bf41924053e3606ffcf3ebbc245ea3834528c71e736ec,1
6d17875724cd096647b6235673306ad49be33961,3491,7930f3023efcba67b8d9c334007f3d411421e552bad00a79586fc1d496ca0c2c,1
6d45fc8249587e38d053ac042681ce5e4639791f,27583,e2991708d654e98fb1aba9be4abfaac347a46ff0bc50aa16e08664921a182d63,1
6d5ed69576a24b48f2a628b4ced242785a92b4a1,2795,112fe1d426cee32d0ba204df18e8aa4e45fd3bf9dca09e91fd9a10c9d38e0653,1
6d6ea0dc0f02ec071da37167709b36a6c1159556,66523,715c66d840b6a754a3d35afc2b48ef9f1fa0515405390e4fa49a66a65f75d4eb,1
6d78ae67a7897eaaa71bb3aafcae9543de50cba5,241,25738048c4456159815acaa6a55373a22c04d75168c7e256e6c3bbc59a9f4c39,1
6d8c82bd0853099e148607611efab4058d5669ec,1208,eb9e37b4d683555c0af7c4191ebc60b1ebc69fd89e8f3b0086aab5df1e795841,1
6d9616323a49937e4454eff1f04c28cb8db55dc8,847,0d050c0a1068d19f6464366ed0c9fbc2c91ea9027a631bebf6daf164a59f9b58,1
6daa313126cfcd7a52c78619007debced01e9a25,3706,313b315fe5294ba7a1901f8dfbcd3b7dd06daa44513ce5c87561aa7ba7ed3df2,1
6dc7f481eb7fc68bfe72a2be29184dae7317f209,6608,afd6874d7ad4c10f5f60e13f6b643c347d5e85e23c9e95dc6b56566f1dc55834,1
6de1020195860cef628fcfc92afa07a42cd3d5ca,20868,d7262ae222a97a69e7a38c326e8821bd156d76048c79634cdc2f882d2baf26fa,1
6df3e2aeb24a15c278d365d7779fc397f2e4fe4b,2171,09f13d02918e6f07f0a654b3faf603e95a230cfe0c7f10115c04fbed1bb0217e,1
6dfc55e26e2c907f1c75fddb39b13d469af74e56,10074,75e8e7673956d6d0b74c177cb6460ed2b428c1b83b678bacd9ab852535eedb7a,1
6e1daf8415f6b82500ec682235717b881f842d09,230,633a06a45dfd4fb4625467bb236e7057ff6788d7da0f641e90b4f06fd00ace9c,1
6e26c34064f7bccf24674707d56425593426e3ab,3804,f09b51134361912e7883e5624eca2392549564c0755893c40a69483d6557f66e,1
6e271d965c26d6aca044ca9feb36f98df126a513,16897,c50711fb49c275e3829b67ff1b7cf65706cb6fc18af58c1e767ebbe48a36fff8,1
6e2b346d75148f86dc3cb2a5ba5f3ee5e782faca,2601,f404b44b3e29fd2a194c3ba0306087b0f234d5c2d4cfe3ad26fbbdeb812aff22,1
6e38c6c6a6080ef86ea0daf8c7a9e5ae14f2b143,7249,011064e6c794545d59a1d3b91abef3aebd258ca08ef9f99acb3fc06c28874dde,1
6e53d1de31c7986213d1664345dc1f40d6bb3482,33528,aa85a8c22de12bb6a400d290b2c5e114bb9dba474525cd94f3e31e018f4934d5,1
6e71e2e9621701b4211b3b0789eb4ae4689c3d34,1523,f7087b5eaabbb5d143451fd0e85ae2767c9b4d660b7e80eecda4e9140397f1b8,1
6e9f00aaf58e09f3850e21051429f54466237293,13483,f6d34c618657e83f40c921e717ba74a5a4bb14dddd58fb859398488c3d838819,1
6ec6c64a3be733c191819daa4cb1f973acb71275,8388608,b1a730e46aba1c37fc552fcf907299523c9e19cf584b0fa69d2d7858f8f0b910,1
6ec705cc67ecf568647d33f0528a8810dd6b0624,1465,51d9de16048a3386c85c6c60eca85c2a75a9212b0851ddb283dd38bf9384322d,1
6f05e59f824838eaf688e71e77a92e727910983f,231,91f986d662d385617b75dfd3839e4205975427ea6fb7b0c68b4615d85e7e4bca,1
6f10d4ccc55eb97c6b8e33cd6611fa6915f4a61d,2125,4349be406ed157bc6926e263e33a971bd5cc2934abbbec022640c05b252e53ef,1
6f130e2cc12b1035a96d5ead084a9ca0cefe96e2,10258,9f63304f64d1e3409d9820e71cf9eed0246c5090589a1b2d2b16e9f8304c8bec,1
6f297618550e36d282e8f47b3691736405050769,1854,2e8ff658ba80098bb699b4bcbea5749b4f521c36c5d1a3b4d22999736423fe72,1
6f34fb51b66f2e25c6cfc7aee32288d1575862ac,11412,74b871359c6e3c7896a6f291f3e0b8fa7dee96ebcd716c89a3294386390ba432,1
6f3b505f6556ae6081886ca38338945c4221a3da,2309,21185556b74000a0145781148f38710135a4650bd617f03f22c71682ba54021e,1
6f415ad27bba7bd583e65e26bb7176b11277e305,1523,cf939c4dfd089d7bd9f233a4bbfb87c10ed68db2cebed3d55b2ed4d4438b49bf,1
6f6c83c75de7cb809809e79adda6f6d33ec63d1b,285162,fc0017cd635f65853457f9adde72a9004220c6d5d2151ab480e5ad479a93c08b,2
6faf017b02954f3e1947de32a146bbd360d056e5,716,73e451723782156493f738b49d9960368d8d97c21cdbb8fef70dc0ca9406fda5,1
6fdf6ac3ddb62c7d753434e0f6f7f8e72780e5df,7732,7602e0b24d1da00dec890a445d47bb1a23c4c595b189a0c7b6e259badd173d09,1
6fee1f56052ad40ee97096816f4eefbc227ea79e,27666,3e262a5140af023cd71e36e021fc59ee489375b4dc87eff60797ea8b93e4ddb0,1
700fa6eb83760d436c4e5ced52fbb426c8d0796c,47276,07e7b761eb8dac0ca02f2661c4c5c5e482da936fbe360a9b5c80ca5e99897719,1
704023d3636812ae7c28d4ddc274561865303c0d,37528,a9aee76a4922675c074d27784ca1d34c5a50f57fe6e01c98e2a490861f6a6b83,1
707e5d1a047fc97bce57953406420584b253ad5b,17156,26b96c30078409f3219e4bfcc4e6c0d5a9156729790d21ce275a3ea448411d30,1
7095c21cb8080f3afe67c9a90542d5c738e0089b,696317,96bc2809c8a9c599ee82f591338d3361f1a7155eb17539dd481679e7ebe3ba9c,1
7099016a90dc4a34f0d1d160d02a9a6a9ea32e1c,2564,7c8db73215b3bd629759c45d5b6448dd3854c4a2989a5b80c9b4a853ae5903e4,1
70afa3754260caeeedfdfadcb8835b066599c965,289,8edfc9c6bae88b40453a23bf25c499b53403d21c9561ba7ae9f945a53c1146de,1
70b81e69ecd02f53c26397c4fb63b2df1afbfa41,20989,1ea1d74efdce27e098b04f1621e06446d48a88bfd5b26f6d834cd737e6cd4f44,1
70c35b88f02ba9e115bbc5b3b2491bd47d75747a,246,13e421a4ba86a9adef3bc4706128096c59d59694837f0cd01a66742875944498,1
70d00ec13f8761f46851924998161c88445f45aa,16625,bdd7c3aff66d102464adf4accaa9bfef6948f458f602f7fdb341bf8e63d9ce8d,2
70f1b5679fd7d79c9fe5c38ff82077f46db1bd22,10598,b275861dfd90b1222adfe9d22fe034c3162545f1276d0dcba584b87399f2233d,1
70f6d217c81caa200ecca871e5925f208541abea,12736,efbabd0dedea7046ba9c1bb1d86a3a84c5ce0abcb6057d9e5670407101e64937,1
70f8debe37c3f1d00ec2a1191bc3c15fc90a3d18,4117,ec3591192b5468d6df665dc3670fe4a2eda07c314da839c7201080e5fffba07c,1
711bc3268e1cbf3dfbaff9b3ac5725d9bcead2ad,104989,ace17d28eeebfab7cce0787f84f0fe83c6c029f4dcbaecab0a78af4e8d09c3de,1
71310f52fbaca0a98eb915e6df1d50d8df0b8c46,1485,acbda4a36fbebc5d409b2b4c345ad01ea0085ba96f1c1bca71c6d6c176128a7a,1
7158dd1867414b1c65155dcb15dc906471899151,575,f6ffd50a5dba00143c5f473b794ea198a56928ec162eb35398e26a956b9b6b0f,1
71701fc297367ad6c06774e39d9139c2df6d3479,3642,0cad51797890a7ae9287bacbbdca9daf60d7bb9747787333d8f20ec529a8eee2,1
71721e48a51ecf0b41181200508f6e83bd67a9d4,241,847c8dc5121f318f668eadf7e0c1f476ef67054323c37d718f98ae2f44dd9a94,1
718b20d75dd8ce7b434ba0b8629c6c5f9a4e9aa5,534,f528fafe4339fa9fa75af0881ae1e3381b995cb5dc9133bdbc5ebfa9a2f91fe2,1
71aeb8cbb16575308a14ad49d3545cea10ff5e15,68156,0ee03b1a31341d73e3d8be14beb4b3c7205d09db27c5dd63cb1aae1eac29c2c8,1
71b64ee31f0b3fb20152047de8b2b638ca5809d0,37739,5ba2bbf7919a644b32b87d0d9cc2a0325dfd79b558626bd6f446c56055521d5e,1
71c5a159c74b53f0be5b0f4b9c7e4562248c40bd,2443,88a2936f261f9fc734d389a47a1bee2db13c675fca90a363fc1dbbe101ec3214,1
71cd1b57f434420a555e5fee3da8f2b95ae8defc,5429,61db0dce848cb6a57923bf69400c6e52ea7f0990d74e8bfc1d06182a42fde5c3,1
71dae625eb078b4c7665b77318a7c35ec2fbca2b,2284,bdbf544dceee0ecc52f94ccd4b9f07c1e188b525654884e9d3a0695c1859bcfa,1
71fbdb0bc3a6bf65f978842e99d1c97238687536,284191,f74bdd825ccfe5f2fec3c3271dd964eb09ae560c222f50a28322a4232837164e,1
720ca4518543be5ec4bc9745b757a09e782fb002,2990,b62b4a8df0a2ba80e35e1cc7f3f96eb84300ee425600b95db634684aec0a6b57,1
72115b61453d9065521df66dff9ef164b48d538f,29448,b62f9a1f0706e5de7b51d1c2f69f96f7edf7408147e201393e24e77ebf0492a6,1
7215001a2fbdbc4b4d51fdda772d4e87b4bf73a3,5754,af45ea349bc43a468dfed87d321911df0be82a8942ee1c4c969f070a2e159ceb,3
722ebfe4b6ffd7e888340ebc6fd0797e52d2a629,2755,7286166e807595d9c84e2cb42b81238e77ec96e7b8513c91815e3451ca0a1ee1,1
72360cef03f5e970295f98cc79e67030da12e18f,229,f9915d279171a3786b3d17b95dd67beee81afce599c2529c8f7667adac409254,1
72556abc7ee89c12f29c785ef909dad7a670d146,4408,8a4686783bf506365b37bd5073334f94f8f5a9fb1f8fadab6ca7036d6fb409d0,1
7278dd78d299fb3c8843908bf45a28df60b3fa9e,8516,c4cb17481d678c1d1b1e05cffb6ed6762e09d26032bc30d245d1b033df5319ea,1
72ac92e93421bb091912ea3dffce4edc0053d198,17879,6d01f998ce7b9b8c28abf6dbf3520270f3e1b72e19a715e0aed48f1c88747586,1
72bd891e0cc3d2c9280275e46a97f50ecbfd8a08,17832,4ef82993238babeb78eb9e701520b10bfe5d4e7be24b16ab9f1be6603511e891,1
72e8c491ede91f57390c0b77f6beb014b882645d,3935,ccdc802d88a10b0db272390d0a99b7b3195679e3795e9864d5c6ce98a94815a1,1
72f1541c971139ee56a0d44601df823765f19d03,2526,59aad5e8c92daf54f87b073bd0b676fadcbd62f64db485cc05e6e27508275f5d,1
7303fe3295c2c502448726bf248de847d2f51b76,52686,b4cf138a76c247fef54bfd00d936a00973d169d10aeebcb91e9cc74ed1d497e2,1
7309af7722761cad5949543fada93849e5debf7a,2013,dc325e6192a64f2e138c7e3086deef2dd52bde82bbb3010a615c6f25c8b8aa6f,1
73c95057b386be9dee826dd530db4cfd3fb7dd61,730,e0b3dc2fea1d7f66b330c5fc741a110725434b83981341fe4b4af77245e7d0e1,1
73d814daefe9e1ec283632b7ab7ae62f62e28d80,220,9e6f41006df5c3197da566265332446049f192834a680fc680b248091252c7b6,1
73ddd71c3de406217e4962182a9929a287dd8764,52714,4b9101f04439edf53cb040ba4677632370ec0ed060f2a73e7453db855c2fb58a,2
73ef170f2855bd18c3824bc589d1d39530458384,785,7999d8ce832c57308a345ca35ad0670e71c8efce1248f017acde1742804fe079,1
742444569e9e391345ae86d068edcf9860f61d60,80,fe9dca0451129aaabdd76ea13e310b61a52091a146a1f9fe5b72b851eb33547f,1
74287bdb37978b4be80f67128f3bf5ca5144997c,288,b81617a0d335ebdc8b8048fee4687d48a57bdadbdf42824775381aa2c88c2c3d,1
749d0acec12db9f68ebf1327793bcf55ec9772cf,10629,f0e9828a630282183582a89be412c0f4f684b96fcb45eb023b8cb1449478e414,1
74b7c6ac08d3c819a757732a253f863ca7678914,17162,8de6e02ba178a22281f78c8fd08e5f0b19191e66104c6ffd7f0a70bf47b4bd7e,1
74e097679e3fef7294c2e0233c367fae95c84f00,57707,fc7513a4abe621a223a402d3e6e609b0a654ded30c8f931c286e268826ae6b56,2
751e1002bdcab38fd5c647217646ea7a6e8206c7,100621,1422b41e58ef8f2e0251ed498e427785cbd85325af24dc4a66ae6ca5f5db9090,1
75291b8931befe51f6320600492179b428cf99ce,2734,e9fe4883a164ee389861c66548e99aecd97938f57fd4d2cd914e4d42178c8e61,1
757dc100495aa56e87f9d0f3b9f7f40ba580256a,1932,3e1a2be1a0e7b28aa2567f88784cd88bfca051942e8f910a4375ebad88e7719b,1
75cf621f12c4cb01d2f9c59923349171e6738736,4619,4f03521f6308de9366bbb0824c16293c49e5e09cec13abf95389e5751aa4500b,1
76160a1076aed3cc65908e0fa9c1504a0a0240e2,26297,177262456183b489138e2552507d743b8199040096ed266357e297402d8b12b7,1
761674d60cb0159d9b607799134f1bf9c585ab60,172,5dbdb97e0fd8ece0cf26f056cebd1a2abd5a88a8c0e3b1873801d55b748787a2,1
761aabe39fc5f0a5288e9c83fff4e0804833b930,3934,82d7b1caae24ce9c1886a1d00af6918d99531dda903550632fb706a6918704c9,1
763b825fd7269e39bc4244ab0fa0210c1ad807bf,800720,59b7d928d74a5251398614a6226edb337bd83a064051b09f83056e651793b685,1
7645edbedc0ff1d0fae9b94054c9b4d37c8c5da4,845102,f658468ce576c76d153a1145f4a2d88f6ac61c0d48e2aa827a648f499b9a0643,1
765a1c60a1c315e0cbea9283ae4dd97d8f6a3fec,3889,08dc7e4e6bf5deefa314904c27324b684f88d68639946ba1beef32425fcc31cd,1
765bab3f69646c701669b40a1e4750cc3dfc0cdb,1152,5aea7dfbae55d8f1c7b1cb96a7b650dd78fe7d31785258ea49303b6805036962,1
767eb0781c21e19c34ca2406dac1ab8bf890672a,17604,1babc3215dcd2138f813620da1d4e746f0cceb62d23b6e58d2ae61c519e84850,1
768ebdd82820d4c4e4d7b1038a6fd412fbe0ef92,434,0a0cdab5ed748211a0e7a19007ea6e75a15a3be8017d000cae10ad83d58600d0,1
76938588d5cf7e6eedba7e4522ee8ebf8402359c,230,785402022807582a654a03d29b1c5b8f2afe6fd92e6e4c8aaa07fac981b8beb2,1
76b83a10425ccba2850097e31ac3ee3525cc14a8,16321,264219c767170153017ba3a94bd6905534ec0fa26a95dcb03268c8ce8414c41d,1
76be30f99323851f55d04276cd2c1be30ff51ec9,1152,895fd8cb432181d2e6f3c2ef5460afd202bca4391ae55407afc3fa5d4b021b74,1
76dbc98e2ddc718848297669704e19738d227578,16428,25be756d09329723c6cf461a6545c48b79cd5a7400fa7ec9cf11b9edba896c37,1
76dd5ddc7da1138838fdb73008721fc0f7cba834,2216,319eec91c8d326a6a88934f31111f06ae0b47af861dafc6c719aa5c616252e91,1
7700fec84178ea0cd6db94454cb43333b3c4b3ee,495,b991ada6544463bda4febf7ed0b65ccfd7a7338d3ef08813769707bb653a8116,1
77239c23e9a5976c540e41bc4181431211943ef9,27411,f5eacf3cfcfae488ba793454792497a09f58d8fc218abb08f820687abf6f64b2,1
778ddc752f6bfe673093e9ae756d763b098818d3,8070,09a41d33efc40192840622abceab23b40598efd1d296b5a66addbe64437aa83d,1
7791c322ba7c51bc65e15ca7ef620e574f7b0c29,35607,558abdd69d3970766c2872fe584730e909979513a5e754631baafe7e5709852e,1
77ab6ee21d9945cbc8e14ebe77407485413307d7,6349,ae45dcec2a5d917ded17c9652492de6ee2ad7331d4575f8d1d9497db6847824c,1
77c74f11ab7f35d42cef8c8f41834bc6502b9860,4931,f90a37ef26f542323d717233f6fa1defd20cb5c7c9df6a28695a5bd66c4cb8f6,1
77d4224988dd0184d6e1fc9afd1ef34d8d2c1635,52934,ed7245d9e683e5e5bba37a1f0ec7cf532df719760796bc103829d8360a794e33,1
77da7fc606197fa3ec932881cbd69ca734891f32,1485,3833aefef95461c7fe687bbc6e1138c5793dc06f60b4418ccc73ce7c0ec3c891,1
7841380206584de0037371cafc59144ac2e3197d,35129,e36d96fc3d1177400f76f8c2e8fb32aa842436d2b5f062b26c5b227c0779d784,1
7843311df6f76f9b12e8188f2fcf60d014650423,9918,2cc4c6d83548980751983640d61436f0e860819e17a015b28faf84a85f38789a,1
784c30afcef35d8912778d24ea3bcd9e215beca6,12292,09d1222be14536a8eaac1be95a203c2e5327c825559928638289264ad0c6e7bd,1
788d6d0df5524db9f3ea91d6daaae37ac9bb69d8,16999,82488085c74b3827ea29ab18d685ef5e7cefa85cb7b0c4b7247765df6b7af9c2,1
789e211c140b8f841f05b7b3290acd1d23b0ad44,65642,db4f6fd4b3872ed1e5e4a9a9a128d0c75ce7f09bc4db49563a70c5c180d14bf7,1
78aabb028ec737bfecd238ad553177774fb0d535,7454,92074d5806482a0104f4dfa9c142773c5f288326e32405f89f1cae64ecde3e08,1
78b88b30dce59f1a3074bf4fe169a0bc01cbe7fa,554319,259863f6dae5ea5ef9a8ae593d3f91ba086c0fc6d4bf72ad3e200804d91f50b1,1
78d766f58ecd756604c02dec897f7dfdeb9f8d67,704,69601ee2bf953d264a6dd8c83e15003849d4ce218a471238248af562359c406f,1
78da71573ec19186775aad18733843635a5f71c3,2251,0e5c7d6bfc7b3414b9b257138a1f56c61e26866e87eab69dcfe07de873587aeb,1
79256145b08406044dca14f6e10a1d7f36fa5ab2,36701,834395f0ed3aab232f67e713dc9d712c926aa2b4ab38e6762244f1e2d755cebf,3
793956af155012e940724ef00df495d551aef51f,20036,33d4a8e35ebedbf9b4c61188a403fd4f3288beebc4d3fc9c792e22f508005ed8,1
7979a0ef6c2a2003d8b6c2dcff733e2a2274b0cf,14148,e410400cf811dbb45c6f7bd523ac97534c3701fdbb6f640558f71f3cf8b5440d,1
7992cdeb18d3a64f20ab2306b4f35d7f393f59ad,5784,db45f2c62283db81385fdbd6b0d2a00e484b9dfdb7bd9dbf85b62fe2cccb40ba,1
79bbc160ae1972801f3b9da2a6d636012681d243,7161,ac96393860163562559a7205a62daee836372cb3d7724d2fb63c31be9ebf721b,1
79bc638b7f10ce05e5ac8c5779475cb67e719829,55936,8a91be9f59745064e6251885d0e1cd969d8395cf63b13c27150c8fb8a7560b24,2
79cab6a0799acab6f5ccb5c29b949756a92bc28a,288,f7e3bb0785984eaf357a950933eafdc97da98e6ad005c72ecffeaf10b589cea7,1
79d5c73abeebe9b8c3799ddde7c3f0ab46a5dfdf,15338,822f8ef96fa6d1a8855bebb97edc08ab5e3f09cb17439b7c9f29a27bdc49e2af,1
79edd7dfe59e4990b18ff27ab20427783573f35b,9589,0f92383e60e6022b19b2fda9e8eb2fe6a6f72342dedd6f9d3ad33101e447b9c8,1
7a19d1e3d4f8b49af896403b0926e782f746c5cc,138432,f2be69e0eed3c8e1990f9fbc9767b4261dfb811c5b9dd7cb8f63c187cb7f44e8,1
7a3fb81d2f02a878688ac89caa03d91b9dcff309,17242,66733ef53a54415a3cbab81f998de226f6ef936ba7e236822adefbf43e5b1017,1
7a4fe9450888a4a13b175f021287d37378d10644,285138,9f4162ef6893661fe6f47b43090bf496d73ea3c7e8f6ae7477b5b348429c014b,1
7a50c8bd259ba5d855ccef27b966dc0316af21b5,5462,1b51cb662685457c00ddf5a85330dc2bd3baba19da5690eb2dadaafc927a6cee,1
7a52568046684606baae0bbf2d4e4ab49bd08966,33581,46538688f3c1753d94c67cf0b2f50a06720e7edb3353ccca80e11280982e7627,1
7a61790a85971b96195941629f39ff0bc32363c3,1462,606ea6425422aae48f86dd2e4343467ffe82a4cb38845e4440c50db83db29cc5,1
7a69944830d2c7855e39af67c58e6cf7e3bf768a,513,23933088ecd009d799bc8ca8f2dcf7870f71ea20e608ad523b3d4097447e3276,2
7a9f8f119f9150e1918ff8ee686ed726686a0401,162,6996f4c07885ea67b9171a94ce1c8e6df5e57e8b695f15b5283f3e05e595b252,1
7aa6ff5ab4f95a906ebf3d496830df5a4e4d648a,25349,5d61f1e59f2f678e8aa38d38247693b0952ee4bf889585138edcba1f49fb0dd9,1
7b005119cfb76c3ba6e07c269d8460ed06cf9489,180535,e407b057095c20559b5f0383277bc7388b27febf22d96860735876916d553c38,1
7b02ac8bc59cd85b13939c964b61ee185d90d97c,876,4556ebbf21a31c5e8dabb49c991ec291c5f00ffcad8b18cda45e4070b8a473bd,1
7b074eb1e1b1ef7d0fc9e5542551f0abbafd6408,333,d024b331d7b37fc91c1fc65849219512310ccc70b6e93e3411f48e7a494375df,1
7b249f8bc7e99753c9d6acbc9bbd0a3ac2fcc6c6,2105,9cb54d38ae6f4126e1c322959affabe82ad3dd36f7d4dbfe94f9f055ca7c2619,1
7b37fc67e1cc1ab5e2c172b8e8c5a5f40baf08b3,3983,e8bede1a34f3d56075d7d89b8a5e2c7305b67929876025a6d643dd3f407b8055,1
7b5176fb00a85a202d678d59aeafb0d85b294dcc,168114,ec9a95622d35589d910437bf8cf333b73eb4f83ec9e53fc5153af00ca902ef41,1
7b52bed580c22ca68ab629d915d49c61cde02d5f,6363,b5eb378181147b5a5b067da470122aaf93e20ab1ed25124e77a2987d70fa3b99,1
7b5773c390770c8618b354f204a89947f3400be8,7450,2c93c0cae7dbadbe4b4b592aa823f0b1cfd5ab2ba098061b7cdede9bb0a80ddf,1
7b682dbd9308388ea4f5beace675aec0ae81a16c,190107,47abbbde0c20a7895e9d504570b7b918512af977e2688f463f89f1e35877e362,1
7b6a097c9f9bd887191f61c532471265d5936e9b,18729,a70b4fabe1d14b58806681e2d039285dc3c8b2e3779b912e9a52a2f8692429ba,1
7b7ea4468450406d4b2995f76e5a99f403f0222c,180301,1c3212cf86ca3750359085e46aa3a121c2a4ef8ab97e7d9c3a8b998eeab8c039,1
7b9a14a974811144c05138bfa33910efeebe1b51,43375,496cdca2b12fef354b3a494b9d3f3471130821fa26da2f29d84adfac547d51bd,1
7b9fa8a2c617a4a4d9206dd276684566cc06bbdb,19403,c926d03215e7c4dd6edc08f8cb11c7ae96997a3c2b8c1098ae9640af4458f6ed,1
7ba9dec3eee4f6e356654add5f6c8e635ae1be1d,8431,f1b44ec1cbcb60f2cc47c0688d4041ee6e5e29397a3df79f05530307a70221b3,1
7bb9dcc94f60f26a1227f1bd2052e6883d87fd34,3717,e7b8315a3371c17171b0a34d6fc2d34c42e8fff6cbedf7b546c431aae1d26814,2
7bcfba543711c129e33399063bfdf2bac8f4a32a,3761,aecf4e173d753c0b13ef80af0b0811e6f065ebdd642e5af602c213525f791570,1
7bd2e65c4572688830b6bda336194ba958c6f6f9,43897,ea5d1906b5ed7e2612d766092c3149f77ed61be62a834ad6b2bbf3b7a755d6dd,1
7be12a0b551071001d02fd96030bc5a491f608ee,1777,89ebcc1858f98be3429d95544b72ec0a030a287de58e8a50179bf22c0de0dcc7,2
7be648502ce1981f3bee0115d3a644f8637d3ca8,14294,42d76534b515823ed65808c622c1deaa31093f7e00d09ed243a75d011006b069,2
7bea3bd0aa7ecd9fbb23116deeb2894fcb145539,51119,b197311d14b618f2824eececf73ae2c2fb0d15b3a008963e0894ac8e505c6167,1
7c05f5da2081aa09f1830285c2c4ce8622f2f12b,40259,034fb33fe9f6c8b0f52ad2f0c70c1448b94e280606b3cea48c43c9670483be63,1
7c0908092178aa98c17cd1bbef3d9050e3188c6b,1460,7d843f2953203abab16f5ad50b8dd09e501cb00356fb4dbfc6721865cb380f62,1
7c1cf2887f03c6dd4298d22d9f5ffb36cb902eef,2423,f556f1695e3aced36be11cab5151f93a8aef0e01f1c04972792c94ce3a3d37bc,1
7c3fcf0df2c11850f46b689110fff74ce69b5511,6229,a2df3faa2ec24657afbb93c2a33305f0985cfeddaa04c2832d8b0c36f1e27d1f,1
7c4c7c9d4311f3a61ec2220a605b2d005bf1b103,131301,48fc4a071c30f13c27e0c5a4358ceb9a8d6e240301835e8d4d3e258cf578b567,1
7c60c5efec2461abc2ded639c7a3aa84d0d619c5,1832,f0ec8bd366113ad635f362e96bbe0db5077c4f63324646437221a24a3fd534cd,1
7c63ffbf8c0dfe88dbd8e08a6ce93a77a789ec12,3046,a4f661ab4d0f3167fa6a4b406d7df8f5e7b61eb27057f971daf4da46b98e3724,1
7c6e939809f881722dc49a9f7fe0d63612feb350,32444,c4248a405d3c8990dfcc9bd4e0f0d1d44c27b0f70aad6d9548e7820f299b2a40,1
7c72b579820a8d522e3ea3127926f37a2478ad4b,18070,a56720ab7285f1e05d3e7241d0bdc30939ee8a3323669b386e1e4278c11c4cea,1
7c74a0fe19e0243abcbaf0daf328ac23cc300447,3984,58cd1eb4980cf5817d141c791e03f44c38c4191f454c7eeab83add2aba5b8d92,1
7c760c906f5378a4d62b93b2f48f29bb795e5fda,64270,93d2a7df3ba57e94349f2220da87973f81645fc13b4ca45e60179892fb9d5a5a,1
7c83fdf62642664133da7e02878f15cf8210ea5c,1099,8d7b945b38c1aedccb69c356a101429880103e2810e68b0e18520ccf25450d32,1
7cea085b8dd925672974946076d62e02e15b8f02,7718,55bb0390adda4433cb11f817169922b33d1209a60024c6b42eb0a2ee7b2a5b79,1
7cff55b2ea591f66d8e038d388ce61db812d5c94,3209,879ddadd7d082796d5e4041a2855f6e8a7c6e7b5139d8fb71955cceecdd4fd9c,1
7d07b49614c0c09be3150c185c78ef7c341b88c2,2428,fd3f5e2a84a870553ba92553b8b3ad8a324456dc35cb33cecf723e0144879dc4,1
7d1c5ce69f8b340092f44842dcac465788969324,31518,f4e99413c0e933e7a7468156c6fea937790fcdda15f1e772e99ea7fd71b50a21,16
7d233d59538f1ea35f2f3d9a1855df9f571b8c71,11226,11c08cc63deaf3767ac8a229fe986836221cfbae5ffac42e41f8608fcdb2ad94,1
7d2d3f9c017224ec1ffd9b171121850c6ef9f78c,440651,958c4eecd8f9b2ef469ef0cf0dd99db9ec62e4234819864b4be181068c20ae93,1
7d3164c09e22d5160a75e0205b037ada3137080f,5313,800fefe91785c5518296c465d369bf97861dfdfe84ec01a3bec1ee709e75705a,1
7d3dbadc12c39a0d1e77d2df4820b423c442ec09,6315,cc75fc66611ea118f4135d704400fbc8a7043bb8eea3607344a15b131f851023,2
7d558280eb0d9a28357487e378873bc627b9968c,92227,021287b44ebd19491191bce5294fb41f1fb693236c9cd42fe161f34da9d6fbe1,1
7d610a01f606bbd0d6d014c3aa3633097fa3a075,33528,a81337f53d5c88ea2ca35d8d01457efd755668d88b5aa4946088326728eee32d,1
7d8e16f85cb953fa1e3c5a567f4c7eaa3f231a4a,22350,ea2b0797c3d2f92a5a106c6ffd4c01ac963d5edcced1faa806b8baa5d1eabf87,1
7d9703f656f8b63eae26497b363f3c73011cb442,4744,e860139636bc155ccdd302f3755a1dccb00d545539b29a5bf7afa3a548d0745a,1
7dc3eaeb5fe06fda4455075c9bd4cd67df223d4d,75443,1fdc2bf399a4b79fa1cfbce60997ed66d6434eaa3b41c0e8d26517e763bf9d30,1
7dcb4e2202affc160bf621fa651c2a72c225b1a2,165930,5b2371fe3a82f57bb5de94d076ca4cdfda09d5aa52a9fb3dae8a0fe6f8dfcbb0,1
7e0d0cbe22a5a59deb19524bc801e386fe7a8609,33757,266ce536cb98bba30bba9fb3f78cbd60f51bbe606d346ef4b3f9529e3f5c9a54,1
7e14114e86b1df391c3a39e308d61cc94357576e,25421,4ce430dc79c8ce7ce16e794760f4a4e3accb073ff050860fee0def5540479bd4,1
7e23a0e2f08598e387503216cf7bbdce0abce86b,497,523f1d0a10b972ae244d91efe43d75231832a5dad50315e3cda73098a89ad707,1
7e26692db8d96b8404c1d8def05f8b9827b1a060,7472,062c7b9a7f66539d8b5f664416408349b0c2e0e6ba9272fb8b4046e0840c6d6b,1
7e913585b7e853f899503a0003782ecbd2ba23a4,2341,9e3bf3927a12a8a1aa8c0bbf5f5e34fd8a2d663d551a8ab2dd5359a27cdd972e,1
7ea04b32ad67909a4d5aea2c297d86fb2e81958a,70472,5a9562934ae34c63c5a88dd6a2db345169fc30caaf0c270935fb5323f9dab1f2,1
7ea7af7372452b2d0c35472a3a53cb18dd371426,60250,4440008ecdd05e95a3d43bcd952cfd23c424022df1526b354f52af4c9922df30,1
7ebedfeda80b0cc439b63a27998c838b5bf52522,6198,861bbc07a175c750303d7f99d663d1e689f9b0deb2c96c5538975d21560680be,1
7ec1bd37ced2f9b3e7910fe6c454826769a2ac15,5996,5031ff766d7a40bee3f111c2bbe9ea4ccdf8607a2d4cb619651aa71b6754e7fa,1
7ecfb64b181befdcbea880689078d479d32213ed,4204094,39a301c3e96d2cb4c83c9e4457688dd802340d85f5636a1439a41b212c1dab5a,1
7ee2a34bca4dec91ff0cdac95ca96f45297df094,3413,3c1891124f1ee1cffc10f8aca936dc88d0714027f80613c75c9e161cf4714747,1
7ee9e16240caee707d5c321ca0075fdd1367d9f1,351,f873a2d93b99d6cef5baba8d5b25af8f1419b355ae6706523ef0f40862fa3bad,1
7eedd4a4bdef78eb02154b4a522ff586ff2bf428,4753,84f66b6be7c1661f4251853c9afc6c0df3a2b7af2e5d9e03d916c72e7badeb17,1
7efb1efd75fdfb320e90b04fbc18b4d865c43eec,22905,a6b25ddcfb2963b651cb225de1460ec79337cf9841d7f783e8ae45d8935e90af,1
7f0c6250e15477f364e5763f1abb0c4493a061ea,8388608,22c1de87fd1124e75554b7c515b5bb16b95b68e592b6ceff425e33f6e8e3ec57,1
7f1c241634797f966fcbcb1b3e93daee24b542b9,4184,5f77a622dfccae2a164a29ded68431fea52f341e93df8c66b72421dc42f5078b,1
7f2c47aac908c02e9e3221ab8f9ff6ab747326a2,33529,4bd01605160b1d0422da165815d3b6dbb6395b47ea6215327e26b4e4067fc97e,1
7f32c3438ffddb2dd4552209b9aff2ebbcfd720a,618,2b6f0063b1b2c6a2ce6ccbe1ef3d565467934b4d763880a173fdba3d5a599e45,2
7f344840e541ef80463933abe15f7cb32712fd75,834,e01b362a469496e02403c44da28d2ee77dc9827a10af1fc43fe954a4bb6535a9,1
7f3c0e7a3ac018e8902d442a1a165c65b53da28a,859,e593437b487d22051873662bdd7909a4b03c7ab73e1af0bcdf64bd203a56d2ce,1
7f4c8f60cf3ef3afbaefe2648f0a7012d99ecd1c,19169,0785289f95941bcb6c594f68b74b2d08bf61bd7553b3374ba1e13965c07b6607,1
7fce7119a3353d586e7f60cf846bce8445059f9e,335,1c1682b457b43b34df2595831e4a500f4fb2e5c0453974ddbaaba5d2254558af,1
7fdd779a90c42fe769456fe8e3fd50d3172dac18,183197,e2f5d8c17b4332d191f6755f361d9b8180e15077466ca08ad5b518fbe8324cfd,1
7fec80742262a53e06853ee9014f124d1e2ac996,1620,685382b34fc1b51abc023a9da5843878c33df8631929a15689358a0b88fe06c9,1
8003c64ffc57ac8fa7a458c23e9cb0b02ec47855,3075,9321000122729053b59687d4f03e9319d0029d2b6fba3ccf6df1a405e0fe2458,5
800bdbe67fd2e0031358b75a9db243bd42f28b46,13530,69a548f6ae90823eb05c3f2091ef8b9559d564ac0d3924f591d0851bb22a3fea,1
8038b3aaff8518ed38e40ba408dcb51f2d83ecfd,11018,e489f4a2a4f8c08d9ce36b0ee0333b8f42258aae73bdf3a71f5336e8b4e1c7ae,1
803fafee15717a78d78fd731496168caf7fdea3d,1495,faf7293f049d3b61abac04039774919eee7ca33443c4bdf3fec342e7fbeb6780,1
80437ea6a933f925e4765385bff18c4e8286b61d,13617,e5495cb8a60ac5d61c92263830e377395e9784c3f742f055544e2e3a94f2e696,1
804bf7ab974595bd3d3465116c1a2c36a974819d,2702,fce684639c563d51f028035360abc35a816cf938455a8108f8ee8199741db86b,1
805073d3e7dcbb3c0d813672b474f53b2db104d3,805,25e72d7187e5e1741e488f05b0e3d8a3d313374c52763a66a51baf61a7d077f7,1
805df80ba267d580d50f34fa3390762568358af9,4418,b66d2047fe5b27b7db3735ee865c3fb9fcc42eb59655d9295fafaa8eba071d87,1
806d04b0e33eff5e64364a38ef755d557a43f99d,1816,775cb25df24ac8a05dc6e21a1dd9e39358ccd307850d4e830f8805540b99f0a3,1
80a489de2459678602fcfe27b1ec3706ec2041d4,76384,0d11025c443778f425131939026f980b7045aecb58596a324a142005b5b2afbc,1
80cf4afcd9e024b38dfb7c853f32753f7a5da228,1906,491a86c944dcf2f0aa85fc06a3a249e001a4e00a8da67dfc496bc27d7c727cbb,1
80e586cd2a11e8557a5123f89ff4edaa8f270209,650,a8ebc9cf7bab185ff508a23a82f059ea0ea971e39fb4f3dda3bcd1049b31c374,1
81047628a03496d94a531e15bc7e8f8b3a6508f7,1594,dd7d1b9cf65f74b7b3b3f44c8dc9397f7f0aacba0e7f82cea58dcc040e64b292,1
8123704b2061e578141a4e25058d34bd178cd6ca,1787,5b6f06020a890fcb18c7590e2b78a27064ed718cc1ed0ea8d09f16ea88577a1d,1
812ca20e39192538846c7367b43653fe560faeb5,5003,8e65bc85b0b071ed149446a7a4ed70feb144a9af160474034366ca97583d5218,1
814092a3c7854779ef2b3ecb426f0dc3c079faef,137943,17e9d8532f6b5d6019c9fe330e288002569aca73fc5598276522e74b517c41b4,2
814a7661746662e15aa58534010ccae52742d7d7,1374,69624df2b90145991936c0771b6ad6d2579cfce82c96310562166a5f7d762185,1
816665a84e3bf684eacbbe76ef0c0d49b6adc52d,3119,2ae00c1dd72cbc2cef7c54c0370eb4442af320f2ab5e77ba07d5d6b0527ced7e,1
8188d88c1b5601c0bf78bf158baea3cdab7d31d4,576,43023b02f9f572d4edc404b35aae863b1820e67002eeb7f0a684c7e17ea09582,1
818e9c282c4b438f2b368c1da2938c1580ea65c1,5657,6b9efc931e7448e844a6f17a2643e3911f4f764777848ad3bedbe747593403ac,1
819aca19a05159e433722b064ec9c57acc6f17c6,6983,7ca979b551c55882314135afb927a2e47a0b552eb5a14894fce7921ceead8a93,1
819fa3976434f089f85ee1d738361d2f99f9107a,1266,63c5429879a6c17f51e5a97b5ade806bc5774b42043953843efdce18eef07f2d,1
81db4cd94f41bff4066411ca769286014d578fa4,62357,991df4d7cdcb20d173e7da3fee37b83c58b6ab7c7159f3ca6e4fed585141adb0,1
81dd297903a23b1741f9b074ab7ea822c8c3a262,44730,d6fc36332088763222ae8c6f0e211969b5328b2147ee83582c7c4c8bed143ed7,1
81fbef5eed2a702915229cf8551c376cc4df8344,10184,c00a69e4158d7353e08f79cb14e216ce3fb2b17413bba2575f4ae52fd170f140,1
81fe7400a34677f1e79972e1a7363f614df5b7b1,4581,dd22c0393a57715bf85e90e38606a2d8c036a4b57582e7e04fca0a8cd9f43709,1
82631c9ee6c988617b459d182feb290bac67cf5b,442415,54e457b7886fe6ac086286379e46bf6c8e7112d22f74ff0f863f69c086944269,1
82727d66a0268aa2d849b07678808f2dc27369d5,2884,cce030de78d40360bdec1f91bed838ddfc831fb76d2a4dab5b575d5ab51d9214,1
82bad22957855bdfc4135f0e889c38bdac6bf95c,3067,c5ebeac72e7c4b06ab5e869652b78a83a1dedf65dbf2d980e9e6303e17738a01,1
82c10be091ecd16bfa951cfbca41efdc9075f7f4,4909,c3456d80c05bd782000e6fe27fe285c8f5ce0fcbf62daa38dd1cdc2671b8843b,1
82e7da8639106e4454060fe190f28123835f5049,1267,0068fd11f54598ef3bff725b645f1133c307dad0a3ebd0228d7578ede71ae308,1
833d92c400b25e33e9cbab81dcdb6ab9d0b83120,1532,cfa8c77d87e57a8680557b5e9928947c91bd8e83209f73a20189c632cf0fd897,1
8340619fd8ceaddf04ec3406e70f01bc9a2e9268,44435,7ea26a03b537e8ba61b686d9981bdbfff9fc2f8b88cb92eaa64d8bee36bcd39c,1
835adbdb7bec637f348698134ba0e7df1588a92f,5061,6058be82f68de71d09e6d816228432c56543d1639b53a3b59ba49115ea4bdf0e,1
83be35b40f31bf9f1586df7d74d78d67af559fae,80,8876c9830608f9c64826246c16b2934e04138061819f176caaad11a1cf8ba140,1
83fb5e6e87219233311abc0801d8cc8e715e8097,59947,d1b0f4cf95784380893bc7cb072dd6ea88c6c084740ff364a43ee122ec599b6b,1
840501d3c9858a7b0fee7ff820d4014003b1a0ff,3160,e4452551eb57991545df0be60863fb9a3bd09650f83cdf75006c1da5567ee60c,1
84070f5e51c5985b08b3030ae61672f427fa79b9,21403,e79152faa786bdf90eb7700aa4543aec280ecc6fa01b2b882ee05b7f83ab4ae4,1
840f99251f55262033b1da7eff9e69aedcb8cc82,31489,bb20f570aeeefe702849bf2d2b879e53fd297f551262ea6966e60a17121aa672,1
8417e871527d39420358a6ff267216c596457a8d,49894,528062d7a1b676eaadabb6f7668496aae4285c2714dff12e0c703b744ddb0bb3,6
842dfae6939b3d24772eafe484d5e3723c0a5e5d,9128,caf5899f0d95c3608c1b749ff270f2bc74876f11844e5ce2ecf684adbf15850a,1
843fcde6abc749b86016a927a581f92a6b38ca45,14353,2fbb40810725430910ac5c7af80677cc3d7bbe5b9b7cfa090420e6cccf9cc45b,1
845eed275c64f9be4bf60dd35830cd12cea3ed64,2264,1f82d3cc8febee62d4c81218248ed70d30c7588429c8a85001afbe2d39915b9d,1
845efae638324ddd7c77563635826d97361bb924,9583,47b20b5f1d2ebeddcadec0d45ba343e0c2271adeeab1119f2e067f05941046ed,2
8462fc15f586d8be669d676b25bc8fc7362ee0fe,5393,6911c5e4f8d8777e4648d9838db96a84f410fc8ee0cc6b5c823e1bc6f3df5288,1
84a5718817f429c23170802307d8c41f486dc954,328,5fb35fb7ae04bb3cb6c899d6e0bccb2ab56703cbc35f6f49f23e0dafaae175ec,1
84a69c8f93c46b9ee419e845413133eec51e3397,252,66be4b9c188e0b9e4a8e6e3703f7b3c1d0c5ddc5b0b62c9c2ae55cbf1f8bc11e,1
84abf10b3dc1bd25571b89126fc51a7e6b5808c8,3464,13b4abc5238f8db1cb60b32a544695220fb2b5b0e029d3d01f98402bad9b04f7,1
84c00e3b38ac2a96de2003da13a1f71d6f4c35a7,20508,c66d3ac100997b198a0de38fa5b6d11ae091c0fd2afdf8085fa8368d3ae3f21e,1
84c42a7fbb9dab23cf9a2651f87fc642f8d596e5,30298,3a7f0f38f7d4ceb90e196a883b9660421ad1b7bfd2e7c75235f2bacc07ae0059,1
84c9820928452a9ba8af5187a9721a3177f7361e,21163,2860825dc33c33cbe62853eada865b0c092c3f30972cbe1fc38addd4ecd884c6,1
84cc2e417be13f94cf4f4ca51a6c1aad55616f34,37437,ba3f00e5c91e245c00c9651a0af39ffdb94beae5a98a46005447da2b5a1b9811,1
84ed4b9960215285ef423795ae55d9bbd06de4de,2328,e8e2cf1e5b922cbdddcd4b2ad23fd26e79fb985a98f2e22db2484b914dcc6432,1
85000ba9a9e960058130f5d621b9d19cdc55f18a,13667,b1ef1f5aac4829ad4c94295db87513b437e4e52e651cf3c8c6d3244a967850d0,1
85268955c6e2064644b499c0ecbcc5c26de838d5,17166,2bfc11b4b75a46a46f8ae6d57ace97a08d18dbbb287f604eeed09c71852b5ff9,1
8533053b3d487c808d9b12175c2e1997a7714404,1895,a580cf80349f293ce9ffcb7533116cc63565774d707489b3d9b0634bef68a814,1
853c583e3c0ef45ec364896b6618db564835b2d7,61478,c6840cb359d9e2531e7efe5b752821cc9f7887448deef7df812e2ad67df89595,1
855e2b780aabbf644d7db28c08aa9888f6ba85b2,1932,a73f6fc6a107ade0b082b96ca090d34d31ffe385b20fe4bc746513c3bcfab15b,1
85a78ef53196a658b169d44cd4afe554c6a3d884,4232,2ba6ec67c30f8aae43d950be7d083af374658c99d57597b8e687ce8002584cf4,1
864b85dd0dad393b06cf53def996033673c6ce6a,119544,06f296331ba7d45743c7f2327e45109b6efc3f4695ce22a0efbf35075808f44b,1
86579d881fe2305c55f95a39ba7c00db59ec14dd,6468,5b15b6da11f5936735e50fd351a7d329ee34a65eababced50c13f25bd6f9f3d1,1
8660cd13aa64bc4e7c50a03dd69ccc1b6318da61,172,46a0400bba5ebe88b7c24ab80ba9b10b643c3492bc17d3545ab936e9ff047ff2,1
866910f099dce3b955fb0e769896b88c4fa7ac2e,12106,9781da47d5cf4cadff96e5cee0e570b78fa6c17d985e4900d06a15334a5a09e4,1
86702697e0ed993880d262dd29fc9aa835a1306e,15500,167790e4fe3f1b07c7c064930860654232c0b1998f86eba5aa9fcea3c73339fc,1
867ab72a2b27570871a43ad75590d859b7aa8aaf,8388608,616d5f611ecc5b9db59b05c54d0756ba107f9ae47609a91400029c6fbc0d46e6,1
8686ddee177cb0a1a8957a403d4a0ff6c50cbee2,33977,8fee6480a3e7cf96d3e084d75f0f23fc5441340355a17659aa7d1ab637ba86ab,1
86b50e0d4bec078412994fca6634c811e86bc034,8388608,46e4962740a026bb3d73c95803d84a30872e1bead080637d5456e227fedac1d6,1
86bf6ded3dbc2c8973de3f0b1186d744e1708c3e,449,18bf718cee11f7b220bccd10ec143e753c2b90626c1ce57e1d4e38eacd360a19,1
86c068ce79ed6cc7891a221ac8399e579176d030,3717,2119e1d09d1a777e0495dd6bd33748ca7dec43f97fe10453802cf3cc14a7fce6,1
86c88882f66dd93d67dd7a449be9b6797e21670f,2599,4e48bfbefc4db0ba4d8a832081d230e31a4d73f3ac384833326041e2d69e5d2c,1
86d2795e9f1e0be45600874deda3bbfb32979c67,3088,0864c62c75daf1fdf96faf63d9cb010bfe9da0e6aa48503eed2c96b084580fc8,1
86f8c9b75698c49e2e083dfea4c333f7b16e4b8a,10329,703a00953054e80b0aa3938ac2b5564ffd45029e88eaab561dcf5280d9c3e5ea,2
872424e2917cf6a01552aacafb334b33399693d0,3503,8914c417671b333bb5509d378720ad9bb2c661319cf80d82b227fca924481f45,1
872a1de264ebf57140a181df5e847dc2b6ae1950,565,3ad751936b496804b709308765672e1290031f89ddc68932af5a3b8722216bef,1
8759936c1e70d79551cf276d022f4cbed2ad790c,927,bb9cc2b7a0797c9b202b9f3b0fb27897b7034bd1c870aecf594528777fdeddfb,1
878806aa3ca48aa246ef3dad1bb20f9265f53853,23894,fcfd4f3e15493a1b866095ae4bb2795ea7623382faca2db42c4e0878e54f0f69,2
879840f4cdeb90b4acbc76e211fe5389a44bb0f5,7844,c4e6e391d352f6d912468a032b30e517f8ff5366fb0e10e8aae7658eef7cc1a3,1
87a815ff356307d8391f093cc5b521a45d741b6d,17299,b123dc863b11477f745f82d0e56bd97b25dd1d4bfad446794c5cf133b5b67b8a,1
87bd478e4338e412275643cd8b38fce2b14dc2ba,128,dd38199ca7299a84177d4cea12c24542e1eecc29034e19a33c4f921635f0faff,2
87e65049a95b36045124ffc4a36b7962d673a1a7,565,f94c0ddf1f8c8bbf0407cd6060a9fb56b82913c981b43a300ba861d0308fdb02,1
880299d5a9ef46f410fbc06773abb65405f6704e,544,095a1b111d83becb2f5e5ad9ff3c239191d29558dceba8083e8ce0d4a5a0f702,1
8807e65d062e64ec10c97e2ff56fb2a812ba6d8e,43365,c4301e14e335555f47d1b1d2e26a56639e254fbb434455e25012131a1f617313,3
88208f2495b26121864d0c3a3be629109efc1cf9,599,4c54c6e77e2f6043e41114eedb0f44352048d804c8fea23946df13c9e479a863,1
8848d1dd2e9aea065cca12505c06def8b1bb0181,7830,67088e350f08d31cc7a174e7a5dcf841007595370eb3daf09a01b0a97610619d,1
885c59d8053409384a2771348e52f04674717e57,7754,25c4b061d2c2cd3b9b5b1bc013488618d3b9c1e970c0d4d48b05db7376c724fe,1
88655e73546f784480c632294021c85fb88fa6e2,38140,f25eadbb592b77c7ade5793b269ab513e4681819cf37f139cb695a1a7d8036eb,1
886c630f6cf5e2bacfe2168263e6f7aa87a47f79,7114,97be214596fff9494484927c2e8ed15dca47972a675acc724657e69731c35efe,1
886e7843a307998bf06079b29c257d20e0d42a4b,151,f6f9509a3e8891f55355c97962eeb4eeb61f68fff89c778ae25c82c93cd104a0,1
887ac873cdf6716ea35532dab809eeabf09b9d14,20166,8d7bd6522bc2eacfc2fbb0cc297bafebe2c485a61b2895ccb7bbf10301909175,1
888cff0d5b7d64dede2b89bf0ad9a0729fac4c08,7527,bed726f2a305b219bb95dc1058c3ec93b7e66d61614a84f978ade4dec7651540,1
88a2a20a6b410fa5d911b78cb278ae2a6a7a6c1e,10996,b8fb5d76b9ad341986bcb7fe67348150d0202caca9997c794fc70d9e9fbe6165,1
88a2d856922fd41b67704eb3f11b46edd1898b50,8755,bd6d9d5ca35817c384e2e048c758b16993d49b101f69c06e2c05601a4ed87731,1
88a83f04ce2a1bb17a4fef5c2b33f21be12ca376,12601,79aa91108b03f6ea4b8b60dce521a328da17c0c532eee57862566273a9b4b7cd,1
88d30b5c8587698bd07f6f3a9eee04c9e7f1e6b9,3336,d123369608776c8464f30d44f8a57bdc75f961ce357af3a8f069acad6b0a1677,1
8902bd15f292988e506df2ab9fd0ea8f0d7e7916,1113,141f69e35011391bdc4b5be9c8dabe61714d3de0ea9bb2303cf5fe3a46ab3e12,1
89903511b656d83761a2932b21f6aa8af4113116,2245,abf4b6b5543b9a9b297fe851ea2357d62934ad1c50fc3ce981a716f35201412c,1
899551bd7b3f7a6c555e0cc611357fc639a48825,18070,612c17f88188d86933b5d3415686965aa10a45ebd1fa232e4954b3d7595979e4,1
89a5150d977cd7bd0652b86ff6a8112540fb7d0e,104051,29b08bf1d5853e51c722913f7dae25dfb27ae92ca343eb93531084f7d3c463d7,1
8a03565998a3aada49c982f390b17b7270335bcb,9326,12d18ce79f086c8780f1b93793d20a8ee7baf00703a0da5cb409db90f9bea24b,1
8a28e436b25e6e20032f438517c584c91000ad0f,32360,588f2a2df5c9ddaabdf96ba7b5794bfbd9d6e036b5b4ce596f3c6a30561ce7c7,1
8a65eda29a857e24231f0fc4831ad1af7fb3d7af,29268,648976c49b2641a9fa5a1b646600b2ff43b8225476518ee86bf00cb668f17545,1
8a75a4ebf94a5040a8fb521cf34cf196c57db86f,16232,cb9261815abf6e5ac525bf03f7e2aa2f95cbf5d6e873fac1090ce3325425931c,1
8a9a94c1c105bc71dc17e0cf0dfacaa3f0dc6d5a,11638,b102ec9736ddbb3ab352010b11da3feb465f9932d320219f3508c7abe119ce6a,1
8addc571a56c5847cc9788ce469935a3a001f7f2,7159,d5aa73ee930d4154b89cb5d81cb2bec0fd678ac8118d07f9291253f3ff5dd6f0,1
8b3f57f6dedb21ab0d1ad145f0f26adcd8541d8e,2320,b79a3d418914bd6b99805a25b8d54f52317c8994ef253fa4d7ac13878c02f539,1
8b46148d1b181d974294c598e9305a4328192123,173790,64c177030ef5b64e5c815a82425dd013ba997f4af9549969ea71bd1904f39ee2,1
8b7eaaed771449db4a4cd81482c1ab0bfc5d6dae,2044,9673e03c24b92b2699dc70517c04d82c06053623575e8631281807627160abc2,1
8bc163adb49ae75318f010d00b7f81924e40f0f6,486,edf2033b5a3d4dfe3a17cdd9394538627c4022d1ce64f5b0cbdec086f24d84ad,1
8bf1e0a2a978a179602d4b50b8dd3821f929a6ed,2202,a61202e1560ced44b7ec66b0c6b72d4a67e6993d12b69767917365720440f0dc,1
8c1422a6aed723260a04ab055ce5600150ec1620,13117,0ac500874e297fd35c266f70f6495e359f716235db4893ca29a13eac0d95e4c5,1
8c17de4b337966da98920a80259543302df02669,18536,5b6a538d0e32ed2c34e0d201cee5a434f26e3f833abd898b5412b925cff60036,1
8c325788f781664d68f25c041709099ea0a0c163,7090,67beedb43c650bfe2c390774377201d8c514a42323820601f530acb90e429ae7,1
8c481464123f31cadd2a07904178013c6b94b532,1252,c2ff26d9dc72350face882b2dd8eca310d930a59819c9a36d9238ada331ae9f7,1
8c5ae1d6d6e3c2fdaf99be1b0caf174e0f4a9f3a,18781,700f133c74a59a88d47cbb7a7d93e7a52ca0143e5bd3a03adc70f41dfee9c141,1
8caf274066eb5708208967c6128b8f8375ef75bd,428253,1c8eecf8089e0e27b95db8d2009689a2157ab6409348b42ce1a619fed93b6da4,1
8cfc4aaadc6ea99790f5f89f4cef848f90af40fc,15097,67539f012201cdf27d4b4ba733fe8966ee902cfbbcf5d1c74bc9c24f91d0ee7d,1
8d28b6352f4261ade6cddb1df6211f73d19050a9,8265,e0cd1579394ac41938c9d69f8a6cc57d111395d1736c7e67fd6f1f27a312c8ff,1
8d2cb613f3c35ec422c7d4fa573cbc7bbbd27946,26816,a9d2ea84ae48bbff0ccf07bcee85a346e5fe874446edfdb4cf3ad95225845595,2
8d38043937bf4dc867f645e86539b6dac26b62e8,18677,f74cf91ad8154bdc4472baea2f8e9d67fc2c8f0257073ca9dcbd3412e796663f,1
8d3e962b981f51b4263bc4195d5edff66de27647,17689,d5e89fdbd3404f9c89ee575bd6b936116d75a9f4375f26395f1b41dbc4b168df,1
8d4b6826adc84d84d69fa87990de585833a9a1e5,34731,80345063817c33f1b3aeb13be4d50a902fa95f1b75473f74203e22960a882428,1
8d88094dad5e5dd4a04fae83cd6af613807982f1,6697,f049fc48f2032314127d398d22d8973eb240ea5c59e2e7fde74c1634c0997aa5,1
8d9f3b3a0d3bbac7c5ddf47da05f283bf7394ec3,728,da6982778c1ac3b3523221f88b3beb59bdbef01d3f2b89350127e35c4f63a666,1
8d9ffa2e4c5e685b2cf0b5c8c2627dc5be58d344,417,30bd2550cb0826ae577eb81c3b4e21f73fbf6c0c5065e548743013319e3169d0,1
8dc10685ea579a157a08ac27aed13b1db4747554,235677,93d6c7917462b8d2da533c3b71bcdb6f441ad082bfb0961c0fc0af8a39444fc0,1
8dcada7d2828aee8dd61a19ee496656083adfb1a,5631,2140da00d62dde967f52d0be0ae28444f1d6a3fe603f52c83c23988c32122d5a,1
8dd37448e58ed329e43946cc8a5659cfdbeecebf,1152,14d30c944f0fcb55cad466e4c0e595c8836b79548358b3e2baa0146935188430,1
8e0d30fb703db67c8de5e9c2af5d828ecec17f96,3607,888aa65b5445987deb4148511f5a4253ff0102a06f3813fa7109dfe6314615e1,1
8e2d0e56c79474a1540abdd2b5ea2e5ad63253d3,38110,b855ace067ed79b655f63363bfc515f5b5c75bb46ea19cf953136d4dcd7efac8,1
8e3c1394ff8e356dd64afb54129e1f01cd0c11a2,2888,1026770a4e570c3ec068a2247d4c478851dac68ba1921c60c117e473149ff460,1
8e4568345f80a5d2e844c96ff9eff7cac567cbd7,6670,202fa3dac17753ff998ccabf63ba91cd984718d040d5032bfa098a677c762113,1
8e70277be829f63b8e51c40392a001794aaae207,5062,07ad32bc1f6d7f24772e06a138c56c92f78a9c60e2e51378659a890fdf84d056,4
8eb8e721a260015153d3496e7675dfada81f06e2,7843,49fb2510f3674e39aca67b2659bd65744b91d18158f2ac7a0433b0bd39d4f1f2,1
8ebc7af50895fd9ea677e0e828fb4f2c62a65bdf,443900,7409910d6a77248e455d3051247cb88cad830d962d9bda16583c34fad36f39a3,1
8ebd1dc4af16e253c97055facd1d1b3be772bcfb,7619,d80a02718875bfe9fd25fe658034dbf69bc90527118f8512197ce92c68537701,1
8ec214b50c762c9121c66cadc8259280069f5783,8368,f949214240d3607897a017c0bf994d8a07ae29a1a7269efae326c9ca6b8df07f,1
8ee4b7aa3e1476a2e6480dfb1a77735fdadb1f72,7732,c303949491c098eb2599fc6b2b6f60b147011a4b9e688dc88435d886b26a78d2,1
8ee8b7943b6e7dd5facd7c8619aece6d2670d1a3,229,dfb235bc73dc600b04acb38bd4c2a15b79f5b4b7b73d3224babde318815b5fad,1
8ef2da6dcf925adc166709cc32cbb752a5ae92db,1620,9c9610f6817fbdfa76d39698b61493fcc7e3a11db9d6fe7cb0197de6b630c82b,1
8f1317430ad13f895740105b5088d6481d77b280,2167,ef3ddf9bd1524c6d7baf69bfd1aee0b91b25b49217035219bd4ec833848c617b,1
8f16d27c2523cfe767beb91208d78083cdb5f478,15851,1a89f5afd9b7e34b8f220f5fbcea1e8653b7eab458f58bac77dd273c0c3c6398,1
8f1759590a139c94e86dffe26e93db19291121c3,55931,4989fe334aabf33039c215a52b19f2a5fa82de3a5a96940a918c1df10556a87f,2
8f270e434f33f6d26a9fa4ce12b92fbfdfdbc40e,11412,6f10b6cfb4fe0de626dfc0f706b3904c5ac086c3ebea452620f85cef9f1a0b38,1
8f4de6a41ad14038265b9272ee3aff03726a0c58,8046,8c7045c482e6afaaca9add5bf92e1ca1cea9d83ddce8508ec7617dc6c6e94528,1
8f5baa25b7ca6853be8c226b4a7f6352c988c880,162,b091a67660877800be02644f2f31fa4a940faf2b63dae0da09d013124fc1a024,1
8f72aa8bfa2cce05c06c1fc545d3ac34bf8490d9,298903,8afbf78520b98d26d4e5523e098fe5a47435926997c288eb0d16f2ee2340dae4,1
8fb9aa4954b7d15773606f7b26b5bac0b4b7de50,652,fa56e3068793383fe6aaf6e198c0579fae193ab8f67a03b4b9463f867b75d7ac,1
8fbfe41aad089e194375ebace978886999c2b515,2244,7d094a93c682026b0122206b039c20db9f8dc8dd5fc3b193f18427ca307aca1d,1
8fc0d9e3725016940b963dffca2a644a02c680a8,2547,d737cff1aaaa3d99acea66fdd8455f0887c712cd141e700f2dd5a8a37d9c766a,1
8fd296925cdfa1f87a16a71bf4351175bb4054fa,288,d33b8eb55634a7111e4eaacaf63777e2a09cbf2d05bac66acbbdf9c8923851e7,1
8fd4b2f89ee5d6a8e5d0deb9056e371ba5b51433,57076,4acdb8f935438d55c332a167155dc1aa1e48e3d123dbcf79f762d25052e175d7,1
90137889711182a3fe0a7a867a99c6cff636b2a0,2713,3cf7466aafef4898bdecb5404d142a05ee78e55d48f2e99b900fa5adff0766e5,1
902cb5a7969ff12c1ca7e8edf311907e3b2375d7,39466,e1001d9321c055043352a5ef033771fb8003f037b3199fb2c4d925ebb26b6515,1
9034862521608b89177d371a53f85ac6d59854c2,1234,2e540b0682ab491b416a4716caaa9381176f2c3c8b9dd45314fd65df7529357f,1
905e5e3dff526e9829df37a7c0bf961629fca7e0,49987,d97a137b73f9cf706312ff7ed678692cd8adc4208076c7116621247d5880e3ab,1
905f1cd9f0127a22cc50a34a413ba2cae0f75895,632,2fca63f32303780699b25f9e1cb220efe5808102565daec9b096094bb25c2ca9,1
9069e2cb9fd6581f66a06718f05cf15d51d5f11c,196,26258d8191114fe0d1691c5cb81df75da44bed6e7e722e3a663a690155143c87,1
90ac8b822ee3efcd1af2324c2b858c6fbdee7a04,3186,d0f2a1f69e441ae260511e57f147d8edd6b797217afcd04cff2bfb281934cc3e,1
90f48b9660d9ea0c5331511b8ea1ed84375be152,4214,02a4e15b8f0bceb2a86df14657430b0a73d995c7721a9a8deee6f7dd79c0f826,2
90fda93bba93b44da54fad54709a57778332878f,18950,d199952cdc605b151a05bb85d40ff482b5ec6593b2973fdf138de372368b9401,1
910d6fb62f525422f59517e23a655d10ff6d8c76,285,931c2aaa78e7cff2de3c89970d878a99cf0cebdf2b6a857b7ae0eebce23c6773,1
910e813ae5994b1ca2a5134dd5cf8ad80233d13d,2041,d2b325089826d5cb7b3bb98460ec332a02cf4f3b714e3e09966da10da8d27ab6,1
911d01bc3982ae55377b5565bf4341790f80b44c,1825,d45d6cfd88d65a768ce1d0df5694996c371d9d574b5931897f2116108fd65222,1
913566a7746b8cc054b0ba9b3da145d15f9458cd,1275,2dd67cd329daf589bc9a4eef8155d7cf0bb7d7a9424c8ea2c43d8e488b0ae98e,1
914e1736546498bc4e19e07f50843ccda082b4ef,12542,03ca62f8df9d4c1b446148c0549add4c74d0b52d79d72c4679419104ce5f73e6,1
91708f8140076ffe06d63c396fd76d0297252716,4012,ffc078c8834241289ea8c9cde3b13c9d97180f6793baa8645994ee96ed964ad7,1
919afed8ee2ac57b99ca05cd5199a60241eb2ca5,16354,750e07016cdccc8f4f99be98c9b49091c4819ac7fff4151532ee7caaea756e3c,1
919e67b6966b28bd1c06abb7f5becbef5d976514,5546,64e086ad78ee90009be639461070d39cb44adc01daa60060f8c904d118795822,1
91bfb04848cc2bc22e532365ef4ec4148ec9cb47,8423,64bf7e46d7b9ce886f2b60fd9f2bd2850f03477af66da5e23b1b43e662bc7a4c,1
921024dd0885724aec53bf95e55d4b91e367f6fd,2410,0ae24d0f29164f66460ad0da7467647cfe38738483af0e0966ca55253fd08507,1
9215e280e78c0f2796a19654a4a7530471a116d5,2096,22456a596d375a93125ffd8b535c72027810d76fad6270458a9f8a4556a13d49,1
9222924f1bd9b3e62793812943c317d2392e2060,3892576,83c5bf750d09259ec719c806260fa3a3f05ed96726721af443299dfc08ed0758,1
922fce49f8c16659c46e4932bf00303545c10cd2,8477,8353cb6787824867f3930796ef6d6877dd8cdbd472899c185be3568c1785aa46,1
9230fe07553044d9fbf0435ce461248e0467efa6,1992,883df2fd21c6757b5d20087533cce836181ef5fd9edf077e12c9cd7bf12758e5,1
923352d1c428228cc389d21faba760c23c3b4943,289,894ddf825ef45d6a02d1a75ba31424405a8baf52c36157bf78ee612f816c74f7,1
9244410f11d34a2fd5b7ade1e759681b559ff9dd,2048,19cc97f3768b1439e7729aeb4235d0ac9eac96a252a0d2449463a39358b30f44,1
9246dfab45161f659789cfd25f252602769a50b7,2047,dcd6e4810ff4f02394fbab9803c6c888eb314ca8138c30aacf20c1bf0d415ce0,1
926ea95402cd7a5bd436ef14289cbe8e4bada05b,3017,9d44145d9faabe720f19280adc7aeb3fe04fdf820e12fe3f289b8d2ac29fcb74,1
92847811339bb3eb25c2af32f850c6e5ca3158b3,1455,c9a19d75a96dd7f182ce69fd9efa400c1c5ab3cb5a12d1c720c58fe367a267b8,2
929b081531efc9281e514d759b1c1d85ae4a2042,288,086e4eb5a6260bd0a19696ca8cef8cc923a7954c242190e63881c6a092470e43,1
92d674f226a8719ea7a32bad84d9525255c2bb8c,350875,5dc5876c17b7b81cc09ead4f59785576bce8369512b0ae367f13795d9056e048,1
92e69da1d5899d73ee3d6ba3b0a386266b856a89,1386,d2fec2a9281a658b4a9440ac20dfda57c04d62209040e3b2e23c6bd775625ba3,1
92ef9b1e3f84c94cf704e3f6825ec6e2ca4d7af1,11412,ca5ce570c563e5428f528e9bd22caa148e5cc3b2cd0d76027d2156e345d39e1f,4
92ff14a0a0a4c767c12f1a57ff36311b2d33c017,21340,d7768060214cfdc6eba671ddaa36ca4676f9c6c5fe887782fdd67cca6ce35d66,1
9306076ad8e5ef0e22e047e8541d34fd12edd0bb,6258,7a7d55dddc7c247942cb598f4f406ee42154286bae70ecd35205ed7bf0e5841f,1
93085208ea9847131c27326945e2162c040f1bcd,12113,be1330f0e8f16baea806382b2602a9a40fefdb7ae7bb99f17de726ee14d9d437,1
9329cf033bc6f62824ea2ba90b6f693f1574592a,842,e42d3194d662faf7f1bfba5803dbc1b1825b10731439e0aaca10eda61b48f1d8,1
9352433faa18a5b683f1b80b5863211fd6ff8c27,11447,5a0a1bfe8262506af958e5fe329cc54409a71a5883c1c48b6ff38f36f1c77bfb,1
936237e692903634ed19489547feb6c65d2136b2,458752,87745ef4144207da4f1ec2cd27c5c9cfb4529c446889b90825a15faf914b89a7,1
937da3ddec874fca94fed4fac7467eb4918758b8,3051,6f5d40e800aafab00ca8648c7214f68cb7e653972a3db80d4ebed37de03ad37a,1
938215f62e70da745c2d90b3d55eeba123dbcfdd,1687,33090f5aad670409c35398e3efc8ae1cc388df4469ebfd4531c4523bfd0e6b23,1
938857c552b8dde1218cf3b371149f7c0df79f52,10390,0c84715ad4fbd394d92853a4c82a419a02f8eed51e81a2c8056b2c43857b2f87,1
938d8ee93420e58dd964f7b4c032d977bdd3f382,8388608,36b83303fc3b98fd197ccc83141c2baed044ff6367f11fbab02a92ed495e2d10,1
93982bf64c42b57352e055aa0eb943a8a7bb15b7,271,948a481a89c870f1ce6beee447b5428c64d8ef60b579043f2e4dd0f9f04a5838,1
939bff35cdf43e6e35de7955f93a48176b848254,37372,b0f3a0939cf47d65dde17215843929882d73481acacc67de765302ae3fe2de79,1
93a16f461764f6c2b8bd95c2b7c24c01640f4478,2817,e846cd89532f036d286f4fa4c4733dc08a6d01053c0e3e92d378902d70958cf2,1
93ac791e1390e14277bec695a052f4d92dd29fdb,5799,78dee053a427fbc98e0c34212cb54cdf15930daaff6938c0e711900e165b16b7,1
93c60d773e3ef30b7c815086c25ed45dca4fe771,12304,0c0e9a032bb1537feb9e83e96bac9ace77fbc91bb2e2710af7baf2e9d88ca193,1
93d4f9d9b43091c7a4a331339f4b40c187517b67,6123,ef7ad291d246c037b942333c88dbc30900b312352f5193bd7d5653c7f6ba902d,1
93d4fa80b773be4b340e317f26de75bdcd74653f,9729,27dc484938cc36c4d43f2cf1318d81d0dd7bf09d345d6b03af3534f80041c5b7,1
9405334b8401f71ad8d93041275cdc192bef0dfb,2093,1ff5f61e6260987a81d88ed5ba3d2713fce14cb88212a6ca9c968ae1ec083f13,1
94061c3c09b2b6a47640c55179ba1cf6354acd9b,141,f366360e36fe4782eb98808426f64eaf4c17f24d7d5c2f38ebc910500129430f,1
942be2058f1182c939e5ee10fde146069e37108c,9089,a1359d85b95aaa4b5107fc8b116f9938bc5b19daafe5f2b098e76e488908bea6,1
9430ff25b819fa240ccb8ebefa6d7a5d38761992,31785,8311944b276bbf315c8bb965939d7f647d05cb8ac56f0a533d92296a8c4e2989,1
9440066b10336d60e7a70c2d86a04cf31a9ac857,284386,46658ef62b1493b00eb67ed38b649eec40955c4418a2b33d29a5b3bc33639ddb,2
9440f052c5db2ec66d0cac2b106a325c0fe97b54,376015,c8d7e1ed4286a79086a18354e768cce689f28c47eb221886bb0484837f60146e,1
94415f193aac46432b7a34b290d5a99d9cb5c790,732,de0b2a082f6df12dee49bfb9b6ee80129314f882e5ed9a63bdd3b8769c459688,1
94781fa2799a7cd78af039df036ec94bcd5db887,35668,5a28dac53c6b63e4e21971ebf96bf1eaa1b65b486199125de3bbbe4c904ba708,1
949111dcc2b7d3a21d791424a2cc6a129ae0ee46,597,f7d012d7369869b17cb53284b6245aa73992fdbbba44d31f39539a7f738b59dd,1
94c36aada7809b572d745aff5e4aacafb1c11b90,388,85d57619c5c9efc0dbb8279e7ce53a8fa09b88c809beee4954d6b01dc1947916,1
94dc2ea367310bf5d75ce12272378703c74c9d47,18306,bae9d4f4dd06925178f350493f68b76bc089de8c6c07bb7c4f55dcb1e8af0df0,1
95007459b26e58e4b4ae6addbb56dcd7de4aa911,2334,7dbec93270f681b49812df114334eec98e2248a64a0a71c6acb41bb7db189ab0,1
9505263234e2b0525886380a5c8dec567e9c8a70,26821,49981ae7dea6c0fd47bce26d53fbb09526739de8d13e4ebd561cfcd80fdaaf6e,1
95329e68ceb46bf643bb0b2b60064e07c5f18155,2691,4d1931fdda893b77120e839b59ccfd42bd37e74776c5f3d13583a5291c75a52f,1
954208021a7f7cba86199cefa80ba82768959b5c,172,767e3e200da65906c9bcf2a24ecf1022fa01960bd7f1f8cf113e3b730a1a7892,1
95482b8a9698f14b78bb7119b5b84c5e2ef3d2f9,116380,7d364f0814a86e38809f26062f4600d1533d6319962dec25ed43c922a3a8cc41,1
9593641ef3eb210e38c00fe0a0f755dad58cbf42,32640,75d03bbde61250524082d861679461ade26e531e6c656e6f00adb1b023f73a87,1
959db092dc40def8b386e54eb10080280c6eada0,30762,74312484f396593d0f2292d0f9a7b92f8e59b2ce450c43970369c66f31128baf,1
95a176c1e06670c0b2a2fa09c528b225ed49a2dd,650,12f38af431159b762109e7503b3baf1055fdc687bc48e89991dca4a377deb628,1
95b0a118c973bdfa0c44059b2d337515e30e9426,2201,26eaac682ddb9813f2632590bb75443694d98c96f4031555d0cd9d1cc177a103,1
95bc2a43cf017e9b9b4ea9b8d74e7be30f4a0232,11538,8e12e2899b18f91bdfc47c98052c782ffb5a78f23eeaff68626ed637ffb9906f,1
95c37c71519c091f0ddd2670b410584b4d283eaa,230,6db0b61e89c42b64d98a52caad94b9071bb941892f497e7854e5b27d348f6547,1
95c406c85abdac3669e405bb4e8882e5e6d4fcbf,542,152bbb9831d77a06e2a5bcd4ac41a5c1adf370150255be5bc8cc7e702fe26350,1
95cbac86618522dc4c0196b71665927b1225285a,6892,b85ca3070e48187c2c69578376cab26537fe321ac29dd6d684a5c2371dec98a2,1
95cfc3916581bd73dd2c42aa561db5b51989ca19,14796,e9fed3d81cac037bd0bc091c4659e738da3efc489c91e3d4f19aec7f561de819,1
95d68a27cb860a7318ac53a5a825159b38bfd964,1532,2e0f7a7c4bd6532eba9606a0816a48ad30f664d98349836aef70c14be123a383,1
95dd153dbe4faa937ae8f8ad34975933f2ab35a1,8023,f3e9ef06bced538ae914885dcc601ed1a6731ad6fdbece598c39962ba968984d,1
95f2c8dfb1c16b35c260efab346fd340e71365d2,4018,ee636531e4eb23f03ecc4254f20fcd138e5135702227f120863517487bbb9c07,1
95fe4465bf5eb5b705667b3b6b4c102988f1ec64,95,b5d0943db34157f05c1262b3095fc1d89d295c6537d8fd0aa65fd234848175b9,1
96139601ca9885467227a0cd87c5bf3cc61c714b,1555,ec95ff61aab9a5c4451c65e9cb02050fb54dfe5d854b6b4c29a1e28b1cd3ad1d,2
9614ff8706fbb5f4a4a81a7f23522f7ba8ccc38b,35884,8d0cde9729709cfa5b2c7af948d7ad32c82b27e35937abc81ba7a60a1252fea3,1
96260bd345e1a73c6d2baa05b431bc676c315c63,288,895730999a8ca27f821d4c6e3c7bb0d80056a6a6cd4e9a25893842c00e2b691f,1
963701837e6b33b43550a39fecd1d23ef38d0359,12738,2e5d1d6b3225db4570a814416ad59484f5197e79bc30cde8fc7e20efd403ac08,1
96390878e71dfb4c832f81b60163bad504518e27,4576,67ff26f80095f5b2f9182954035a108e48c8b337ebfd54f38f0ddbf77cd8540d,1
9642c86ca69baab2f5a3f2cf30b326d8b30eac4a,7526,7ed45505ea270479b1beb9da3443bd3dc5594195267b54116c87c1043150f939,1
965845db375d288c3a2b9ccc499792123eb2e4f1,7573,33c8ed011fd379885c11403a7a0d76c14c8e4049559bee6f7720ab13d1f3d9cf,1
965e7f5b354e51c579ff969322d01564a8078426,874,3064d222a10dc0976f0f3f0515447989d3532235f718628d28247bcf16092395,1
967198e1612c49ee8c6b29cb843361abd0335094,3546,22618659a53d2621641eec53dfefe267e87d6a43a20e187cd85f0920c6fce6ef,1
9676a80e2a6a759b0f95625eec4dd2c37fb87853,1334,731c2ab234e3534a0f1bcddf5cd2a8156c9bafbcf458e236c3e781561b14e189,1
9683032eeeaca71304dec4b9a65f993a996fb5be,3540,6c6a181c6013a32183dde4a1d8a9ec36217d4551f4fe313bdbdb6ffec97f8d37,1
96b228cddf0b33582202b7548ae582670391e3dd,1951,9bf9a9688a23b61995eeb1dcb57d356db1a054f32b2ef716c06e9c5f1c3b320f,1
96b6ddac7e0904a30d66cca34122713b3080fde5,10894,843af7c4259235da00e2e1aa15043771c8c579151b2ee19469ec0f3d249b27a1,1
96cf5db9e5cae0d78a0a98bc80a2e36cede8a257,1532,03e551cc68ba660586c7ba7e73313ff6bf44a06f0e2907bab99af44811d73cc8,1
9700387b2d033d4f6824af0697695e7d46f7fa75,16963,79430166f8ceb410b2771d91f67ac71f6965a4d31f9f3943a2981b5a7844dec7,1
97484401a44d1c0e4326a5b71dce803b8ac1e809,2383,a80146a30852abd73bcfef935d33230aa3eef362b36e416312a987639c005ccb,1
9780cadf9a36be3b9af62789f11cae4a21da234d,70385,3c6533b7677d0bbcbb1f6fa54379f42094db059111d6c50de6dee1b92f08dd4f,1
978155f25bb525bf28f0ccdc8a2f9734de3d8f47,229,ec79946d0a3c4c8f3de9e968230abc36b98215aa5b154ef8da24d51f5d93a262,1
97886c30e092ad2794ce3031276248f71ebf537b,17870,9018ac1501a3d81bae2ff6dce98cab289ee39678caacf4361f22066e733bcb8e,1
97a9605459cbef8d47a288b990209f6f0038f1b4,811,28eac47225edcc0dff3c8eed5d5172e4ec09c8b8f53e69c10421a26ea6112fa8,1
97ab973eebdf408f29fab197fad8d2ad5cc5dd19,2326,2a49697d30b9c49274a9ddae1618a70f56cf2d1a47be0cc380f4a9809d325bed,1
97b9c2b692ea049cbf0407a62214082c2410d232,2507,79c62371c7cdc78a610932db906e2e42c1b20718d0b8149344c23781713e57f3,2
97e475241d7513440c1b42937b96e9dd2eefab14,2722,7be25385f299b69d48c6a069cd5f6906cca32d4c064917481d1a95084d9401ba,1
97fd818b909551186a659e13240c49c2187d0cdc,3310,b05084ca1d50879865178d9fff9fabeab61bdfb1f361bfbde95421ffc8f9be46,1
98037ef74c8dd59ceca4244483b8a597a4a72799,172,1150588c36382c86dd6c7736324979191a4e8b7fd450f18e2ad02eef6b74849c,1
98041ea20fa66af27642353c79badc2a2c6f3fc3,14768,fde92d8a94cb079ff47bc03cb0c26ac022a9cd1af55ae381cd64da0318da0587,1
981b3d813a2991e637cc7c0b38abf50d72ebecda,497,b0bb613dd755cc4956cf52db45b2f6fa34ff1f9cc2648af5e2b6062e3523a19b,1
98527bd3ef5a67562999d02aa9b93282d6df9ae3,12919,cfc6347d564145b2d885249c884628f300fd26eee769a8804785ae8a43b4e77e,1
987e5a6c0d21dc565baf01e664643eb4149a93d7,29990,16e21114ce5965cf0a93b2525a45a211c108fbf9ed4f6dd3b1bbb837b516f479,1
98884cde6cf168db615ae4cd98d38b7da2a4a005,2847,24e6c408ee3a4126b9d190f6097ecb6fa32867788772b84d47521e7af8148fdf,1
9889ce193b8bf2bbfd7a928fb611bd43bf911896,17299,4e32667e17329c8aeaccb7aa119e1d37072a71ba381f6ee2b3546dfc03bdf6bf,1
989186b2f5b7285b04baa0e1d2c2e3d9d089836c,39,bb121303dd88d1361773a28f2a9c7b4e3c1119fa671ae45119389704a38d98fe,1
98a858e8952375bf5b1eb5bb0c3977d9ab3eb16c,16348,1b54d7ffd910b08cc2bc4f90225a29da13a076a3f34e001be6998152cb577cf1,1
98bd6239018fe4d346cee8baa705905077029024,254,19dda0e494eb2128cadbb18834a953cb50b4207a3767229d547c8cbb66f2b8f1,1
98c6e03b55215a8fda2808ded0de016c9c9b5607,8466,b5d13ba588deac5fc335277c0769f3083114af946fad24ae3a9a3549376f03fd,1
98f1bf6cc8cfd15d293c09875c2a5075881c833b,10833,1dbb9261cac725e63f68e092e85588157948d1288ffff7274698b2ef7e5c5fac,1
98fdfc4e971b31c7bf11631463bf3c6fb40f2d99,8987,650ebec36ebc596ac75734c25940f99fe281ff614fe6e8af12875f760a17c5fd,1
9901a696ff7f4e0a9858fec32d9ad21abd8cc503,493,a6e7b9f96053679c13e0bddd32f20131ffa42e7730d3b579e733ec58f61c3364,1
990bb5c3b2e363d6a3a244d0444db88854b4228e,1152,4d95808420a274c4c00b48c7939d40c1101ef0f6b269716300864e50b6c20cc4,1
992240d58ba3eb436a22aa61501819dea641cfab,164691,61ea5ea7e3115976886ff0a13c7ef358cafe7b3f3e0bebdcd4dcb9656ed899e9,1
992b9a31e43dea29007e7e5115e597421cea6120,3320,bdd2513f9ac9f83396ea4c8fbb0219ce30ebf5178c2dcdaef103368aed689d5d,1
99479ca3ecde78342e89054aada2f2051454dff4,116380,119aeebc97b27469e18fce450e34b9505680f24cc7c9bc4eeaa5768f1a17789a,1
99523db7aba22d524bd3c81fc021d722bb5210ea,1006,37aa0e28deaf59570209584db86f2845788600408048b06668747cdf04b13821,1
99551ddc3a4c81aa44ed1c35c4ed548c2b4538ce,8520,1579eca44e898e2da82470db2bde26adf64cb71ca2f0c45597be0266f516e32a,2
99573d16a220f0b5ff01d8a9aa50d3c652e929f5,99694,d2a1658757c49739b48b5961953a923f52c2c4b81ceaf48d0fed72ac8c1fd339,1
9965eff7a6bccee98815939b19701dbc7c783006,17219,e919a4d176279ef848dc4213ba4050b36b1cef7f95546a51b55ce6e46cf15d3a,1
99939faf2fdc7ace5a8930315c8a77e4c7269f53,1617,e74c84c006b998695cf9aaf46b4ef25e2e6ed343592dfd71065e33fab061b570,1
999ad93b83dafe38a8052fd5daf84c864b5ccea5,80,e8ca89320215100aa98af0253237bf6f46c62048fbacd0ca2bf547d0f2ee2c58,2
999ef56722ce003c9a3b39e7b28966f570836fa4,1087,6afcfc637e0467936d6e4e436babcdafae4b4491dd6085a3aabdc91c0b27ffb5,1
99c84c11808144bbcd9af2ac1d746077e961af21,13596,9c1432c006516d23418bf059adf8c4f8d37e869186cb0ef15e3bb6768c86df21,1
99d8fb2010bb80d71da2d433cc7f258e3ed898d3,15508,c46bf199bf96170f43000ac34e6d4e3e9ce1114bfdde1376d37e8a1c892b129e,1
99f998911c060119b3dcb2812ad6a397c8db2975,4217,363f2d7dec93bad58931293e594cd46e6a60363a335b1789f2949e2cad718975,1
9a0e7bb5ce5c0232351bf9ec624bb1839c2927d1,247726,52ca4a0c2089752203b277bdfbdbd8c2e9089af2880c960af9a757b1eccb7e53,1
9a2e8d9eff121869d09ce1d2626c3acf199dfa0c,6174,ad6ae0b8685c15bf2d7617df21d024201ea776748a7408bb03ac1832788aadf6,1
9a36cdfbb8683cffcc59f163dc61eeafe3a42a93,9927,6e482b2de17f61e32c7171b94606bfd73bd3fca176bf5bb55c7fe1bbbc42d3e8,1
9a3d5c50d468f66ba5e9b8ce0cc1bbe244b70d2f,73078,b8489a613af832ec06b814b361134aacb0686b376284ead7887c2157fa54bc03,1
9a6c7ad419aa38e3c6d7ceea207d235591c44ff4,3335,57449f72ed5102b76bd6a0235da600d0d8efe5a1bd86d16989076f8786f00199,1
9a85a75b1f53f042eedc6731042e96f5a96ed6da,3544,70fdb89fc4d4a9a043bf7372b8972bcc883fddff34ab55e9cf80d73875384763,2
9aa1f98ff309665054ba8650213e4c98275fcb31,3060,e59f2f1ef9dda39d48d0ef879196a6c96f25af959dc852cbc5444497bdbe6382,1
9ab1c70e601d6bb519cdb13974280a2e258e975a,226902,270630106697702935da3aeeca7fd936afd48471fb746c2cd56a9089b63a25fb,1
9ac08cc651ffd7f8bf48e15b6f6ec8924c47badf,2653,6bf12db5a852edea75812e7704d818d74d1e94afd73f337699cf4f02ff5a3b97,1
9acaeacdcf44077af5b87162737249f23b4921bc,5778,a62f23a8d97655f556551220eb341779b35a06bf8f789cc4508d61e760551115,2
9ae4fdff6a710ec43861952e27bee98c924fc5cb,953,f7cfbc5b559d35459dc83971b46b57401c7b21ac4db7f22d8d24f490cc13ef3a,1
9aef7364e0a0dbeff1790d0b5937d6efca88dd07,2201,e26ffaecfe60b34a42466fef3d82ba531a2ff286b84b0fffc9e413af236f8c0b,1
9afa1e5bf5efa7b1236335bf054b31f546dc8a3a,160884,315106f4a985985742c9862cb11cece58fbcbb4b7e5aedcc1437265280e65648,1
9b0fc5ab3e4c961b97e5abd239ab93d314ecdc61,18748,5f6c9d54040d4929e11bde89018e63a10d33858d62eeb638b3d0520b747d8435,1
9b589592286b6c5ceda2c9b2439eb2dbdddda02b,29720,ad806f6fc3f70e95ede1d9803ef9b39060119022fbfe75cc0232536cea182b78,1
9b654ce4e6277058195ec000af0ff1a40fde8431,231,853c288525ea4a1bf13831bcc5bf415f2548632c540207ae1f55fb6ee79fe109,1
9b7e05d333e2ffe31203cacb7431c4c88224c4e6,57639,de537cc00ec64658be8f8f129896efe14f9fb1a6ad970ae73cb8ef116ff354de,1
9b7fd16981ddaab4513e7bba2a3baf5397f339f3,31833,9d66c84c7a07cddd8ed2b61af9b4331014fd04a039b099150ecc483df890c027,1
9b916c21d422aaf5e18b51c53caa75eac04214ae,29521,c262ebcc57184b839e15b2023f1b12b8eb8064d864902d2b01f9aa2a5852d623,2
9bd2cf5a079864c05090aa18ea78d1c70643158a,8111,e58124a4a67661199d92201b5a061522f6dbf50ed6a9feee249823a4e52fe006,1
9be1ada2d3d28bad2bdffc1bd6dfabd3b05bfb24,79,692bc853079fd1e69427893ca8878220ec7ca7719deb5631703263d365b0d6c0,1
9c261d81da7a51883b28410acb04eb1582b88ebe,81,61d6ff3e6cd757b2edfb025daa06e475b29e84a03a76a97a1f8dbd49c327e3cb,1
9c26f71f85c9feec326110f5c17ae503d08ff228,1178,a633a651e5ad287fe8986836289e467bb482e2b9208a0e88d9c220ae3ae96c7f,1
9c2bfc7ac41d8bd544bb77d57fc5df3c133b92c9,12596,c39142bb9acf7a837f85b3ebbe37cac7b711c5e496748ef2ca348422b150672d,1
9c46ea42153e0a989a4d617f77895c4c1f92fa7d,5056,32e0f0506a07397b2c35b984442f9027cf58c6211918a5e642ce8df6a2a98c2a,1
9c5d8ec13c3283d6098bfb0567cb852a90ad67e4,2155,64e2222e9e796fc5e2c5cc7cbf0a536d1cdb1da607c39eac4e9bc5a7cea6d773,2
9c8f4869757ee434fa939d25e171e63695d93724,2650,30860e387cdd6946e4f0c59a52d531c55efa8b2e55e783521b6280403fda641a,1
9c9477612571d2815475685584fb5f2ceb36ef7d,1919,f5c078769cae004867e6fb6eb5a97b1dddec937ffbed78beb1a65aa1a6dadeed,1
9cad75d98a5413593b109b14ca31bdb2abd5828f,6021,7ff0b339127e6912e8c66308161f1fe31ef1bcfffdee686ac09d3345a76d1dbd,1
9cfd6a06ca3577fd75974123604b72fe9e587d92,3310,3cf9d558af3a01c9de686e6ff6e8c66b542e5ad8505d8a45f53d953f42ad07ad,1
9d30e2e8811d21430609d71750d39d280330d68b,3712,327b6d8dc1579538e5e88b01b2e77523f6d7ac7e62c2c0e64f40d4144c31b0f6,1
9d398e9b0d44fdea0bae0443e237f4d69d0db95d,1102,da266c3878db3fd61edc118ddc35b1c5eb9b6d707415f41154309780045c7c1f,1
9d4f76a5fe06ad7648c57a5a523566eb27b611e0,28837,a309c92f32a6e4a20bdc30f204e4155548b400515c0e3bf9c4be39b140127abb,1
9d77df8e064c5146c109c2d14f9d9579af812e30,13124,e5ca8de805126e76b4175640de4ebe48285a16b09cafe85f214254292f268677,1
9d9be920f64b895127fd1bc2b8ea1dbf96fa302a,109169,ec6902fe9dde782d8aa22d376cba34ea097a630dfacef9d757b76f399d86ee68,1
9db348140e709190dfab207bfceed38c2769d789,3582,c927c3b10b5c70f49be2deb03785469b684f2cdde50eafd5458966fc3c8286e8,1
9dc6b3aaed2f1f8ce025b89709690cf009ad93f9,4947,1725ac84fff255bd0d1d59db2982e8b7bbeb8806a783f191c45e706e531682d1,1
9ddc004246d9e362d9b5816224dca645ad4b61b9,284,c13f771e1f2699925fe702cf6668627e64a5014fab2cd0144f7383b7a7afffd5,1
9e04fd68a6918d19cfe2b3d003458fb645f50c7b,2761,df987876bb7fcfe5df2c79c07948b6661bde81fdb9e4fb83aab0391fa93b7a2a,1
9e0d3a22ba51c37d92b0caa23f2c19eb23bf7aaf,3867,82ecc2a9bcae7d132df5c73bd23b9a8e61c2d6d92238eab4eb9c2898a6ddcec9,1
9e2ab5e4be0634b00a791390c3ffa62637becf7a,653,f9ebfe18bce4a1ecbfe72e8ee5137eccae1a800864a9c6ae3e5e763f83f0eed8,1
9e2f49c33b945c2671b574bb98868ca971f1ad8a,5148,92c19a55d20bc8b5f2ac4d04bc9e74aad5cbcd0b08f9aebf3f5e06cb16e2004b,1
9e36f86d9f60f3c81fc566c63e3f36a4ab2ebfb4,5551,a2015daddb997ef997fa7bcfdc967374abf63983e9f95901d3d302568b83d6f3,1
9e426b9282c8fb1e817ef39f7b5f2231ddfac70a,6619,5650f2918ecb4ce280d028dde48b8eb71fb51bd8782e0516757a491ed3bfb3a1,1
9e42aee5c313ccd2bdd3936509a3818047f560f6,17431,17e32a0d1068a252a7eb9c7efa2e779bd78037e3806adc3605106c72c59fbb87,1
9e4993a8faa4ea54f57387f41234ad1b8f2faab3,4711,9436b654ca7ce242366e5a310377b28553624e63a318076c83579ba1b5cac736,1
9e5fb1a18b2d71a45ecc758046d94377ab29ad1d,252,f2566712221ef035187754b7d8dbbcd507abe6d20065390128193b7131e948dc,1
9e6f3bd985c64d243233398f255a7b501d701c59,207563,463c49b61ecff6b16088964c7ac3a5a99178f41186fed8e6ee54bfa820626170,1
9ebe7a7813b82e8df6e0abd2c2ae56ec999fc6b4,9777,2e64da3f5e3b7bc2336de02394e78d1439072a7b66c9d4e4664af479948c7cb2,1
9eea80a2882261280812b01d72c9e87f7be6fa58,1990,86008a7bcbabd4d45532ec3afcc2743f9823da76689f4b40e6d062e08abf9313,2
9ef379f4e0749ff56c7b0181e1a790f94e7f13fe,63022,260dfedcfc68d3a416cfa96575a2222a2e68cb8a9142f61926c0bc0b648ffbf1,1
9f124108c59ae53b4ffc80f490bf6211be15d661,20605,1feb489a3c9f03de30bbf530eab4c7bda2e2a95d975c8bd5cdf15108c1b45ef8,1
9f283368ec8802fe77fc1636603e36a67dc1c744,361934,617090f4a4ac927fd8171eabab26253d20a61b61b94aa3a93a8324a6ef265313,1
9f6e5ffd7d8612a1a5beb2f4f27b347249da4d13,4568,c834d792dd12ee4979792bab2a2ffa04d19a1cba7bc77c704a280f65e3cd0226,1
9f8b01eba382e4853500cf4c4daec73f0e6de156,7182,3dada024b467decf03bf498140c37fbdb448766803658cef62b0f354b44ea519,1
9f8f7b90c77ccfd9f25ab45afc4fccf437b633e7,2585,a407678d077eeab10abe0c2722d4fac4ceb9956c1220e146bf733abab2857b92,1
9fb627ea356fa8d30842496c3120eb9181dd72dd,1684,3474a7513f0d97f2d489b3172e48a3d49c117d6866a1c9b983e9eb05783288b8,1
9fb6e8f47adeb50fca31ab1ca161f844d445cc3f,14237,cd5b0cdbc7155a56cd313d341f028e61dbb0efedbf77bfbbc95e1ddeb84476c5,1
9fbfb84152038b046e6ffc716fe7b53e505b5851,335,7b6ae90f6252ecd8548530b6c80dfd1d1687add7337d826bf038a5329c4b5c9b,1
9fd73a9f2176654a566d4ca3d8e584d2e0bdfb07,13140,98fbb1dff18418d6532f2a050387a136ec3694dc90928e9026ebcf7235da1af9,1
a0336c968587745318ebae611e627e3542a1722c,6402,4d393087f25645be96d032e483fc3568efdb81828befa7dd468c3a8be719fa18,1
a04eacf1568a44a1f8286c45ad4ec36cbd0a18c1,650,a0d816bbeb0f3469f4d85fbd7e47edb6159bf571f51d22950357f6c5dd6d9c29,1
a0806c74fe631cfb0dcd3b648f6b2e76c5a5e28b,10235,81a9599051dc773f07d889afe4aeaa7a28fde4cd7b634207666584f01866c4a5,1
a09a588858d80833bc1a35abb29e32f1b72a2a4a,1590,f8101293c0d3b345baf4e48ac69766fff313865b8bfd26f0769f442a6275ef24,1
a0a8c0271d6ca00748cfaaa9bcb1822edd174ef0,18536,2cfea1a35a691e951e8575ca901aaad2b80fc0031f3bf5cfdf82ff3207ac498e,1
a0c82c53f8ef0a4e5f84111e44dd4a554d2d037c,14646,2d23923a2cfcbf0f330ff10766a9f0452694dfa4faa8b539a075210613ac859b,1
a0e7bdf947b9ad37e4a334e1156ea23c3d6158a0,1848,c8159c69f37bda22f14999871eea82da46ec390a971636ff90cfdf2e3c8ab0eb,1
a0f098146aadc51581d90ab59e48bda1a8d59248,1606,069ed6df25f51e84a31ca2d1029612f58026304c2596859026cb6b45f0bb48ca,1
a11003bca80d6153dcb9ced01178c4d75207f2e1,2511,a218ee128c02c72c106a7c99b6a0147a25a62af5d44dc034676ab8fcfe8c3277,1
a11aaadc38705e891296a6f67e6660935c65f673,2032,11f16f5a1daa30f6d14c33299da2642f9b76a6ac92e98fb2af619adc3d3e3bea,1
a1980c9e8c8a422f0ca1055f565c8f4159743f88,659,272af9cc30f1dd5b3335fe0942f61dc4dbc894a5440223b8b3aea65e0588cbde,1
a1b074765bc27f97432fc15a20ee1526a65063c0,4588,50c8a42476e33efca8e635294415855783957fb79a32d4f3991d35c4cc25289e,1
a1be4c07e925405f934e352a84fa2b93f2976546,3410,acc071b8cdd6f859e02c670de001099abe4171692c2e4dc28bdda54325fdd003,1
a1f13645473db694356dd07d0a922c6e26226f9d,136475,a8a796f045f43329b38a8c4871b09d2628f71bd2e731ae42db3cc067c4bc951b,1
a201e88fc5b37d9e7e6f202d8fc0133515e07014,1532,954d792e6a6036e2865e30fe886c10daf2f8223f4d692483249e74df27f5e205,1
a2342775e4ee91cf3f047389e451832d4d1b52d9,220104,a6d512ff2eecbbaeced75c0b559251a37453324e3ac8092e7104fb35d46c0a25,1
a267946db142422c509c23193f30560b8d186d18,1118,d3e565af63038d051efe71ed66d95057f5f065cc2c4a4c311ccf9b431f33d98e,1
a2768d823d4ed73f3d4e792ee76cea58bb88b3a2,3547,be0de648d14211360341193d48cbc22d10eb270ebfc5c58fb0fc153094d0fcdf,1
a276b5f21613892bfc14cfcc54612f5cbbda1101,2303,606ce83c10992007ae45fd27cb5bdaf839c94e03d6d2751f025e30edcc4ee234,1
a276fb29130b8b93d5d6b6086e5753594ec3fed9,7494,046a9628c0edadc7c16a4aeede01d4316cb4c5593f027385671e1cbe5d7f0e43,1
a283960642681050ef4602470feb4cd7944f49f4,6915,8ea8651ec16771d144166f072a13a3abee1c60a0230d0092eed70dda887377f0,1
a296ad692a0e9c3bc5f56cf1ab530ff0300ff59a,8729,62635a348f9ea582600288f8975c74ad2ffb732b25535d30716f7a0e1aa71f42,1
a2d3dae34a993a2ae4e4ec7f4dfff2d0098f5641,2857,e7e1eef4bc08f21d25756732643db132f226ba6187cb8abed4c4ffc9b681624a,1
a2ec787f1b427dcd5d75d964bacd9efb3a33b33d,2124,97730044d1e32ae744eb56a08842a2fc3a76b7566d73ca00a61feaeb02e732b6,1
a349a391bc7ad1b8ff7420da833311fe5fffb758,26356,8cfb848ce1a6f7f5075793190fc3983816bf47bc9272980defdf2ebfaab8782f,1
a34b753fdb8009a7209c4bcbae6d7dbd71481c33,52461,1d373c796d933109ba3c67014230bcda0ae91b8f6eade7bd31f1b2b45f28b9a7,1
a378f2948b69142d1378b37c3c62626a7f07e2a1,1491,3ee1405d9507b84e5fabd931074426b1612c6a108f99e34f33fd45e6f75281f1,1
a3a85572aba525476c8c25d32c8c345d44cd78a9,3336,3b9f80760560b5923ac806c711876cf9ee98f8e2bc0ec290008c4802d91eeb60,1
a3acbeeab91739c8469eb4c182742e7ad129f204,2802,889efb91e2c6188ad644755066bd662442b48948330a4b53776654c596344111,1
a3c2a412bfce4f571a9889969f80825a27c4d5e1,559,61882157152743f660baf74f60570cce2a30937d10e6d670a9814411ac60cbe5,1
a3d3c4f75d43bbf39606e10effbb9a254c960588,5382,3a32c8cb3acabd33235fb5743cabb6fe138b3605ff2fea3724f0537468655f69,1
a3d612a46a346f30a5f78471d7066290239d73fd,611,7b00dcaf6ce475ea69fd8fb445a1424fc2e96d22a5469f5a2919cb64b25dd82e,1
a3e0b296e4d69957271b3ea29ca989102905391c,15513,108b932b8a5823a4eb0b701ddf8fcd237390ace2d1438ba7cf812272ea66c247,1
a41686ae0a98934ab55d330049d0c6364d4ba861,15952,a28d8c223bc60379ec03104f4ad91c288b7b3812a28fc186cd0fad4a45f641e2,1
a422c4073c3621304f3882cde71a6d0b29bcf1e9,33039,2f6bf49589815ac2c25e4c88579aa1266531ebd0e752f25f30836cfa312961d8,1
a4500ee901a0a91d33c01dd8cb2f7a2da245a487,559,22dc1aa1f4df503aa00e5867339ccf8c71774bcaf46244a908969c6ebe5fb5ea,1
a45825e268ef4ea9e296e7958078e21b49c3055c,3582,7a22b857d84874b06be7fa210780e946dba576ba0d48be639751c5777d7b56c7,1
a45886e6ba52f2a8d33e0a24681a1cb831e6c212,247,cc19f07c8fdcce2ae2a04aacbd48c18edf0b44d6463a78f27b1f4ab5021f1e0c,1
a466dc228f378afae142c955bd996c8a5ad1c0bf,5889,7c0ff7a8a3caa2cb9232c4998585289117336fb62bbbc47aa4c0d0d03721cc86,1
a47fc4875e484ea7f4abf791fdc28c112dd52b18,284,262607b42dd48650446d64689333368302d08759d22231725aeed48deb224a07,1
a49beab65ff9e291498f4ebbf09bfd89d1f74f84,285,7c4f53a73be40352e854b5e7af1570fbe2d936a703e1876ceeae7512529c0fe0,1
a4a95193232cf55d4bd1d64cb1d74826d6c968ac,5144,7acad0a1f25fb69511ab1a21b3c8873c3009f1f86b60dfb8d4157954723540f9,1
a4ad6ec6c7600b9cbb358a627632a6dc52ad7165,6091,d260363cfe56bcea3731982ede7f0d4075bb49592e9c8d380079bea3aec9f945,1
a4afeb30bd055c69540a07f87de3a122cbd735a1,5003,ee162e5636a12eed7c8ae59e88827efca2bf6c34d533c432481ea1d1277be01b,1
a4bf116691573bd06f89ca19158a3895ff04e83b,5365,dfa94088f57b3e432c14b861ad5c56955cbafb3d0bde6a24c6b0f12124cf036d,1
a4c0bb5828991ec05a4ab908f8c2452284d5de18,3872,4b5a2d47b37fb8932f80155af7a8c35299f154ee8cfea0270a8838eb795d9464,1
a4d0f65c849e058be04483a40327687bdfebe12a,11612,1193ac0f43b35ebc1a7294bcb390115ac16b0ae5737ea130d6d94a4e97766f61,1
a4e40c5308fc9742bfef083fbf34f0781ac885f9,729880,f61b24e4e2f5637d9721c6e778d2b71869e1c0ad9cbc1d2d9d4b4984ca5d820b,1
a505ea7ae671485820297560c825526a8b6ff5e0,340007,b2cbade1093fed51a642546caf1eb67824890eb1942e3f602203e8b431470fa9,1
a515186543747467f1f8618d73e76960682bef19,85999,8efab803a55310117cb2eb90b881e029a246c440b9eb21666163429e97c97640,1
a52e7478f8e9b379d2ee8b901c94136be681cea2,16920,da040656af130095ea9f46f83be6763d48a8caee913aafdf23aee3b9dc7b1808,1
a56fe9690d9485512fecba6dd6e93ed1aa560cd5,159,7de7268ec0c8b71a780b5b978c9a38adc8099ef519bbd294f87d09a37dbe89a2,1
a5751073bfa89c10768816228fa55cb09ec6224e,1511,946c9ab5ac79c583816ec47abbdfa1b2dc6ede30794fbeee064e5cecfba82d8c,1
a57ec6652a3e078fd9d950f66c5d1efee1dea756,3637,0313ff42f1d397649843760c004ef79bfb7152e89c31d26fa9d8c7c06a6e718d,1
a5a0b5295c9c47c58f562c79f2500d4e13f67e03,9571,7e297a07448286e482829179e0a67fd2c11a93ae35102aa34adf27f9bb4e68c0,1
a5dd568bf2907656abedc030bfdc8d7a0d8fd72f,1891,300348251cea1a4e00e3c3528c1dd24dd1d04c8aaa1bafa509f9d1c28984ed1f,1
a5de418dfab3fed3a3a0dab8784e511bd7801290,44536,e68825815590a49f1373b8f9a52a634d4ce3f11380817b42e7ae1b3bbdfb7057,1
a604eb789294d1decb910fcff3bb6d882c302b73,6852,7ad9c8a36deb8fa9a325e2c7776ca3d35ad78d676a6f0f3e60ace4e0eeaadaed,1
a61ac0f2292b6d8af364bd7e9d4e191c5e290b88,1828,779093c1c60d70de7e1eda1c9ff6e2435f4c01a85394bae1d6cbd0b329e06226,1
a62dddf06fe94e7d3f3ce6064b336cb487364f28,3732,6a8e324911e5d87c723410d988ebc8e94c2be8dbba678130f408620e64dc448b,1
a631783aa69e12ff019388bd89b6b9e0a40e6691,413,2d7e1a11c07f449d4985831b0a2837f0c3e3028497f01d92d6da4afaac998248,1
a6868a1826e6d9e0cfb314eacbb31903f187afce,1990,7bdf04144ce5fc3577303d9f1e9389e2470aa5572152cacf17ee116c13929b65,1
a6a34f7d5e5c27c366aec237a7581057fd1021b9,2947,192058f44ee804b5e8373b91bf430d4654af4f94454007aae4c9dadbaa266756,1
a6bc27c9f254b70864ef78089731038b01e4e50c,44105,810815a94db60dd88c9e6622f7103d03285a03efde2e225357ee32f64a1d1be1,1
a6d4abd5c46358b6b2707e4b209f14e0babb38fb,103636,b6a15a733c8c897e6c23fe961570a6e89944d3f1a8fab291c9a4dcc3a1527462,5
a6d7aef7aaef28e0ffc2e3d931bf0015d5ed9a8d,1620,a660f92ecddef857ec6e10d299101607d17ba19d9c5b6ed4e7da2a69f1ca9fb0,1
a6dada847b757e0bea6ce996fdc72ee3aa892015,319425,af98a7c5075819f746cbae22ad52cc5d5fb401fe4a87ca80dde50c39ea6f5f09,1
a6ddbf59ecd41d0cac5126473492b69c3e524c3a,87059,a1b15525eea968e562416f69aa43bef99c08374586a4956cb6d1d01630875c3e,1
a6f4557ae9a444092e6d1202a1a97ce9a8a8de69,56788,f4c41eefc5f6a8bfac01c7b8a649350e074ece5f03a594590d52b01d55e054c3,1
a70bd9543be989d1ac345cc4baa73e6d78936247,36429,890de82a33a59dbee06bd776c5d7e41cd6554b703ab486a52b43f3a571d4b987,1
a711bf92099fc807aa95eb5fd86faba4a9d6e40a,33001,366950b9743511907bbce558baf22439527627c9b6ff4cbc4353899a67b9dd7b,1
a72ea251b2368f11f664d67cf20daa19a662fa49,13140,c8b6b14f5e620e55784ef89cb036c25eda43cbf4b452dbc9a7eb76560113be05,1
a7319e4eed07aed87697d8002b884129bd33d75e,5974,45ba7fc5236006f788f90e5d1a1b591e98722639d16da26ca954a9991e690ced,2
a78491a7142f36e48eba9f482d9a613e70b06616,276846,18ed64a08130ce6d4f0c9698a4773b9bccb3c3b296c234df59fea8754d21b6ce,2
a78c8171dc51f081bef3f38ee9c04e2618320209,6297,195d756cfdc0cc0024bd86afae2ce5819416cb9e9f5b6a69129f198ab188c91a,1
a7fccf6832352ce9e1a80fb020baa09e1937b1e1,1283,98ed6510a80586b1b29ef7b7a7bba3b11ebe39bf0214c604d2f2d79460f74241,1
a81b8c13a7cf4121976af41d3778e5bca9a68b88,2052,5b9a5ea3391f534ad7876d87acf62bcda6a6a3bb8d654e1ff74478dc8a27b713,1
a81c5864095c7c6927efa183263c6c9ab8590ede,2245,f3d148d5d7055024043a676e31a2f968356937b3caac76f14b78d5ce8456b7a0,1
a8270ea1f1f53952209bf2de2b359b339c605e81,49460,e08af309a36a1ad2cbd7bfda99bd2105fbe71d1bb9475bfdbff32f52b7af7056,6
a8276d8ce8b46f7a83b80541be45786c5eeaa9ba,10538,5acb33fe812ad1622c97ef9bd07f37066b441f739d79f9c2ca888a3e3cb91ba7,1
a829723adf4c9020d0957db4a06849770ad660f3,2647,022788f4a362feaaaf238c5ef0f481235a04d0c999184d5cd2dd7a0c6ead14b9,1
a838abb4a8514f781576a4fbcca83a35ea8e2742,4344,114752d1441162e12e97da5061e332e14b2f956534e0b53f3e137524ee69a2c9,1
a861964ef1bf8e2fc77e038943fe2bad4297e55b,13387,f612342c945ea534632db143a5cf02bebc07c0fda6b00deb8794d56321b5dbec,1
a8728eb88aacfacae431d3b8f1599cd1dd1f2b27,31183,0b89a14b4f845d90064c57d48c3dfdcb568677442fffd34925b70cc9c8c02c62,1
a88e108fc83104c4caca3b82fcffa3c888907e88,16993,2391d7e58a8efad628e4d3f6186c51cd94459669870ff27bc6a51493dbb5c4e2,1
a8982680fbccfd340cbda0119e688339bd559dd1,172268,7c4d72f8426d077aebb30d936fcb3338212c9f243e86d2ac7ea35adbbf81d0a7,1
a8bc402d7d2dd4649aee7464be5411e6e1150878,215,f0244b93d1a7b900d31c8a2f900f571ccc99892333392ae9a26968cd6b465822,1
a8c44f3209bd29420a1b0da3ab59b56150b93433,1118,ecd92195fd2080e25976d126dd48492c3a6fd79127dd2760f0bfcabba2335fb8,1
a8dff34f8692a8346060d50d1f4a44c8d0bcdd20,1689,87ddcebfab3649cfd66eae480bc9d98515afe3a6fad55ff276dabe73679e947a,1
a914325701371d8354f85cf87760bcb5c6676d7a,1080,fb0de69259d4ca7d396af87e6c667072d222e5fdf827b39174202ebeadfad56f,1
a9237aab5468cf1d20a454d4e5df17962fe091a4,249,2846ca700f033c201a5ff071a217fbf3325c90fb7c12761142a14f77c082bb4e,1
a935c705ad0970e1ec4080981b6982f49bfc2d2c,14140,1ca2bffefc0c44fea575e168c2a5a854e4fa986d265308a3c13b738025203240,1
a9374a9d3658ce7b275e114ea5de210e7fb6beea,2711,fd77148b84326fab40f9fce2a0fb10d78f6af5850e28556a62d56b92062497fd,1
a96c4fbb938004feb93d2291b505338de8901adb,17058,1c690072a1a3bd2bf4363b72a1e45111bbf5dd89050200f43debf2af9835100a,1
a97bf8b202a8baa9a8a567756158b53521d5711e,2909,efdbca3e76f1680ba2981e8c232657d6e4eff133cacb1c20474935d68529bb1c,1
a986082575fea345c1a3dfafb1efbbf0c6a7ccc2,658,de8fa2f9b3dfeab1f1ff05533568aa93d8757641afa02f06e841846cac0bfcae,1
a9d0d0b9d563a66e2bcd4a7338679fa40706fb8d,2694,0d158b0f1fb8cfc533f0e415d1e77ac96734fae56d507421aa588bb859dbe69e,1
a9d1ff9de9d8d3e3972c7dc25580f532d41b2648,927,47ec5131f23fa832273eea8855c0e709fe3384ea4fd5c251913ce30285f0e4ff,1
a9e8bb13fcd6e9829d138ddf9e1279722e9ea2b2,4727,51b9fa365b7e386b6b1d1025345bfd4b3b519b4fddc4d21c1e72947d95fae1f6,1
a9f5d30a508790d386becf7c5743c52eb1bdc4e2,5213,d13d43e281f7a9a177929ea8c0f9430277bb82a87da84dfc7d356bd88e394518,8
a9fd0892e3579c0dee27414460a2bd8af4935c03,3545,23776abd102e0aa9658e6fd89afde8afca47260ab87e8e374042571547fe7b57,1
aa186fe5bce1010e2492579f7daf48c57e8cfd9f,25554,8f26f382a9cfffc0ac9e349e315da541c6410dc2530fe4963dab35042ad0955f,1
aa1a3989cc0090f0071ac558aedebc8d7e7ed0fb,8417377,9dd502e2ae1084e2b98930781bebe6f1bf18ba58ed12b10b79faf1c190d7e253,1
aa1cdb30b59f222e21cd79006cf356d29cb60a89,16337,a2c909492c25a7687b60900463a3068c21367747a36caca0a438a542274385d1,1
aa5382244730d996e5e131f727a83cf0c58ed7ff,6892,472b00f34d799e424466ee0ad8d81341ffc1333177ebd89d4b21f646aa774661,1
aa5595ea8500f0f6373723e19a9c7b2645868f45,1178,a691ee53fa0883acd35ffa0df8858d4ce2479f7d24e92d5af445c17086362753,1
aa55e2f56f26c20796839aa82dd4580baea2361a,16388,33ffcf356cf0db8fa6e776af502872a35ce1edc6f6c89fb44c49cf4ef3282b05,2
aa90cdac4e4cc36cb4af851d72a6116a38740548,254,3276e6763de799cc696bc0ec07f23bb7702bcbc996c50299e90ac7e78212caf4,1
aab3794fd85ee51ad73b701945617a629cb72a13,9290,d4949b14a8ce945a73b27e74cc35552083c236bfa68bda5dc23c7ab49818a614,1
aae4f7a067039a6e721d557ef8779591d5e015f7,9594,eb2e36175359688403ceb314749ed03bd68c17fde59b0e2eb27895881c1a97df,2
ab0231d34366fdc02ff1955869396737167401a7,162,2d7779edd235c39e1717ab10e0e8f103d67751cc0d7aa1b9cb4c767dd0e014fb,1
ab04118386c849b8313dea78af73fd0d2a24924e,10948,97f058e647ddea4355de22ddddcb2553eb50de422261ca6bfa62b718700908f3,1
ab09af5fca1616e5e30efc41164c94c825f15197,254577,fe4ddec34d14bc6e00d30e198c9ffb0d1ff99d95477071328309e3b5bc48f22a,1
ab3989f91687b259391cfef66219d3c092709e98,29907,ffdf748a5036ed4e3c12360ebca36127b257344da130a9af9f271e0ed1f06e34,1
ab60892638a9556910701b65f1eb1f45243001e2,5799,40989269d2e69311e5020cdae89af48259d06219712ddc533aec6777cf897720,1
ab6ff825020c4e29dc1030029afbd3a27ae82ba1,10570,206c9659a7a788eeabeeead9642ce98ec3a391c17d5c70b89fe084cfb1d88488,1
ab7e167eb49b8d72ae66d3b0e5ffeca26d9f4dbb,961,3a7d883b496028162d54b8cb96f9f3247855e2441e2623220568511d752d8f93,1
ab81a2fd69cf5f91675f24ffd619db03c19af0fd,55377,596ab64bbdde839f673a3e0d24e877ac14a0b6fec362690cfe5431c27eb6c558,1
ab8d3539b729a98c0796e9c46644662e2f153461,17590,943d4ed20644f49382cac29d82c5198b8b714b24f89a71f709370493a96dc812,1
ab8dd4369adf9341eaf59d2b06646d61ae66000c,3348,bbb9d38410bfcd0738455d7dcd4fd08baee0cf00a24af6066017d9b48325067d,1
aba730e7c5276128bfc2f20cf2f2e0c96d61f646,125,f14e98aad51984f3ac156a60d200e0eb2ac728367e48b1ec58e9ccbbfed2dcd0,1
ac619013fcee9499f3e6577eefe594fdc162b942,2928,ccc3134ccafa6ed0e3de1b09e80566e146db600697baa6fa1aba624e3a37a016,1
ac638d841f4bf8b324a4db0215df5f81425394a6,86952,152c62be26a00e33739ef9c81b69f54abc72e21c1cd6deae0792436c8468af40,1
ac94eebd38e9c4616d8b8cbd8da0a3f7ac6e8f3b,12587,5bfcac5c796871e79c0b951dc199045c192a9279a0f414296b959ced2b2538aa,1
acc7efae8014753a10d9b2485c0859ad5b7c1028,16759,f5226b655a0b2ea46bf58553030834ff6d567ae86d079f613f2920e4ed145552,1
acc891915774bcea8fcd00989cfb97b75cd373ac,275,034b6593d0a853616eaaa2d1644614b97873a6e5b07c947970234b4f3e74e598,1
ad0859bb76e32b18f24f9af6eea2fa9e3dca27c9,2777,cd16dcb7f30b4c864b0058422c4824861ac501abbe3db50b0c047978314cdec8,1
ad13eb5e6201119de4dded052e86dc47c06d99e4,10996,e0395a5590a1a9e6d0822fbbb85f55377239e1a286b94a80a618a12e054e85d7,1
ad14f88d7be47573e7206363430cdde51546c5d8,37959,7fa1aae01b863695e43f1b4de0b862fb8757281ea5506d791107651c5d057bc4,1
ad18b22f5419a07715b66f233cc50e2aeada5d79,2417,db08bad6c2ba46e13047825a6aa424630dff0a866922b000e1a63191de8262b8,1
ad735dbe776a6cb26cc1dafad12dddae21fa2922,1366,40b6c21aa341503e916b2dff844fe6391a48d292710e686c7c277f9fe8ab5bdf,1
ad78696363eb97597d8cb4f74a4d1b71b859d44c,6402,862bc9474ad743e0cbcfd686a53fa717539aa9cc2883d38fb44c263886566a79,1
ad7d84ff644c76c4f4d75aabcb36a77a1ccffeea,15668,6d8693425d5af7c65158b6067263ba28eed83f2a550a60d5112307b1953b9fcb,1
ad878e98ea442192386ee7a8f4d225dd41960093,927,d712b5e65b89bb9a5905dc6c8da8b603cd9c2e83bbaeb5b2706fae3f048c7e5a,1
adc8112acacd49362e8c4aaac9718199ee704258,2118,281daa8b6ff3146e09eb100cb052e3a356942c0b0f4233e7bd174567ff01e29c,1
ade55eca9cd1309c5392e873230548005ef7550d,8889,8bf178625673d5631c3148ba3436937187edaa2e99af11725cbe4a281fa6052e,1
ade9b8227fe4d540ac8c1801c6db9495d5909003,8710,16157b24d7cabbb888e8585aaef0fa54cfe4823f0b83429c54de4ecd71168b1a,1
ae0fd71d009eb18c58864187d0ccd7c48ebe6ec5,1990,a5057158220d963554afc0e1d4c2a359fd66b943c575d96b463144d001fde219,1
ae1c6e3853880941bb4397def783f8b906077b7c,247,7821e91456d38b7b56e0e07dbd06220e39464d7624cf2c841854ec450eff876f,1
ae1d9a0fc2fe83e74c3e66e962226ce16bc3f801,15835,449efef6492daeb147c9f59b1d98a8424f12b38b7b70720fd8f6dbe5c5a48f56,1
ae1ed49f5913e3baf48c40dffce315025823dbcb,4550,aa9002d3f1d6cacc6e4f8087b317ed7551c299c2f48c0e89215cdddfe2f7ca0e,1
ae4200e2f90bc5ffc6f5fc82bf60cacda7f59b36,8705,8b3748298ca113cabed75a35243db2a31ba0fe533ceec5d2a6b9927288463b01,1
aea116a2e123fec22c191962af2fd26d0d4471ea,1454,ddb006285d609a3296626c47d40f8bc70534cde65f4df6d8ad869c5b292ebb42,1
aec6e6402570b0315eead163b1fe9550e19c9bfd,2767,80d6d4d0bf73060f0143ce378fa7a5343b9db65b5898e3caf014767dc0fd7088,1
aefd383c5d96825fcf40386a04ce663ed75fde40,63031,412cd87ae493401723b26fecca645d7af5f8f9d44c236d23481d4d5ba5c5bf5e,1
af056c709aa13c24208cbacc3b8c0a79dce18e34,2241,d25fd4f87cf4b2c8d13c7d04b2531faa45b9015132e8bde8a2abbbf9c6ba3183,1
af0691f47a5ff5d8b13401b67cbc199b02cadae1,337510,1c729c639bc3b9656a360d0c6b3e677bd6b84b85ad3acf3aa32af6e11e905b2b,1
af110ba063200885bc1602d7eaf328518334a615,2414,70136d7769437cca75e15ac0d38e9cc34acd960ed710aefa44ab49f20f4df18d,1
af38c7c983e1ba6ccb8f52647e4ae0eb6a6c4ec0,1022527,75cfcd4cfb8245a5ecc52c62ca67091967d0ae00a7cdd127365ac3f46d5f7712,1
af396db044649a258b6c4b0007f395ce97034997,7674,6c3fefb673ec1234736b9574368440359415fdfcbe11ce2ff028c83b34f11f0c,1
af4a298458c1fba72a956cd5e4d74dc9f5a0b9ec,284138,4c479cb0765afbcba8c45d132dd5483faa2f10d49ef89db4b9551e916dd7f98a,1
af5e96c6b760bafab339522b7f7f0fc813258f63,2890,5b8e6955e6a815bfe6ae27f5184dbb9d2020cf4bac831eeb8004169a22ca80e4,1
af79e63cc394cb1d28d48edd360cfd839a8a3754,6249521,966f6f3561fc93af35de4dbe4d923053db7f8deee281fb193e47014ee410de49,1
af81ad36ac26c99461a7a457cfaecc1bc4e08806,24224,4c935ad22a42f352cf79684a87ffb1d98b36d79fecba93b37ae1beafb8f85b0d,1
af86bc3cba2e3c9e625fd2d126c027c5a703cb19,760,5ac027f55d4ca17547b57bc654aae624cb479b1b6005350d7cb0cd2ebc035ecd,1
af8bb81b074e195af1813f1faefda1612b780d09,21021,2573f5b50e6f4e51ba3df2a0f61dd03b6ffdb06a9fe2178a42e7f701fbdde3c5,1
afc36b4f6a86db6c857e40f0700efe68f21e60cd,44448,e98a1a412ee6082bb5ad18d6f1dea11a300e62b21677a2fc0eb057bdb45f90c4,1
afcfd6e4bf8c982875c6f6788a885827504d1298,23928,8f190b4f328f6cb4e4842553304f4e9e4c2eaf8da3b5df50a01b28c74988dd82,1
afe5835ecae3c4ab0f22df30514066aee5985006,6902,a91ebe85a0c925773363b34ba096173922974cf7e54166fffeaf20d7f896273a,1
affb8e0551dd8e0e450e7dbaf62228df7d2357d0,2044,ff0c1ebdc348ae11ed8fd9d7e856f1fb52df3c44359794563ea20513e694e732,1
b002e994b04565f0f17e4daf3421a817ecb97286,40680,b3136a509652ceb3b929181e84b0010e0356d9c3affbbefe99484718eacb0a64,1
b03129618a202b517c0c9ab47606e6ad6e65eccd,459,3097fa5555c8d43e7225687be2ec62022811928b68fd0be4558fa2385ae70083,1
b052d0aa13d1b3d9d5ee9aa47e1d36a172414b99,333,81447d3ea2af4711162ba5418cad50731e67e807f0476d9f4b92b0cdc945c91c,1
b0618f3c6b46421cff2d14cb57938a89ea70d512,88536,26659ee6f56cf7124deec242eaf05a1ac8be89a5a81ea76428ac57e4c770c6c0,1
b064bc75c928fd4d791557d3aa3a6b1d19fc300f,2249,dcafe071f5fd9cddfe184789372bf6464fc0468e9215d20e0ce3454610b85149,1
b064f8884d39e56c919dc7e3f182e7fe2adcf190,13153,968fe0d42a4391d4186821ed51031ab03b8c7148b4827db6be842ee944273ebb,1
b0816ba817c5efdb712c468bcf4a605adb23ce05,12141,676ad363c1cc22f4370ddfa662eab14fc9a6ab473155a7eda4a8b380e1a0c070,1
b087e71cf5c8db6a73d2c15d64e151f334ac32f1,24743,b6f10b348134866c12f9b1d782766beb22e7f079fcbad13f5dff2c37f4e11aea,2
b09588801ba3bb3aca0c6aa4eaadafe2ac3fba75,2507,1a2690540f6f7ca8ddf1ca753b819c1b80072ec413b38f17e243afe67e022a9d,1
b0e97d78fde52303d1ac22fa6c244e4cd7d73985,20137,266ddd9cd604709b346852fde636be12ae512fc70fafae7863ddf1d0c4d4d46e,1
b0f228747b88f740f3b0c9cd7eb70d781fd9a8bc,6815,f4f049c4cbd1f08c6c7c4e21996d866b4a4977afa56a0695c36511137b701ba2,1
b125f0c33657039fba2341e2ac898110e043dcc4,2583,8385c4deb52eed3ebdb2fdfd3c4f903d7b1fab4249b3debac69ed4afe9288f69,1
b14702b3165274df8e4747fd6769a31adddad30e,2128,a3a04dffda9fc2b09d347daf622dc56d6093186fff995eb4bfd2d9a51e8019fb,1
b17160546b48658fc198f74cf989f16618cf543b,988,4114f9b6e743ffff985ffd501a464f34f08a3b9c0b7a4ec1f52a94368e5140da,1
b175354b4afe5a8a4106099e37e9b6c5f15aa145,9019,91cf285755d2455b3157afd18ff73500e57366f041b9eb71ec80efda968a929c,1
b19f2feda4d201a17a60f3bc126977295c293ac7,7505,d1e2b306857aa3024ce40050757d2d3c7c4951311153b15c5c4cb9474d021bca,1
b1bd58fe766c90bedfb1aa53063d9705219430f7,1357,5919ee9573ffc256a72475462de6ac7e16b865a44168cb9ff8c49da47a303120,1
b1d6162ee595697e1148b3fe61076a9224800a4a,4524,cc26a24571187a76768317288f87fca87bc7f8a79d32c72699aa7def31128997,1
b1d7f729814402f5ba0e6c2ed6d0f6b5e81275c3,222,25d9bccf0a248beee8e5228d1ec6069b1a719dc2a2676fddf1b7eeb76a9985f6,1
b1f9e3600ee15a407c769f8c52cdd4da954648a8,458,99580ecdbe0eda85a1894ddd4d8cd41aab94da5c40035668c67092c28092344b,2
b20a2cca044978dc8dce68baa76bb526985763d2,1815,cb202f8549cdba7a49ad044dbbf87f4406c31e2dfe13b7ea3478643df549029d,1
b20fc48687b3effe253f079265772a4b5d22612e,259,365ebea8134e23c9f2f83608e6f89a081ffafd94ed02168fd98bc52bc0690c20,2
b21e25581e027a1660659c79a6e59dd343b22d7d,158049,55870fcef6509b0ac5719b50e6cc3740c5c9b8ad98aff70d4c17e96740a5f74a,1
b221e78fe0591968d2cc15324974140722b7264b,7963,67918c8ff64b582f0d38be98002fa98ecedc085a4bf4e26f7d8562a42b90eab9,1
b221f59f4edbb7b04097aec57e91ffbef648100e,18113,55325b3108e175a42b87ebe544fd307fa45ffd29b6f7ab471443803ad9ba53b8,3
b22b5d315b369640b1c2448d039fb22af81bb341,252,20c16017d0ae09e9807efefdbc67ae929f07491ac2a8112c9e9d1d15c28a5013,1
b233648d7c6fe1099e556fc243d87bcf75677cea,34086,d8f3dc75cd9d6a4cbcf13f20b6538502669c8be03de56af1c963b44234d2064d,1
b24d709284a91e0301368f2da03f248355acaa3d,11769,e7fae5e6c30b26bccac5b986e80b077742febae669564343e1dcbc5fc68a0614,1
b24eca6a6d4d8d62e9434408dccc42772b824729,9752,abbec1961d74ea646f3ce10398dfd16b2135663bd0663d36feed1b95b70f84ae,1
b29194cbfee505cb6205fd34633d9ab5778de343,19979,08303e26f8df30d7d0da8c14d26f5d275130b33094b03091d6155eb173c50691,1
b295583664475b85ff9b459243fb0bbc47fb1de1,7650,28d5e54864528081f077337e8fee403d31ee628b77b5aafcc23a45ddc32c24bc,1
b2b002cc0d15da72b0dc5e942bcfb1080ae29f03,157737,f5fc8a253f318eb86bbfd21b3e1dbd12e326b12b68d8ddda37ec4ac1e1903d8c,1
b2b59f7fcd30cdc95568baf5506aa2605cea2486,2379,82a2243d33e1db0448de9b19f7de4d255de40c676632f5b5c0617747f8fd3235,1
b2c62be8296f652c79ea4ca0727fc89c968a733e,12540,334bd4a7b57b89feee31a3970482eb4472e7e8fb4be50cdc109c162a987a98d4,1
b2c7f3c506431db9568c45547ad7d4a96742237b,2124,dedcbc3abbac4d892d9f3077a5c894cc96cfb5fa7a8980cad7efea8b54417e4f,1
b2cdd389026be31ad2bf602f9241e23017484275,17484,300af22ad46cc8d19289cadce71aa4d6f808bd00cea3019ab88b7511f6d42e4b,1
b2d4db26adb4550cf4622710c9ee2f754c1da0fa,15007,b5a34967e00ef695e456adb4c48c594098dd82b1a3a6b5ef50d0005e28b6d522,1
b2f2b458ba3f1ea43c5325165dc2c77470fcf528,2961,26825eee806416107ea27d21dd9c4cbcfc7571aa89a0cd11bd1bdee8df9450e9,1
b2f70ee739af7c6b3bd07de7559ff840d7c91eda,1007,2ee1e7601e13a2fb5039b9aca0d2883c5bfde18940c9d386a98261083cb9037e,1
b2fb4ac3a97214191d7439ea02c4d62c24acfe7b,15897,ec4cc015a2142423305968179993ce1629a14396c9b064eac9e2484fc3c9cf1d,1
b335a5cff94100d472530255c893e9cd84b0d750,17549,b35dfc6b66d85a63736315c8bf021763ed95780e162c4cd108e6e7e745bdebe8,1
b33f22c186be39f26aa89538bc0e5f63361ac0ae,2345,084ed07c373e51d2ff205db7367013b56366d088f8902336c6b0541afaa18c3c,1
b3501dbc65c83d2dae412c3a085335dc0cb30624,4202355,e67596fb1e749e7889c471942139eb3adb13656fa729277e478d00b0eaae8c4f,1
b36f9dc61f36a3ba29025de56a2918e8bd09f550,49660,d41e404d893a2fedfb10017b5f5732282f6e695220305e9b9cf1049b7c310731,1
b390cf8364231c31662c71a10d99f66edc3fedde,4877,92934156b75aec7892f4de8f1fc5c07ed53b0f9c833f3d0ec2c9a9e4e18548bc,1
b3967d46d4c3c75c0cf979781be20b4dc23f20cb,947,c324866fe10a3b0cce7e3f7a3caf80d21de990918b24a282aa103365a1dd4d68,1
b3ad2773164077ef28f3a104528786c9ba86abb8,7718,bd853aa7b07c5245c51ae704c20f1661245d45c0df19c71aac628f5018eb58ec,1
b3aeb6b08d23fe1d0c416a775ef6264ffeb2a8d2,2034,5305d490063742ba20ab82398d4c41099123f0a5be23fc1029c764cf65d0bac9,1
b3b4b32129368769f7f341f0881b92466ddb23bb,4092,87e5aafc27ec962fa526f20bbad54c2cba05f73a18765d057c4e28f937708cb4,1
b3d75202c847861779d6b9c0b25dbe4ce8a4e6d6,12141,5481ecc950f32bdaab28dbecbe5e5ca3f45e147a0beee271c1e8ae56aefaa81e,1
b3dbd71c5e0463d158b43d54cd373d2a0f0d38fc,199,1875a6e70e0eda17d1ea0a3327744ba4bcd90c7e1d90a7efa117bd52c98a7dcf,1
b413cd822792d45b91dafc97bb093c1717fa688e,1158,2fdadadccd71bf93afc8fd184ec1896651668ee59232cb580a2004f44407e666,1
b418e87ebb366745acd75838193f90fe92886ebe,434,3f0302f76124d0218fb3b88b23cfa5455df52d03352f014549c4dea39b0ef214,1
b44398e56cf9a774290ebe3d2fd39809498a565d,236,53e4a942b3dd494164e5c3dd835e76a1991700c66b20f6f22ffbe65447af9453,1
b44cf59c6126c9663ebf5776f0fc1a28491fdbf0,4381,ebe0b0e326610b7171a9fd4d8917e18456e80c7d8a5be6d008d743b5dee0e2cf,1
b452896e458ffb01ec4c11901e353717e366fb43,25418,6d253eb3c8860f44d4eb853f622b10076641f79332fcf3b06e32f4e6015bbc77,1
b452c6c8cf64eb5779c4119a18b76f36645978c3,230,546f81aa7082aee81fa24611797e0bcc92296f143c223bac023ee9ca7275b686,1
b45477f9b567c0d890ea0ba03f1addb645e6c54d,26838,8630a8eb55cc14faef62ded6609e8dad04980c32fd05599fffc564548f706a3a,1
b45a1a9302dbf96303cbac9b7ab402b78278d9f9,8717,0586336d251588d8e57e296e44d311c257526f1e775fe90fcc4efbd493fd1f8e,1
b465ddbf2837a1431545dd5d47cadb23dd01e042,135735,2690f9b160764160e95360667080c1f5e2aa15816a72a5f08375049e44218cf8,1
b46c0f8312aac4574827b6093733702f5e72518f,1993,6ef94100b5a46bbbd8e8983b8e830be9a89578ea89ff63dfa6ff283557e365de,1
b4819844c2bf077d87af3171afc832df900ab8d7,231,0b127a4e1042ea8ed4ec1338e3fed752bde8b56375e071c3ced42f4e8c97a12e,1
b48eaa110101a0cea94f190bb9acaaa24df7d3a9,6150,2fb38b4d5e5aea01f4256c21f9bcf3cfece0da6c71bd0c3b1cc96783340adfd8,1
b495e5f0d1ac1605db0930e6e0148b9c62651ca7,2764,a267b150432658af81c9ec4b9c1e03b2bc7384fe876d95ae5a4b7658a347f52f,1
b4ad94735e069a63a2349f6baf49e5a3e726ca69,19333,db46a0d0f83f81267b10a81dd2da36ff74d0ea82b3d71d7d864fb9e8e59336c1,2
b4c5431087de7835dbac932bf472f99c0579c3ea,714,0a8bc71939cdde09fc3438f65f166949b5f3383b78972e1810efb539b74fd2e5,1
b4d92333d699beed6cc6fb3e90255e465aee431e,138302,b58784b9c9a3a376503bb8bb64908b65bb0ebea1f9689fe97e76d796e27ac317,1
b4f3803af31548707e35e6efda097953f446e4d9,7646,80fa04da2138a7bad248cb078ab4f5cf778c595bb9c7b60ff9d8e87d1c473cf3,1
b4f4b082f8c54d18042e9d13154063a2680556fe,12747,c359646b5b01f5118884eb978067be2c56b4b462d3c199f43f51dffde7cddd15,1
b4f726df76abf81ba368c87c1a0e4e5f3c1d28c5,1912,490aecd277b5b92a5bd972bc629d28512b917f7160cb34c9599da24e8028d123,1
b4ffad53345d88a7f6b94cac0db837bbcea33314,3885,dd88c6f09368323c93c13ede84225a15a8ae2e3348abec7f878f1a682c7af340,2
b505d4fd1e3d4fe7759b0e777b3416838345a6e4,8929,415feaae7dc7dbfc7002bb69f1f73923c6c8f7c7cebafae586f13a37d8995cba,1
b52863085e284e66b1436e3cf6ffd27b1ab98a7e,4294,d90c3d307f3c3a436a07df4795f649f4047401482795ebbb74761173188aa4c7,1
b53d76e57684dab7e7a3dd740f1774dc2358a051,4202355,865655647b163b630d6dd6058e5464bdfa9ce377c48eade19d59e63b3aed6382,1
b55b7d27dfc375baf4ca4d5a0f5aa0cf620197b3,1255,c63de67cbe01797b8f3fec96e57bd14c9abac0c55c98133087210b187d3c7655,2
b55bdbd144c6515bfbe30e69d9e544f1ad45c612,32814,828880de8e4d11c3c7621aee7878cdcb9affd7548ca362518c9cfb5e73e2fdf0,1
b55cfd3d40980650490db855e7279fec02304968,8600,d108e6e95803d01f09bc7e0b626c2af58459612364c2991f7216ffb07a7cf26d,1
b5ab11f8d258cc42c487807532a07aef7b3c1403,9441,6fb2932fc88736f8d169d02ab3afc0bdb0994c791637bbce04e17fac6003548b,1
b5ad1933c6015492142b789c7222be4afdb27b6b,2048,87af0d4727d68718d64e0a284b5acdfbbf410cd7f5c28581299923abacabd878,1
b5ee0d93b51dc985085d553d79ad9ef4d803a538,61798,cd39d440b36e5f35fbc23ad210fdf7370b728b761ce36020c9c88de3fa75f8da,1
b5ef431b76142c014a60f99c3559ce2e6380f916,14729,bd5afefe5283cf2c9224ca1c8efe4858162f22e54d5a8a09482004370c012ef8,1
b5f3fad6587dfe01a6759e21e26f01e9bd3c48cc,23616,dc4eb8105a2c24f59048766e3336f2cd1b838389a2634c90a97ed30186f0b496,1
b5fee4f25fec2db7819ce824d50c57a54b730f3f,720,01434e8ea406f91c59c76727ee5bd8a113e28eafbb287bd2e61ef808678ce993,1
b62a95a3ba7f78ba52caf52eb66b2e6d4a058be1,1048,b12a2f4b46a4eb0c830663cd08a4fcb3e68a1e10f90cd068404534c7b3f0f0e3,1
b6391154a312c73d7db2471968acc9af26a45fd3,2132,9a7da1f878dffff0a4ad76e7d191f51ec8e63173c24ba7af9e3d26a21f10f334,1
b652eaad6863ccd58d9202c0c16b23c817bce9bd,283,b8286d8d94c5fc480f49dac7d3db736eb995f5cb666aed851ff674838870870c,1
b65cbf10bf503473ebdeece852909e6bdbdf712a,85777,9400b3966fb5d6b855fe8577c406784ed9bd77894892dbc6a832c1ec8110e190,1
b6b1bebc318ae66bec97860f93604f266ec81ce9,476396,58898ff69d19b21b1edd0e79cfd776336d82fafb3e0a84f011af8164c7ed5e55,1
b6d0d854fe1e4f6f59f5a9e5a72418c6415f9944,914,24ba23e4d1ecfc32f312b22c225d77b1f353fa68423671a4ea6687875c91c886,1
b6dfd0fa19eece35f7db36e21b87dc55d87a5eb3,6724,f8783dd04ada1ce486d5cae1ae921c0bc6eb4dd52ebcebaa90133acb1ad0c6db,1
b6e528dfc3b23242c1b9f2a3419fedcf77627403,241,8854210fbd69900d8349551d8bfce281e44b48028c06de72e2b5b6773dac0344,1
b6feb33550df46f080143fa3efa3215354380e4f,417700,ac15c89ceb303f0bd00d7f7a5e7208df83e7e9228db2aab4da4d4b433383210a,1
b7022003d4368d81b96c8f9e65765004cc35d8ec,791,c2ea14245fae8455e16afb64b9d7f2f1865cb10cfad86ad372b5dcf4dcc5578e,1
b71c8dae14ec2f2a760a1b189f5bbc5dc4502fd0,320110,1fb0ebe36e6a33091f82849cf811ff35c02aab11a59481b16dfb5882f0bcd6e4,1
b74ca4819a1793ae9e4ed0f966e5d8f333318bb0,157,93467ba6ac0a177cf57373abd1f70e13b51e0df26bc6f8412744fcdb18a4c635,4
b75220df25bd92fb0ccc6e93cb51f0315d01f811,80,c3f10a075adace0c7a32194c3773838ef13ba5e6a0b346089fcca6d53d5fb848,1
b75ad39f1e52d25a3dc6991b629ba9b969305a11,227,9973c8266a87b84b4500f008d3375d648ecb0560f654a818395760ab600be238,1
b78331bb810b0efb52e352439b75f2304a73b534,21783,5b215d27e1e2e928222a694fa1909ddfe2238a3a830c65c439f5e43f917f368f,1
b78e146d1dc0395306ef5d3697fa11e7aa410bde,13051,26a7b46c01ef94de2236890a1676f46195ced6dad5e2a7adbf3f4db13674397c,1
b7b10aabf9e27d13860e2a5d426b1584439edf0d,2230,64aaca8898fee1544bcd503a6e3a20281207145a638d2a487f0881f3c034e06a,1
b7b33368c1ce60464408271f63cf97c6e7fec8e9,302875,d17676e3245ea3e4381abd427563852f5a657987e94c98500363327f5a4f8299,1
b7c0e2dfc00a5c00800784c2287621172a7ac040,1465,fbcecf7a71ba4b9377a850d07b209eee70e5fbcfa426bba5dc4d1fb759e28623,1
b7c718d5f3b60e73328bcabd85b55400e868e417,57671,895830b1ad0de6fcf713098c4d4f59f242d7723be5876c7c3ace44721a90a697,1
b7cc29dc0efb251497b2dad11881a445e2f8261a,39632,063cbc8ba024d8f554064a93f09baf3c3f52c37ec02d3209a7af2f22537ee332,1
b7dc9d6ceb1b4b968347e5e09fc0b7ae2006e575,1374,373e4eeb0ac4030df27662b6c04cf3efff0cbd97537413344b8a04f51ee3e14c,1
b7eeb7c1964dfa500a59821239dfa8b24a59038b,716,9c40a49bffbbc52eda252f39fa49b3f568c134a1621397b1882ea0b9ea03651b,2
b7f03a29bbce312bd701bda8502ea8277be98d64,8446,235105563bddc4bb7cf0d497230a24bf8b7f164c350a6dbd4ee52c65f5b6873d,1
b7fa22573897340c8c855d3677b580220dd798e9,20474,3c241026ab576decd635419334ac3f7c344c887228a13be2b42230d03517a3b6,1
b801810caea57e91bc64ade12ba010871ffc86f0,121304,93e2af165e09f757b2345bd7c1a17b69dc439d2ec7b56eb8ebc8c8177e6933c1,1
b809492589b121b92f264a28afcdb098343a8187,1038,a6fec9c0d86c1730f7515db27cb3709fd2a37451f693c2bd717544e877966fdb,1
b846a168a2e858923c1911c40d69d8d6e510b14d,4891,ff8d54ef9c45e5174ffd9733fb132ffd7aabe573fb3b376634e443101158faee,1
b846eb965167ce0498de6ed3e930d3da621c2c48,1992,f6a24740558e63392bc2468b2afe464de09dceea569b15133b28dc5651ab9445,1
b84a5dbb0a52ce75f2c7b08f14109a8458c30245,8273,a0aec3c2ca67aa296fe5c9a635e2cdb4c1f362579a8c68da5bdaa4ce97f7900f,1
b85682d6e799ed0bf8bca1ff88287badf5237fd2,947,103ef30176ed5da6d23c45dd4fa8ec9185c978722aeca12a54518da73cc58f0b,1
b8bd3044a8d3d3992082be99e7002ecc6db6d625,18558,f6d1c893928b5a74820e6bff4b431d21f9741784827e9fda18682ac370a64a87,1
b8c9a14ea072f90b7c6c73e29ff1fde937458a26,230,c8bc1dc7a4ee52d5a3adcc5cf9b9e0b42426933b842732b2618208d29b3946bb,1
b9636c24f9a3785d0441fe030dbc081d1710e79f,162,f439a6ce9fe39359c5c3b41a6116cbde28ddc9bee46291195775c6242dd69a3b,1
b96dad804d777c3e0c504a86f347baa9b8e83316,7220,5af49d8899cec08feb7b1e98337e954ba97b1e9d35f3b1cff4c6936eeb6f85d4,1
b9780de4bbd34baaff65112c7da8851755035e58,7501,1640948d4997c62c934cdeed141c726d5bb689bd3eddea17a1c9268a7812554a,1
b98dd82e200e79fb40146570acbbc5392fb7e411,3692,5d4894089bc645adedd4713f0ab4d9212764251713dae5d7c6419dbb560ad61a,1
b999adc7f5bb9af8f3d2956afe00d07d26153f73,247,4f1cb88070d2a42533dd3179337232a9aa878eb252a465c1448c2ca9cc0b6d17,1
b9b1b4c127cedf48e7706a370b1fd23bb805da00,198,699ecf1e88aa3198cf902667df64d9949b1bfcee14a2fcbc226eab8690060594,1
b9de3e6e2539cf7bcb4556be8292a581f0c6bc6c,4916,bba1a6d64a659e5e173a7a9ab8e50db7801249bda50aa6e76d4fbe17bbb19db3,1
b9de6250b29c73f0f3cb6a59947a4f88f47b9716,1191,ac515fbb5554e9b5d08e43506c1507f9ea48ca3e75f59b7b01e8e88efea4efe1,1
b9f07538b35da59b7290d48d59b3280ec0581cf7,3586,97f3054f3b19f6756762a08053b1d348eacf133eda5114e38af3873ccedf5d90,1
ba1efd2321ef96e9be840deb4c3fcd6863b63807,6721,34745cdd4977dd1cd8b3cd7c522babf250c62a2c43a25202c0690a18f5b676cf,1
ba348f19b3271fe41963568543ab0ec48c0c0155,10583,6b307e9cf2dfda10aded834da8cb71390a7b35e5a813c64f7dd487dd71ea0bc3,1
ba363000e09631b29f6ee283575e17062fb09799,5003,788847265e97bb0688bf48d22cb17e5b3e2dc290a56bf6787a48b5daf2ddc7ce,1
ba535fceec89031a3a37bc7beb5482255ac28be6,1177,13bd6a921fffdf4350ffff526d3b26581159c832d96e3ba8c3be0f5199e305c6,1
baa4d13b2832d0c36b0514f98633d85681cdf74a,25137,f3135c426f998ee37f8e4154be39289983707e97b25da821c69593d768881de3,2
bacf59e46ee5ec79905c83f1007279bde014e1c5,3661,f2b4660e8d969e6a080f332b8339bf1302baa9761dc7ee98abe711b46c8085bf,1
bb39d68f999e03110e03a64ca2831af3bed4c904,28393,dd25bdaba846dfe4cac47353084b3d06fda17cddad923951fdcc5d4d1ccf3a45,2
bb40e7f753985803239dddcdc32c3ab70e2e7278,25228,9bdc386aaf7e427903cc326a194b2585213a55adbac0b65046d4ec9bde9ba779,1
bb69a1a86942594323c41b548f6a3e3243a844b1,4142,c9037142d184ea8941a657be7058a0b71bb1b8acfd95359c4400c54b544e6df0,1
bba26ecd5b5f3b5e0579970893c8ef57ed3a36c4,597,ce3945e0167adb0cd0659f590c02fd85a3d5edeb4573be0b8a31607c54e98e99,1
bbbaf173c1b995cf6093e828b3cff73a546781c4,26,a34ab9523e85bf2b370e1afb84a5998de7007958c18b9a79ff32062b0035c29b,1
bbf9e009b9ffe2e6d63c4b8f3580a935bae63752,7732,1c19199e0fb3817288e512344dd5610e9d7a2ff766ce5628a436cd95cec0f26e,1
bbfa9fa6cee650cf6a50c9409d55e96a5148680c,45427,8acc9a1865d4c8d83b3064ff78df3d3baba75f044f0d733367fddee2f3243883,2
bc1aff7095f5103a43d1f4610ac742ea957431b1,12768,04fc11182f007e31cc13cccb88e5208baeade7d6b84c3fc6f12cc7424d60f79e,1
bc1d95e278218d0dd4e0cb0b976cd2f74719ee0d,1647,26004ef142ffb746ea25999f2be53a0c1e3f882971a708e673f85938de3bf5c1,1
bc256c691dfbe00cf5ae4ab65bb17ac5c3c3cf20,3336,2c09e91468e8eeeee6109f1c3591f492c1d53d81ede95590edd69a3c6e8589a4,1
bc3337d281fa2440fe317942ad7c01592db9fd6a,1516,0121d345f2446f21b7e8be9d326514b8c92353e666e8e8ff75117af8bb8e5842,1
bc48e6512a3226c5fb5bd47682e4229f212bb968,2318,5c69414897b5bf42672301448d386c3486884cd063a558e342e97680d4aa9a13,1
bc55d9bb54e50d9e983e394ee6d84dc7a7ead9d7,3432,5450c22cf449d2f565c9baf36a895ecef4d0afbbeb206f8b1eba624a573f2574,1
bc5df7d85246dea094142e76ca08037c43146ac2,49469,a410b49d4b025d4128cf461ec0a99b785cf50d69c3665f1ca2c9dadf9f57776d,1
bc6ecc86c7ab3b04b5fff7c4faa204e542a7efa4,16471,972a081084b5aa244b93feed741f81611bff2e9c636c0ee49180b859df1ada03,1
bca1ce8b9777358289807e7d0c81c002ca82e02d,22809,27874d57771b84cd8cae7a9d0a666665fa959f6629234c0fa1642367feeb212c,1
bcbfdf96b4f116e866832854761ce0eb07059fba,1485,4d1da53475c25e3daf9e24825f3950ee751560b0cfcf6ab2e50ccaab6e898d0b,1
bcdd2e4b5645c934248e619e540d0de329c8dedc,855,308e5d74a6314d1e2ec43888d76cebd7eaf99a37e4a778f915980b1c65d47710,1
bce201cebdc545f61ddab7270486bb390cb16c63,868,d35a8053a1eb80e2bc921076190e5205d709138303cb804f9ee8b77d36bf0a27,1
bceb56164d36d8f42ca9e754973ec7aad96b0ac1,1993,cf74587b02d9c3562f33086ff675866e1ef87a0ed03476fa3c566692d4beae6c,1
bcf90694cde853a8b4642ccd8b9b3656ef2308f2,11412,1c61c815d642dcda87ae87f58d8fd0ab7b0a3bb3fa1c3b9f9be03c823c371359,1
bd177091563b2d7ebc8999d1d37aa9070d7db984,73323,d2b48e6be18038b3cfb588ed5b0b35594d26b2dc7be8b94cbeb916f94d48db2b,1
bd427b925a0fc41f7c8d1b65ca838d16d26965f6,1116,b691f34615efccb5be6e3735185314e8c9f70014f493f520d4ebb8e35156e7f3,1
bd4b7a0712fcbfa98e83be9958b7763923674090,596,6f0e4b8246a00407be7dace1f92ea35c64698fc1fd002720c44a7bdb0ce1810e,1
bdb38d3527c5f8bf0495161f386913f140c34ccd,7332,870c0a809274647cd0f0dea2333339ae1e47e2cae2aa0238fc677fbd58a49e79,1
bddfb3ff4eb618fd9c174cc6adf733aea9b4afdf,644,2ab5706b603ea89a454ea90fc7e94adeb5063de04a2a170f2fa1f1be6e02517f,1
bde72ac5e1e096f6e3a0e8454aa10de5acacd1bf,4149,62c922ba8f486a7e713041faf4af7124ffaff9ab83e89ef3978d3c9584e616b8,1
bdfad09f4cd9ed8b9ba7e503caae5ce63be60fa9,138,95d84653405748df540db81f509be3fc56508bbf8a17dda9bf398a52ee7c09c7,1
be1ba423501e84a21d651f291af3dbbcd8b5eb46,447,da41bebf419e6f4ee7de10a1786d548e436608343edb96eada46e61cd1e6537b,1
be296c23d4179b18a005bb145f491e176f476c80,1211,102cf0b7dedd6d42a9edcf792237e7841c8ef6cdef5cbd30f94a7ad702641d4b,1
be2bd8eb6dbc1ade736940f127b476f22edc72a5,13843,73cb1d29508612182ae58b19681b4b58c7d2c45e58138984dd8e065c2d93dd34,2
be66b47dd443b57f0c5e1ea3a9a06e4b6a07efa0,1108,72e7bf06d5856b1a28e5600f846e7d309f8e7aef8199824b5fd713c8bd5af248,1
bea3e8f13071997ca940d883fb456e3813803bcc,4861,ecacbdf7e1e60b13a59695c98c2e1da9e93b606db5bd6956099b611acd3a519f,1
bebb948c5189f0b3ef30a4704f6beec69bf6d97e,10805,64c239165da9582c76eee04cda3218fd47416ec99ee1498fd5d4415dcec18d78,1
becfca94362ef43273005fc19a8715043c91bd41,3586,b935cd70642273f2ad001381a0fec406391984f204f1aefb70d10ba0208afcd2,1
bed2020498e671efa80ea19fbd59a37ed205ee10,19190,ea1d19ad53c02e4e1dcb1e043e2d8bfbc442b6c23eddb4135f5c461ef3c000fc,1
beee5cdff9c7aeb5244ccef081d2833b6bff5f1e,65884,ee061e858f933b0c06add73b2d6fd643f4ba595b387cd0968740e0ae1c62aa02,1
bf0959f8efeeba7153317a218a8604a928e143a2,2488,8c5074256f13d59d764507385039c26288d20c0b53f7205e64bebc8a2c893930,1
bf0b423bb199d4d63d891f1638794b436a4b54c6,9181,d672a2ce627fe038317e600531756a18d583005947a08b0d02f28aa372dd5477,1
bf18e9cce787fc8efe9a40fc674f4f9db9e72842,11352,ef34a298f120ed9c3aadfb0c310eff2c044cc77a1c72cc166e49add3c58631c6,1
bf29614ddc03991541c9dd0ef12e13e8c8737096,137431,b7edde695875c49a75da2d125b276ea19e53350b650ee5a4c3dbba3ff1791283,1
bf33e9a867243f0c12e4f1f055b16b0c6a889824,57773,210c510c80274280085c3d53ae5d64e16fbb02223cc7d0be5cda062b19cfb47b,2
bf36e0d5cf35dfad203658a9f72715371b18a059,28120,88e52e188d981c5eaf70820bd60b3f66d50be282997b61dbf71a60d77738c1d7,1
bf834e8d2bd997b137c2ae33d7a28a8dba783a36,60750,0f16286ab13dad4e472d832fe8b2a02e439e34663be74f41d9a566f5d948f6e0,1
bf94dd559aee137d589997c05f2765d1ce7433a4,8388608,5374ae07446e8607355bc66c9f7e7b528140804fba4f03ce5cc9c5fc04ba603b,1
bf9a1c3e47e6904d5b1ee0b2cad0c7146435065d,1882,1ac7049e476e8029da512eccfbb5d553dfef2ac6d6bf690b0255d1dc2f55e26c,1
bfdd86566e0394afd369176a3e525c6bf6d97959,10074,7637988cfd7e84854a145380199b19dd0947d4a12a334be3a77dbd410957b254,1
bff0d8076579c03e32ce8e6567e85bae646a1278,254582,34d61802a8f3acd44785ecc8ebdde5725217b03a6b4b0375fa086743810fd781,1
bff7b8d9e85e87a1036a70491e056b7d9bd881fd,257,f38d58e739d588fdf6c2f0fcf2d42a63b16b14f45291131f443395869b099583,1
c0008a985a4fe91188f9a4cd841129825b59e293,817,28b5a2bf57aad123c50a6ab641b6035ac57f7a40dff586f8faf63a2324d08973,1
c03e89bf2e9c8ec9213587c8fa77982bf2949d55,4464,b53481cd898ea14b2fab2a9c91388e4e86d158a1423f608174b0b8bb80a01230,1
c09abba92c6bea25498734bc948e60b3fd1f6771,1087,0e99253d1fd569d0029e90c4f2db5b34678d7e02514c2f5b7766d55a5b1e625d,1
c0c0e03fe7e961e2f7c356a71af6b07853d2527f,7695,651a4acd643edb1e210d19c197f406d1016dc83b222800c0552c31fb60444fa7,1
c0c3eef9bac2a073048a1e8bba203eb280fc1212,336,5e6974689bbd5ac3d76ebf26c9dc80a79ab8af89abd78ff5415f36db2c133ac8,2
c0ce423584c9d9ca75c186cc2a60f3318af3dbde,416,c5d1124984971a81790e6b48a6ae8409c4bc3ae20264b5ef20bdad5533760006,1
c0e8eb38bb54f10b654e4b23a8504ff0a1736d13,63314,fe26d269425e2cb461bb20ddee6da013b242b66fc77aa867d887f4362718a83b,1
c1317e0b9a7a0db706d095dd2ca6351d3ba70cf6,173790,37d9f902b299c0ef2964c375da430242118112b734537c14cde8daac24a38838,1
c13bfdea5be4eca9e667030aee7b275204845823,46688,7111265b27213809180e71d33df930f402693593a11dd2732f0e89f8fa7b3b30,1
c13c1c29fde84ba96ae9f94d736635ef911340c5,1398,3f4b936453229297a0501ae133b91e6e988f51185a1ca3f77837918646efab88,1
c1488edf5fa369b82811b930c0f581be92013636,1556,1fe33e6137bc0a6769ce390d0c4fbf584624bbec36d97254bf54ab85cc75a7e9,2
c15bd7406bc533bc3220c0f563eb2eb077a3fe7f,9729,3a0f324ef8e63210aeaa6d14dab368becd9260463e31696ca0a4f1868c42ab60,1
c16557d2bab6154ada141f33c497e7e2b2b98666,284212,4552a86a38129457b50368684457b247c6ba94d8a847ea09753d433235c1bd6f,1
c16cda6d517f78a8baedb7f96d7fa7a1b03d7fa5,160882,d0fc463523ffef60bc84bc63086da50b656865552f194b3c5b9390e45ebff123,1
c17d768f4db980697d8930f21396e65941a9cce0,10481,15fadd85296de80f809d6ff78dc3816b5277816a3c59513d871de872eb533c99,1
c17e0fe0200b7872df5dd7768b2e847fbfaa7b49,545,2eab98a53c27d3b2f0a4b4c709c00877264d8b4c981914c391a661c829e390d4,1
c187201dbc1ec54a40f931bc95f4900958f8c34d,54046,8bdca660d1509538b0f6e9d39b863185290d818ccacf824967bb4f82ab111a99,1
c1ffdfa3929dcd8650fc1f25c70d38b1a90d1b5a,10715,7fa3060536ad38d4906d55b6c1fdf77f6ab4f347499f02b2bd66673ea2f1ead4,1
c21aa2cdc2b73f5809ff9040382ab07a0006c873,4204094,076157597b3fdda289347f8b6581b90e999ebd4bad605199ea3b72eb51e012b6,1
c21b2ce3d00cc014a2758646d8af651833b0ebe8,947,b6976d3af1b5581ec858a82001204bab3372f4d7a7709526d46bcbb3d9491840,1
c2209545d625faae0d2ce60994b4f03a34f65213,4310,859a024a8dae48f6657532de15bbd0131e2da2e62a7c2f32fc88aa5a572dfb05,1
c22f43e26d14f1a5d78175654fb30258577d95ed,276805,a9943ad3849ecfe62840b7dfe958909babff8b4bba9cbff67a3ba7e215bf585b,2
c232dbb9aa48d597bc770fc649b4719800846989,7321,d7cc78f457e2abb59bed14d7132c3ac5351b234ff3674075bf103314dc56f171,1
c2bec4cca0469689676261dfd54f2340dbd512ea,12710,c1020cacfe1041e9352968a1190678e10af5da4bb455f3d20864c69ddee4630e,1
c2cef583c5e62b3448a9b85f65b523aeb8d15695,3233,5edf44a428d769acd34a8fa9429f3282000d02929d7103385587a1d24e9b3102,1
c2dc6c8b10cd56fb0bef50d52c6349ebb4dab281,42640,a0849451d153a541f42a69219900b9349da4e7f3efeaa3717cbae0fb620443bc,1
c3167c27ff6a26c3b78794bbf6f4e97f6487a990,30523,f5769d4701d5eb40bb5e20df764ff28b50c89f978e453197214930104c21a391,1
c31aea0ed56785b4b9985cfe4a5cffea21dc9a56,13226,7cb4c34b26e10c934ebeb98b4b7f29977e9a0900d94972650d006ab0a249aef4,1
c31c9be66d447bd89d49028c52a17480a74883d2,1495,febfb96d23d456480bef0123e878e70430181e5ad1e1702d64e5fa3fdd494063,1
c374f6f236687e1fd6cf0bb5b2e42ebd555d0ba7,60104,c7342feb66d55fbae54823a52b8717e6f66cb1031d8bb4daa95caa612f6b890d,1
c37fb993c92835266eefe5344020e3296a1c064f,20883,c521c7503b2930290aa7acb7e549750d761ba36d74849d0981d91dc5e285d6ce,2
c3a2c9b594c74ae01ac411e8cd08c635c76f4d77,7185,c175ed0149e85503191af63b1b77873657ac7aa45c3d7b75a947d3fcd9e4ecd2,1
c3a854bead4dab38b582111584a229d08353d0fa,2050,0818bc30d97dd13a315da0af1373decb6bb20c04357d8c764d41e9b89126df17,1
c3b53a9db5b10b88dabfaeb199f78d681fac1d21,12593,1bb07374a80c62d6d86ade83437a6db0ca60524fcd47bd2ba4e3a14bac21f283,1
c3cd26fe3e0f2943bca02733979d07a361a93a44,4089,eff7e7735425a79dbc1f8d1a0cf8fd71e0f76cb1c055cede24c31e79ea95b4a6,1
c42b8fa4bd07d19a60764a07223202ad8fe078ae,32455,9f472b9b96f333c9db4d84daf6f2922298c16a52c5c53b6e814b297029f35cd6,1
c42f7cc3c8dbf0966651d8562b83635c4c24d2e1,44472,6e341a496da6423da64d13f6e1121f5b95b01853cae45f97a5c87c4b911869ba,1
c46911dba97a4d9715ba6d2ca6670a98dbdeed02,37593,f49035101e611b012f0b3910e27b75921486829e3849d740b78c72337149564d,1
c46982dc49d11f770572b8ce7847094db610332c,16398,16519258925c8c62f28d3625a5565d4965e0096210ff6e15bb991c239ac632a6,1
c48677183eede6392042cef6a295630f1f125a72,450,fbcca5d514a5bb7c1708c7d9b3418e1f0e754c42a00f9591bb2cc5f1cace850f,1
c4a7c2a6ba0710b3629ac5bb58745286e7bc8bb9,416,f4952270b507330832a37a44e2f15f0f9b04aa4e6be7bdc0bc0bd3a8daa2b038,1
c4ce1b0fdc1859d035d6b6913792b520edc0d6ce,14045,f4a98f3fcc39b6ec5ee8c588fd9ee487cd719beced666d51e397d62cac7cd994,2
c50abe2cb9c29f4edf82e14ff8f17dbd342da51f,21906,f28f56d2b69450c31ccd7a3eda65740381dab861416a645ad5621928dded8479,1
c51b809f639119379a576023c36c789a13a4d8d6,5533,6a6edd12da5809e2d787955d256c625613a8debd64a2fc68c4e7706762098999,1
c53a8783255423010627ee43a00fff0dc10f22bb,16773,3fd4f26e507ed1086d776df645ef9c11313c9ab63d033e971e7854a6097e991a,1
c548c5ea1fad57479bf0fcf35529fd36282dcdb6,11412,53fefe4dd3ecd9444d6e3b0307d629b90904f7f8a7b0885be6fa7a9e16dee5fa,1
c54ce772edf6b78950a2babfd3a3b275d9b7ae82,72489,f72ef468e4be7567ff5783f46c15aae5272dda5d9069ac2615dfc62a7147048d,1
c565f061e71883524e9b27991c01b568151e61a2,486,d96cbd3108661f32cc79d6085a2e9a6e248540caf2440e1cd08f04e98c12a92a,1
c57f5e76c19ff2128645d80fd916affe16c9b484,741,8705495174b0f8aadd0a47cfbef057422a395ec07c95920506ccac6fcbc3a740,1
c5866c9049c576c3a8fc7521ef98fa20ce559e78,237,ce701c574a9dd23026949cbbac6bf5cd5088c86babbe70c60625e60a5b4fc6a3,1
c58d7dbd107a468fe54d0814d7ef54a91c8d7f59,603,371e4a8ddce7968a8c96bd064447916312f47c949061775e933cfaa47104dfd8,1
c5e7b9b5380352b0a1d667eb05197b8f25dce280,245,2d2ed6f8f4fcd5ba1874a7cb01cb1b77476d5346995a5fc58622fbd9d195cb7c,1
c6046d306c31df9eae6e80cac05d77b1b4364aef,221873,e5a991729eadbf6f2673f90cfdf6ebe0e4d17492f1da6a89417bfd31860bb16c,1
c6178d9042932d2483c6241eb3569376da0d3284,1076,5b6487153253dd640e6a323b09c69af620fd0c78ec7e5f01e0cdbea7d5e55d32,1
c63944597ccde69049355433132a65d95b47be1c,12272,777791b99458fe362200af469569ae2cd7c9be5060248fb0662d335d5d2ded98,1
c64b856d2a26028a28b7ea529e2a78ba408c8c16,7238,f57fa425287b8a815fac4cfb4c618cd7334852496f8c563b921cd19247c41ce0,1
c68c2f3a0c6433f81a72e21d8b0841fd2a42073a,2732,0e4f2de7558ffb455e79ac88f7fdb8c184c394f75ec60484912b0c98487f3aad,1
c6aa60ee73242acb580e6da634e9bf9f6f395d7e,2122,3bccd684fdaa3e90bf1fe5a36a9898200b40a77ece76dfa447068b135276557d,1
c6cb14484afa3dd3a8d3a2929f9fd862ffc7ee11,31988,15e038c6ddc83084db2fb6737380e9e1aa77878640467186b2b88e24f49d56f1,1
c6df1b4447d2415c1b997e0069540b7ad1d409b0,1985,953b15935bbe20474a9174f3347d83e1a99ac6a7e05464f46f2aed0aec0f1697,1
c6e2e5b77c65c1475b8a8a4552b4896bf71013c2,6278,16e5080bdd987489d8530facfebebeec2abea4448f7c8a10bf56788334b14f7c,1
c6f837e53f0146928c9a4c6541c0471aee6448e8,1820,a8929185d623b7e108af2636204b236fa59c513749aac87f6a21dd99f39948de,1
c702c24547503319b19e0d4097960f1016472477,2059,1ce885a2e72cf257e536e36d8b5a131a3e24805364318e1454b1e5c790f2944c,1
c72ee7e691b626f5798fccc585ccc4a2c3233d87,4897,44e0af2a2cb4bef3f08d31b3338f324afff38e9d5d4d627dde552f79305040f8,1
c74b6cf28adc33624292316cf0c1e26397e61ecc,1825,4bef5a1d7adc321ef6d845a9feabc2f500fb97a10b63892476d74c6ec4ec35d6,1
c74cf2e4030e860a6717b041485b57a3c643bdae,2525,9866fa59b507ad0c63e04ea6c45ee23c4a735fc7f74a667955a5b73f461848b5,1
c7602c39e07ecc49922ff0b115b5346b145aedab,417,46cb32672c77cacd008b8bf08dee81a16d48a9f5f898aa7790a8faadab90d94a,1
c77b03aefed41dd1e138eebf753daf202213f463,39598,4fbfa6bb6b1bc1d546a461e34ec96ad99a1608eae9021de6f0a19cf0c983d958,1
c78588b1d386721af5895bcab39468ee4f47a942,430582,1aade969514b10a4cbd45a0a381024658f1e74ac83ec2b104cbd80597f641533,1
c7bc505c1d0976cbba2471d0d30eb29863525d2b,3486,80cc42447c6402a29f92f48c919ac10c82dcc9ca35efdd78b4a631d6c5ae44de,1
c82295f831e06763f62d641c6f7dbf6610f5bb4c,3241,f861e0cf9f143f7b6e892a8b9a51b79e914ddcf5c2433bb2eafacd7c259ac7f8,1
c84da22a9e379c80b02a302ccfc6a419c612c93f,2041,da33badefbbf7c7aba7096ebadaff9006d36e7eb4e290809c155fee0f112affa,1
c85bf769a805cd521b924fdf266284c80aeecff5,230,91a24c95cc0da7da5407ec83ea1b04e2196d166d31310a28631aa00ea578e3a4,1
c86dde213822220f309616d6ab461292b6e3ca27,23899,00046eca540861b69376d562efd0bd250e0880b3dfa4f622ee90110c0378d3cd,1
c889f75f8c3d153a34a3d17db1433b5ece1c0bce,247,921958d2a47f3adb99ae918b696e3c1b2b50d7d4239eef5489e0d896b5a3f6a4,1
c8a1f116636d539b78a518a6612ae7476b6b4d01,7182,05b97584e04b6b5c74634282dfb1cf285b8f8906b72930353537552565049a58,1
c8b4cfc680317ee8dff53ae0d0e06c98c9f8696d,212,a16076ba7f0c4a63aa3b220be756157c696b32a85a177414b58a35d2f3979ccb,1
c8c244c27348f1d73d238aa35c115dcc33e208a0,80,fbdc38bb22ab9d4d108abbac2db93d82b0ba41432f10b852f0bcab0f5bdcf50b,2
c8de108f3839fb6ffdcf5b5f98677167b161c117,14108,9795c3354cb798b214904f7c4da7d34ed683c01eb04511a20911e854e8161380,1
c9039c064ab0484879502ba48b0aeee354a50b3b,671,120ba053e4ac62466be6053e2f370f550bcb3ca7098f134ceba4004954de1247,1
c923964c0d0c2f063a1e1fe0735502854dbfbaf2,3975,ae4cea42fa66869de1f9fc06aec68343d10003559e69ec274b5505d9a0cec4b9,1
c92a74de23f87be1ad9e33eff96736102b80cd4c,927,e93c1c0a3d860bbf9d61c37bfb14fdc014a4fbca608331d60c27ab536ed9511b,1
c94f4c59b0f241988ef21954f094ff2a154d57d0,6176,e579f95f882c3163fcb047d34850674dac102c3fb654c7e97a3c9c7650e59de0,1
c99e065471a764973dd53ce811d57cea14c30252,197,07436783a2249c88c8827770d2bed7dd0ed4a77d2ae1153f2b8d826a08855b89,1
c9b5072ed750a42f7df0b82622cc27c8b47dd32b,7920,492a3c0de260501776ee235ea5472da373d6c5881a4dfafca05518297fc16579,1
c9d86e038306975fbbb948d2170c3f5b1b71ab73,180,2af727af71ee8d986a5507af00ad1d1afbeb3d93c788358aa5dd0bffa2d24439,2
c9f1a913e98d52633a071310a14b7c194dfce2f4,27,fb7f08c90f4813077a6764b43e0c521ecfef80e0dcbba6d0c119a3812f83b342,2
ca27ac0e0accd4c13c93db1f19a5b16c4ecfe007,319910,0b2353bdc87168cc8e79864949382fd55f4611594c0799b4aeb5173225ba41cf,4
ca3a570453fa5e0bea3ac2783962170e9c2e198b,1059,39048dea1acabdb35a1d575d270fd459d56192c379bc07d370e8efb233cdb7c2,1
ca4bba760fb4ed8da2877caac40f3366e80219b7,229,19733c92306033b3d9a2a69ae6801467ee2fb72a3774fddfde1aec802b7422e5,1
ca508cd37b2eb6ee9dcab0b17a14b8436d5fcdae,3259,1de5520bcea53799a94bbab57cb287dba8227c830351851e96b31f781fd7f484,1
ca5237c1bf5d97a8279a3f02dd38c4b3c3b6863d,14276,f289dddad87fa3e6128aaf27ebee67239238ed347f8f1dc0cc6ca230ae198685,1
ca64692a7205d1e7194a7a3f21a0d65dd4770777,231,fed7162ac66e9194f1f517e6fd6d2b78db139b887650c4fd9eb2518ed0ff4523,1
ca6a489e7bb9453b88eced78763f2e89a32c69bb,3890,f818f4f6ac5665f0ca9e89b0dfa8e5872717c6b8d2fab3e6e8abd07509da1714,1
ca846f3f77121152dba989137e54738d6fe8f98d,34157,1dd43bd2f14f991b7741512f0eda0054c35bc02d72e1b62e451b9fafb4ec1eaf,1
ca8505ba77440f665d41b57c0eec2e0fb6c9901d,350775,441bb90661f4f322b6d7af2b625729626a8aecc5f61ab0975ee1ff839c35ae58,1
caad788ead33948c0071a7b93f8688139ed319ee,2057,ae60690e44f177342c6d2645907edd9a043bdd5f8a872191a9561b78e5af2acb,1
cac0a0a0e5d03522a42c3bfe319e3e305a4768aa,3996,d2e1fa5984ed13ffb698a424183fc7a818e381147b0b00713162d189d29590f1,1
cac585ac7ee8e87481782058a7d7c84dfb0c2ee5,9537,f3a862b650b7780161323dd7838bd25b5ef7e79b402c4bcd843dd2d9b133fdb9,1
cb14a9fa959fed27a26665cf9b3f5e542800c138,13475,414ad49484997a2b67f5ea2efb5398e98c32e842f2681369cd2a7f2914523348,1
cb18e465039c2154c72d347d187dd37ba84561b0,19681,86a03460425eb49dabd05f3f615da558f79c9c68606c33bfc8c7fd90f7123bd4,1
cb2535630015a89509671078fc6367374c04f35c,347040,06996dea702c6d110d984aa71eca2de8479fc5bc0566a36b288748c805421561,1
cb377ee091f1143b4429f4709f8d287271e5fb1e,805,693f92f935a42c8319ece725a4d8b10e6185fe52a8d7a6d948db10512bd4c98f,1
cb4db8b7a0ed019e9bb421ea7ee13728a7db3d4f,169,764c8a274b6d60fc4848313fe028e184ae978d2c486d9a7af190c87ee77c5d11,1
cb82d3c83efeaae93a91e3384f65af63a309f7d7,15484,c57c7c63e27edac6bcf94da56c56c71e2cef4d4bba6debcb97293394da93429f,1
cbca727f2ab5f74dc4f59a0fc1381d17429d73cc,11462,ad5ec20c4cfb04ede167f8f694ffbc388f1333a2d897af0314cdfa37c37f7614,2
cc0a38b542ccda8cd43ab6a6c04a75162c646c92,1521,a0265e31caba99cb7818ce44226d95b33911eebb1bb59bf22797ce4858c4b894,1
cc31b13cc064cd83dd64636c44c637760aaaedef,419,90b11cc554aa85bcfbaeeea5a2e4388e6745dc142fd94e29059709239c27cc86,1
cc4c63a6a3a88661b961101b8390c616ce4ec588,12595,8a04a3e6eab3ce9e6ab84cfb89728faa1efb230e304238af7fffa78272aca680,1
cc4cbe6f7afeca9a66e574239edb08df5d06d000,3943,d5a59bfe517fd456596d7a307f5d90cbb69b09f32a32614e1e7795c4754335e6,1
cc4e5734b999d8563bf83b1911a47270c4976913,2527,1dde075570136774c706bf0009183a793fe0ee262e4a5590cc6eff8453eedd43,2
cc4ff82d9470dd998bcc45716cae3495386569ad,46630,6de9fc170ee3980e646639ec3cfdeff7216f923ff2185c1d927592cb84dce08c,1
cc556a92d8703e9de66a923fc9c6bb2ab913d42d,41588,a745c81eb3e6449efdfb9b7d1b6dd241f854c3b77dd62c397423be6334c20d0d,1
cc5c515540c56343da1587bce55e3374df217a10,2851,8a8ee7a7b694c06de91eaffab5b57cbab15615651342d310b926b12e07ac4a91,1
cc653e9d5e51b48070d9b80493fda7b5ff2182d0,2054,965de0a3ded347b7ab182eeb3d690078825818877266a447360581e9af52edde,1
cc744afed4828f0fce06518463d48308ed6e6ef9,6366,c625204b66b247075ed2f8164a588a2b231792311c888fccb1321db331487038,1
cc98daa0146da4be81e42eccb9a2b175ea650f28,227,422d12744cef697c4111cbd82bfd094ae6539f7747478da0a1d72dad7046fcfb,1
ccd036f15290ec2e42695f742d9edf63354be932,32,244563f989470892c537c9a4622920af0d228ee4528f7d00c64a06d6cd95856c,2
ccdb3d5ca3578e855de548f3a4614a3e43034d8d,1114,99dc8b16ef38b03d01aefcf371e9f4286165942b340c7d1a52d1226d611525e8,2
cce7c3a614239755f93eedecc8b1ee52097d95d4,2520,d1ac5dbc53def75226c112747f0bb3ee3d11780653fe7115f1ac607694cc9d82,2
cceae6b7db04742556c9c867bf74cb5783e52343,283107,1db82cd953d4f091caba325d0725f1b0ac1998cfbae4d69e3c2bd8905a7d085d,1
ccf07efe5ca7ba4943664c4e41faa7eaa71d4575,50923,a5f5ff87f6634ac831bd5416f0dea6cb756bd5c88930b0d1fb25028bc6fc2b70,2
ccfd1d6462e4f870a05bf9b2ae88d034e812201d,18677,9cf65d5f3a6578d150f1b749140e211774d2bc1757968e4c7e02e076c01ae768,1
cd24daceb0340160d91aa20a66d95b92e36e429f,7645,85608eadbefa7fb6d87834f5c304d4605549638a9048c0b68d743f6534a3aad2,1
cd349c4097d763f36fd8131232e9c0728555cd78,31773,8e5d314c87b416c7280bec7701af87d6d1e2c7e01be0decce4a7d14fff818559,1
cd81cf37393e03a9d51e2c4dea4ecc07fe2b7283,400,197b7097732a620896da07694a187d9bb7fee0e327df958a1fb84467d74bb93b,1
cdae309e41c0451f6bb8d8798f907108437e8a9f,20512,645a948bbb2ebadeda1b6f2e29f7d0dc2b8003c7e82c503374b3ab6c15678a8b,1
cdba4ed9d8a8d5709a9997696b7b68e5b798812d,6258,f3ec9fda45cd7546f719a373c1fb58d867b455ddeda5ab6fe945cd0d9d921257,1
cdbaf894096ae5393ea5d00e53c7bfa07903653e,45403,9b26f2d611bddc107a48e78a9ebfa720b5735281e4f52ff98310959baf69812c,2
cdbd1dc37e3b885b2012327ae88e2b44b146c10a,12388,6bb2b5b82ae63317afcf16124dd677eaea324482dc6009708a60e19da3d865fd,1
cde4df0b3fd50b511f3b13fcee1cb075a59506c0,6577,7310ee874cce86c63e5500c29b18b38fafe21f6fe18d3106a26794c57091223a,1
ce08350aaab6dedeb3e60cd496dfbeb6544412b7,7735,22508427fef460530cc2a968af98d511edc768e0a2b5d5413d5c636c81b6da4e,1
ce2285c0641a3a9718f2dd6780bb9f7606c12775,1283,a4be1137414e3ce67f308725a1f7b57e6fd62cc63e9afcbbb2e9bf824e42c49c,1
ce2e2d363e1aadfe00ceb34e2df1b2e8301a7b54,2034,d80d49cb01c112663212eabb910658a03a38fb9f96dc001e027a493395715ef7,1
ce389d1f6440612e501cea6eec8c8b1afa30e01b,51460,e31dd75e8d60a3cb7cc8ac22551a7c97fd0dbe28f06ff1ca7b65fca4210ac7c2,1
ce54cfab6070f168edd449726261d12fe1571395,1461,73f18150d1869b806912b2fd3d58e9ba1bda556ccf0ac2a184974d49dfb71d0d,1
ce5c2e07804bab72b8ffa935cdfdb9784fe0f1c0,65924,6e32fab043094a6ff7a0b2bfe0d35956c5ebe09611bdccd9e8b22ab151c4a62d,1
ce63214f86fb216706f1c88303b561d78fa16edc,859,fbe21130899b46fa9f604fc0ca03a09d5ebc145bcf0f2a8aae17a4fda44bf8fc,1
ce64534b875bb921f124b1f5d761a60579a9cd0d,120149,f03f08028c342c9f83768d52538bcc0fdbdb8f56c39505f9a06ae49eb853e4d6,1
ce73707b56055d23c228477454871f9578d5d262,48212,b107c79bcf00890b4c24126ae323d63e97d4896b144d3074cdbfb14c99d9bbde,1
ce8decc49bc463c7eb4d9c332f89f712b5ef139f,2715,be9998e6a60a4376a29d81e57b2141c4deba5221686b8c62d8c7a78129b5195f,1
ce9161eaf63f77b29bef8ac0456d9d2e6700116d,4492,f2d7089a467437f58572d0a487c8ab52729069e7b171f5dbae678ea6ed38bfa1,1
cea625dbee5c8a54affabab16dbe11b2150aa3b6,26432,289f7a89ce48e56a7c3770ece9195d9c58f9d1ea9d23a2004552621c2d7bd87b,1
ceae4f6ebdb20110a54df78a3f8f82786b35f243,36718,cc53d69a2caab28c1b12124da3787903ad58a4786ee453b18360a16d31ad4c96,1
ceb138242a06b2dadddde298e018f648a2d5d94d,124732,549aaf8920f6da76f8080fabbc4ae9ba2021a9512951f80912e8364541f7dda4,1
ced2d7d2d7741876349749a9993c8c98c9ad54bf,3611,91a06e2ab0a77d387ae1f589c38e6e6f0c929b41e949df8df0ed49c288841393,1
ced9916793fc453b8a7eaad079b6644e8345a317,236486,2564dcffe508259dac4e3ca93ae99d623d4d8fc51a066c0783d2581eb93526c0,1
cedc686d59773f46f8aa6a377803c1c775a2f179,65578,6e06cf6f14032c1e23be053af3686a5ffed7c4c2494e0fca8a21e53d44cab3a3,1
cf0d5786c68ff27ad8ab1c6ad4a6c2eb14a41171,8719,e7d4038bf3b3e8b88d0f182b684db80d65e05c264d8370fe6b72b22d294afa90,1
cf10f0c13ac07f1c4d3d854b40ea70a975e65eaa,34906,e1a65641e8e1343fd1120762485785180874caf81a48a8c339f5f59cbb2bf3e6,1
cf1b601d41a9878478bac30af05fbb2296edb116,15223,fd8b6453400e49dab6af26123bf999e78e7960036081248b2188a6e15a488081,1
cf28ed46039f9b23a981bde7408fae767f8419d1,2249,a17334fd90638f44941944f6bc3c6871c0e3c19a4d5912d1b606627764ab33a7,1
cf2978f2e5faecb8700cbd5a7043cd548eaf5c41,1152,95ad4f486e176251a889e69ede9e46a30c2453139a5684d4e0453ef640bef7d0,1
cf3856c641846f64d8ed535f2d019869503a016d,3513,c37bf289a3a75138aa89b1a10246cd8ccd22f0ce0737a0894c0cef1c78e3cd05,1
cf398d0481b2e559c390669cb638dfcdf0455491,251,011ac3f17b82c61a521e881dc4189ae9b52d5617a05ca5c0937bff5f485ab02b,1
cf520f735e19a843a34a394030bda46c86bad7dc,41442,a0d24953ec8cce464f771ea469adac0b6fe7d1f0c316cca249713f37f1d9f611,1
cf687ee657c4695675ebbefff717633d664df617,33529,b4fe206bd3de3f151ef491f8784407a61597a09129e5d91e7f018bea8887006c,1
cf690c24077d5793cd7c7e24e1ec873f07f33aef,59857,72984617d8dc61e4112e8fe86eb068486a53fd12af02c95b00de1c9077ba05f4,1
cf9db84786bcfa2a11a38904db0b7b4c8ffa79f8,45570,2061feb380628b067550102fcea1f386fd339fa84055be1e57a1692fa2453fd9,1
cfc3d820e8e95af651f8f132df3d2d958f45c790,80,511fb971caf59261241ec2a3919d9d10c7dcb9ec044ee07d50b2db465184f057,2
cfdcbe3ff5d0528ac71591634920785dfb79f33d,529,04ef372f3392da23ea82be80b58eb9006fe8dcbc030bf9957b6168af4affb388,1
cfe1e8095f2de10fc3cdaa7bcae1feb37a62ea51,434,35f3fae9322885d68ec83e069642341debca140241156fbe2f973f0cd2e7bffc,1
d01e96a668617c46a568479743d16953d6546673,459,c21c175cf78f636b7387664038854b68e4bb031ea072374a958191f263f8ecd3,2
d03be1104c05e424e4fe9c1b0b36b634f5dbc8b9,11412,9adee09d7d460b52d4e1fb35ff9af5f12c367acf5dee593e3208c37f3195e329,1
d03e7dd79b772b6dc97ccdb388fca254e43fd9c3,10594,933d288ea10c89a3846af4b7bd23fd492d3a9fb0032f31b47798bd295246dc5f,1
d0521ed0b8b12ff05c744f0738ea21a708942671,1301,febd0da925d3befa48e7dd2e640633a14de97231e49e178da06e98fbf4549652,1
d05392a35a8f7a17fdd5a8852f6c26c7bc5d591f,1006,c132b219dc8ac07e270d5b0e9083d36c920c1b3e9f1304f61d14531799c73751,1
d060469d82aa85bb4c7b4dec0da8a17b7e417e94,1386,2b938ba1f8a2863be7491b6c2cf731a8e213732bddb07d83f266963ffe786858,1
d07922c9585edf1af8cf12fffecfdf1e9550092c,16566,bf98948bfe92a4f89829ddb6739b6665daf993f8b59599a06ebf5aea3ec1704b,1
d0a217b716744fd2870cf53175f5931f87136086,29663,b8928228ca694cfb89e3a99c22d3f4f9d6ae55686789c3e9351bb9a4f826656a,1
d0ee7a0129523d490c2c33dd92c73d3a561054b8,24907,032cf5c05baabd02ebcc421e27822961f69891f9ccec33f33f476c2c4e023b48,1
d0fa02095262f63271f84327bfa1913301fa80fc,8216,df1cce5978673413f06451fab007d95e7491702544a8b28bf470b52d7d22ae28,1
d11727613cf2e96541c54bf729c3a3b482f21b61,12774,a39ecf8fe7e51ce4d44a64adad9e747ec2c0625410b1583284dc52c99b7d9a9b,1
d1178b4aeab581d1745e70d74d88e2d2f6a38f85,1485,af0c44bb4c91c461be0c202a01c7a373bd16dbc4fbbe08c012dc761df6f94a0f,1
d13bbfd3c99a1edba83c1ea1d44c4efe5e0c2612,276160,819720443f61c763dac90691dbd65843ce5edf471400bf0ec71d734323145088,1
d166d36b2ff7d47d051edff786f01908ec3e8f52,611,81d5c56dbc99ee29b2951f6f6f8d5cf8da75bcf166298522c756658fd23cd334,1
d1972e298823920853d74ebae34685a869876307,281447,ce7d95c6b88147acefe4afa14aecc276d39336db8c4072f5d4370f75a7845cb2,1
d1aa31dd7883f7a6ffb906813ea533882a9e99dc,338,f430674bb9ff76e5a23b83588156a4a93c2ca256d6fe3fa0e71c5caec2765ea1,1
d1b24aa7a7c8f12dbee283d94200c9d9de86b3ed,52110,2df97390ceb60747734409cce78032a9bef94ee8728f5604e7aa4475774047f2,1
d22d9c72cfd913589753f7224da3805aa8c68ac2,949,f42846b767324df9af3a64067079df24e3b73b54dae52681427f9241e4ee4e98,1
d22e6e6283c384f22c3a1551b38c210b4207dda3,11550,553128c430c5b9f71efcf34882df96bebb26f01264f2bd6c990fc1c91a51d1fe,1
d2308548c15ed245840cea430d007aea83e8d4b9,204550,0ad5a120122671a4cacde562dad57d8f98d0c7e3d675627926c3b773b3dc29d4,1
d23a0b991b75568fd481d522e42b22468505ce15,8540,727335e71b6ffc995f10e6e8159640777a37ae41bd0c2535f5c5c854f04acd49,1
d23e68271d1b40ce4292aa098b12987bdfecc40b,3400,fb5dba19130d4d9613dde56f2b83de359078526043af4a7c373014028171cb19,1
d2418ba2cbed90d0def4b060fbef967ca7aeaad0,3876,89147002a2df1cfada3d56132e56b2d58fb94bb4f4af3a0f727045c22fd578c3,1
d247f968ca11ae9f8504f3eed3f448eb0e165c40,407,cdf8525d851766b5b4012c99a4bd326a3220c3fde5528477980b34a7c64f7513,1
d254690929d874228137510cde1ba96e712e10ba,16264,ccd7d8d2277e2cc02455377da20c5ab23ec115921144c0ed3a61a3925150eee2,1
d2a8c30f559684bb0f59e60d860928f155a37138,22687,738ae1b47b6cf1a1ca6fbe784cb3808e16971c88af3ed50119428ef1efabb5bc,1
d2f6b55feea49c955da863382c514bf4a6ec4653,2452982,9d07dee5d8838ebb355e15d33b3d1f4dce65549c2d77a460835d68ac62ebaec2,1
d2f6c4a12c8b7bdf120ef2020bfc8ee1f8676254,2223,6b3c3be3947d9cf206faf1f1ff99e500047ad7b91f35e50d2d6f9638bc809249,1
d31501e53c439aa0fd42e2b4e5c98b29bd4583d4,5395,df98d044322283d5d91b07f4fe78dc5f464313ddba8e69a72576a3edc2b2d2d3,1
d33723a2c390ee8296720097bf282ddaee2b6aca,4628,d943cc6dd11c7983d89fcbdea3237284eb30e3a4d5a4d0d698bfe20c23379916,1
d365367ba1375925d9a4fc5d76cfeddb9ed4d74f,604,5d4fb73194874469a92a5a8cde6da5e78c7499bdb81b5ef6a3c880253e98ffb8,18
d37b7d46e2295c2ed83d6e4b49506ea664276eab,10949,547c3ea9929d509bbe4efb15995a9ef26e299f2b250956679d8e97d01596737e,1
d3be830253a864f2dac99b05d01311d6b5d5693f,3620,b2b9ac8c71d6c8c8b1489b7641da75089e0964fc6fcc7090b1a02f80f51e23cc,1
d3cac507644ec2c3c488df28074dfc8aacac579d,22797,1a2075f3f869adfb9208e862b45c2f9269306196102a6d3f598c04fdc8c99d92,1
d3e3e1b7046b2f530831186711edccb3d3526290,320,e1e684e6c7a7804dd91f3012694d4827f8d2e945f0cfff1f95d3d59fb7ccb41a,1
d3fd9acc44da0d7e4e4bd1188e6a9c1224051f71,504,2dc472ad20a6ec8cd86af0b81f23d4f14b4a0e5fe227206a9887829dece56f3a,1
d3ff30f963faa51b006cbc24a832647709d14070,2682,81a39e525adf642c8d710d15c618dbb6b8e4dc7abb4a662da08f7081f993b7f0,1
d40d48bf6c67c2350453015ad721a3b6a2b46979,2938,71055f124aa2d044ea2f9f4aa038f9eefb9dbaa2f550b6e16468a69ce526bf65,1
d42cf012c1f0eee36fa05b2fe1abd20b07c99614,413,0bc30723e4123acdeddd7ed8a5fba2551e3ac876f2f5c1aaf06541728091cfe6,1
d432829b127b041c5fac3aa8cd3f62d6d995ee5f,10976,846f3de9d435ed0178adda7f36b0706f579518e79af745efa4237ddd9f2f3731,1
d44a6479c27307c36efa8038125498e9d5e00c1b,14305,7a0cda097587a355a43964fd0a7dab4d05e3be9a13b374e7c9e72a4a612518aa,2
d454cccaa4a2bc2cab29ea1d1b68b7157d70b5a7,9124,d473b43914271707f3ad1b4b6ecdfef568a3267e986797272a8b37a63a3436d8,1
d463e3bbd91b4cc9df381c8068f57902f27cdf55,1569,649f733d8ae2acff97ec3be9eec15e270560621e75ddce6d0881577e34a50622,1
d4652c52e6d6694df4d80829121be1155b5d84f3,3215,869a27709347e8030b64985ef4cfea7da4170c043e91091c3f097d21dcff0fd7,1
d46945b792dd737a121f075b10d8e3a7a1b34e35,26502,75b83ecca7f4ea36b5afb6ac751a8e2e362723551dc62a0a7b727c108dd9d426,1
d47b020f4959fa6bc16f22b0ffcd8c638f351855,534,ac767097ef4acd8a7b0c18bcd8d480df3101f7e15036d7b3e1a577f9afc1a09c,1
d49a598d23b505f647bfd2fc3d59d6a81c0e0027,11818,66e0ce7936cfe41cb7b119e0ba9c9db169d56aa9d59fde9585ca3e481104ba56,1
d4aa8897198df76a39425a11452ac5b2ff602ff7,7964,ad968c7545e7d4c642be9cec246ba3f2c34339cc32d5f877ca0d8e4cdebc995a,1
d4b9926df0b7defceb6caf0b474c4a190c5ca8f0,20,f61f27bd17de546264aa58f40f3aafaac7021e0ef69c17f6b1b4cd7664a037ec,7
d4c1583d0f5377de97a32a405c70a34eb36f62ac,959,fb682895ff9cf5831d78ac3a2c95b62b1d7cd7adcb02977574c4c695dbc85d81,1
d4cd6a7437657b6032baf064a5815f888c711e04,3550,600328f5b0ee50cd93756e2a5f933080628c30fd2b22dca062c36ce6c8d50f34,1
d4de229ce6ce47366938197791f2c18eb6bf0334,7743,2a3cc205aeb503a41748403b5327872f7546a8d09089be12f69b36d8da2b8604,1
d4e05ab3f5578f3e2e640bbf77978f91ade9ca13,632,39801df6147bac7aa6fb5f63108d21ea77a8e60d835761879b1475fd0eebe8c8,1
d4f90d7419527c0f49c1633f78b59ba8b2bf16bc,8720,74ab3fca377ac9dbc352051aa520ad71d5a7993e1c60e0b777970fee2a9d894f,1
d519716584073ca4cdcf7966fa7261890940d873,116380,cb2eff8822c9586ae24c3abb90854dcf25f33420b3130a8d9901eb2468aebc59,1
d51977334c239183ea17cd9c2246476d67077574,504,ed06b69a19236ef0d6ae7fca627c9f2d52f22cd1582afbe4661fc8944820610a,2
d53a861a8c7b0df056210beef69cf43dc55ffbcb,1666,c3040d84cc24b9e6c6c630d29b678be563a09f68221c68b41166f6fa1a7dd790,1
d551296cc8f27cf34f66fc6dd6eeec98e0e7e67c,9344,470ec8e5e0ec7a3d31e628a0378f0ee552a5ed4072015b8c5ec1f02b4e9e0840,1
d55e0164a7c7be6325ad3b12ef7bc2182cdc6bd2,31553,e437fbe6621617eef69e58a86af060e4a8b50afb6fce3e813a57acc6f34f2a6c,1
d561de53da8619fce52baa5010db889ff1e7e2b5,1558,0d53ec100287d1cb09d538488fe32a08b154b459c4e0a8eaf11f098e925a0faa,1
d5621c3cc464c5070d220c50294d31d113f510e4,4226,68220ce51bb6166e9ceef4b75f9a25a4f9e1f13d7dbb2764e6b9ffd67fc4adf6,1
d5794d5dff99553864a336b7a8c1ade762773ce0,6366,4aa7cb892e2dec7d1b7c40abfa0a5eaf00519596f6cdc9a602a580d20d2bca5e,1
d59a9db54ee27c4c932258b2e89a615fb8b0fa11,218,d7a23b8d776695c27214f2d13e44d46df3eb0f5ac06ee60fa054a0b97deace7b,1
d59cc3a3f9eb38e0db9f78192502629d0f55a658,6217,9c615e00ee4cecc52faa79d24e4c9706ce0e92a20717d0fc92bbea57ec88cc8e,1
d5b62868845907629f4b467185bd6c085084d470,1110,2b0ed9cf2d8e8704aa2943f427277e19c71e6efb32faea8f6911e03de48e5e8f,1
d5c85878dfacc20441436c6cced616e3001180b6,158,2e3d0e83ea0eadc5cf0fb767306583aeb730670ca40f10efff65225da146c88f,1
d5dc6b910f999d71abfabbeeee56a35867857fc5,12786,932b15e3f27f58da6f4b3dbf15c650a6afb62a18a37fdb2f562a00cfcfb67bbe,1
d60a627e01056fda3b0498ffda9879bed8bafe0c,2814,f92b0e144735042c399fa0f1801d14a7eadbf3297141cbb9e6003c79330723cd,1
d60c86f5a803c940ceaaf698e7cecd0952e4db63,4637,10278787e88d76ac47772bcf05a60047fe36a73b0bddc63d5d1ce2deb5872f26,1
d62467198fa19ab5648e0e45eb76781b0f27a196,3190,bafd0ae0ba1f61dc2480e227bc124ffebeb9212be63733286f9b515c9f216c8d,1
d6317af0823f3eea9c5411792c48e31883b5fd9e,4374,b854620b400d296c23af9d5fe3f196e8390db9a75cf96e5c4bcf818b431ec18c,1
d63e44d0f02764efc7dfc490463b7ee22ac5915f,27456,0ad503f0bd267429e8a4de7c8e6bf57d645bbfa5c1ba5a8522db734536dbc117,1
d653a7c4730109e9757e5c51b5f522ba7ee98855,5254,a0ebdde8d10e3befc0df796105ee3b9515cb07eedbaffbf758120696289858cf,1
d657acec450952d5503645d043d3e0afda63e6bb,16226,991afd5f058632b32fd472e1ba36b88e2a544b56097960299203da5b121097b9,2
d66891661682d695c060a46165a11fc32b6f0577,39113,c8f872b75544eb5102a0c769847a8ad51872aa3a920fe204b3c78ab41a8a7bfb,1
d6a65e3a432b8f17f873b917bcd030c0e055ac1b,3159,0f2eac992fc1b20a5c45423bc806be2418898d3fa45e7089c2062dadc186f2f6,1
d6bee2ac9a74612f38188d53010ab7bcc3b5ef91,328,7050a3650b68b4cd09e8b21fcb21ef6b2720078c8e077671ef4b50b9dbd78ce5,1
d6c536c4ab1373294de90a19e096db8785338c97,15952,c998c321f878e47a18c7eacd2102c72db00b0534682e625f8fc50f0bcfe77d26,1
d6cc1201369878a02be532b46708a094d1c39be2,288,471e278a448e49e830fff54f66b3733f7c68e3ff783084fbd8550efaa3da6252,1
d6ce33fe402ca470abf5a89bfa6cbc08409291d6,12007,db54db9f8d6132ec55be93875349ab6336e5d3982ed2554faf2b91a36edd949f,1
d6e5e89ee20b7207af8f7f5046a68170cefcdda3,77,e8574daf8eefb0703d3822f6b24146b78203d457bfcc4e6f6906fac47f65afef,2
d6e6b4920d5dbfb894b03fa2f7ca011f6b10d93a,1487,5ded8ea335f0c2be1fd5b74cf8eab3df3fc7bac56d14707a9bd290b2eba15e5b,6
d72ec7079d110e5b72dbbfb43f1598a26d12398d,9574,33e7d318854e115b36b77d2a490eca498402596087150d9218e22deff7b0dafc,1
d737261ed57c5913d47cdba20d33275d3d532c61,1270,197aef426d176b36a17ae842ebcad7aeeddeadf89172396b5502beacd1a47de3,1
d73f527f1450d96b05d4c4a91d5705f6c0c5ed7b,284369,af42f9536fae0c7a9d8bdd25116a794ec3ec9780be5dffc4f26d125e1535fa95,1
d75ed4d0afb7b2c7064fe5de7e592ccf9e8b9c0c,1077,80edfa2c00509ecf7454cc5b41e08e6b7fbca1ba144fc257fe4ed545e579ef4e,1
d76e93da82177d9f6cb9f0d0ff7ee20fe6ffc977,245,8b2b9a13d8a49be4e2fc2520923bd097737b35afc25282c5c035435c6ea91a5b,1
d790d81d33d44e6236e20b3761c9e270f91c8798,214424,80c29163374b820d4aeb47dfce0adce6891d11baf651fcbfbd2dca7f626624cc,1
d7aa5c8536260d1853e89ef84cb25d640f2de197,8262,6e9ac58bee16e9a88f4b8180da39898a7c98f52d505379fe3ccabba09b414af5,1
d7bb71683bb51428fad1833fb2eb0d625dedd66b,12390,3ac2daf76830fa72cc44cf433690565f36b61250e5b535a7fc4193419d8b6b58,1
d7c3a1878186b36584a2ff00f3b3552c7b2e88f1,7455,147244772b3309417e152360e81a422dccfecb98c7a40d65d60595fb36b6a2e8,1
d7c7a2cccc57ecf59e7f7293836b6461f58e0e8d,3927,6a751f529d7e3dffeb5d0321294fa830a2db91560f9024f04664e12a00b82bfc,1
d7ced13eeb6a9b9d694d366352a8aa9bf07856e5,743,3b52ebbe17a72640829de2f158661acf7fd425d2d48f643af5846c536e63e19d,1
d7e53cc98e241b0b355e4b8ae47612a9ceb27298,3835,4b21136dfa447bc56d83bcd1bac1fa2609724ad3c73135f86b908d78e5d392aa,1
d8013c6bf7154df7d89d371e7ee93ff347bdf511,7303,c391795d9da8c6d4d61b2d0d3765af2d6d02cf5702d6250592a05be71863fc90,1
d8088814682e93104767846996116c420257d472,2437,2e31b07261aa6e399cc4d8297463c9db012e290b2fb2fbfb878749e50256fc15,1
d8326c4405438fe417a07650a79781cd176eb415,1007,96cd8257b8e663843e428802483214cf9d7f1172781793f3b0f0a016cc49415a,1
d86d9651b1bd158dcda72c941b66bc6bd4826bc6,3627,c177eefb94a2e63a73e4a5d5186bc8517c372c744210579b6e479ca80208cf39,1
d8a194a40cac9cc85f55899b0799e9fe8d5ad019,24874,ed2cc584e1053d72cf2115e7764d97b72d711fa0f39527601f8fa3bb3dd5815f,1
d8ac41d11fcbe76c38a6885e14c20fbd713c8148,319,1de2a2550c50cf7d76eda04546e57eaff652af61353a4a93d2fe84862e5b5b0b,2
d8d33fdf4e71f33286b710e4fc10cd0affaf0b95,4442,3c7a1eb51bd73f9eff7deaa6bd381d2ff4b6bd4d35609ace549828f2434e5cf3,1
d8e2215abf786e95cefee346ff403274d2c29b53,11412,031de6e95e1ab204bf099bb9adf0dec7f4e9b14fe3119ca9284aaaee3144d549,1
d91036220db3c5174bc70ab73b12c1be0de73f29,4186,55d0b54e2925023d289b093a5e3c0dd11dfd72e7166334825826e4e501193646,1
d9378e40abc879e90db1eb3f87fef83820f6975a,3752,eb1f6ff3194e2b081017b6ad0688fcb7cf150d152bcc336ece748d88b7e4ff00,1
d95d47717ad718e866da684710c5dd330e98668c,10441,0b6f3ceb51fd565f4343e03c06b5a1c73443d09ed6c3444db185ac9c59dd1f94,1
d97f15be55aef22c6a6d7521520d7a7a4751b4f6,6019,cd67277255e1f57e33f8709ad56e01492321fbbb0bb1c93d5c87ae9a91eff965,1
d993a4f5b9c9f1fd1b0b34a570da494e9a65b465,10313,ada4bfe1187630f32b39aa8b002a589506dbecf4b78c9fd16fdfb15d5e19eb20,1
d9baa6d3702e62865ef1b23d3b1213f5e1427ef5,16076,73208ad36ed3443f9d2ce403c548572c7d748653c510539ca3d7dd9c6dac25b3,1
d9be06a309985855fc189afc7f90bfebb2f5a4a6,34915,d6f35ae20521942a2a0a4e1deee621a8cc1c3f490351d952bee351e0d9db503e,1
d9d768fddfaf1e8f0122f9e594184f50afe4f585,1689,67a214fadced1ed352761f27550085540a4e12aa5745a223e223b707e329680e,1
d9e9386693074cdc055b924329ec5d51acc52f76,671,21d788b608be86916dc7c8166a6b4bd32949c2b9ecce63813fde604fca038d94,1
d9ea55788e0bce55f20816c3e0673d51fddb89fc,392466,80d8ce6ad0cb539ed14b10f67b9a7d962ec936d782ab52457c3b21c2521ab6f2,1
d9f1b30eb1ea70aebf908251e0e5b169202a9cab,8055,bc43e77f9ffc03d02f776b9e2d787ab3984c7aecc9fa3cbc39aec1ec814631b0,1
da24c3bfac7dbec768f4cfbd560db08cf469ead0,7974,d086e2f4b482f184f6446adffe44355c3382b0b450c95af5a80396072ce16927,1
da265c400b62cdba22203964f057a8a1ebf8ba52,6203,75fb0b4efb43e2e2e66a816bad4e54e8aa35e82db0f6783e30dbe98dd040e6d1,1
da41feec1d6aed5a21231ad12a469d2bd0028ad6,7192,bfce7e81f8b98d2bfe380f8a709221e14ac28debf3c7110536452629cffaf336,1
da4d67042395b098204d1406c5310631d5bb7f01,568,e1e2c656ade208f0f039100445b20b00b53c7c333b0df25116e08a16d414c250,1
da552dc3def0602a60e9bdd2ab241091e110db64,2214,124af68774b7c2344a2aca10346722e9ed0f0caebb68c9920b5c72a2afa9cab8,1
da5a0810f704cf3648f09ffb37ff8fb382147ffd,80,eb27a136c18598aedc0e4f11e6893b614a04335a9faf3ec03433325d777e2663,1
da660d990cd0754ab26c524c4013ad6e92ca92b5,11412,480171165c8e8a8edab932cae96193a132a133068182e2ad1fc4e1daa28d4ab4,1
da68dc1b9ad4cb1f9d3cf994aa77e97a39e5afb3,246,e6a693827d3b4c3d7bdb04e0fdc7777b9c6a86c95d16042ded15480d1116af6a,1
da9263d8b24434a8dbe295f2e403d7fa01866f34,13022,9429186797961721eb563a8fa26dd19c7f423082e9f4038dc64b584129ba31de,1
da94518e8e8759250c7f630a255f6df6e5edaa13,230,6f9c79677f3bda800d65b29eb94cb8a7decb2404fc130e2d16751d926440aa1a,1
daa8f3386ca5230db7f67ce79cc397ec84f59e7d,95,1b64a2dddf99bacf8d860aea4ce04edba281e86fe385f351e2a2d9a8dc653877,1
daaf986064cd2c0d08c718c96853a80c409f32bc,2901,c9b1cefddffa353e570c7551c1ae115b85878a98a7c0a889b3e0bc25bbc44208,1
dae00a9266dd7a88761d253244719bd4c5a365ad,1135,6d2dc84e617533edb2a51785c6c57cc32176eea75b528e6ffb05c6f3c8f88a87,1
daf1334cd00830680a3aa10ac53892686da1cd18,3170,75f3a30dd3fc2b430641aab76a50fcbf1d9471101173ef3f543ed4cfa745f780,1
db3c2fd8ba27b3311428aae3673349ee6420c303,143421,9d2b33a06fffb5756f064f1d0ea19f733b359a4b8d0d471f24bfc13f7f0b2c0b,1
db3e9f015db0ddcf31269afd7c3326838948e188,23227,ca32227c837d26281d880c7c90988c81ee1bd616c87a777d04a82a68740f37b3,1
db6b9eae6f291a34d7115fe48e67458b8ca4460b,64086,dcc90b95d4425f9770b35cb05ae27ba0e6754a8af421058d7da350ff9c82cd60,1
db6d5f07d51bba90e1440fe406935a8acaa069e8,1701,8084fc397b927244d432c5c23fb8e46b3723828b4bc49e1d299bf5cd69204d03,1
db75927cfae898c3b24534cd54585a2b27a445b0,7830,0be6c2d7f99b01e85c06c80a981c4ed4a8e67690f9ddb7ba3bc4c58e035ffb87,1
db8594ad5e0abaa4a97606d0cd518a66c879ceff,276854,6bec8581bcfc2828e68b664429948deac985a1fd8b2b8a35c77ccb5e5c1ed289,1
dbb4b46d52a33014777be2fddf01496d04656450,3119,bdfa9a0a5ded55f19432d91dc713bd47464cfbdf4ee296cfd7e64cba285e4a86,1
dbc98c68aee36ebbbfe97e08423b2bd0ad69677c,351863,ad0a99af1668c9d580c4e1664d634a7ed7983096c85b18eb7a15e138756af8b1,1
dbd9b12ef9350dad95c89c32d69c1c3b429915bd,1532,817db7eec634f8bd3a1adc21ceeadc5aba928a5b5106e6576d48bcf23f4d2fc1,1
dbdcb9db513bb614e3948e60cfbc29eba594acef,7,3ae9a19b1154690802c1bc7e8476233e68e8e0221cda05e3f5cbff6f1b980034,1
dbf44628325776868c6ddba7515df6079899236e,732938,cd7913ddc6a13c23767c2029581431adcfc96b0e5001574c2a3ed9162139c18b,1
dbf7e2d46177954c2eb12683f975597a2fc68cf2,3722,2cd59d4c71a340073c4a98a37f27a6e354d15591237d6e867286a4d01ba19db0,1
dc678ea5beb06522815063cead4cd884ccd87de7,246154,e62658772193cd70ef7bc3a60bb0b4db5d3e73a676651947dd638f4696dd281e,1
dc70cb5797cc9926477e517dd6e54aa82482f9ba,70495,5faed0f2dfad8f9502e3077ffb3b8b4b71e8f08637e59172ba76bfaaa4b84323,1
dc7716d2a01b88c231e295b1a6b29ab559e944d2,3838,85b27be44f1770c713eefeef13719f255dd1553d2c00944ce1d77483c4bb7b0a,1
dc7a417d0214a83fb570931bc59c449baae6a7ca,2226,1062f532a519db719481de1fc50a88ca491bc89fdc6ebfc11687cfe5d3839f36,1
dc8d239a5193f7a234fca1453f51ab57e8cda40b,12203,88d240fcf53fbea60f3fa335bd575fbdf9786014814a6bc66a74796c60899c42,2
dcb7af9368b3df3cce66589aa315edf5d00490fc,27009,a17d1bdf36fd5047de509e7b42a78a38da47a466f8db3192a7e3b40c1b7926a2,1
dcee6dc6f50c9ee3153e7fb18ec01951ea217e1b,80,38de867a361db0f93625c3beb8d4a6f31e772e66db5af076a7fcc87a62cf3051,1
dd07d11679518d687a57d8a594f93d63b76e3238,24535,a34fe0b34330a0243fce8aef97a58c3247ed339032f0d605a9cc8a562b2e1b07,1
dd2ebe8451c906e8283d5836847d3b33f30db375,6037,08bf3ee04165e01306942ce57416e7b9b61411484c25292452593f8223702a11,1
dd5c4bc1c247edb167839bf03cc3f642994bb9b6,515,22d93f4ac59d16bba4411f25bcf24eea9fb5e6f1c6c46f65eda560071effbd15,2
dd766b0cc8b12be8e62c2567f5cc36a9245f4025,1618,94e7f5d73219c32165f77031d6c2211b836e5212c491b4db530f302094f9cf24,1
dd89172b36da68e57aeb838a5c1b10d692477dd0,438,9bea21c0abee2c794c65ef754e772bac1b8de205f7da08044a44056563f2b185,1
dd8d947269796a581b2773fc0f70796960d4cb3d,16095,dd9e482e2ddd6865129b9d4755caae7db814d7a7e6ae91600ae0697cab6cbcb8,1
de02643c76dfbf1209553ff0d378bc1c78b70c93,21685383,71b6feb14416fd770034e0cf142ca9e7abc8705f7e95c9385e84850b8ec0a3da,3
de3ad9698d30b4c6bcc55d7b96a7ec57ed8fc422,230,e2f6c7eacdc614546c6164bf01fa76504904dad5cad97d6934d99060ae4f08aa,1
de3bc5ae05f5c1f04a6cd0b0347543c612256d3b,4606,edcfc3a5ced2da3e67c41fb8a3c11c42ea38151057f5e5b89ec0f2084e797133,1
de59bc78435421d107eaa26434509510e59c301b,8388608,f8969b78d730ab750111cec2ce42acb9b7b989df7998fdd408d5b79022604605,1
de6f466d1c07ebbad85522068272cd84e144f702,212,15f9d25f22c8d8433174682a90464069bf59fd94d4eef843d2d36a76a4cf55f7,1
de7c546b4be4fc195173bcae8991df35354e4a59,74961,ff95e224729adf0905b3ef76b2efe8a0bc8287a724fed2c1117c9c79dbf480af,2
de83e4c772da1f29cf23b767ec59c055c411ed3f,8965,f772bce0a5e3a50f4748d2306edd5b7c57be27fad5452e21ee8a0b2c453987ad,1
de90005ee767204c3106e0456492c983c33b908c,15966,fd09b48489fa1940c4f4c430c04b3ab104b6fd2bbc9b1ebb89e6b7ca2f3a6036,1
dec1614d90d2f016b1b454bcb88e1c39e48e5a03,17203,5b7666be5e2744a69b4da175b0568df573c907e3cd6d9560e5a93e065eaf72de,1
ded0f0f66674558ada7aeef2440fad44b564a03d,26546,8ae730e5942c56d6508732d33f43ce7823c289510ad1155278a8ce3dcc0f4afb,1
dedc33c538db1ad838749b5bac157393e9a6c5e9,1007,7e012f33df60bc5a8ddccdc8cf425dc8bc83cf8e43ab03024bc09c8a5180475c,1
dee8c5478f8918ecbdd58f4e50a1db3b1809322a,27672,83959efdeaf2d8fa066d47b6f64c228c8638db4b6dabe6efa31b75bc83698459,1
deea7eb70fa5fb4442cfc5766706ba629788ed13,2237,7071f6071395f081de5c74564ef240ef88bd1664b0ce98b5c9b1a6149eb82ba7,1
def7465dbe761eb70e5beff15e822538d81d19c3,515930,390f57928ead597ed95a9cfceb3a854f5e811c61d4e8bd87e968f285baa46d96,1
defb46e4b4d56f8e84d1113f4ff819e6712aa28c,912,501a74020e3fb3824e2c2e281c33b449cf9087c94a968d88153b938f6aeb77b8,1
df102b29593b4323e95d12f28bf427184b8beb9d,7848,a998aa26b2c523888b7207e9ba92bd9172003ae5d16d3dcc2b76b72f36174726,1
df12bdaf1a89aeb5dfbbed2eaa8f246efa7c04d0,4313,60b317b8d7ad9079d620924ca1ff9c485a375f04d2957875ab76e1cac646ea23,1
df12ceb7ada78b51b920b1904232fff524c9e67d,2219,b7b74a81813daee8a9bb106716bea04670588dba64bd8fb0ce8ee01a0041774e,1
df20a923332427dffcf93881cf47c49663e8e8df,3328,c60c368bb584e7c546e9cbdb455567469c254213aeefcdd9962b08da0fe21d21,1
df2905aa2b262fd4b948ad1fce6c177bc68f52f9,3492,2882e85999b5583d16686000710d72585adf5083ab966ebd03e6860a67664e7a,1
df62baec8407fa6b52fca18cb463803733c7a2e1,375,24c9f77ae3e5237a0a1f47893b4b4d4645f8a7012cece65768f0c72e18396053,1
df6341ed050d8395bba43b0f1bf906aa461e44ba,1743,f7d11ac4f163ad00e23194a6548a5bbc888e4071bc843ad53b8a03feed7f7865,1
df6f0bbe983ca76324247fab1194ca1918521814,241,cf858d20740417f8394d696978f8fd23af141011032c8a76374b492f8c092a9c,1
df79e4258ea89a7587985e335e3b80c75f3e7ae6,159605,6ed88f6d9c341c7907c40d5b52fbca52225f0adf64ef560df0de9e60bb50406d,1
df8b1fee97e687917481b3c55459fedc523c9fd0,7586,c5d032518012789cabc870d46589aca3aeda36cf9fa4399ee88bda3d10438451,2
df8c6ee7936aebb28dc52de1680c68d9aac1c300,143273,60bd126002caf324ed9a3f42d45f21a9dd7591d162f3501d168d02ee10d35dfc,1
df9acc1d83a5ac0edb7d10c3ebced5e63ed188ef,12272,78dc6dae623dd9e091daaa9493085f694cbb7aa8527367be0835f0a5536d3da5,1
df9bc9ba16514ae8671f3ef07c653f9f04e08a0f,33018,2a3404b3c59d2916207dc341cfbcb5f94435765ce78b2c2a08ea3977ed74fa89,1
dfc508df02f81b13ab279367e4f5204541049c07,1730,49f46996829bd67bc179ff6106d56c03e3c13549f5dfa5b860be86af6f660851,1
dfcb40a052a98a94bcfe1e415eb9ea7cd48ee53d,9416,2c933a1c70560f9baf8e871d5d13f828678890b05cf591db639130680b3e5716,1
dfe39b1dcf51f738fe3aacfd311dc94d920a7dd9,7526,e6bfa503a03b0d3ea9fb4bb121b12ab29b8a343ec8107749213163ec5dd2e1d7,1
dfe3ad941280a43b5074eecf85c8cfe76c739507,1110,3ef5719526fc3abf0807ebbadc89526467226c517133b2a64abcc75146aa99c2,1
e02dceeb0dc467145cf5fc9485d2825de5351a63,78272,9b77277f8f093ac7b6276cd7eaf340715c681c8f17140644b0bb9bb24c54ccf4,1
e04db628118410e42d206844449510d1fc4869bd,3670,bab0f61b5d45cef8250b448524dd18a4802f00d1b049b54b2586e4c62fc70839,1
e0516074e756922e0742142d1156bf1ccfc2ce5d,2401,2f50995459a3b6319a5471d99bdcad8e6e963e577ea9f3ec90b9d1b73d6bc743,1
e055572f512f4629fb898e86e5c2f10605520bf1,4695,cb30d79a91f452181616e1798b9cf057124f49e89329ab794d1cf8b345b3e77c,1
e061c75b371b57a43ccf19ffd05028dce906ec67,15858,3408cb1b9ba54d62fc665e52db2905d629c68271fcd98bcfe465c71f77a18cf4,1
e06ed9c341886cf5c66d7f1c656f7417cca701eb,1472,89c602db88fd21f3d14368b022c8f27678ba1f45bd7ffffa625de054cb2dadb6,1
e0a7c7e69c48b928014a7397c35560925880ece7,2997,bf7a07eda20a71b0bdfc8facbb1820c6f316897e5f66b3af1695e85afd2b903c,1
e0f9b2a689b168995f065f1dfcca597d8677b893,4460,3bfbf62c8126ef34fcb6f02db5973338976a5ee8299fd9d6292dca3e9ad6c90f,1
e0fa890ef9eea675f255b4c54aa71c592b617899,2206,d987dc8c079790f5de3cbca393e469a2133935eaba094cb92da2ab9069d7eb1d,1
e1028fabdb06d65389a580b06150475627084664,500,c0ab4411a13471396fe04fe9759afd5ca3fdd2764df8c118efc5650b66f0312c,1
e142d59a0e7644d17f1792a0499a4be5435d26b5,59784,925adfdd7396ffc86b76f6c0270961588a610c7658bb6d3cff3ffbd5cc6884b5,2
e17c1624541b42a85361dc4bec52de740bf1235d,4507,ba5f99f5da8f6ca4014cd932c94c9d0f46520ddc91230a10bbf3680fd9e024cd,1
e18cc09da23c0a7437ba0325ef5b8801d16f7a8e,2500,bf6023c139ab26e469d4f7aeec432cc41f674167ad354ac207e11c949a1fac6f,1
e1a571bffc1411d475a4f7497e1ea543cd329c24,7101,69d0762c1e875292cad26c469d72e3f986cd953bef69e97177101da8e8128e9c,1
e1bf3e73ee08aa7e216ce1b3c1dd9f6208d38ce3,2888,bddd0015763024a8deaf5e04bf7e93dc93bf41068c2a41642c24f77b3354db8a,1
e1c4b364d4c1e39fbf99aa54b06bee06c525e115,5909,3fef7a6b5a60aa46a982cf05aac7c6fbb9890d78bb4d6158f7d7584b05745cd9,1
e1d72cd9c5209100ed1d88afe475ad53a0fb9f57,7229,065328c196ada5792af428a1f5f6b40e890154292b350d92e7df2c0879c8e1f8,1
e1ed3f3a5592f7a7ada51a45aa575051ca38b9ec,2042,68249c5fa65d7a7bbbbd3aea598036fe8dad860415064ebc81ee2f303cae7bb9,1
e1ef347e57bf05818fc3ea4352cbc433c496116e,23858,c487e8c4d27b1f797d3a763f433fc4e92c0f49477139dfa03e306a3a41014c2f,1
e1efadc2dd59a242f230c070221b5ed57f25f6a3,12192,0628062ffe21a11b4107fa4a3d41474d6f2ae80f5ffb0614d0de0c02ab69e3f5,1
e1ff020e688b314962b25895d468ab790fd72455,12117,1dbe55587090f1d9c69d26d72d336a5151a1695e18ca063674964dea7f784f47,1
e20dba271e5fece92faaed7ae1e5558b12b5382c,180912,11ad8f4aadb632014cae77b4606379c241d7b546bb4f1e5bbc00c4649389c45f,2
e21326d6af2e16fc596a40d6c782c79a5988aaf6,537,8570349e32c0fbb7aa0a64c716255607e45da61070d9f8e3dedfe947dab535a8,1
e2160224d6b9dd164f71351b9b217d2dccc37c84,68,f4a7ec5c7e47f2e4b156c5be9898649784af69003b22eb9db9b555780911b20f,2
e231a174f29386c100823c45bd883e79299d9c09,7963,5582ae3b98f0b740be13938d7e7b493de8576c48e542bfecb7bd22c75c11dc75,1
e246749c41b94b2bfcf5a77f33d766f9a86378a1,2911,845bd0886219aad986b30a0c07ab013bc773973b6024b5174e0178d10d438115,1
e24abb6c939d4e84d58f0a9be04d92588016c246,2235,aa918d2b614bd416b9f2d33d58ab998b52cd7585f218db681a375077e88e60a1,1
e269104a0c78c9268248c05d602d5610123cdb37,14717,39b05b185fba874db848982d3158f375bb0f4e6d89055e87053cefdc10c1d59d,1
e26fcc6c38d26c73cf00bf694fae9ffd0285421f,84076,cd2527dde6e3d5262909b09a5696ffaae59a92c0aec563447824cc13dc51f991,1
e271eff0cc4bb2aefeb3acfc52c70844e28fbad3,650,1942f6760cf839f4e21162bf745bf147fb8cb436bb55190a40fd70660aca3f28,1
e27e3ddc2b019a39119691fa2febbf4b999ac764,45665,94a1ef6e0fc1707f7b50dc89ab745e2aa7b3cd3153de493702077df8abbc8e15,1
e285cd1a58c591ef7fc248ec808eb6103a11e4ff,534,39fd375e04620e0306976a9ccee8a496190bceb3e84e38512eaa605633c5db5e,1
e28c403f738e7de242de45578ba70e6bfa6cee9c,2702,05646e697799e63e812630c5a61357ecab753fdf54c53e1c578988ac5b55fcec,1
e28ca8a47e0a5365a0e3b702bbf3e34f9d7f7a18,22079,4e7154531cbc228b763ccd0076dcfe61f8634d17e071d55fb4f084fadb2d5b79,1
e2980a7cf9b68220eb2bc0895f0a3e1de0351ab1,230,8e8289f3f61f372698d38c8c3e02292ebe38d864e703727ca7af6cb7a2d999d5,1
e2e3d3c3668fc6118dfd137d7f3a1b59ccf3367d,3970,0a4b87013b7b812f89b8f99e1026a0521706be30764d003ce3a8d67f952ecccb,1
e2ea6a59dd09fb974931bd4c39bca31df02ad99f,1152,3fde1ea01987073303cf5ac968eb9adbfd7eae649eb7cef2e8f65b29f3c88e7a,1
e31148362060656f23509cb0270f1328d3324e10,96500,7bb20cbc6eb83d736f303b80522d872e6c492780b313a0ef54c578c7e965f6ed,1
e3255bb2171af7fe30a547440a3d2890aef5bf8f,72597,b9ab0e1bb42083f80743b0dcc71028cbdd808bfc3e902f627c09795f04680e8c,1
e33c4396b7a4ceea416f290ded243a6f6b5f508c,12336,aa40ed19146cfef84d1190e0e4540915157ee685b4d59fef14bf0a498ed360c1,1
e343f561989165413a6d848f54a758ef02bcef49,254,08e92ead75fc33f98a47dfa5f2340708e0f8fe92b3850705f2ac0260b64f6f89,1
e34a0d33b33cfc61f2796730909034dabea8caab,95,be05c9a4c207027dd0d9c08fb39e70a36085dc322df113f071375b6084d6883f,1
e3b62ab276efb6a4e68118236d40f9f92b8186da,7235,29dc592644bdb717787666b8bb343b340371bf0510ea4338c379d9b69c8e27ea,1
e3b91dbfc6bed38160c772aa8f582f223f0df9ec,2149,c502939b527ef24453cbfb8b071e542aec8d8a1fac71050c607e68b2bfdcd5a0,1
e3c22dbb5ce5b723a9a7653116bde4ad527e3d57,17854,1ab9529fc8e1f429dbf7fcf4f421a842d87a23bc8b3179ea33026531e8694bb6,1
e3c2e9db90686ab139bac9ecf578ea2bf7ee80b1,4413,aa60fa14f210dbe5d53b9094341964b351902f1de92aff1efe427dfc785b93b7,1
e3d6adf0838cd76ac85c77e5c7eeec8d5dc64c07,110,2ea7f77f63d2f1dfb0cd433e844264aea2c7f485839b5cd236d7c0c3259c420a,1
e3d8f1538a0dfbbbc9229b5e8c1ef63f8c833517,2622,431cfd8c9c9ccf7e600c2dc1c167e1f02ee2d76d389608b6446f09c53fc0ef0d,1
e3d9a0bbf13259e9dafcd4857b1b39e5beeda38e,12802,df214cd0d7e129f837ac77bb941000c0f877df51682e9ec75fde11873c364067,1
e3de98192a9e183b596dfe5e2b72a0dbef90ec3d,17263,7b8228c336be5a72372a825dbb4e8983e70d649597c7313dea6f39cd08d9e328,1
e3e10486115cb201e5fec16d837bcc5b80839842,463,e5802979722a8d543a60cfa66af14752f0abcfa94c3f8952d6ee3c9859ae5d1b,1
e40548a7a15e792e3250a58bebdd8be7817b8deb,5703,85a1f77ed415d335c6192c126e203eacdead12de7c4f69f0ea7cea0a797b5a1f,1
e410a295b3ddf73d763e88099eac58c2601c967e,4372,65e066adb59d695cea4ed7dee79d92b0303c4237a2dca2707947cf05e60dca0e,1
e416b1c71f7fb1fa4473cb00a701e75aa653f303,21529,e09704723f9c4d44195f5a0da968ef8b96b4510ed2666c1aa437b12d6e8e2a9b,1
e446a74eaa11c6feb2e7e03ebdb83c22bcfdd613,13932,a4f971c5432843b66e0d43d9b4e3360c36a6edcef416feef557fa17dd66d8058,1
e456506bf519f5b36785b0c0f178594c203b3995,3221,205e9f164d74fca306341edcb4874652b87f2027a18958735060abaa108fce02,1
e459a3b788628a8e2e0885e3eae2809f8c97ef23,3620,579c9e8c2481fdaed64847c7e58d83f7c6a300bb34f2a86ed99120e02e24d07a,1
e46a135e90241bd7f19da9ed41db6cf347859e53,3782,16de87de070796e2e1f18019f963c3ba5972bb9bfca1b856b83096bf73c61f38,1
e474f39670411e0c580f0b0f420e2554c92bc0b7,179356,e84b7d8f07fb0b1be9c5c15e39df6ca359daf4e3d9c5d66fb6c4f5d7a9880393,1
e48be3da4be08abad12fe78e8233cc8f57d49969,236976,b044abf71852b4000e253f4e01704885a89b740bf87f3bc4dbf12d9ee0f42016,1
e4a5049743d38b95ef2a16029f645ddc0f9be2a3,728,54c62673292a67a67b8de91e5a735b44516e80d9018e28688ae93b063a45766a,1
e4d32e906555ce4a18ba0596fb0094ff364b17c2,1369,7c9cabfdb9f47f43eac58e111932ec96a168c0eb6b02168bec9e1f44c05756c8,1
e4e52cea18cd416f09f751a3aa2b1070b948cd16,65923,c09190aacab03d38816f0f9ae0a3ad8eed22ad846def20a22b194439a4c6a2b5,1
e4e56f2b3f87882b52367c9d26e0b229c9dc201f,17370,a152ac15f7a51b9365f3e63d856d0acbd160b954a23fc48f891bff639889a45a,1
e4ef78e07f65be7fb420ba70d526555a1cde48b7,3204,fac168e9bf717b47c3ae07734fe8fff2308cb8e72473d93fac5a393e4e15eee7,1
e502e36d87bd941e2dc943b2f30ca02a77618c7b,91979,c38d37d7355d8035e2757ccec4e493b34a6f8a3672351fd438a9ab175905634c,1
e505da14e573a28979ccb9d81cbd481d03569607,235,2e52fb80567c873bec18d38605a7e987a0a95e1a1f996f9d2b7b1a7fc34c5059,1
e50f0560ea799fcf6bffca96702ba465616f4024,56899,fece3a0056da1ac257002a6290671abf773ff31e2ceb4ebc6924c190a13b38ce,1
e529c9deee2f044aaa64730e19d9dd8ffbbaecc9,247721,2692b19a2ef85b213e07bea2c9e975a96ec7eef66bf78afc6fccb2dd00af208b,1
e5498e187ab594abd538eb448b0827d0d046f71c,77,1e57dfbf603b33f82ca3ce00c2fbfdb8e6db438bbe77a0dbbe37d14fa8358570,1
e54bd88e2e85864bbf3bc3a0c9463c641683a99a,1606,042c4e624d6e244fa892631ebd525b5cab284d9945f6db5a77fa671330eb0165,1
e5620d25c4c95985d669edd537c496a49524810d,13512,47ccb94beaa990ef0e6d4f40876637f04b804d3565cd08e871752fc4d6902233,1
e56a103fb27bc75706457f6ccc9279f9545a92ca,36582,31f54855e581c48ffa2ba150819157ae0672390961b452e13eceafe33a85e85f,3
e56f621d2439e219986af9e7667827673835f8cc,5775,412cdbe7d926ce213d58f144a1910a9116926024387235a7ad6d221bef36f42d,1
e57487b5a3f75c9c2d15470a9de272286e234dd2,2963,09030868fa8f00a00ccdc8505c0427178f762e5ff26faa85311fc241d281efab,1
e582457154da04ada33485af2304f95aa8be4327,269,4b20dc30fab7fd4abbc5db3db8e850a8bf85181ed9302c380e15b0a5d2db5dbf,1
e5a08db82978c876123fdbff1f43b1579fc1ec41,2499,d620a1d8e76f7e8cf8980bc8e1330b0071cf2de305544f8410f2559449a0a12a,1
e5a16c12272c73960490913ea2db7244cfc03590,2119,4e81492a94fad8816f0cf34320190cbd009e479f794221348b973f6bf5774a07,1
e5a6241c95ac7f7d7654a9008234cc5b338c6442,21441,5ea14c9a46e0a989015e2e614fa43f206a5448b8b59f066907e4b31e3aa80549,1
e5abcd98e575cd14fecbe65a15197d1cfce5f0a9,13803,ab493f7b7cf641e7e994d5e8ddd103c49c30edaadb9eb1f3a863ba020d15c27c,4
e5ebb281d6fdca3cc811dd0ce165689bfa9b4478,11460,d235acdfc7cbbcf77187fa9ae892f4e5d512eb064e0284acf0bec93a19f834fb,6
e5f95b938810b70be505946c261ab95ceb163523,16535,e38d09c2265ab8dc0a9032e30fdd853b79e110fb8d1f685f41069be57f50a9f9,1
e644de1ed53104f61429a3513d28670d9797f025,64666,3b93d994fb6eabfd05f386aba923de03081cc59ed43435942c44380d119d7460,1
e6652f034be33ec74143f17cd0037148b18e4033,620,f0c3ed13849150fe682f890d5da585416cd63296406084df6b9cfc85f70ae7b0,1
e676824fb94d74697d70b94c988db9ab0d82ecc5,3494,ab511f79c11c00bb654076d96d5b1b1dea67998626f2d7c86ba74177c51957a3,1
e69de29bb2d1d6434b8b29ae775ad8c2e48c5391,0,e3b0c44298fc1c149afbf4c8996fb92427ae41e4649b934ca495991b7852b855,89
e6bd448c4fc0aa2744c3a3f6ee660ff9896716cb,30745,d4531b54ef5ec1f3853411dd02a831f8138be83026d212f878dde72b8aeb62e8,1
e6c17fa2815d55d1aa99a6571fbe54e2fcf12249,8065,fa4780b0112308359bd1bb3f8bd8a2563ce7693b688bd3d75746fb1ca46b677f,1
e6c58fc6b3c394b1636a3369c710cc5f958cd040,4103,6d12cb8617299816eba2eeceb279a120ad8981f88ce434dff4e42df8a8bab047,1
e6d1ed7f659a8d687cff056de12edbd43c3959cd,21454,03d08c3f362b12da70defa8f1e2388373d41e20a4ffc08e46f48fb9691667738,1
e6dd9457359a935aff265b80066b3a6fef6dbd2e,2406,3abd92c82dde18cb2281735ab92d12b15d9bf1b6666e2ed62deb1be887b62b46,1
e72ceb001299637da24c546f6b9554ff45b43ad8,1355,ff0404c9e9d16b34ae7304fa6148a35e9fa559665f8daa92352a85e85b1ffc08,1
e73f6cf4cfd14457f3a873598c72829dcde4b683,10013,cc8c6471d218797cd06e51e92de1f3a48245935beb3ba5285c2c6b8d40b8a038,1
e768ef7f258bc52a649dd91480f6aecde4267959,8607,9d2825926866f80f96221bb11a968104ac5596b7401f114961a45e9f6b7a5b32,1
e781eba00dca6d3087bcf84c2e2f39ff72c2b506,1165,8b97fd9b4bc9365237419792f3ceb6109a2477fc3567e9b082a037e5561c8ab2,1
e793a6f59ff1b47fb3dc884711c1c5795abf5859,16942,f4db0ab9ade943c7d39e30084afdbc989b2289334dc1e16d948cf87b2092c435,1
e798ca0c347ff27efb916c2ea80dace9953dda85,2243,e00d8b5d7c31c31feb69290c9159655949c64248a7e3681f15be7ea46352d0ea,1
e799e99a97adbf3631af202e02e061695b009a79,4984,fed1dff6ab5364718313b23cf9479ae84c6100f470d3669ee40128564bb59ef8,1
e7a146b707456dc0a20f6433197272a0461e0132,230,93671ed43240e22314270820f137395b716d30bf9417b18fa6dedafab499a721,1
e7e2acdf0a169d567e11654f776f06d3b575d396,7551,7241e5d16923c9cee64feaf76f1c316a8732482631be50251156444655dc065f,1
e7e44b3e425dc33328d4e17f29bdba0aeeb789b1,18322,d05ee8bc8503a7f5fb7cdab77888d4582b70b904d1e2d889f3ccbe718f7c0d13,1
e810d41554d1d0fce74e80314bbc202f59e66a67,11768,b8fea0db6b13bcc85436ebec223dcb7654875b74ea1b861fea3e71dbdf5f8497,1
e82b21ae366d9fea5fab66a5e81790b4e41d23b4,289,6578f597900ef7ab6996d2297ff000e9bde7e4040d2f1fe592f5217e8f9e899c,1
e82f414d7e5f44a97721e1f8178f2fc799219fa8,231,60e2940af37ad5cd9ab3420945d61b3716df39a44a4f4e099bc3a01b813c8b16,1
e83ccada9e1e71dbd112fbe148be48ff325118b0,254600,19758583a4ee6b6a4a30196e34e4885d5fc283845a78ce9d63363734db269df6,2
e8417f8a8882a8499b9c3254aa3171caf969aa58,5200,06060fc161381b85e9016cc8f8966fc2f1cec1f6f56a435ee3acbbab9b5e131e,1
e8563f686b440f3b32e4559ef766a023127644a3,7501,978558134cd90b90be9581924a1e8ef190354618408025a63082b5db49e3aab5,1
e86d75292552b8c40c4620c12a49fcee70eb301b,1104774,9cffb1a7aeb282551909cb675ba35cdb2ffda6bc3d036e620076ca4a9ee42fd6,1
e895f6be2ca58b7b518b6b8ffa1fabe8ab03bdb0,7727,c45ff1bd70924a1e6b2a57c9a97d5e6a645b1da4793b8890003853d1ff4b1d6a,1
e89b7236a5e0d2c6470967b98548964817754221,283108,3d91ccbf0a54bfd31ffb644d6ec378b2b4db5c17513b6821da8c49b0ddcf987e,1
e89d5d6d688117d0a445dcd9a99eeb06de87d653,608,4781c7d23c9c53674e9ca3d9b9a37185791352b7a3c8bb5403835843d576b617,1
e8a5261bfc36c2326bf58ff11800c4827f6303d2,12640,516f16ccd0cf51133ec506bd5a36ab50e2148a79314b5fca67b111de8ae0ec41,1
e8c0d83a022ec3cf3ea98fe068b579c56ed57f5f,9503,01f611f06f2c98f4767f17219d71738d37d1d9cc399b93a134b1dae1bf6b5058,2
e9719f646b43d784b08d9a876977e003c878e425,13259,f0f4427bb909c3796a322f938c65becca402209a2f25849481ca20cab4075ea0,1
e983b381d58dcc27fa19a355cd799663bf1cac09,2579,09c06bf08821e3674efe4ad39a43f36c81d2ab99509031aeeae4c9c56ceda09a,1
e9cda5d9ada0f7ff6ee0f271f83445c403621a22,14646,e8751acb5160c77f26bb0c656e30c05dd401e566086458e56bc3f266cf874d20,1
ea3660014d8f7a86a387d9a180fce85a3f055dfb,73920,3e2b2cdd1329b684b52066bd8d7d115374f86c8bf647cabcfc0fca4bfe24d136,1
ea415d6780949000ca84df607e4586b731a507f8,230,8a2f0167f9fd9ca75b39fbc30f22a14f40083e2ae4a78ef9b4dc8dc0be5ff1ea,1
ea5287dbaf65ffec1321cf6fce658fa68cf7921c,4791,18c2ea9502ed27378d91d71d113e719e069110b5e04df8b2c49ad5bf56b0a9f6,1
ea8e9285f471f88dc478cba944d0aeed1d6c67b6,22,71cece504103b407c39f4d4242686489992e080335c763452d27bc909206bc56,2
eaa9b852cfe63ae76c352a182c24931e58d309e7,2112,7b7612a543e612968198698a85259a3cbce1a3a403f3a45422248ef2fc67e3a3,1
eaff6388df6009d853d5590abf8a707dbc005292,2702,87b580b876c8c0f6379a1c4dc0d8ed3cfcf454eb72842c3a7382df2aad5f0b53,1
eb019f6d3fbaeb92f8231e1d7906fdcb7be49b33,4231,07ccf10b535627fbdcc845b1b1cfe22bfbeb754978c078dfc4fc38ceb6450535,1
eb153d93f6c6d2d1cff74977043d2f57a735de77,160,6692934017b7c49d882f90bacacdf46a1fb73798aa5057b4c7edfb9fb4d213af,1
eb2b75fb765fa958704ccec4d01b53fc90dd20ca,4366,72682240c4db594dc99dbd8373cffa826119752690a218a214f831c05a2e9b2f,1
eb493d04b76e9fec848dd0557739ffae5eef9724,810418,cb2d2cd583a0686add1765b5bf94dd94436c22b4893243a7584115ebaa1538e2,1
eb56e7a1202e7e553eb9def48e767b8afe33b07c,18065,898b4aaf16733a8d5388f1a6580030bc4c8412fc197b5264dc9354330b9e5716,1
eba515275374cf93f481240f0352c6d31223a25a,13142,2e4ea478d124a3fda403738f98a1084fbc0f4e991472f832976c7cf4443c33c1,1
ebc2b470611eef6c7b97daff26fa340677dd9db7,4398,de6cb2837e679b398d943346087830860c653a3e936a6872fedf52760273e0c5,1
ebd61960ad80a0d9fec2d4bad152d77b291a1c48,14933,d17b241c6853e6545204293b81b29b91c292b9be1146ce84d9e79c7a7195cd90,1
ebee0bc473f209073f5dcc7a5bb742fd4799e739,4110,33e40e9ffd3e3b216ec9084d007ecf2c37a7e4fb69c1d0e2a6c53d21c1b05430,1
ebf39cee67984c1b5ef046a810e4844c6d85013a,2559,4b6f38a169c04582ddd601dd678d3b4d42885a0a14a8a611389529d266426157,1
ebfbe868259399536e70182fa3089691de42d42f,236,32b4be375b53261ebd3835e50b65a455222457d4d78203dfe637b51445c0fae7,1
ec53fcf52e7320c8ded253e7f2af3b7c28c418db,7848,adcbb71ac5ae6785a39c47fc3411db019b6566c376ccb8b82314a225955e0f4e,1
ec57eb394153d214186ef52644e3e244f8106482,279891,94c9be1beb48811af2597cd3d513aa405d8980fd0bdecaf8e2cc94495253b0f1,1
ec6c3ef1bb2edb2961447bd3c49e3a16a333d809,189996,3d9dc131587a3b0a9a043bd63e6160bc54d4fc2d9f776a3c59b1209c41e804ef,1
ec7c1c155aee4681fc189a25685a899d303e2741,166119,13d3f4c284febd10b5e22b351e90aa2a422782493e410bfbcb651cfaed6aebd7,1
ec94fc2694e8e24a9edda20b79018a15ce2fbabb,116380,faf10996f150fb42e9268d775b3552fb738ddab4e3aa53d5271b5752bb8ac981,1
ecc4a12ea42d243c8e584357fffb7835905b61a9,13762,b7e9155db4dfedc8ee8d48a92e7f72b33fa472755383615b9c3c6bab878153ef,1
ecefa42b8637ca485d0223339d0ea541b28a64c3,13959,9574122512088c667625cb30bf212b55e7c712b381fab9a1ea1246a47675a30e,1
ecf17378b3f919493f4139dda61bebbf9abc777d,417,2b3087469ee93c6155a3586a7077e02613ffe59e246638599c4ece0e7a682dc6,1
ed94a0d6a5f5a6265328a7e534ff3a503fe6582d,4862,d451c514f13b417f9be868ac72a53434a8d186e410c877925bb81aa9f2e72634,1
ed97a8e6d5ca69df8603780bc624f2713cdbf830,35226,a74215491110d1a2e862cab496d3aaeeec24018db963825a394223f145957d74,1
edb4f96370eaf7fb9fca3ec40e9e8117a919753e,1252,fdd626c703559c2fea3c2e668ac06b6b7707321ef693c0966164cfeb7f06e0ce,1
edc4ef9041e577ab9e3a1438bb2827b63021528c,12999,b0f8278a5f6502caf017ed6623b1010898522db4a9e8bc3ec16681e48727e467,1
eddb9c63828ea18ec7584ce5cadf46e7ab81f144,532,7ba659d3bb6710ef586c62ffbc411a39bc0d8b494e0ac6927406b4913fc56f3c,1
ede026e43d3012975ff6f5f45219598824e8ca06,6828,38e439fb7d6285da77e8057ac2ddb3a199df82d4838cbe97dd02e9618a6a6024,1
edff473aabfee21dec89f1de62a549e992c379ae,16990,e4838670e7442a32fad15777dd980d53ce861b69389d9f48a2ad6a13872b3a59,1
ee00ea1691d0c1b9b9294fb33c115f537b3531cb,231,0353eb84aa2400127c3b43f40b70d6cbb0ac45f8a07ccd65044eceeeaf1401e5,1
ee0c31231b5b0494addfa70b54d593fd2993e99b,1746,f2020a4710e3c1d8879a28b9f4bb6a59d4f84668c239dd1af8676c9151c9c66e,1
ee4faec37586cab6a248e5efa448f7c4d8481ff9,545,79b8e9f5a12d3468452b777e63dbae2c14ba61f244dabcd4749ae0919f6c5c78,1
ee6c90add8e3d5ae0de0cfadd81225916bb81bea,289,285b4b2834eeca2350c9a250bcc3147feddb3f0fe34d721686d364468de41cef,1
eec8c69ad1126062d5e3253d7ca2ae9c69ac20f2,6204,9f6e09f816841a689409c420260d63f5ef926c0a1a50cedec839171d71022955,1
eedf1b99023d9bce8e59c2e3dde39d49491f7b1f,17554,cbf4360820f101065d8654576892bcdc3e24612c1ea99fa209130fd0d514f37b,1
eef988ee3a68d31ac6f25f05cba8e3ea29c11675,4738,1aaaffee1c17772499a56af29a4016d079984e5e44464a1967b90c466a8d4133,1
ef1b0e5422d1a3acc1f0fcbaff2ad53c2133b40c,1857,d5808545be5902aed759ab8cc3fe7a7e9747f3b2c733032cfbe7696dbdc666a3,1
ef4b5c25a80d5c6aec939fdef848dcf8cdba780d,224189,10fd97eca6668f1daca97dd0a6224ae403886a98392f542bf3f38f7711ece77b,1
ef585ec074719af87eb313638f187719f280be44,642,d07ecaf622b94cc3005a57dffceebe290f18edd22c1afb66cf271fef0c78c0a4,1
ef6877f196f5ab424925959e1926a22cb016734c,180057,16b6fdeeb110325a22fa006de69f47d765044bade8f0da54ba4b8f98775e03cb,1
ef939a30792132301e8c60cd852763ae228417dd,716,a7f1b5f654d6ea5ca008dcb767ab4ab6168f6a43311538e61aa464a2895c427e,1
efc54406c8b262a746aff532706ab82a01d1d6a9,745,65b7e9498ccd370992524d72f54fe18862549b8ddf628ebba716d62a5486911f,1
efd62e17cb19ee5ce4134fb3d5ca675d7acbbb01,8136,686a367f9b64dbbd95d6cd7c659c3bbddb874fa1d35484c07d58bbdf5e98ff6f,1
efdd5604978db7aa1b5841887ed0d9493ed92ba5,3741,a8291cbad5f1855198f1a71d496ac507d8830961fe9de63959121f1197c81418,1
efe35988d35e6d24bbb27d498e81dec7c3fc2744,4531,8700b82e82e79a7a28268a7f98147baa48e1b32c5550a09355ec75ce5ca8d09c,1
f00fc810da10e6b3db7b75c31bbf084113029b3c,1386,b0c0e2337a62472129be96ad810ad5f42130aa8f2439516cdd724ae2f6dcd4cc,1
f049e784fe6c63ca3098d6f607c901ceb92ef993,5870,7e58c5f673b0e6bd189f17cf384e4fdb101d55fa055c28218625ac61b2809bdf,1
f060bad6f851d32f27c679c4f2d5143b892b0d7d,3756,4f3ef14a3e9a473c96cb4122c5521ea0ab549e9534b5d11114d19c6eeca518a3,1
f084bc0591b6a964ac06f12504dc8ed31b18e215,2110,96b81dccd0e5eb74946c61b69b784b40b31748f17b9b5346b7395a808d13d970,1
f092d86445c0455d4eef5b8cf015e033aa3bdb37,28823,38df889d601bc43ff66879b6002511fc29dd1930ff31a7bc7d8e41f13214de35,1
f0afa7bdd9c617c31d17def33cb926c39d3ec838,17565,b9ba0149187268c7ed89e81755f9a7bf463eaaf72155ee024e7a08e0e4a07b9b,1
f0b5069a48e21f66473100c29afe63df5bfecb04,133901,ceb1175ac9e5e7eb0e5aa85bd72f0dd033bee77098dc641514acd9a4fbd8b6b9,1
f0cbc665dfe220e67cdff755eddf9058224d75c1,142836,459c265e6cd1bf29cf416d836ffa5461480a847589671b2bfec0779414d50b13,1
f1026d6b90d49448df35b57dcc0562061d8559e5,8388608,94522b523ca43c51ceb9d2422315eed1e2440d8f47910ab9ab64ec3875e049b3,1
f125c8271804c1a973ceda3fe2143ebfd4d920e9,1783,005468205c0d42129cedb9ae817c61682a02b3f08c61c48897308feca6e79893,1
f14bc9d1e3d224499b3c95b9040337330d021d59,7378,0d04919ec3f2ed86d0e1938b64ccbe2aac6cc66798bff8da26eb7fe608d34aa9,1
f164b0c55e906e357d7ac0617e06bc39e02bb23d,2013,b3a1a64939975d4bc1a17d71e3c541be32ebc7bde0f4774891743eb321f8e18b,1
f169b2bc6a017d653fe5c7ff3933248f2ae8e1ef,39967,e271b26e17d1c7276348b12410ef2e58d920d4d4848968bfaab2c07d1564bf94,1
f169c38bebbdf2a351aaef924a9124f3693674d6,1273,2d3297e9c20497ee646d390f2eb3e53a2fa2907e52e6ae5a1627ffdd81e5c21a,1
f17c0d012d2c1488c8ec5280aaf60508d52b056b,223406,bf217d05b9fbdae33a1684b14ba77bc50d381c86cd1b215eba078b7f41ccf6bb,2
f18632aabf612c846d7511baebed6186e647f879,285,7803c2ed87a45d21421271c24841da687db644e0a8322dbd0c339b50c6d16197,1
f1927785d6ae48c754174f7646877d5fdb0c240a,172,34806ee4cb257281c5d620e6cf6b36513af61855e9da4bb163e639163162d2df,1
f1a0f46f73688cd68e51f8be941d1c22c07ca8f8,258,260e4d0266eebe1bb62f8eb6d6e8b7b97943c48a1039ae2c0503b50aa5c7b254,1
f1a357e4f39ac061c2b276f9f89cdc6407024f8d,14218,caa0141e51bf71513df4f987cc997a1f297b403643d29885d6b26f4f0f132741,2
f1a7eaa747cde47a5d4f3423e5199123aa609dff,36188,cfec1e8e243d9ae495519cba33ca4544090c2144ab1c1f8c75280f4dafaa3de8,1
f1ad8ef2a505b7a11c16a152d2e02ea35142e873,341,54f2358018084fca0ac239c1f01bee1654948240d9df2354b5452472635713af,1
f1bd2ce9c41dc3694084140ab1b025e1a0a94524,826,2c44b56c0bf6c00a8b2d7b8b3285e6d257204b1467abe8d3660c4e9bf2ea7a10,1
f1d672d561cd9806603cc99083674642bdab90c2,9439,1f011d8b5c9e023dd095515db25a5d71a0b5c050432112397aa3bddcf72bf6b6,1
f1ebdc6b6bb49140a3da67456aaab49f6136b101,1044,9edf5f6de205f9abcf61b935befe1679e83a42e290f1363ea496852cb9693b2d,1
f20a95122b2e500607ad2c5e0620fa73a77e4afb,3821,a767e67e679e4f8e7d7dea523ed864f11a85558b6a6d78cd5cf95d8a302e3edf,1
f21886e3ad3c18de5632d37c4e9d199927bd3c94,6776,ea2201023f0aa5cc0a525b1e2814ab08ecdcbaba81af4f82858ab0db34df3a91,1
f22159b38cc885b5b12b879170cc21829846a55e,11673,cbc83dbcaaee20b207fd76cf8fa0cb0ec354515eba05d6a761efb9a906965487,1
f2518a466e676a1f020f2cc3fc3d5570077aa2e0,43527,688ce13a4faa3efe3dd6f699a10052e80779d940bc48545d1edd20a0cfb9b220,1
f25422c02d7b6cd3ab05bdadb4e862efa6fe3c2e,9813,88afa3780d4ecfe359f42db0024eb55e80005781a016d20383f1d4a86de4b1ad,1
f26cefbf0ca3b3b957535c5435e6790a857a9116,949,adf22549b9938ff6d24fcd31ed62e257640ac15c6b83815b8787caf6198d8560,1
f276dee9fa7f883a1d99b0e1fa6b3ae441fac37c,21630,85261dd1c5160778b4fa1ad3a2a1414f1198b48275c20b08380dda941dc1d7e0,1
f2867db40660eb97b82b64c6218db8ce92b8f8b8,3211,54d21a4347189f63071a6c3a73c7d895c3c75c3b8ce5308c709ec230f994cf12,1
f294f4908cd6db56eaeac7f37f124a486f4974c5,247,44ee3e95e29434a9634868b2f3df252f5b6d357076a0850ff44b4530e42fcc41,1
f2a0ed45c6fa754a42b3876388b09669c1bb09e5,1372,beb5730d50fe8ef3024848fb1c2cb9558fe22a6d88b8430f6796f1a3678fd90a,1
f2abcf49b7e830f5a9d975457a307f132cc0f1a3,5252,743d094996d864d37ea3bb89e8aad080fe18051d7774debb431c99ed08b174df,1
f2bac652a4a7050b99b1146aba7da857125b7ce7,6941,38dfc2b991135a098acf5c56fbe35ec9b93634f1f5056c3b1ca1d9b3eae62595,1
f2c588c8697223021380ba372c4eb69797070c80,7,0014ec9fb7bfefdda1bf12968b1db1c801752bc02c275b2946eb4c82e09338c0,1
f2d7818a576064a63405fab41223ab72768443b4,26119,ba787d4c9ae2358abe69c106eca69c746607f8787d09ecb644bc795064de6408,1
f2e6df6849bab12ea2fad243f67d4a202890551e,23861,e872cb83569dca915415b46236700001eaba39f0bdddd563f3f3b5f9a2805b9c,1
f2eca851c42146168d4bb40b37cfcc5fe8f5285e,25597,a92c1a1da2b0e0b3920d26888fd389e4b49977904a0ebfa46db4ac8aa0efe4ad,1
f2eeeeb7c64ca72d6edb5a209e094da0d6cf985c,417,547c686d4235872f18976c5c381536d128aadc5257fd4437f0572d1bc9ee536b,1
f32326a3bb47e1614d35f9783535cfc1fe9b974e,7451,955f4239c9892dae309687c3ad6ea56cf939c02c3005978fa7c9c96a935f8f9c,1
f328b4f4413c23b73d5edc1195b069dacb3c8e41,39335,1af0e3654b865a95141f00aec115d05fd6841fb8ef3c59e92ee2b37a1b5cc41e,1
f32dc64f1844ac5112868a7206f7656f97d26cc3,63436,a2b6d0f942ac4e2e30a6f62bed61184b9a3cd2aa2c3ba3d501225d9057d5be47,3
f372fc3ad3c74df13b5fc861a184db15380dcacf,25154,4b49a7189bfbf5f0f7b2ef866682c4c32bbfe6a841acc3c6458dc3a9dccc3d33,2
f3a498dd7011f735a931db63095e118c7d274338,205,cda265b525e79f5b42dd686edf74d0fb81d762e7995cb14936cc5ebff1bc17c4,1
f3cef5a93118d16aabe465b902b0ce3e209f0db5,29729,c6da4497a11049819ab77a58597c09003cc3e6aa95e35b74fe3348c2497add17,1
f3dd5ab3431b6aff4e0a67fa65b24e1bff7b8ec7,535741,f8d78e423280ceaf85f12d607d26dffe55393cd5d4e71f8f8e81ad80ff9c99c0,1
f3f578bb66e53bccad87f68e530cf29bda3c0a4b,36057,e1a2961ad6f1ed2b39a24cc68c35f0389078d5599ba15cdd357a4095f79ffa3c,1
f3f87d67c333adf5244657522beefccead4df386,290,d7bc6e4a0510648417249af7501c93637b44a1816374468e6d152e4b534ff880,1
f3fd236859a7395a3683ff8ee0185dfbc417276c,15352,dd3c1efeb06133cea6aad69b70de6120597bf063d67fe1cbecc1d2b6500f4bf5,2
f421fbfa36b0b1450ba5ba1ba30719b1610abbf5,2617,6369831d0d937dc43bac5d6cf43dd7121bfe8c0a5a3363ccbda126ceff98e947,1
f465d3e49b9fbe3d3203f7476a9dd8070854770d,12016,2d187dfb95c22c8ecec86ae898c8600ba2c7ce8b3a1f4f2909c0e45e4f8f4919,1
f46e2d01f5b8c11fdae2efc3cf2fa497fae6daa9,5283,eba8732ea6a477dc2a91522b22cf89f171d44430ad5df55f5ad19227d6d24c57,1
f477f8806a3016b3905ac1ef4b9597a569a13fb5,37314,18f58b675ccfc58f67875ffe3f5cc28ece3a1ecf253333645eff921fd5167b39,1
f485eb51cd1b3a0e8269e83986a9b03be6ba59d9,80,de0615cf37b5c81f3262e96c1af6d39e3e1ed022fb623f364a1d3c083a4e551f,2
f4c85021e71d39a06023bc146976ee2ee59ef316,19495,b68436f9255a3cc73259752a895d9e8d9f52494b9dc2bff7195e4bd8bcd53f69,1
f4e2402bfd57f4f79c49607f265ccab1b672fdc4,89849,caa403a1f4b15bf4ce5d887847f6fc4b9f5b23669f04d03e8c4712be7c9cdf60,1
f5079101c0481eec6a5011625495786c197785d9,466,42e87bf49956a89c46b384fd1b6d68f4dd503ae87f70b003d259055356d8a2e6,1
f508428f4e69ba21b1cec2725b49a2f1e9d721b9,555,1132763ea8a725a2f20981205954dba494682f286e530cc1444e1bba3ef2a2bf,1
f516e865715c8ae0e16586231f7cc7fd7a19a45b,7300,653205a7b78c83000bec04d761f719930a0723af88510e6f8b110d5cd1908da7,1
f518e0b700e7a1c64fe228c193dad118be0bb28c,2580,20c99bd9cd314da3548a3c1dd0c4530106d021bb396eb56e39162280a9eae107,1
f51c5b14a507c029c126275c251890d23873faa8,545,5020fcf4ce14e939ad25f31792c9de52c46b041913704253b6612dfc67c6d9f3,1
f54a173cdd837b8df8cd1e50f8a0b6c70de5391c,9839,427f4edcc8045c6058532e85c851e88dcb140c872f755225e94d49edd331fa57,1
f55d22a0e1a7999c225f2b44a22dce497abf14e5,265,d45dd4ef8f602e40d3476219f07f30bfedda657549f41ac128d59bbd15656e45,1
f5cb1ec2bb71d38c68bae7b49bf76c712b8995cf,1620,eecd076705ec732be62b74644ed04ff15c00ef85318785a52afe373744883ba4,1
f5d7381df5cfc6916e96a88fbc3a3d6a72e90903,6202,b2b811a7b22bfbe35de880d718a5c8b428af549d82ea5f0da1d7ed2c10abbc4b,1
f5e91468c592eafdcd1249a69ebafa46249d26e2,5604,cdc889c9fa33b7525b93bc9b529d00c6f6b42a949bade4f8461a65e2900d03b1,1
f5f6871e7c3fc29915e4550ca9d5c6e86e791fc1,1400,ad20189127f83ca5822a15b9b77134baa396a759beb9ebcc84f7a132e3e18ab2,1
f616e5685a73e4d761ec006361fdfef904941baa,8388608,a99151da4e6b7d1da111a3cd4b4c6c5b8992a4faaad0f714bfa46ed77eafeeda,1
f64706a2b1e9597daca931db8d7312bc69a924fa,3527,d5ddfec638d81190c025009cdd2a1a0b01fe481ec535a2df7d6582e0151ee159,1
f64b40ec50721fc2a33e1d5c2f65eaba409e35de,252,6d2dc0d26cf72b4adbc6e781a3b11ecb162dea563e224b938ec1293bb5961d0f,1
f66643d700f02afc64deef36e21d17a32967f5de,13171,d29e94c2e908ad678d02b4ecc54669e9fc3aaca5028fd4fc8af607f76aa789ad,1
f699cb9c34fd23367628d8248f7d838ac23c34a3,3753,7267932d5262e8da3f7c05b3b834fad242e0e2e286d1c03a68fde62475bc63a3,1
f6b02c629691c42656180427737699d8b050cba5,106640,71e240d04f701a51aeec7fbd3cde0a66eeb72b8d2486e4e871bab3d653541cf5,1
f6bd9e48810d48e0e24313bce50e8c46ee41256d,10925,e014a6a7a2e6a7e3e4a4913575780b97a1c15237c4755546534e0b2083497e6e,1
f6fc979ad586b5d413e999c99aa5063f567c517b,24712,b0ac3f0bc0c22a0f74c94bb3772efe59f13c6890c2a227fb303f7b3bbfbeb96f,1
f7071ca3c18bb3a286d72cc64e0a251a87f9d585,1643,2d2173540fcb9368f0f0b57f2f4db991cc9331a2f81f8e031d2fb9b7aaf55e00,1
f722b840e0f3f351bbd258ac731f47806dd94a84,3263,e07bf57d6b63d4f1bb439e627ff4990d2848e5d0d6d282171a4c59ee99fae72e,1
f7297cf897ef86e6173bde47531a8fb8046324ef,11523,dc93a5806e82b5e7500855a31b10141a90953d9d6e339bf8c7225b2a96b7d63d,1
f765590dbd85e717ff02803446a26bc849683b07,2219,19370ad052cf606de704183ca62655247e5b89ccfa3481794856058932bc7695,1
f77242f819d09acd46d87a9700abcc60e7505363,8388608,05ad02b505e113147431ccee6a468fe37b627c3542073f1aeeddc7fddc850715,1
f7a238abf7518bbcb29ba852d0ad576ddacb3e3b,1378,f89ed9adedbf2582d8fa3a9a3c5e68a4549bdb503accec9636b381f2590266da,1
f7af232123ed871ac1cc2a54d4eb24bcd4e9bb47,8431,0b2a63786e99e9988e81e7b4560143ada09f3002fb194d3da963f462ecc58e42,1
f7f19a71483342df18061f14213fe1cc25b2114c,23012,38d2b76bc4d3b28f79a2a432d21e8533c22df9e2c3f557918a87f016f00bd593,1
f80b340e74d5eed88d00059d5ff9131a3f7e857b,1152,2ef45bf2caca7bae98228470236832be6ab96669f7f8c871bbc4f45d61762939,1
f83a52f5a89589c0dc830da3e2e3f8189d546216,544,9a0ab96b043acda03fef7968d086d6d6b97a566c934d39007d8a97e3b6de488f,1
f86378bb2b4f5a6ca2d69953846dcb489503d401,12018,513fecb0bb62f27c73b13161d356e8b7e44670192fbacab97c0c37ba379086a3,1
f884c1dbd68e413029a587501765b3c7ba48e749,4435,9e334aa6abd446c8da1b863c5e624d309da83b0805ef8079a0bd561aa6ebef90,1
f8a3473a6c763d0366c24e294f27d5b72d841832,702988,395dfe7813e37d83dcdcced7c40554f4e75243e43d36d2942cc140b0900f0b0c,1
f8adc9ba956e9ba4c11d052928d7b6ef51413b8b,6051,f6a2ac5545a2ca79dd8a8ae6fbeca9e26a1530930371896a386c397982dfd9e5,1
f8d364c341aa66013283363ba9a7979510d430e0,635,e6805808cb17ef3b77a2573b19917085f1b36cbac2978f1c1bab709f92fb4d33,1
f8e9b83127b6e737f2a07fd3df1964f1bb423b87,103654,9a410519eaac94318daff3feea40235b2b239a24c14dede81cc7ee00d39f50af,1
f8f660c46f9da977343b86dca1432d36030399ce,3527,b1a8ac91872c8bb564c65bb4c409b69c10df0e9214d4d9676b17af3413f28bf8,1
f9547d5adf7adef0d517dfdeb69379ad67c50d33,8158,31f09f84f4e8072268a8dba1ed94636981f378c0ea478299064442106bebad50,1
f956ee509818da48cfaee06b93a7fb561dde2283,1018,3845b65e17af207d0fbe36f5525c4d6c289201c69a1643602ab2075e9582b684,1
f9687dab09dd39c04de4d028c873385e61c185e0,1386,af97a3b05194d65df6a4a9b416b5d95589e4bef5759bea3307173935f4a9f8e5,1
f992ab4b86ada23d37fed3541a3454ed7e390cad,12591,90741f0f754d24f9224dd2d3e4cd2cbfba834d9f04694c4fb00a76c49aad3e62,1
f9c7393e2291881e15791df4ea4f4b4717467155,2449,af4f6dc3c53fc16fd4604c5057a0b77fe08fe0acc8ef52a28fe185aa896448f6,1
f9dd9062bf6009f7459c9c6b6572f760f5979f81,11531,144001811dabf41b496195f5bbbc1de6163ad7c6a4de79ea23cb128cf133659a,1
f9e087fb7a640cede8b29be2a637c71e0f793ca3,406,d0e8fd90554f15489e8629432f6131191e4e237550eba571f7201cc27776d287,1
fa0d03245931f5c7a93b809bfc745016db15a7db,27124,d00149960d36f7d1a074e4ae33779d664c35caf04291b2bdde93d0dbf908ea3e,1
fa13cff1c78f98fd49fb9eba7115f86ac3657f6a,1647,ce6ccc80210b17f8cf75f72f97a65217e860179a4e49b6c023d41cedcb63806b,1
fa1ff5b6d4f91d61adfafb802a8f5d5e19a61213,20373,95f897886cf53aa5e2489c200620eec28238b8bc0de5d08d6a2808fc24f82d94,1
fa4cd9fea420f3850fff3fbecb390e22f945604f,2393,3945f394809e42a1c9480fda18f8a0f9eb37b476e39c7564030377375526ec44,1
fa50c4f876eda1b6b37deaf761621c1012c8b404,113,f39dd13a8a2a12afbe27e5cf206802b9052f31fc1f489bbeff3f0f65daa8c015,1
fa8cc4a9d2bae355dbce5c342c81ac1dbb6be58f,283137,c3d7e185cecaa748e81601eee8a5dbbeb63cec3fe41106a384191f37f6f13d1a,2
faba2c1d39094825ed135858deedb1c30cf5d521,1620,b8e3f6d800383b4de73729e9a58c3dad90374280e842a01ffe14c8b24ab81223,1
facf44456c0b6ce8efc2965f574062b1901e6e62,363430,9a73078d208d18acd43022211a0d9b1c67f1292f097e19ef59b6fc648f71ab4b,1
fad8cd3d5d29fd8a26b205d8ed3bf2f77617fd00,1767,49b291047a468b6de805e894e35f6e1fda9a91a599258a2fb64ec6b727c44438,1
fadcad48f03a8e9a1e12ab1f79fcc0d600f31b4e,95,ee62c159e8595b6ffb35031fddfacedbeb0422e25c2ef2d0cbcc7153847e6929,1
fadfd99b1d3fdb9c6013e936dd6de70bbec844e4,1388,f611bb4cee868c8f0834e6c34d9f03e5e04b7b5e33595d801dabd2294cbd3570,1
faeb8ec7a2ff73bfc366d69ee9747bf1011ecd58,136398,c291afe2c47d560cf92ab4d81c5b4a5a762438923ad2167ccf94178471fc7f1b,1
faf42abdcd1e51d7e3a786bd989a57985464890f,145915,04ceef804291ddd9c613b8ea85b03977d06d30b20c46b608f259dae3295783e1,1
faf4a09c61b29b82461e4d4afa17032486666da7,2124,9e7dd06036a0cf7307e2edd9c1fc897bef0f941343e748ae2d06e66c149220aa,1
fb01970a8460a8202e4dfbbae85536d04b9dc898,1209,e8e6a3f9aac393aab0da28920833763bb34050bbf9ac9c3eda8fa1b3396954a8,1
fb01a39315ee4994de5382c27b09efe8ef1383a5,4322,bfe58c16f266f7025800b3c13bd988ec0ca0b86ddc3118f126c5ba838c1db870,1
fb061cd549e38f1aa757d8b4654f7963848057c8,22810,a27fa9cbe3a395a350b4e752c35480b7cb3cb50fbf03abe60bd4be299f2f4492,1
fb0674918de337b9526cebfb231d4529c00a2ad5,103014,8faba32e254e0dd0e9df094842ca459d065a2ad51170f276e898a6765bee4376,1
fb089531fe148e6ef8ed1e57f435a23ee8a1cb10,49743,c76a76239dc61c6ae8897204503e0b77ecd98d11aed136fc566e5c8911ec3740,1
fb213272344ad3502718ee44cf2ffae639b6ff8d,12609,032b648a0767f942a21ff03f8da4683d67de9016d049e30077c6ef4492dce32e,1
fb3955946b20ad6687b434d7feabff106285673b,6122,f7dec4a785659183d16a88ee8819c5b67222b910c2054582fe6a99ed64f08415,1
fb6059914b1ab60a01ad65694588a69a7a69cfc5,5192,f94839b236bb0d1664a09f0f1c42adafdaa2ab1cb666341750d59c07de9f1231,1
fb9fc1851caffa549a89121d488b1f32d0f4a0ad,1658,a7ac314ad7fae28d5706fe7e3dd304960c1c684493f64daa01c9a2d48c986ae4,1
fbd482e340b70539fd9eb7f23455f735be1bc5ee,19935,323322db7b26698e8c395d2f56e5f58f298ae37b0e9a875298722b95a2ab3597,1
fc04891a967d91f8414afc8e35e5850ab87145e9,11450,a52922be7af5ddc88c48934b1fd411ebbd24d483bc5a52721d7b35102a5976e3,1
fc189d4b826f665200d2e93572901fea939623c5,5223,19cdcbacec6c1345d0e02f7f0d256596d558a758f45f2f174ba5f9b3cf1dee48,1
fc3c00df97bbf6e38be40ce7bec8e9d136d18214,2526,40d773f84e4e112f495bbf4f1be9cbd2d456c0aeb6ef5311f75d1bf322f2165b,2
fc534e185d653c7a1cd2e35d3e4b1d434ceb71b2,10591,0da9e6630e768183657a672546bfec3256088a2694d11918b07043586ea678dd,1
fc6df2d7ef03a479cf626d7e9ce1dd2c79bb3ab0,1882,392cb8604b371eeee1e153378192f9d62781ebaaaab0cb5fa73a02890ad7e1d4,1
fc7f04273f9595f59424f3e96e3a26c8f18cd341,5573,151ca150e4ad91f394ac751bc8a31327eeb4849b0ec5ae207f42f5411a2963f2,1
fc906eecdb591106fceb58f2f2ed1ebf0bf454ba,70568,4f644768954c31ba805b3d6ce6750373b4e16b5942171425cac296ac1d23b7b8,1
fca1ff39b20093a29c0ddb3d81cd713f6d1d7f1e,1514001,962e722bcba0408065620a6252cd53e3097b4025ad599eff95a325fd185c883d,1
fcca2972b5089812df4bcb38dce07a96d465a9f3,2386,252ca53092f5cb3f80102a928c80e3cc14bdc21dcaec46258071042fa1c182cd,1
fd1019fed20895bd7de863d0635c176214d73e54,22229,6ed473c8069ef9a376b48ccb9b9c1c7736ace1aa73e1ead39e63bd0cecac9b86,1
fd1aa6578a4dd56463774477c76737c96aa628a4,716,a6ed5f5380f0de855556885e2d925158f86f653ba87133604f9bec146eb7363f,1
fd4927ad0751e7a88052141ed9dc839097cfb05b,375,8ed5132dfeca80c2fe629bfdcae578c2a7d958ab69c9ddf1389c07478c829f1e,1
fd49766ec5f6ac97bff41011763ac905878e5a97,231,b0584bd2adf2ad6635a1b984ba8dd0e1b778434fe177a2463675243686de7844,1
fd5461190ac9ea5599ca81ba5e0b16e21c2ea4ce,290,f888be295c29893ef453a17d0be3a885c228d891e8f37c1cde53bd5bd02bfca7,1
fd568c2566fee1889817c1e070f321520324ea80,2213,76e71ec0399c852b845e0509fe6150917726ba4d29c9d6d231584d01ddeec7c7,1
fd78aece86bbc0254ee6d619de5ab4675fadc54c,7579,98497fa2a22fee44bf4a7f618b1910c92314472fca6bc38fd04c62e7767e8268,1
fd87636da778c21d6bd06bcc5680dc832aa010f4,14361,a6179b76990232e546aca3a94f0e9e4ec0097c3f013bb55d195df5e28fb879a1,1
fda2a59eb59bf74d2827dd4aeb4b6bf102637fb1,1363,6466eeb6a98fca7992dcd30b3b0737ea292087f81185d8d53ba7afd2de904a63,1
fdbb9c58b5acb8f01086842e78775773b2ef7412,5003,7117f1f29f9292f5f40dcd03b726ee396d4e87476179ddcf3c1a769787655243,1
fdd867fee2e2a21d9eca079ec5fb5979842b92ef,22347,f07e1568ffe271eff0cd62326ed034fb3287f97864d51f79fc015da2ac281d5d,1
fe0d455d442aaa3aea940f53fac6d263fb577f6f,6381,ef1712971652a5765f81ccacf9893c43361ebedba3ecd75ef33dc5e9c0491fa2,1
fe2111cd0443392129b05898733d152eb77bffb1,1386,36b0f9ac22dd68af38e23b80547aac111d0d6772c6c7bcffe4a22fa1fcd6dc2a,1
fe2c16211be9a233de020eeecfe2c365efb38e5e,247,904cdc7d24fff950d976f2201b7d6768eaa9196d0786284915010007fa1b32d6,1
fe355ae9142ead6e04f85e4aee41090016d733c9,5102,04837feb5c02f466a0930be3dafa3686035cbba822973c3dd8e91c65ab0e7673,1
fe50efbeb747e214c41b286ef38352444aa1af2d,2452909,bb9c752dc2d3a74eef03be4ee4c0c9cda219f88e26b71a1c5462c5703048d077,1
fe6a49acfce8c2020998757e30a5b115cc8e4821,4279,c3b905dab1d06b4d936950771a2e5c44e4b1c43aa0a2ddef602eb2702959fd2d,1
fe9308323abac1042b44608b98cab97fbe28c4e9,55993,a7b1e79e245547e843d1b73ac764b3e52fbfd2c5fe7335921c345f9abd5991b3,2
fe9e1adac56680dc4ae056ffdc7182f6f7d37136,612,76891bd24cd108c1dd2f6702a6e020a40352aa513d0150e4ccae74f1edb20c98,1
fed066a1dd3d073122485dfad1585438573a58fe,2451,5c820f34a0d4c9bd436f96f49b49fe1394e1632de4b4f258f9d988e2070c8f3a,1
fed7f3ecb49b559f45333d4c8e8f236279c345bd,7527,5660f54132d975943ee7a6fc600ae431da074316f8b9f821a41a950672d68d51,1
fedd1ef237167ea1004114c07d679f4e7284d17b,215,5f387330293c30b0b29e86aa38d474642c687f8725856f7e9c5ac275a1f32743,1
fee4f7109d280bc9ab03c41f6cae6b467db762a7,19834,af93a500102483efe225e90c237cfffc401874a152f67c2b4404a089cc75cc38,1
feea6ec0a0ceb011e14edae1a908732e59a89a62,5789,5cc4cb1b81b221dc90f44b30e5a51de56c64bd113c62644676e43074d8b2cc3d,1
ff1f8e2bcb643a1be8b7be7d2c68ec1113279209,5440,e3915828b817dfb4902866ef18d515552fb8c3aad9a9fa6db057ec8ac6bd76a5,1
ff20a91a82ad5c8cce3e031e4c398038ae25fdd2,230,a1802600a4465e949c88a56b7181a23b6ae84611f8f9ab5363cf20b4ef564cd9,1
ff3f58fad299df733358883744253eda17336c0b,143411,b18927616db3d0585acf764032101e7eceefb04ad89304456ebcf3ce670c2d34,1
ff534b465773be227d3e275144d7345bea94a632,27911,76184c97c21b7ff0eb07d5e454a10fc60f0f0620ebd56da5b4e01c90fd69aaa5,1
ff6137c8b0923f5f0ba79940cbf928e40ac2ca2e,6127,308d6e20b34a39ecb3c6e6ea09b3142f46c9f6901b86a88ebb135234a72b22e7,1
ffad7abbec07cab533ff297ed5292d4c9b2408be,16227,879fd3262212f6d51e3c482e3b558c108d438053c5cc2a0422cdb322f53c8eef,2
ffb7edf60705b39088aa5ae8d27eae5f2414f530,3076,a0192e0c9461ce185b8748906a4d6cfec176f7ed998c11458af7d3db7edea03a,1
ffb9de9bbae1e0d1260ec3ac5c4a5fe40752a199,11105,438d7640b6d7474a22cc3715b5de7fc2ec3ea29afd8a0e9710549feec27ed515,1
fff28ca8db98009d28b39d9d40d16135af5b4ac8,19635,63d7edffbc6aff228007afdfdc655a2e08eef6288f4cbbb6bbbf24ccf05de1fd,1
fff33269f0b156f1a906a31d4854c25311ceee5d,130664,d542c7e9cf6969a31885fc5b74e0ff56d853f3fd094558ef12e699508162fe13,1
